Status,Sheet #,Object Name,Odoo Module,Master/Transaction,Mandatory,SAP Service,SAP Entity,SAP API URL,SAP Records,SAP Fields,Raw File,Odoo Model,Odoo CSV File,Odoo Records,Odoo Columns,Sample Record (from SAP),Notes / Why Not Done
COMPLETED,1,Chart of Accounts,Accounts,Master,Yes,fin_costandrevenue_analytics.svc,RPFINCACU04_Q0002QueryResults,"https://my346623.sapbydesign.com/sap/byd/odata/fin_costandrevenue_analytics.svc/RPFINCACU04_Q0002QueryResults?$select=CGLACCT,TGLACCT",147,2,fin_costandrevenue_analytics.svc__RPFINCACU04_Q0002QueryResults.json,account.account,account_account.csv,215,5,CGLACCT=161020; TGLACCT=Tax Collected at Source,"REAL DATA: the G/L Account Master report (FINGLAU17) is live but declares a mandatory Chart of Accounts variable with no default and no readable value list, so it returns 0 rows. Built instead by unioning the six analytics reports that expose CGLACCT/TGLACCT without a blocking variable - see src/probe_gl_accounts.py, which tested all 60 candidate reports. Covers every G/L account carrying postings; an account configured in ByDesign but never posted to would not appear. account_type is derived from the account number band, each band confirmed against the real account names (see ACCOUNT_TYPE_BANDS in src/transform_odoo.py). Added 2026-09-28: a 7th source, RPFINGLAU03_Q0001QueryResults (Journal Entries, #13's source) - 6 real accounts used in journal postings weren't covered by the original six reports; adding this source closed the gap, confirmed zero orphaned account references from #13 afterward. 219 accounts total."
COMPLETED,1,Chart of Accounts,Accounts,Master,Yes,fin_audit_analytics.svc,RPFINGLAU02_Q0002QueryResults,"https://my346623.sapbydesign.com/sap/byd/odata/fin_audit_analytics.svc/RPFINGLAU02_Q0002QueryResults?$select=CGLACCT,TGLACCT",13,2,fin_audit_analytics.svc__RPFINGLAU02_Q0002QueryResults.json,account.account,account_account.csv,215,5,CGLACCT=150000; TGLACCT=Accounts Payable-Domestic,"REAL DATA: the G/L Account Master report (FINGLAU17) is live but declares a mandatory Chart of Accounts variable with no default and no readable value list, so it returns 0 rows. Built instead by unioning the six analytics reports that expose CGLACCT/TGLACCT without a blocking variable - see src/probe_gl_accounts.py, which tested all 60 candidate reports. Covers every G/L account carrying postings; an account configured in ByDesign but never posted to would not appear. account_type is derived from the account number band, each band confirmed against the real account names (see ACCOUNT_TYPE_BANDS in src/transform_odoo.py). Added 2026-09-28: a 7th source, RPFINGLAU03_Q0001QueryResults (Journal Entries, #13's source) - 6 real accounts used in journal postings weren't covered by the original six reports; adding this source closed the gap, confirmed zero orphaned account references from #13 afterward. 219 accounts total."
COMPLETED,1,Chart of Accounts,Accounts,Master,Yes,fin_generalledger_analytics.svc,RPFINFXAU05_Q0001QueryResults,"https://my346623.sapbydesign.com/sap/byd/odata/fin_generalledger_analytics.svc/RPFINFXAU05_Q0001QueryResults?$select=CGLACCT,TGLACCT",40,2,fin_generalledger_analytics.svc__RPFINFXAU05_Q0001QueryResults.json,account.account,account_account.csv,215,5,CGLACCT=201010; TGLACCT=Land - Leasehold,"REAL DATA: the G/L Account Master report (FINGLAU17) is live but declares a mandatory Chart of Accounts variable with no default and no readable value list, so it returns 0 rows. Built instead by unioning the six analytics reports that expose CGLACCT/TGLACCT without a blocking variable - see src/probe_gl_accounts.py, which tested all 60 candidate reports. Covers every G/L account carrying postings; an account configured in ByDesign but never posted to would not appear. account_type is derived from the account number band, each band confirmed against the real account names (see ACCOUNT_TYPE_BANDS in src/transform_odoo.py). Added 2026-09-28: a 7th source, RPFINGLAU03_Q0001QueryResults (Journal Entries, #13's source) - 6 real accounts used in journal postings weren't covered by the original six reports; adding this source closed the gap, confirmed zero orphaned account references from #13 afterward. 219 accounts total."
COMPLETED,1,Chart of Accounts,Accounts,Master,Yes,fin_generalledger_analytics.svc,RPFINFCDU02_Q0001QueryResults,"https://my346623.sapbydesign.com/sap/byd/odata/fin_generalledger_analytics.svc/RPFINFCDU02_Q0001QueryResults?$select=CGLACCT,TGLACCT",53,2,fin_generalledger_analytics.svc__RPFINFCDU02_Q0001QueryResults.json,account.account,account_account.csv,215,5,CGLACCT=150000; TGLACCT=Accounts Payable-Domestic,"REAL DATA: the G/L Account Master report (FINGLAU17) is live but declares a mandatory Chart of Accounts variable with no default and no readable value list, so it returns 0 rows. Built instead by unioning the six analytics reports that expose CGLACCT/TGLACCT without a blocking variable - see src/probe_gl_accounts.py, which tested all 60 candidate reports. Covers every G/L account carrying postings; an account configured in ByDesign but never posted to would not appear. account_type is derived from the account number band, each band confirmed against the real account names (see ACCOUNT_TYPE_BANDS in src/transform_odoo.py). Added 2026-09-28: a 7th source, RPFINGLAU03_Q0001QueryResults (Journal Entries, #13's source) - 6 real accounts used in journal postings weren't covered by the original six reports; adding this source closed the gap, confirmed zero orphaned account references from #13 afterward. 219 accounts total."
COMPLETED,1,Chart of Accounts,Accounts,Master,Yes,fin_audit_analytics.svc,RPFININVU03_Q0001QueryResults,"https://my346623.sapbydesign.com/sap/byd/odata/fin_audit_analytics.svc/RPFININVU03_Q0001QueryResults?$select=CGLACCT,TGLACCT",4,2,fin_audit_analytics.svc__RPFININVU03_Q0001QueryResults.json,account.account,account_account.csv,215,5,CGLACCT=700044; TGLACCT=GR/IR clearing-Unbills Payab...,"REAL DATA: the G/L Account Master report (FINGLAU17) is live but declares a mandatory Chart of Accounts variable with no default and no readable value list, so it returns 0 rows. Built instead by unioning the six analytics reports that expose CGLACCT/TGLACCT without a blocking variable - see src/probe_gl_accounts.py, which tested all 60 candidate reports. Covers every G/L account carrying postings; an account configured in ByDesign but never posted to would not appear. account_type is derived from the account number band, each band confirmed against the real account names (see ACCOUNT_TYPE_BANDS in src/transform_odoo.py). Added 2026-09-28: a 7th source, RPFINGLAU03_Q0001QueryResults (Journal Entries, #13's source) - 6 real accounts used in journal postings weren't covered by the original six reports; adding this source closed the gap, confirmed zero orphaned account references from #13 afterward. 219 accounts total."
COMPLETED,1,Chart of Accounts,Accounts,Master,Yes,fin_audit_analytics.svc,RPFINGLAU02_Q0003QueryResults,"https://my346623.sapbydesign.com/sap/byd/odata/fin_audit_analytics.svc/RPFINGLAU02_Q0003QueryResults?$select=CGLACCT,TGLACCT",0,0,fin_audit_analytics.svc__RPFINGLAU02_Q0003QueryResults.json,account.account,account_account.csv,215,5,,"REAL DATA: the G/L Account Master report (FINGLAU17) is live but declares a mandatory Chart of Accounts variable with no default and no readable value list, so it returns 0 rows. Built instead by unioning the six analytics reports that expose CGLACCT/TGLACCT without a blocking variable - see src/probe_gl_accounts.py, which tested all 60 candidate reports. Covers every G/L account carrying postings; an account configured in ByDesign but never posted to would not appear. account_type is derived from the account number band, each band confirmed against the real account names (see ACCOUNT_TYPE_BANDS in src/transform_odoo.py). Added 2026-09-28: a 7th source, RPFINGLAU03_Q0001QueryResults (Journal Entries, #13's source) - 6 real accounts used in journal postings weren't covered by the original six reports; adding this source closed the gap, confirmed zero orphaned account references from #13 afterward. 219 accounts total."
COMPLETED,1 / 13,Chart of Accounts / Journal Entries,Accounts,Master / Transaction,Yes,fin_generalledger_analytics.svc,RPFINGLAU03_Q0001QueryResults,"https://my346623.sapbydesign.com/sap/byd/odata/fin_generalledger_analytics.svc/RPFINGLAU03_Q0001QueryResults?$select=CACC_DOC_UUID,CGLACCT,TGLACCT,CDOC_DATE,CFISCYEAR,CDEBITCREDIT,CCOMPANY_UUID,KCBALANCE_CURRCOMP,RCBALANCE_CURRCOMP",27,9,fin_generalledger_analytics.svc__RPFINGLAU03_Q0001QueryResults.json,account.account / account.move,account_account.csv,215,5,CDEBITCREDIT=1; CDOC_DATE=/Date(1790812800000)/; CFISCYEAR=2027; CGLACCT=150000,"REAL DATA: the G/L Account Master report (FINGLAU17) is live but declares a mandatory Chart of Accounts variable with no default and no readable value list, so it returns 0 rows. Built instead by unioning the six analytics reports that expose CGLACCT/TGLACCT without a blocking variable - see src/probe_gl_accounts.py, which tested all 60 candidate reports. Covers every G/L account carrying postings; an account configured in ByDesign but never posted to would not appear. account_type is derived from the account number band, each band confirmed against the real account names (see ACCOUNT_TYPE_BANDS in src/transform_odoo.py). Added 2026-09-28: a 7th source, RPFINGLAU03_Q0001QueryResults (Journal Entries, #13's source) - 6 real accounts used in journal postings weren't covered by the original six reports; adding this source closed the gap, confirmed zero orphaned account references from #13 afterward. 219 accounts total."
COMPLETED,2,Taxes,Accounts,Master,Yes,fin_taxmanagement_analytics.svc,RPGLOTAXB01_Q0001QueryResults,"https://my346623.sapbydesign.com/sap/byd/odata/fin_taxmanagement_analytics.svc/RPGLOTAXB01_Q0001QueryResults?$select=CRESULT_TAX_TYPE,CRESULT_TAX_EVENT,CPRODTAX_RATE_PERCENT,CTRP_TAX_TYPE,CCIV_LOCATION_REGION,CTAX_DEDUCTIBLE,CPRODUCT_TYPE",324,7,fin_taxmanagement_analytics.svc__RPGLOTAXB01_Q0001QueryResults.json,account.tax,account_tax.csv,115,6,CPRODTAX_RATE_PERCENT=0.000000; CPRODUCT_TYPE=Products; CRESULT_TAX_EVENT=1-Non Taxable Acquisition (P...; CRESULT_TAX_TYPE=1-VAT,"REAL DATA: 'Taxes - Product Tax Details' (GLOTAXB01) on fin_taxmanagement_analytics.svc - the only source on this tenant carrying a tax RATE. Every custom service exposes tax codes on documents but never the percentage behind them. Real Indian GST rates confirmed (18%, 9%, 28%, 2.5%, 0.075%) across Central/State/Interstate GST, TCS, VAT, customs duty and cess. These are the taxes actually applied on documents, not the full configured tax table - ByDesign publishes no tax-code master over OData. type_tax_use defaults to 'sale' and needs review."
COMPLETED,4,Payment Terms,Accounts,Master,Yes,khcustomerinvoice,CashDiscountTermsCollection,https://my346623.sapbydesign.com/sap/byd/odata/cust/v1/khcustomerinvoice/CashDiscountTermsCollection,30143,6,khcustomerinvoice__CashDiscountTermsCollection.json,account.payment.term,account_payment_term.csv,31,2,PaymentTermsCode=1003; PaymentTermsCodeText=30 days net; FullPaymentEndDate=/Date(1552262400000)/; PaymentBaselineDate=/Date(1549670400000)/,REAL DATA: found inside CashDiscountTermsCollection on the already-imported khcustomerinvoice/khsupplierinvoice services (no new upload needed) - deduplicated code list
COMPLETED,4,Payment Terms,Accounts,Master,Yes,khsupplierinvoice,CashDiscountTermsCollection,https://my346623.sapbydesign.com/sap/byd/odata/cust/v1/khsupplierinvoice/CashDiscountTermsCollection,55549,6,khsupplierinvoice__CashDiscountTermsCollection.json,account.payment.term,account_payment_term.csv,31,2,Code=0001; CodeText=Due net payable immediately; FullPaymentEndDate=/Date(1549497600000)/; PaymentBaselineDate=/Date(1549497600000)/,REAL DATA: found inside CashDiscountTermsCollection on the already-imported khcustomerinvoice/khsupplierinvoice services (no new upload needed) - deduplicated code list
COMPLETED,5,Banks,Accounts,Master,Yes,khcustomer,BankDetailsCollection,https://my346623.sapbydesign.com/sap/byd/odata/cust/v1/khcustomer/BankDetailsCollection,24,20,khcustomer__BankDetailsCollection.json,res.bank,res_bank.csv,287,3,BankInternalID=951; BankAccountID=003005001388; StartDate=/Date(1785283200000)/; EndDate=/Date(253402214400000)/,"REAL DATA: khhousebankaccount/BankDirectoryEntryCollection - the actual bank directory (10 banks with country, city and bank standard ID), replacing the previous approach of scraping bank NAMES out of business-partner records. Partner bank accounts (88) come from khcustomer/khsupplier BankDetailsCollection."
COMPLETED,5,Banks,Accounts,Master,Yes,khhousebankaccount,BankDirectoryEntryCollection,https://my346623.sapbydesign.com/sap/byd/odata/cust/v1/khhousebankaccount/BankDirectoryEntryCollection,958,15,khhousebankaccount__BankDirectoryEntryCollection.json,res.bank,res_bank.csv,287,3,BankStandardID=UTIB0000341; CityName=Mumbai; CountryCode=IN; CountryCodeText=India,"REAL DATA: khhousebankaccount/BankDirectoryEntryCollection - the actual bank directory (10 banks with country, city and bank standard ID), replacing the previous approach of scraping bank NAMES out of business-partner records. Partner bank accounts (88) come from khcustomer/khsupplier BankDetailsCollection."
COMPLETED,5 / 46,Banks / Vendors,Accounts / Purchase,Master,Yes,khsupplier,BankDetailsCollection,https://my346623.sapbydesign.com/sap/byd/odata/cust/v1/khsupplier/BankDetailsCollection,1528,20,khsupplier__BankDetailsCollection.json,res.bank / res.partner,res_bank.csv,287,3,BankInternalID=497; BankAccountID=501-855076-201; StartDate=/Date(1483228800000)/; EndDate=/Date(253402214400000)/,"REAL DATA: khhousebankaccount/BankDirectoryEntryCollection - the actual bank directory (10 banks with country, city and bank standard ID), replacing the previous approach of scraping bank NAMES out of business-partner records. Partner bank accounts (88) come from khcustomer/khsupplier BankDetailsCollection."
COMPLETED,6,Cost Centers,Accounts,Master,Optional,costcentre,CostCentreCollection,https://my346623.sapbydesign.com/sap/byd/odata/v1/costcentre/CostCentreCollection,13,8,costcentre__CostCentreCollection.json,account.analytic.account,account_analytic_account_cc.csv,13,4,MostRecentDefaultName=Danlaw Technologies India Li...; MostRecentSuperodinateCompanyID=70000; MostRecentSuperodinatePermanentEstablishmentID=71000,"14 records from standard OData v1 service costcentre, entity set CostCentreCollection. Imported as analytic accounts under the SAP Cost Centers analytic plan."
COMPLETED,7,Analytic Accounts,Accounts,Master,Optional,khprofitcentre,NameCollection,https://my346623.sapbydesign.com/sap/byd/odata/cust/v1/khprofitcentre/NameCollection,2,5,khprofitcentre__NameCollection.json,account.analytic.account,account_analytic_account.csv,2,4,Name=EMS-Electronic Manufacturing...; StartDate=/Date(680918400000)/; EndDate=/Date(253402214400000)/,"REAL DATA: khprofitcentre - 19 profit centres, ByDesign's second analytic dimension alongside the cost centres already built as #6. They share the one synthetic analytic plan Odoo requires. The readable name comes from a date-versioned NameCollection, not from the profit centre record itself, which carries only ID/ObjectID/UUID. khproject would add project-based analytic accounts too, but it is authorisation-blocked (RBAM_ERROR) - see SAP_IMPORT_PLAN.md."
COMPLETED,7,Analytic Accounts,Accounts,Master,Optional,khprofitcentre,ProfitCentreCollection,https://my346623.sapbydesign.com/sap/byd/odata/cust/v1/khprofitcentre/ProfitCentreCollection,2,3,khprofitcentre__ProfitCentreCollection.json,account.analytic.account,account_analytic_account.csv,2,4,ObjectID=00163E5F7A721EE987A835E9FA7E...; ID=71000; UUID=00163E5F-7A72-1EE9-87A8-35E9...,"REAL DATA: khprofitcentre - 19 profit centres, ByDesign's second analytic dimension alongside the cost centres already built as #6. They share the one synthetic analytic plan Odoo requires. The readable name comes from a date-versioned NameCollection, not from the profit centre record itself, which carries only ID/ObjectID/UUID. khproject would add project-based analytic accounts too, but it is authorisation-blocked (RBAM_ERROR) - see SAP_IMPORT_PLAN.md."
COMPLETED,8,Open Customer Invoices,Accounts,Transaction,Yes,fin_receivablesar_analytics.svc,RPFINDUEU04_Q0007QueryResults,"https://my346623.sapbydesign.com/sap/byd/odata/fin_receivablesar_analytics.svc/RPFINDUEU04_Q0007QueryResults?$select=CIM_BP_UUID,CIM_B_BTD_ID,CIM_B_BTD_DATE,CIM_TRANSCURR,CCOMP_UUID,FCOUTSTANDING_AMNT,FCOVEDUE_AMNT",856,7,fin_receivablesar_analytics.svc__RPFINDUEU04_Q0007QueryResults.json,account.move,account_move_open_customer.csv,856,8,CIM_B_BTD_DATE=/Date(1767312000000)/; CIM_B_BTD_ID=94; CIM_TRANSCURR=INR; FCOUTSTANDING_AMNT=-32.61 USD,"REAL DATA: the 'dunning/open-item report not yet found' called for by the earlier investigation is ByDesign's Trade Receivables Payables Register (FINDUEU04) on fin_receivablesar_analytics.svc - 189 still-unsettled invoices with the invoice number, customer and outstanding balance. This replaces the abandoned approach of deriving payment status from khcustomerinvoice, which has no payment-status field at all and whose ID-to-payment join only ever reached 7% (sequential-number coincidence, not a real link). Note amount_total here is the OUTSTANDING balance, not the original invoice total - that is what an opening-balance import needs."
COMPLETED,9 / 51 / 52,Open Vendor Bills / Vendor Bills / Vendor Credit Notes,Accounts / Purchase,Transaction,Yes,khsupplierinvoice,SupplierInvoiceCollection,https://my346623.sapbydesign.com/sap/byd/odata/cust/v1/khsupplierinvoice/SupplierInvoiceCollection,55544,29,khsupplierinvoice__SupplierInvoiceCollection.json,account.move,account_move_open_vendor.csv,1398,7,TypeCode=004; TypeCodeText=Invoice; DataOriginTypeCode=1; DataOriginTypeCodeText=Manual data entry,"REAL DATA: same khsupplierinvoice source as #51, filtered on LifeCycleStatusCode (confirmed real/populated: excludes Paid=12, Canceled=9, Voided=7) - 265/458 open"
COMPLETED,9 / 51,Open Vendor Bills / Vendor Bills,Accounts / Purchase,Transaction,Yes,khsupplierinvoice,ItemCollection,https://my346623.sapbydesign.com/sap/byd/odata/cust/v1/khsupplierinvoice/ItemCollection,212904,32,khsupplierinvoice__ItemCollection.json,account.move,account_move_open_vendor.csv,1398,7,TypeCode=002; TypeCodeText=Invoice Item; Description=Supp of Packg  labours- ems; Quantity=1.00000000000000,"REAL DATA: same khsupplierinvoice source as #51, filtered on LifeCycleStatusCode (confirmed real/populated: excludes Paid=12, Canceled=9, Voided=7) - 265/458 open"
COMPLETED,9 / 51 / 52,Open Vendor Bills / Vendor Bills / Vendor Credit Notes,Accounts / Purchase,Transaction,Yes,khsupplierinvoice,SellerPartyCollection,https://my346623.sapbydesign.com/sap/byd/odata/cust/v1/khsupplierinvoice/SellerPartyCollection,390683,3,khsupplierinvoice__SellerPartyCollection.json,account.move,account_move_open_vendor.csv,1398,7,PartyID=70000,"REAL DATA: same khsupplierinvoice source as #51, filtered on LifeCycleStatusCode (confirmed real/populated: excludes Paid=12, Canceled=9, Voided=7) - 265/458 open"
COMPLETED,10 / 11,Customer Payments / Vendor Payments,Accounts,Transaction,Optional,khpayment,PaymentCollection,https://my346623.sapbydesign.com/sap/byd/odata/cust/v1/khpayment/PaymentCollection,59674,35,khpayment__PaymentCollection.json,account.payment,account_payment.csv,59674,7,ExternalReference=0/1; DocumentID=20; DocumentItemID=1; DocumentTypeCode=15,"REAL DATA: khpayment custom service, 59,493 payments total - customer vs vendor split via partner_type column (looked up against res_partner's customer_rank/supplier_rank), combined with #11 in one account_payment.csv. Fixed 2026-09-28, caught by a team cross-validation pass: partner_id/id used to be emitted for every row with a real BusinessPartnerID even when that ID wasn't in res_partner.csv (563/59,493 rows, 0.9% - a real Business Partner per khbusinesspartner, but neither a customer nor supplier) - a broken external-id reference Odoo would reject. Now left blank in both that case and the 5,133/59,493 (8.6%) rows with no BusinessPartnerID at all on SAP's side; 0 broken references confirmed."
COMPLETED,12,Bank Statements,Accounts,Transaction,Optional,khhousebankstatement,HouseBankStatementCollection,https://my346623.sapbydesign.com/sap/byd/odata/cust/v1/khhousebankstatement/HouseBankStatementCollection,405,27,khhousebankstatement__HouseBankStatementCollection.json,account.bank.statement,account_bank_statement.csv,405,5,DocumentID=20; Date=/Date(1548892800000)/; ValidityYear=2019; AccountingTransactionDate=/Date(1548892800000)/,"REAL DATA: khhousebankstatement custom service, 87 statements"
COMPLETED,14,Fixed Assets,Accounts,Transaction,Optional,fin_fixedassets_analytics.svc,RPFINFXAU04_Q0001QueryResults,"https://my346623.sapbydesign.com/sap/byd/odata/fin_fixedassets_analytics.svc/RPFINFXAU04_Q0001QueryResults?$select=CFXA_UUID,TFXA_UUID,CASSETCLASS,TASSETCLASS,CLC_STAT,TLC_STAT",3282,6,fin_fixedassets_analytics.svc__RPFINFXAU04_Q0001QueryResults.json,account.asset,account_asset.csv,3282,7,CASSETCLASS=Z210; CLC_STAT=3; TASSETCLASS=Land - Leasehold; TLC_STAT=Capitalized,"REAL DATA, closed 2026-09-28: fin_fixedassets_analytics.svc/RPFINFXAU04_Q0001QueryResults ('Fixed Assets - Master Data'), same BYD_P_* bug fix as #13. 3,279 real fixed assets (FACTORY LAND, LAPTOP, FEEDER F1-12, etc.). Fields extended 2026-09-30 (caught in a pre-import team validation pass): the file used to write only id/name even though asset_class/status (CASSETCLASS/TASSETCLASS, CLC_STAT/TLC_STAT, from this same RPFINFXAU04 report) and acquisition_cost/accumulated_depreciation/net_book_value (from RPFINFXAU01, see #15) were already sitting unused in output_raw/. 1,714/3,279 assets (52%) have no cost/depreciation figures - a genuine data gap, matches RPFINFXAU01's own row count of 1,565 exactly, not a join bug."
COMPLETED,14 / 15,Fixed Assets / Asset Depreciation,Accounts,Transaction,Optional,fin_fixedassets_analytics.svc,RPFINFXAU01_Q0001QueryResults,"https://my346623.sapbydesign.com/sap/byd/odata/fin_fixedassets_analytics.svc/RPFINFXAU01_Q0001QueryResults?$select=CFXA_UUID,KCACQUISITION_COSTS,KCACCUMULATED_DEPR,KCPOSTED_DEPR,KCNETBOOKVALUE_END_OF",1568,5,fin_fixedassets_analytics.svc__RPFINFXAU01_Q0001QueryResults.json,account.asset / account.asset.depreciation.line,account_asset.csv,3282,7,KCACCUMULATED_DEPR=-1535820.000000; KCACQUISITION_COSTS=0.000000; KCNETBOOKVALUE_END_OF=0.000000; KCPOSTED_DEPR=0.000000,"REAL DATA, closed 2026-09-28: fin_fixedassets_analytics.svc/RPFINFXAU04_Q0001QueryResults ('Fixed Assets - Master Data'), same BYD_P_* bug fix as #13. 3,279 real fixed assets (FACTORY LAND, LAPTOP, FEEDER F1-12, etc.). Fields extended 2026-09-30 (caught in a pre-import team validation pass): the file used to write only id/name even though asset_class/status (CASSETCLASS/TASSETCLASS, CLC_STAT/TLC_STAT, from this same RPFINFXAU04 report) and acquisition_cost/accumulated_depreciation/net_book_value (from RPFINFXAU01, see #15) were already sitting unused in output_raw/. 1,714/3,279 assets (52%) have no cost/depreciation figures - a genuine data gap, matches RPFINFXAU01's own row count of 1,565 exactly, not a join bug."
COMPLETED,17 / 59 / 61,Customers / Pricelists / Customer Price Lists,CRM / Sales,Master,Yes,khcustomer,CustomerCollection,https://my346623.sapbydesign.com/sap/byd/odata/cust/v1/khcustomer/CustomerCollection,259,46,khcustomer__CustomerCollection.json,product.pricelist / res.partner,res_partner.csv,2404,24,InternalID=1113761; CategoryCode=2; CategoryCodeText=Organization; LifeCycleStatusCode=2,"REAL DATA: khcustomer custom service (plain CRUD) - full address, tax number, bank detail and contact-person data. Replaced the bpm_businesspartnerdata_analytics.svc report, which had to be fetched in field-chunks and merged on a key SAP does not guarantee unique (44 keys vs 50 rows), so some fields were an arbitrary sample. Verified before switching: the CRUD source returns a strict superset - all 271 previous external IDs plus 17 more - so no document reference broke. Contact persons now populate res_partner_contact.csv from RelationshipCollection; they were empty before. Extended 2026-09-28 after the user compared res_partner.csv against the live Customer/Vendor screens: added industry, order_block_reason/delivery_block/invoice_block (all already-extracted CustomerCollection fields, just never mapped), plus payment_terms/incoterms/incoterms_location/purchase_order_currency and is_bidder/is_warehouse_provider/is_freight_forwarder on the supplier side - the latter two needed real fixes: khsupplier/SupplierCollection now pulls with $expand=PurchasingData (PurchasingDataCollection carries no ParentObjectID, same un-joinable-child situation as khproductionorder/MainProductOutput), and the role booleans are derived from khsupplier/RoleCollection (already extracted, RoleCode BBP001/SCM002/CRMS04 = Bidder/Warehouse Provider/Freight Forwarder, confirmed against RoleRoleCodeCollection). See field_validation/02_customers_vendors/README.md. Confirmed NOT available anywhere on this tenant: Additional Name, Trade Name, Non-Company, Minimum Purchase Order Value, Certified According To/Valid To, ERS Invoice Number Prefix, Calendar Year as Suffix, Restart Doc ID Each Cal Year (checked exhaustively via the OData Editor's full BO field tree, not just $metadata); Payment Terms/Incoterms on the Customer side specifically live on a separate CRM Account object this pipeline doesn't read."
COMPLETED,17,Customers,CRM,Master,Yes,khcustomer,PostalAddressCollection,https://my346623.sapbydesign.com/sap/byd/odata/cust/v1/khcustomer/PostalAddressCollection,268,28,khcustomer__PostalAddressCollection.json,res.partner,res_partner.csv,2404,24,"CountryCode=IN; CountryCodeText=India; StreetPostalCode=412801; StreetName=GAT NO.1122, 1129, 1140, 129...","REAL DATA: khcustomer custom service (plain CRUD) - full address, tax number, bank detail and contact-person data. Replaced the bpm_businesspartnerdata_analytics.svc report, which had to be fetched in field-chunks and merged on a key SAP does not guarantee unique (44 keys vs 50 rows), so some fields were an arbitrary sample. Verified before switching: the CRUD source returns a strict superset - all 271 previous external IDs plus 17 more - so no document reference broke. Contact persons now populate res_partner_contact.csv from RelationshipCollection; they were empty before. Extended 2026-09-28 after the user compared res_partner.csv against the live Customer/Vendor screens: added industry, order_block_reason/delivery_block/invoice_block (all already-extracted CustomerCollection fields, just never mapped), plus payment_terms/incoterms/incoterms_location/purchase_order_currency and is_bidder/is_warehouse_provider/is_freight_forwarder on the supplier side - the latter two needed real fixes: khsupplier/SupplierCollection now pulls with $expand=PurchasingData (PurchasingDataCollection carries no ParentObjectID, same un-joinable-child situation as khproductionorder/MainProductOutput), and the role booleans are derived from khsupplier/RoleCollection (already extracted, RoleCode BBP001/SCM002/CRMS04 = Bidder/Warehouse Provider/Freight Forwarder, confirmed against RoleRoleCodeCollection). See field_validation/02_customers_vendors/README.md. Confirmed NOT available anywhere on this tenant: Additional Name, Trade Name, Non-Company, Minimum Purchase Order Value, Certified According To/Valid To, ERS Invoice Number Prefix, Calendar Year as Suffix, Restart Doc ID Each Cal Year (checked exhaustively via the OData Editor's full BO field tree, not just $metadata); Payment Terms/Incoterms on the Customer side specifically live on a separate CRM Account object this pipeline doesn't read."
COMPLETED,17,Customers,CRM,Master,Yes,khcustomer,RelationshipCollection,https://my346623.sapbydesign.com/sap/byd/odata/cust/v1/khcustomer/RelationshipCollection,27,23,khcustomer__RelationshipCollection.json,res.partner,res_partner.csv,2404,24,CategoryCode=BUR001; CategoryCodeText=Contact Person Rel.ship; DefaultIndicator=True; ReverseDefaultIndicator=True,"REAL DATA: khcustomer custom service (plain CRUD) - full address, tax number, bank detail and contact-person data. Replaced the bpm_businesspartnerdata_analytics.svc report, which had to be fetched in field-chunks and merged on a key SAP does not guarantee unique (44 keys vs 50 rows), so some fields were an arbitrary sample. Verified before switching: the CRUD source returns a strict superset - all 271 previous external IDs plus 17 more - so no document reference broke. Contact persons now populate res_partner_contact.csv from RelationshipCollection; they were empty before. Extended 2026-09-28 after the user compared res_partner.csv against the live Customer/Vendor screens: added industry, order_block_reason/delivery_block/invoice_block (all already-extracted CustomerCollection fields, just never mapped), plus payment_terms/incoterms/incoterms_location/purchase_order_currency and is_bidder/is_warehouse_provider/is_freight_forwarder on the supplier side - the latter two needed real fixes: khsupplier/SupplierCollection now pulls with $expand=PurchasingData (PurchasingDataCollection carries no ParentObjectID, same un-joinable-child situation as khproductionorder/MainProductOutput), and the role booleans are derived from khsupplier/RoleCollection (already extracted, RoleCode BBP001/SCM002/CRMS04 = Bidder/Warehouse Provider/Freight Forwarder, confirmed against RoleRoleCodeCollection). See field_validation/02_customers_vendors/README.md. Confirmed NOT available anywhere on this tenant: Additional Name, Trade Name, Non-Company, Minimum Purchase Order Value, Certified According To/Valid To, ERS Invoice Number Prefix, Calendar Year as Suffix, Restart Doc ID Each Cal Year (checked exhaustively via the OData Editor's full BO field tree, not just $metadata); Payment Terms/Incoterms on the Customer side specifically live on a separate CRM Account object this pipeline doesn't read."
COMPLETED,17,Customers,CRM,Master,Yes,khcustomer,TaxNumberCollection,https://my346623.sapbydesign.com/sap/byd/odata/cust/v1/khcustomer/TaxNumberCollection,115,7,khcustomer__TaxNumberCollection.json,res.partner,res_partner.csv,2404,24,CountryCode=IN; CountryCodeText=India; TaxNumberTypeCode=12; TaxNumberTypeCodeText=GST Identification Number,"REAL DATA: khcustomer custom service (plain CRUD) - full address, tax number, bank detail and contact-person data. Replaced the bpm_businesspartnerdata_analytics.svc report, which had to be fetched in field-chunks and merged on a key SAP does not guarantee unique (44 keys vs 50 rows), so some fields were an arbitrary sample. Verified before switching: the CRUD source returns a strict superset - all 271 previous external IDs plus 17 more - so no document reference broke. Contact persons now populate res_partner_contact.csv from RelationshipCollection; they were empty before. Extended 2026-09-28 after the user compared res_partner.csv against the live Customer/Vendor screens: added industry, order_block_reason/delivery_block/invoice_block (all already-extracted CustomerCollection fields, just never mapped), plus payment_terms/incoterms/incoterms_location/purchase_order_currency and is_bidder/is_warehouse_provider/is_freight_forwarder on the supplier side - the latter two needed real fixes: khsupplier/SupplierCollection now pulls with $expand=PurchasingData (PurchasingDataCollection carries no ParentObjectID, same un-joinable-child situation as khproductionorder/MainProductOutput), and the role booleans are derived from khsupplier/RoleCollection (already extracted, RoleCode BBP001/SCM002/CRMS04 = Bidder/Warehouse Provider/Freight Forwarder, confirmed against RoleRoleCodeCollection). See field_validation/02_customers_vendors/README.md. Confirmed NOT available anywhere on this tenant: Additional Name, Trade Name, Non-Company, Minimum Purchase Order Value, Certified According To/Valid To, ERS Invoice Number Prefix, Calendar Year as Suffix, Restart Doc ID Each Cal Year (checked exhaustively via the OData Editor's full BO field tree, not just $metadata); Payment Terms/Incoterms on the Customer side specifically live on a separate CRM Account object this pipeline doesn't read."
COMPLETED,17 / 46,Customers / Vendors,CRM / Purchase,Master,Yes,khsupplier,RoleCollection,https://my346623.sapbydesign.com/sap/byd/odata/cust/v1/khsupplier/RoleCollection,6445,8,khsupplier__RoleCollection.json,res.partner,res_partner.csv,2404,24,BusinessCharacterCode=BBP000; BusinessCharacterCodeText=Vendor; BusinessObjectTypeCode=266; BusinessObjectTypeCodeText=Supplier,"REAL DATA: khcustomer custom service (plain CRUD) - full address, tax number, bank detail and contact-person data. Replaced the bpm_businesspartnerdata_analytics.svc report, which had to be fetched in field-chunks and merged on a key SAP does not guarantee unique (44 keys vs 50 rows), so some fields were an arbitrary sample. Verified before switching: the CRUD source returns a strict superset - all 271 previous external IDs plus 17 more - so no document reference broke. Contact persons now populate res_partner_contact.csv from RelationshipCollection; they were empty before. Extended 2026-09-28 after the user compared res_partner.csv against the live Customer/Vendor screens: added industry, order_block_reason/delivery_block/invoice_block (all already-extracted CustomerCollection fields, just never mapped), plus payment_terms/incoterms/incoterms_location/purchase_order_currency and is_bidder/is_warehouse_provider/is_freight_forwarder on the supplier side - the latter two needed real fixes: khsupplier/SupplierCollection now pulls with $expand=PurchasingData (PurchasingDataCollection carries no ParentObjectID, same un-joinable-child situation as khproductionorder/MainProductOutput), and the role booleans are derived from khsupplier/RoleCollection (already extracted, RoleCode BBP001/SCM002/CRMS04 = Bidder/Warehouse Provider/Freight Forwarder, confirmed against RoleRoleCodeCollection). See field_validation/02_customers_vendors/README.md. Confirmed NOT available anywhere on this tenant: Additional Name, Trade Name, Non-Company, Minimum Purchase Order Value, Certified According To/Valid To, ERS Invoice Number Prefix, Calendar Year as Suffix, Restart Doc ID Each Cal Year (checked exhaustively via the OData Editor's full BO field tree, not just $metadata); Payment Terms/Incoterms on the Customer side specifically live on a separate CRM Account object this pipeline doesn't read."
COMPLETED,18,Salespersons,CRM,Master,Yes,khemployee,EmployeeCollection,https://my346623.sapbydesign.com/sap/byd/odata/cust/v1/khemployee/EmployeeCollection,102,24,khemployee__EmployeeCollection.json,res.users,res_users.csv,102,5,InternalID=8000000010; EmployeeID=G001; CreationDateTime=/Date(1548508163477)/; LastChangeDateTime=/Date(1549610807347)/,"REAL DATA: khemployee custom service, 99 employees (output file is res_users.csv - see FILENAME_OVERRIDES)"
COMPLETED,18,Salespersons,CRM,Master,Yes,khemployee,WorkplaceAddressCollection,https://my346623.sapbydesign.com/sap/byd/odata/cust/v1/khemployee/WorkplaceAddressCollection,29,9,khemployee__WorkplaceAddressCollection.json,res.users,res_users.csv,102,5,Email=rameshk@danlawems.com; Fax=9545450177,"REAL DATA: khemployee custom service, 99 employees (output file is res_users.csv - see FILENAME_OVERRIDES)"
COMPLETED,20 / 21 / 22,Opportunities / Open Opportunities / Closed Opportunities,CRM,Transaction,Yes,khopportunity,OpportunityCollection,https://my346623.sapbydesign.com/sap/byd/odata/cust/v1/khopportunity/OpportunityCollection,0,0,khopportunity__OpportunityCollection.json,crm.lead,crm_lead.csv,0,0,,"khopportunity custom service - transform code is real and correct, but confirmed live on 2026-09-26 (direct curl, $inlinecount=allpages) that OpportunityCollection currently has 0 rows on this tenant - down from the 15 this note previously described. Not a pipeline bug: crm_lead.csv/_open/_closed are correctly empty because the source data is currently empty. Re-check live if this matters before go-live; the code will pick up real rows automatically the moment the tenant has any."
COMPLETED,27 / 28,Warehouses / Locations,Inventory,Master,Yes,khlocation,LocationCollection,https://my346623.sapbydesign.com/sap/byd/odata/cust/v1/khlocation/LocationCollection,1,30,khlocation__LocationCollection.json,stock.location / stock.warehouse,stock_warehouse.csv,1,3,Name=Danlaw Technologies India Li...; InventoryManagedLocationIndicator=True; NegativeInTransitInventoryAllowedIndicator=True; ShipFromLocationIndicator=True,"REAL DATA: same khlocation source as #28, filtered on InventoryManagedLocationIndicator (ByDesign's own signal for 'this location tracks inventory') - 1/1 locations qualify as of 2026-09-25 (tenant used to have 4 sites; confirmed live it now has only 1, 'Danlaw Technologies India Limited' - a tenant-side change, not a pipeline gap)"
COMPLETED,29,UOM,Inventory,Master,Yes,vmumaterial,MaterialBaseMeasureUnitCodeCollection,https://my346623.sapbydesign.com/sap/byd/odata/cust/v1/vmumaterial/MaterialBaseMeasureUnitCodeCollection,38,2,vmumaterial__MaterialBaseMeasureUnitCodeCollection.json,uom.uom,uom_uom.csv,38,2,Code=4H; Description=Micrometer,"REAL DATA: vmumaterial's MaterialBaseMeasureUnitCodeCollection codelist, already-imported service, no new upload needed - 23 units"
COMPLETED,30,Lot/Serial Numbers,Inventory,Master,Optional,khbatch,IdentifiedStockCollection,https://my346623.sapbydesign.com/sap/byd/odata/cust/v1/khbatch/IdentifiedStockCollection,52178,10,khbatch__IdentifiedStockCollection.json,stock.lot,stock_lot.csv,52178,9,IdentifiedStockTypeCode=03; ProductionDateTime=/Date(1549620420000)/; ProductValuationLevelTypeCode=1; LifeCycleStatusCode=2,"REAL DATA. khproductionorder/ProductionLotCollection (the originally investigated source) really is a dead end - ObjectID + ID only, no product reference. Closed 2026-09-25 via khgoodsandactivityconfirmation's embedded IdentifiedStock node (only 4 fields - no dates at all, confirmed via live $metadata), joined to a product via InventoryChangeItemCollection. Rebuilt 2026-09-28 after the user asked where production/expiration dates were: IdentifiedStock is actually its own full standalone Business Object with ExpirationDateTime and ProductionDateTime, never exposed as OData until built directly via the OData Editor (service khbatch, Work Center View MMA_PHYSICALINVENTORY - same self-service path as khbomvariant/khequipmentresource). 52,101 real batch records, 51,864 (99.5%) with a real production date, 1,743 (3.3%) with a real expiration date - most materials on this tenant aren't expiry-tracked, so a blank expiration_date is real data, not a gap. MaterialUUID lives directly on this entity, so no join through InventoryChangeItemCollection is needed any more for this object. Extended again 2026-09-28 after the user pasted a real screenshot of the live Identified Stock edit screen showing Supplier ID/Status/Valuation Level Type populated but absent from the CSV - khbatch had only ever selected 5 of its real Root fields. Re-opened the OData Editor and added IdentifiedStockPartyID, SupplierUUID, LifeCycleStatusCode, ProductValuationLevelTypeCode; codes decoded via khbatch's own live codelist entity sets. 1,317/52,101 rows (2.5%) carry a real supplier - most identified stock on this tenant has none, confirmed not a join failure."
COMPLETED,31,Inventory Adjustments,Inventory,Transaction,Optional,scm_physicalinventory_analytics.svc,RPSCMINBU03_Q0001QueryResults,"https://my346623.sapbydesign.com/sap/byd/odata/scm_physicalinventory_analytics.svc/RPSCMINBU03_Q0001QueryResults?$select=CMATERIAL_UUID,TMATERIAL_UUID,CLOG_AREA_UUID,TLOG_AREA_UUID,CSITE_UUID,TSITE_UUID,CINV_UNIT,FCENDING_QUANTITY",5221,8,scm_physicalinventory_analytics.svc__RPSCMINBU03_Q0001QueryResults.json,stock.quant,stock_quant_adjustment.csv,4121,5,CINV_UNIT=LTR; FCENDING_QUANTITY=95.000 l,"REAL DATA: 'Inventory Balance' (SCMINBU03) on scm_physicalinventory_analytics.svc, grouped by material x logistics area x site - exactly Odoo's stock.quant grain. 1805 on-hand balances; location_id resolves to the 16 storage areas now written into stock_location.csv (1802/1805)."
COMPLETED,32,Stock Transfers,Inventory,Transaction,Optional,khinbounddelivery,ItemCollection,https://my346623.sapbydesign.com/sap/byd/odata/cust/v1/khinbounddelivery/ItemCollection,3154,18,khinbounddelivery__ItemCollection.json,stock.picking,stock_picking_transfer.csv + stock_picking_transfer_line.csv,1115,6,TypeCode=14; TypeCodeText=Delivery Standard Item; ProductID=DIPL007; ReturnFollowupActivityCode=1,"REAL DATA: khinbounddelivery - 49 inbound deliveries with 119 items. This is the receipts side; outbound deliveries were already covered as #64. Quantities live in a separate ItemQuantityCollection keyed on the item's ObjectID, not on the item row itself. picking_type_id is written as Odoo's built-in stock.picking_type_in rather than an external ID of ours."
COMPLETED,32,Stock Transfers,Inventory,Transaction,Optional,khinbounddelivery,ItemQuantityCollection,https://my346623.sapbydesign.com/sap/byd/odata/cust/v1/khinbounddelivery/ItemQuantityCollection,3154,11,khinbounddelivery__ItemQuantityCollection.json,stock.picking,stock_picking_transfer.csv + stock_picking_transfer_line.csv,1115,6,Quantity=2087.00000000000000; UnitCode=ZNO; UnitCodeText=Number; QuantityRoleCode=18,"REAL DATA: khinbounddelivery - 49 inbound deliveries with 119 items. This is the receipts side; outbound deliveries were already covered as #64. Quantities live in a separate ItemQuantityCollection keyed on the item's ObjectID, not on the item row itself. picking_type_id is written as Odoo's built-in stock.picking_type_in rather than an external ID of ours."
COMPLETED,32,Stock Transfers,Inventory,Transaction,Optional,khinbounddelivery,SenderPartyCollection,https://my346623.sapbydesign.com/sap/byd/odata/cust/v1/khinbounddelivery/SenderPartyCollection,2896,3,khinbounddelivery__SenderPartyCollection.json,stock.picking,stock_picking_transfer.csv + stock_picking_transfer_line.csv,1115,6,PartyID=70000,"REAL DATA: khinbounddelivery - 49 inbound deliveries with 119 items. This is the receipts side; outbound deliveries were already covered as #64. Quantities live in a separate ItemQuantityCollection keyed on the item's ObjectID, not on the item row itself. picking_type_id is written as Odoo's built-in stock.picking_type_in rather than an external ID of ours."
COMPLETED,32,Stock Transfers,Inventory,Transaction,Optional,khinbounddelivery,InboundDeliveryCollection,https://my346623.sapbydesign.com/sap/byd/odata/cust/v1/khinbounddelivery/InboundDeliveryCollection,1117,20,khinbounddelivery__InboundDeliveryCollection.json,stock.picking,stock_picking_transfer.csv + stock_picking_transfer_line.csv,1115,6,ProcessingTypeCode=SD; ProcessingTypeCodeText=Supplier Delivery; CreationDateTime=/Date(1550042799486)/; LastChangeDateTime=/Date(1550043049366)/,"REAL DATA: khinbounddelivery - 49 inbound deliveries with 119 items. This is the receipts side; outbound deliveries were already covered as #64. Quantities live in a separate ItemQuantityCollection keyed on the item's ObjectID, not on the item row itself. picking_type_id is written as Odoo's built-in stock.picking_type_in rather than an external ID of ours."
COMPLETED,33,Stock Moves History,Inventory,Transaction,Optional,khgoodsandactivityconfirmation,ItemChangeQuantityCollection,https://my346623.sapbydesign.com/sap/byd/odata/cust/v1/khgoodsandactivityconfirmation/ItemChangeQuantityCollection,368412,5,khgoodsandactivityconfirmation__ItemChangeQuantityCollection.json,stock.move,stock_move_history.csv,260682,11,Quantity=31.00000000000000; QuantityUnitCode=ZNO; QuantityUnitCodeText=Number,"REAL DATA, rebuilt 2026-09-28 from a much larger source after team feedback flagged the previous version as incomplete. Was: khgoodsandserviceacknowledgement, 137 receipts / 238 lines. Now: khgoodsandactivityconfirmation's real inventory-movement ledger - 147,979 confirmations, 366,585 movement lines - already fully extracted in output_raw/ but never wired into a transform (the earlier note that its InventoryChangeItemCollection 500'd was true once but no longer is - re-confirmed extracting cleanly at full volume). Issue/receipt leg pairs on the same confirmation+material (105,903 of them, zero quantity mismatches) are merged into single two-sided stock.move rows with real source/destination logistics areas; every other row keeps its one known real location and uses Odoo's own built-in Suppliers/Customers/Inventory-adjustment virtual location for the side SAP genuinely didn't attach a second area to. 260,682 rows, 0 missing product_id, 0 missing quantity. lot_id/id added 2026-09-28 after the user asked why #30's lot data wasn't showing up here - real gap, not a data gap: InventoryChangeItemCollection carries IdentifiedStockUUID on 185,158/366,585 raw lines (50.5%), every one matching a real khbatch record, but the field was never read. Now resolved to stock_lot.csv's own external ID - 156,714/260,682 output rows (60.1%) carry a real lot_id/id, 0 broken references. The remaining rows have no IdentifiedStockUUID on this tenant at all (not every movement is of batch/lot-tracked stock)."
COMPLETED,33,Stock Moves History,Inventory,Transaction,Optional,khgoodsandactivityconfirmation,InventoryChangeItemCollection,https://my346623.sapbydesign.com/sap/byd/odata/cust/v1/khgoodsandactivityconfirmation/InventoryChangeItemCollection,366585,23,khgoodsandactivityconfirmation__InventoryChangeItemCollection.json,stock.move,stock_move_history.csv,260682,11,InventoryChangeReasonCode=1; InventoryChangeReasonCodeText=Initial Balance Setting; InventoryMovementDirectionCode=2; InventoryMovementDirectionCodeText=Inventory receipt,"REAL DATA, rebuilt 2026-09-28 from a much larger source after team feedback flagged the previous version as incomplete. Was: khgoodsandserviceacknowledgement, 137 receipts / 238 lines. Now: khgoodsandactivityconfirmation's real inventory-movement ledger - 147,979 confirmations, 366,585 movement lines - already fully extracted in output_raw/ but never wired into a transform (the earlier note that its InventoryChangeItemCollection 500'd was true once but no longer is - re-confirmed extracting cleanly at full volume). Issue/receipt leg pairs on the same confirmation+material (105,903 of them, zero quantity mismatches) are merged into single two-sided stock.move rows with real source/destination logistics areas; every other row keeps its one known real location and uses Odoo's own built-in Suppliers/Customers/Inventory-adjustment virtual location for the side SAP genuinely didn't attach a second area to. 260,682 rows, 0 missing product_id, 0 missing quantity. lot_id/id added 2026-09-28 after the user asked why #30's lot data wasn't showing up here - real gap, not a data gap: InventoryChangeItemCollection carries IdentifiedStockUUID on 185,158/366,585 raw lines (50.5%), every one matching a real khbatch record, but the field was never read. Now resolved to stock_lot.csv's own external ID - 156,714/260,682 output rows (60.1%) carry a real lot_id/id, 0 broken references. The remaining rows have no IdentifiedStockUUID on this tenant at all (not every movement is of batch/lot-tracked stock)."
COMPLETED,33,Stock Moves History,Inventory,Transaction,Optional,khgoodsandactivityconfirmation,GoodsAndActivityConfirmationCollection,https://my346623.sapbydesign.com/sap/byd/odata/cust/v1/khgoodsandactivityconfirmation/GoodsAndActivityConfirmationCollection,148825,16,khgoodsandactivityconfirmation__GoodsAndActivityConfirmationCollection.json,stock.move,stock_move_history.csv,260682,11,CreationDateTime=/Date(1549560742093)/; TransactionDateTime=/Date(1548916200000)/; BusinessTransactionDateTime=/Date(1548916200000)/; CancellationStatusCode=1,"REAL DATA, rebuilt 2026-09-28 from a much larger source after team feedback flagged the previous version as incomplete. Was: khgoodsandserviceacknowledgement, 137 receipts / 238 lines. Now: khgoodsandactivityconfirmation's real inventory-movement ledger - 147,979 confirmations, 366,585 movement lines - already fully extracted in output_raw/ but never wired into a transform (the earlier note that its InventoryChangeItemCollection 500'd was true once but no longer is - re-confirmed extracting cleanly at full volume). Issue/receipt leg pairs on the same confirmation+material (105,903 of them, zero quantity mismatches) are merged into single two-sided stock.move rows with real source/destination logistics areas; every other row keeps its one known real location and uses Odoo's own built-in Suppliers/Customers/Inventory-adjustment virtual location for the side SAP genuinely didn't attach a second area to. 260,682 rows, 0 missing product_id, 0 missing quantity. lot_id/id added 2026-09-28 after the user asked why #30's lot data wasn't showing up here - real gap, not a data gap: InventoryChangeItemCollection carries IdentifiedStockUUID on 185,158/366,585 raw lines (50.5%), every one matching a real khbatch record, but the field was never read. Now resolved to stock_lot.csv's own external ID - 156,714/260,682 output rows (60.1%) carry a real lot_id/id, 0 broken references. The remaining rows have no IdentifiedStockUUID on this tenant at all (not every movement is of batch/lot-tracked stock)."
COMPLETED,34,Equipment,Maintenance,Master,Yes,khequipmentresource,EquipmentResourceCollection,https://my346623.sapbydesign.com/sap/byd/odata/cust/v1/khequipmentresource/EquipmentResourceCollection,18,12,khequipmentresource__EquipmentResourceCollection.json,maintenance.equipment,maintenance_equipment.csv,18,3,FinancialRelevanceIndicator=True; ProductionSchedulingRelevanceIndicator=True; SupplyPlanningRelevanceIndicator=True; ResourceTimeZoneCode=INDIA,"MANDATORY - closed 2026-09-28. Earlier notes (kept for context) correctly found no standalone 'Equipment' master data object in any standard or custom service - ByDesign genuinely has no Preventive Maintenance module. What resolves the sheet requirement instead: the real ByDesign standard Business Object EquipmentResource ('Supply Chain Design Master Data' -> 'Resources' in the live UI, the same discovery as khbomvariant) - 18 real records (SMT lines, wave soldering, final inspection, etc.), genuinely typed 'Equipment Resource' on this tenant. Never published as OData until built directly via the OData Editor (self-service, no .xml import): service khequipmentresource, Work Center View SCM_RESOURCES (found by searching the picker for 'Resources' - it only matches a Work Center View's own display name, not its technical ID or parent Work Center name, which is why 'Equipment'/'Design'/'Master Data' searches all returned zero results first). See build_equipment() in src/transform_odoo.py; raw_sources below."
COMPLETED,40 / 41,BOMs / Routings,Manufacturing,Master,Yes,khbomvariant,ProductionBillOfMaterialCollection,https://my346623.sapbydesign.com/sap/byd/odata/cust/v1/khbomvariant/ProductionBillOfMaterialCollection,400,6,khbomvariant__ProductionBillOfMaterialCollection.json,mrp.bom / mrp.routing.workcenter,mrp_bom.csv + mrp_bom_line.csv,447,5,Description=PCBA FOR GEAR MOTOR,"REAL DATA, closed 2026-09-25. Confirmed unobtainable via the tenant's 1485 built-in + 609 custom-.xml entity sets (an exhaustive negative result, still true of THAT set) - but the data itself was real, visible live in the ByDesign UI under Enterprise Search > 'Bills of Material Variants'. Closed by building a brand new custom OData service (khbomvariant) directly via the OData Editor - self-service, no .xml import needed - exposing the underlying ProductionBillOfMaterial standard Business Object for the first time. 400 BOM headers, 448 variants (447 non-obsolete -> mrp_bom.csv rows), 14,947 component lines -> mrp_bom_line.csv. product_tmpl_id/id and each line's product_id/id resolve via the same MaterialUUID -> InternalID lookup used for product_template.csv (1/447 boms and 0/14947 lines unresolved). Verified against the live UI screen for one real BOM (CS90861DOOO): all 5 components shown on screen matched exactly (products + quantities), plus 8 more from other item groups not visible in that screen's scroll position. Known limitation: components attach to the BOM header, not a specific variant, so the 48 headers with multiple variants get the same component list per variant - matches what the raw data actually supports. Full story + screenshots: sap_odata_editor_walkthrough/bom_service_setup/README.md."
COMPLETED,40 / 41,BOMs / Routings,Manufacturing,Master,Yes,khbomvariant,ProductionBillOfMaterialVariantCollection,https://my346623.sapbydesign.com/sap/byd/odata/cust/v1/khbomvariant/ProductionBillOfMaterialVariantCollection,448,7,khbomvariant__ProductionBillOfMaterialVariantCollection.json,mrp.bom / mrp.routing.workcenter,mrp_bom.csv + mrp_bom_line.csv,447,5,Quantity=1.00000000000000; unitCode=ZNO,"REAL DATA, closed 2026-09-25. Confirmed unobtainable via the tenant's 1485 built-in + 609 custom-.xml entity sets (an exhaustive negative result, still true of THAT set) - but the data itself was real, visible live in the ByDesign UI under Enterprise Search > 'Bills of Material Variants'. Closed by building a brand new custom OData service (khbomvariant) directly via the OData Editor - self-service, no .xml import needed - exposing the underlying ProductionBillOfMaterial standard Business Object for the first time. 400 BOM headers, 448 variants (447 non-obsolete -> mrp_bom.csv rows), 14,947 component lines -> mrp_bom_line.csv. product_tmpl_id/id and each line's product_id/id resolve via the same MaterialUUID -> InternalID lookup used for product_template.csv (1/447 boms and 0/14947 lines unresolved). Verified against the live UI screen for one real BOM (CS90861DOOO): all 5 components shown on screen matched exactly (products + quantities), plus 8 more from other item groups not visible in that screen's scroll position. Known limitation: components attach to the BOM header, not a specific variant, so the 48 headers with multiple variants get the same component list per variant - matches what the raw data actually supports. Full story + screenshots: sap_odata_editor_walkthrough/bom_service_setup/README.md."
COMPLETED,40,BOMs,Manufacturing,Master,Yes,khbomvariant,ProductionBillOfMaterialItemGroupCollection,https://my346623.sapbydesign.com/sap/byd/odata/cust/v1/khbomvariant/ProductionBillOfMaterialItemGroupCollection,982,8,khbomvariant__ProductionBillOfMaterialItemGroupCollection.json,mrp.bom,mrp_bom.csv + mrp_bom_line.csv,447,5,MultipleSelectionAllowedIndicator=True; BillOfMaterialID=BGMBETTCARD7; BillOfMaterialItemGroupID=1,"REAL DATA, closed 2026-09-25. Confirmed unobtainable via the tenant's 1485 built-in + 609 custom-.xml entity sets (an exhaustive negative result, still true of THAT set) - but the data itself was real, visible live in the ByDesign UI under Enterprise Search > 'Bills of Material Variants'. Closed by building a brand new custom OData service (khbomvariant) directly via the OData Editor - self-service, no .xml import needed - exposing the underlying ProductionBillOfMaterial standard Business Object for the first time. 400 BOM headers, 448 variants (447 non-obsolete -> mrp_bom.csv rows), 14,947 component lines -> mrp_bom_line.csv. product_tmpl_id/id and each line's product_id/id resolve via the same MaterialUUID -> InternalID lookup used for product_template.csv (1/447 boms and 0/14947 lines unresolved). Verified against the live UI screen for one real BOM (CS90861DOOO): all 5 components shown on screen matched exactly (products + quantities), plus 8 more from other item groups not visible in that screen's scroll position. Known limitation: components attach to the BOM header, not a specific variant, so the 48 headers with multiple variants get the same component list per variant - matches what the raw data actually supports. Full story + screenshots: sap_odata_editor_walkthrough/bom_service_setup/README.md."
COMPLETED,40,BOMs,Manufacturing,Master,Yes,khbomvariant,ProductionBillOfMaterialItemGroupItemChangeStateCollection,https://my346623.sapbydesign.com/sap/byd/odata/cust/v1/khbomvariant/ProductionBillOfMaterialItemGroupItemChangeStateCollection?$expand=ProductionBillOfMaterial,12956,16,khbomvariant__ProductionBillOfMaterialItemGroupItemChangeStateCollection.json,mrp.bom,mrp_bom.csv + mrp_bom_line.csv,447,5,__metadata.uri=https://my346623.sapbydesign...; __metadata.type=cust.ProductionBillOfMateria...; EngineeringChangeOrderID=BGMBETTCARD7; Quantity=1.00000000000000,"REAL DATA, closed 2026-09-25. Confirmed unobtainable via the tenant's 1485 built-in + 609 custom-.xml entity sets (an exhaustive negative result, still true of THAT set) - but the data itself was real, visible live in the ByDesign UI under Enterprise Search > 'Bills of Material Variants'. Closed by building a brand new custom OData service (khbomvariant) directly via the OData Editor - self-service, no .xml import needed - exposing the underlying ProductionBillOfMaterial standard Business Object for the first time. 400 BOM headers, 448 variants (447 non-obsolete -> mrp_bom.csv rows), 14,947 component lines -> mrp_bom_line.csv. product_tmpl_id/id and each line's product_id/id resolve via the same MaterialUUID -> InternalID lookup used for product_template.csv (1/447 boms and 0/14947 lines unresolved). Verified against the live UI screen for one real BOM (CS90861DOOO): all 5 components shown on screen matched exactly (products + quantities), plus 8 more from other item groups not visible in that screen's scroll position. Known limitation: components attach to the BOM header, not a specific variant, so the 48 headers with multiple variants get the same component list per variant - matches what the raw data actually supports. Full story + screenshots: sap_odata_editor_walkthrough/bom_service_setup/README.md."
COMPLETED,41 / 44 / 45,Routings / Manufacturing Orders / Production History,Manufacturing,Master / Transaction,Optional,khproductionorder,ProductionOrderCollection,https://my346623.sapbydesign.com/sap/byd/odata/cust/v1/khproductionorder/ProductionOrderCollection?$expand=MainProductOutput,9590,45,khproductionorder__ProductionOrderCollection.json,mrp.production / mrp.routing.workcenter,mrp_bom_operation.csv,2836,5,__metadata.uri=https://my346623.sapbydesign...; __metadata.type=cust.ProductionOrder; PriorityCode=3; PriorityCodeText=Normal,"Closed 2026-10-06 - the BOM-to-Operations link the client's own 'SAP - BOM and BOO' email thread flagged as missing (Sumit: 'I cannot see the operations related to BOM'). Rahul's screenshot showed BOM and BOO joined only via a third object, Production Model - confirmed by building a live custom OData service (khroutingoperation/ProductionModelCollection, BO ProductionModel) that it carries NO stored BillOfMaterial/BillOfOperations field at all; the two are linked purely by sharing the same ID. That ID was already sitting on every khproductionorder/ProductionOrderCollection row (BillOfMaterialID, BillOfOperationsID, MainProductOutput.ProductID - all 9,590 orders have all three; 335 distinct BOM IDs referenced, all 335 match a real khbomvariant header exactly), so no further OData work was needed - just reading two already-extracted raw files together. Per-BOM operation set comes from grouping OperationCollection (same source as #43 Operations) by each order's own BillOfMaterialID instead of pooling tenant-wide, which genuinely varies by product (confirmed against the client's own BoO Structure screenshots - not every BOM's orders run WAVE/FORMING/etc). sequence is the work center's own ID (10100, 10200, ...), a real physical-line position confirmed against the client's Equipment IDs.xls. 382 of 448 BOM variants have at least one operation (the other 66 headers have no production order history yet - a real gap in what's been run, not a pipeline gap). See build_bom_operations() in src/transform_odoo.py."
COMPLETED,41 / 42 / 43 / 44,Routings / Work Centers / Operations / Manufacturing Orders,Manufacturing,Master / Transaction,Yes,khproductionorder,OperationCollection,https://my346623.sapbydesign.com/sap/byd/odata/cust/v1/khproductionorder/OperationCollection,83146,16,khproductionorder__OperationCollection.json,mrp.production / mrp.routing.workcenter / mrp.workcenter,mrp_bom_operation.csv,2836,5,CategoryCode=10; CategoryCodeText=Supply; ProcessingNetDuration=PT0S; TypeCode=10,"Closed 2026-10-06 - the BOM-to-Operations link the client's own 'SAP - BOM and BOO' email thread flagged as missing (Sumit: 'I cannot see the operations related to BOM'). Rahul's screenshot showed BOM and BOO joined only via a third object, Production Model - confirmed by building a live custom OData service (khroutingoperation/ProductionModelCollection, BO ProductionModel) that it carries NO stored BillOfMaterial/BillOfOperations field at all; the two are linked purely by sharing the same ID. That ID was already sitting on every khproductionorder/ProductionOrderCollection row (BillOfMaterialID, BillOfOperationsID, MainProductOutput.ProductID - all 9,590 orders have all three; 335 distinct BOM IDs referenced, all 335 match a real khbomvariant header exactly), so no further OData work was needed - just reading two already-extracted raw files together. Per-BOM operation set comes from grouping OperationCollection (same source as #43 Operations) by each order's own BillOfMaterialID instead of pooling tenant-wide, which genuinely varies by product (confirmed against the client's own BoO Structure screenshots - not every BOM's orders run WAVE/FORMING/etc). sequence is the work center's own ID (10100, 10200, ...), a real physical-line position confirmed against the client's Equipment IDs.xls. 382 of 448 BOM variants have at least one operation (the other 66 headers have no production order history yet - a real gap in what's been run, not a pipeline gap). See build_bom_operations() in src/transform_odoo.py."
COMPLETED,44,Manufacturing Orders,Manufacturing,Transaction,Optional,khproductionorder,MainProductOutputCollection,https://my346623.sapbydesign.com/sap/byd/odata/cust/v1/khproductionorder/MainProductOutputCollection,249212,12,khproductionorder__MainProductOutputCollection.json,mrp.production,mrp_production.csv,9590,7,ProductID=730511; PlannedQuantity=3237.00000000000000; PlannedQuantityUnitCode=ZNO; PlannedQuantityUnitCodeText=Number,"REAL DATA: khproductionorder custom service, 152 orders. Header only - MainProductOutputCollection's 2842 rows don't carry a ParentObjectID and don't reliably join back to a specific order, so product_id/product_qty are left blank; OperationCollection (1158 rows, joins correctly via ParentObjectID) is raw-extracted but not yet transformed into routing lines"
COMPLETED,46,Vendors,Purchase,Master,Yes,khsupplier,SupplierCollection,https://my346623.sapbydesign.com/sap/byd/odata/cust/v1/khsupplier/SupplierCollection?$expand=PurchasingData,2147,35,khsupplier__SupplierCollection.json,res.partner,res_partner.csv,2404,24,__metadata.uri=https://my346623.sapbydesign...; __metadata.type=cust.Supplier; InternalID=1001705; LifeCycleStatusCode=3,"REAL DATA: khsupplier custom service (plain CRUD) - 2,147 suppliers (grew substantially since the 250 first documented here; the tenant's real supplier list, confirmed via live re-extraction 2026-09-28, not a pipeline bug), with matching address/bank/tax coverage. Same reasoning as #17: the analytics route sampled non-key fields; plain CRUD needs no chunking at all. See #17's note for the 2026-09-28 field additions (payment_terms/incoterms/is_bidder/etc.) - same res_partner.csv, same build_res_partner()."
COMPLETED,46,Vendors,Purchase,Master,Yes,khsupplier,CurrentDefaultPostalAddressCollection,https://my346623.sapbydesign.com/sap/byd/odata/cust/v1/khsupplier/CurrentDefaultPostalAddressCollection,4281,28,khsupplier__CurrentDefaultPostalAddressCollection.json,res.partner,res_partner.csv,2404,24,CountryCode=SG; CountryCodeText=Singapore; StreetPostalCode=110011; CityName=Singapore,"REAL DATA: khsupplier custom service (plain CRUD) - 2,147 suppliers (grew substantially since the 250 first documented here; the tenant's real supplier list, confirmed via live re-extraction 2026-09-28, not a pipeline bug), with matching address/bank/tax coverage. Same reasoning as #17: the analytics route sampled non-key fields; plain CRUD needs no chunking at all. See #17's note for the 2026-09-28 field additions (payment_terms/incoterms/is_bidder/etc.) - same res_partner.csv, same build_res_partner()."
COMPLETED,46,Vendors,Purchase,Master,Yes,khsupplier,TaxNumberCollection,https://my346623.sapbydesign.com/sap/byd/odata/cust/v1/khsupplier/TaxNumberCollection,1719,7,khsupplier__TaxNumberCollection.json,res.partner,res_partner.csv,2404,24,CountryCode=IN; CountryCodeText=India; PartyTaxID=AAACZ3386K; TaxIdentificationNumberTypeCode=7,"REAL DATA: khsupplier custom service (plain CRUD) - 2,147 suppliers (grew substantially since the 250 first documented here; the tenant's real supplier list, confirmed via live re-extraction 2026-09-28, not a pipeline bug), with matching address/bank/tax coverage. Same reasoning as #17: the analytics route sampled non-key fields; plain CRUD needs no chunking at all. See #17's note for the 2026-09-28 field additions (payment_terms/incoterms/is_bidder/etc.) - same res_partner.csv, same build_res_partner()."
COMPLETED,47 / 57,Vendor Pricelists / Products,Purchase / Sales,Master,Yes,vmumaterial,MaterialCollection,https://my346623.sapbydesign.com/sap/byd/odata/cust/v1/vmumaterial/MaterialCollection,8665,20,vmumaterial__MaterialCollection.json,product.supplierinfo / product.template,product_supplierinfo.csv,8559,6,InternalID=KALESICS407; Description=IC TRANS PNP 45V 0.5A SOT23; BaseMeasureUnitCode=ZNO; BaseMeasureUnitCodeText=Number,"REAL DATA: vmumaterial/SupplierInformationCollection - 34 material-to-supplier links with the supplier's own part number and lead time. Already extracted but read by no transform until now. No price column exists on this entity (ByDesign keeps supplier prices in price lists this tenant does not publish), so product_code and delay are mapped and price is left for Odoo to default rather than fabricated."
COMPLETED,47,Vendor Pricelists,Purchase,Master,Optional,vmumaterial,SupplierInformationCollection,https://my346623.sapbydesign.com/sap/byd/odata/cust/v1/vmumaterial/SupplierInformationCollection,8559,6,vmumaterial__SupplierInformationCollection.json,product.supplierinfo,product_supplierinfo.csv,8559,6,SupplierID=8000220; SupplierPartNumber=TAJB476K006RNJ; BusinessPartnerFormattedName=Dummy Supplier 8,"REAL DATA: vmumaterial/SupplierInformationCollection - 34 material-to-supplier links with the supplier's own part number and lead time. Already extracted but read by no transform until now. No price column exists on this entity (ByDesign keeps supplier prices in price lists this tenant does not publish), so product_code and delay are mapped and price is left for Odoo to default rather than fabricated."
COMPLETED,49 / 50,RFQs / Purchase Orders,Purchase,Transaction,Yes,khpurchaseorder,PurchaseOrderCollection,https://my346623.sapbydesign.com/sap/byd/odata/cust/v1/khpurchaseorder/PurchaseOrderCollection,15840,26,khpurchaseorder__PurchaseOrderCollection.json,purchase.order,purchase_order_rfq.csv + purchase_order_rfq_line.csv,136,12,IncotermsCode=CFR; IncotermsCodeText=Cost and freight; IncotermsLocationName=THIRUCHITRAMBALAM KOOT ROAD; DataOriginTypeCode=1,"REAL DATA: ByDesign has no separate RFQ object - an RFQ is a purchase order not yet ordered. LifeCycleStatusCodeText splits the orders cleanly: In Preparation + In Approval are the pre-order documents (this file, 136 rows after the 2026-10-01 live re-pull, was 139), against Sent/Follow-Up/Finished which are live orders already covered by #50. Fixed 2026-09-30 (caught in a pre-import team validation pass): these same 139 orders used to also appear in purchase_order.csv (#50) under a different external-ID prefix (sap_po_* vs this file's sap_rfq_*) with no exclusion between the two builds - importing both would have created duplicate purchase.order records in Odoo. build_purchase_orders() now excludes any order whose LifeCycleStatusCodeText is In Preparation/In Approval, via the shared _RFQ_STAGE_STATES set - confirmed 0 id overlap between the two files after the fix. Fixed 2026-10-01 (team question: are RFQ line items extracted too? - they weren't): this build function only ever wrote purchase_order_rfq.csv (headers) - the same khpurchaseorder/ItemCollection these 136 orders use was already fully extracted (340 real line items), just never written to a line file at all. purchase_order_rfq_line.csv now exists, 340 rows, 0 blank/broken order_id/id. Also added purchase_order_rfq_with_lines.csv (team request, same convenience format as product_pricelist_with_items.csv/mrp_bom_with_lines.csv) - one file combining header + lines via Odoo's one2many CSV import convention, ready to import directly. 368 rows (136 headers, 232 continuation lines for RFQs with more than one line item)."
COMPLETED,49 / 50,RFQs / Purchase Orders,Purchase,Transaction,Yes,khpurchaseorder,ItemCollection,https://my346623.sapbydesign.com/sap/byd/odata/cust/v1/khpurchaseorder/ItemCollection,46187,54,khpurchaseorder__ItemCollection.json,purchase.order,purchase_order_rfq.csv + purchase_order_rfq_line.csv,136,12,ProductTypeCode=1; ProductTypeCodeText=Material; ProductID=LTD2TTRN524; ProductCategoryInternalID=TRN,"REAL DATA: ByDesign has no separate RFQ object - an RFQ is a purchase order not yet ordered. LifeCycleStatusCodeText splits the orders cleanly: In Preparation + In Approval are the pre-order documents (this file, 136 rows after the 2026-10-01 live re-pull, was 139), against Sent/Follow-Up/Finished which are live orders already covered by #50. Fixed 2026-09-30 (caught in a pre-import team validation pass): these same 139 orders used to also appear in purchase_order.csv (#50) under a different external-ID prefix (sap_po_* vs this file's sap_rfq_*) with no exclusion between the two builds - importing both would have created duplicate purchase.order records in Odoo. build_purchase_orders() now excludes any order whose LifeCycleStatusCodeText is In Preparation/In Approval, via the shared _RFQ_STAGE_STATES set - confirmed 0 id overlap between the two files after the fix. Fixed 2026-10-01 (team question: are RFQ line items extracted too? - they weren't): this build function only ever wrote purchase_order_rfq.csv (headers) - the same khpurchaseorder/ItemCollection these 136 orders use was already fully extracted (340 real line items), just never written to a line file at all. purchase_order_rfq_line.csv now exists, 340 rows, 0 blank/broken order_id/id. Also added purchase_order_rfq_with_lines.csv (team request, same convenience format as product_pricelist_with_items.csv/mrp_bom_with_lines.csv) - one file combining header + lines via Odoo's one2many CSV import convention, ready to import directly. 368 rows (136 headers, 232 continuation lines for RFQs with more than one line item)."
COMPLETED,49 / 50,RFQs / Purchase Orders,Purchase,Transaction,Yes,khpurchaseorder,SupplierCollection,https://my346623.sapbydesign.com/sap/byd/odata/cust/v1/khpurchaseorder/SupplierCollection,79797,3,khpurchaseorder__SupplierCollection.json,purchase.order,purchase_order_rfq.csv + purchase_order_rfq_line.csv,136,12,PartyID=G199,"REAL DATA: ByDesign has no separate RFQ object - an RFQ is a purchase order not yet ordered. LifeCycleStatusCodeText splits the orders cleanly: In Preparation + In Approval are the pre-order documents (this file, 136 rows after the 2026-10-01 live re-pull, was 139), against Sent/Follow-Up/Finished which are live orders already covered by #50. Fixed 2026-09-30 (caught in a pre-import team validation pass): these same 139 orders used to also appear in purchase_order.csv (#50) under a different external-ID prefix (sap_po_* vs this file's sap_rfq_*) with no exclusion between the two builds - importing both would have created duplicate purchase.order records in Odoo. build_purchase_orders() now excludes any order whose LifeCycleStatusCodeText is In Preparation/In Approval, via the shared _RFQ_STAGE_STATES set - confirmed 0 id overlap between the two files after the fix. Fixed 2026-10-01 (team question: are RFQ line items extracted too? - they weren't): this build function only ever wrote purchase_order_rfq.csv (headers) - the same khpurchaseorder/ItemCollection these 136 orders use was already fully extracted (340 real line items), just never written to a line file at all. purchase_order_rfq_line.csv now exists, 340 rows, 0 blank/broken order_id/id. Also added purchase_order_rfq_with_lines.csv (team request, same convenience format as product_pricelist_with_items.csv/mrp_bom_with_lines.csv) - one file combining header + lines via Odoo's one2many CSV import convention, ready to import directly. 368 rows (136 headers, 232 continuation lines for RFQs with more than one line item)."
COMPLETED,50,Purchase Orders,Purchase,Transaction,Yes,khpurchaseorder,EmployeeResponsibleCollection,https://my346623.sapbydesign.com/sap/byd/odata/cust/v1/khpurchaseorder/EmployeeResponsibleCollection,79801,3,khpurchaseorder__EmployeeResponsibleCollection.json,purchase.order,purchase_order.csv + purchase_order_line.csv,15704,12,PartyID=G199,"REAL DATA: cust/v1/khpurchaseorder custom OData service (user-imported Cloud Applications Studio BO, from byd-api-samples-main) - 15,704 POs, 45,847 lines after the 2026-10-01 live re-pull (live tenant total minus the 136 pre-order documents excluded to #49, see #49's note; was 15,658/45,624). product_id/id on lines resolves once Products (#57) is wired up. 2026-10-01 (team pre-import check, Tax + missing-product requested on PO lines): purchase_order_line.csv now carries price_tax from ItemCollection's real TaxAmount (confirmed via live $metadata: no TaxCode/rate field exists on this entity, only the computed amount, so this is informational, not a taxes_id/id relation) - 0 blank across all 45,847 lines. product_id/id now goes through the same _known_product_ids() guard already used on invoice/bill lines, for consistency (0 lines affected - every ProductID present already resolves). 18,421/45,847 raw lines have NO ProductID at all - checked directly against output_raw/: ItemTypeCode mostly 'Material' with real free-text descriptions (e.g. 'F2 LASER CUT STENCILS') and no ProductSellerID/ProductStandardID either - genuine non-catalog PO lines SAP allows without a Material Master link, confirmed not resolvable, not a pipeline gap. Also: line item descriptions containing a literal "" were replaced with the Unicode double-prime (U+2033) - see #63's note on the same fix, applied here too (0 lines with a straight quote remaining, confirmed). Also same date (live SAP UI audit against the custom OData service, team request for 'more missing fields'): incoterms/incoterms_location and buyer_responsible_name added - both were already accessible via the API (IncotermsCodeText/IncotermsLocationName sitting unused on PurchaseOrderCollection; EmployeeResponsibleCollection already extracted), just never read by this transform. buyer_responsible_name resolves via _employee_name_by_code() (EmployeeResponsibleCollection's PartyID is an EmployeeID code like 'G020', joined against khemployee) - confirmed exact match against the live UI's 'Buyer Responsible' field for a real PO. incoterms/incoterms_location: 15,689/15,704 (99.9%). buyer_responsible_name: 15,704/15,704 (100%, after filtering EmployeeResponsibleCollection's candidates to real EmployeeIDs - it bundles the PO's own company code and the supplier's BP id in the same collection with no role code, same shape as SupplierCollection). Payment Terms was also requested and found VISIBLE with real data on the live UI ('30 days from the date of invoice subject to acceptance') but confirmed ABSENT from khpurchaseorder's OData metadata entirely - unlike Incoterms/Buyer Responsible, this one is not accessible via the API at all and needs a live OData Editor change to the custom service to expose it (not yet done - pending user confirmation, see SAP_IMPORT_PLAN.md or the team's 2026-10-01 field audit notes)."
COMPLETED,57,Products,Sales,Master,Yes,vmumaterialvaluationdata,MaterialValuationDataCollection,https://my346623.sapbydesign.com/sap/byd/odata/cust/v1/vmumaterialvaluationdata/MaterialValuationDataCollection,8664,7,vmumaterialvaluationdata__MaterialValuationDataCollection.json,product.template,product_template.csv,8670,14,MateriallID=KALESICS407; CompanyID=70000; CreationDateTime=/Date(1548658984783)/; LastChangeDateTime=/Date(1784714813296)/,"REAL DATA, FULL FIELD COVERAGE: all 15 real (non-empty) per-material entities in vmumaterial/vmumaterialvaluationdata checked (78 entity sets total exist; 172 distinct SAP fields across the 15 real ones) - MaterialCollection (base), TextCollection (detailed description, 2172/3058), PurchasingCollection/SalesCollection (UOM + purchase_ok/sale_ok), ProductCategoryCollection (category, 3058/3058 resolved), PlanningCollection (ProcurementTypeCode -> route_ids/id, real 107/93 Buy/Manufacture split), IdentificationCollection/LogisticsCollection/ValuationCollection/AvailabilityConfirmationCollection/PlanningForecastGroupCollection/QuantityConversionCollection/DeviantTaxClassificationCollection (extracted, no corresponding core Odoo product.template field - see SAP_Field_Mapping.xlsx sheet 57 for exactly which), vmumaterialvaluationdata (cost price, 994/3058). No barcode/weight/dimension data exists on this tenant (GlobalTradeItemNumberCollection and QuantityCharacteristicCollection both confirmed 0 rows live) - not fabricated, left blank. SERVICE PRODUCTS ADDED 2026-09-18: khserviceproduct is a completely separate master from vmumaterial's materials (ByDesign splits them; Odoo does not), contributing 7 more rows typed 'service' - they were absent from the output entirely before that service was imported."
COMPLETED,57,Products,Sales,Master,Yes,vmumaterialvaluationdata,ValuationPriceCollection,https://my346623.sapbydesign.com/sap/byd/odata/cust/v1/vmumaterialvaluationdata/ValuationPriceCollection,32716,15,vmumaterialvaluationdata__ValuationPriceCollection.json,product.template,product_template.csv,8670,14,SetOfBooksID=DSOB; SetOfBooksDescription=DEAL_Set of Books; PriceTypeCode=1; PriceTypeCodeText=Inventory Cost,"REAL DATA, FULL FIELD COVERAGE: all 15 real (non-empty) per-material entities in vmumaterial/vmumaterialvaluationdata checked (78 entity sets total exist; 172 distinct SAP fields across the 15 real ones) - MaterialCollection (base), TextCollection (detailed description, 2172/3058), PurchasingCollection/SalesCollection (UOM + purchase_ok/sale_ok), ProductCategoryCollection (category, 3058/3058 resolved), PlanningCollection (ProcurementTypeCode -> route_ids/id, real 107/93 Buy/Manufacture split), IdentificationCollection/LogisticsCollection/ValuationCollection/AvailabilityConfirmationCollection/PlanningForecastGroupCollection/QuantityConversionCollection/DeviantTaxClassificationCollection (extracted, no corresponding core Odoo product.template field - see SAP_Field_Mapping.xlsx sheet 57 for exactly which), vmumaterialvaluationdata (cost price, 994/3058). No barcode/weight/dimension data exists on this tenant (GlobalTradeItemNumberCollection and QuantityCharacteristicCollection both confirmed 0 rows live) - not fabricated, left blank. SERVICE PRODUCTS ADDED 2026-09-18: khserviceproduct is a completely separate master from vmumaterial's materials (ByDesign splits them; Odoo does not), contributing 7 more rows typed 'service' - they were absent from the output entirely before that service was imported."
COMPLETED,57 / 58,Products / Product Categories,Sales,Master,Yes,vmumaterial,ProductCategoryCollection,https://my346623.sapbydesign.com/sap/byd/odata/cust/v1/vmumaterial/ProductCategoryCollection,8665,6,vmumaterial__ProductCategoryCollection.json,product.category / product.template,product_template.csv,8670,14,ProductCategoryInternalID=LED; Description=LED,"REAL DATA, FULL FIELD COVERAGE: all 15 real (non-empty) per-material entities in vmumaterial/vmumaterialvaluationdata checked (78 entity sets total exist; 172 distinct SAP fields across the 15 real ones) - MaterialCollection (base), TextCollection (detailed description, 2172/3058), PurchasingCollection/SalesCollection (UOM + purchase_ok/sale_ok), ProductCategoryCollection (category, 3058/3058 resolved), PlanningCollection (ProcurementTypeCode -> route_ids/id, real 107/93 Buy/Manufacture split), IdentificationCollection/LogisticsCollection/ValuationCollection/AvailabilityConfirmationCollection/PlanningForecastGroupCollection/QuantityConversionCollection/DeviantTaxClassificationCollection (extracted, no corresponding core Odoo product.template field - see SAP_Field_Mapping.xlsx sheet 57 for exactly which), vmumaterialvaluationdata (cost price, 994/3058). No barcode/weight/dimension data exists on this tenant (GlobalTradeItemNumberCollection and QuantityCharacteristicCollection both confirmed 0 rows live) - not fabricated, left blank. SERVICE PRODUCTS ADDED 2026-09-18: khserviceproduct is a completely separate master from vmumaterial's materials (ByDesign splits them; Odoo does not), contributing 7 more rows typed 'service' - they were absent from the output entirely before that service was imported."
COMPLETED,57,Products,Sales,Master,Yes,vmumaterial,TextCollection,https://my346623.sapbydesign.com/sap/byd/odata/cust/v1/vmumaterial/TextCollection,8388,13,vmumaterial__TextCollection.json,product.template,product_template.csv,8670,14,Text=CONTROLLER CARD; TypeCode=10006; TypeCodeText=Detailed Description; CreatedOn=/Date(1548669999959)/,"REAL DATA, FULL FIELD COVERAGE: all 15 real (non-empty) per-material entities in vmumaterial/vmumaterialvaluationdata checked (78 entity sets total exist; 172 distinct SAP fields across the 15 real ones) - MaterialCollection (base), TextCollection (detailed description, 2172/3058), PurchasingCollection/SalesCollection (UOM + purchase_ok/sale_ok), ProductCategoryCollection (category, 3058/3058 resolved), PlanningCollection (ProcurementTypeCode -> route_ids/id, real 107/93 Buy/Manufacture split), IdentificationCollection/LogisticsCollection/ValuationCollection/AvailabilityConfirmationCollection/PlanningForecastGroupCollection/QuantityConversionCollection/DeviantTaxClassificationCollection (extracted, no corresponding core Odoo product.template field - see SAP_Field_Mapping.xlsx sheet 57 for exactly which), vmumaterialvaluationdata (cost price, 994/3058). No barcode/weight/dimension data exists on this tenant (GlobalTradeItemNumberCollection and QuantityCharacteristicCollection both confirmed 0 rows live) - not fabricated, left blank. SERVICE PRODUCTS ADDED 2026-09-18: khserviceproduct is a completely separate master from vmumaterial's materials (ByDesign splits them; Odoo does not), contributing 7 more rows typed 'service' - they were absent from the output entirely before that service was imported."
COMPLETED,57,Products,Sales,Master,Yes,vmumaterial,PurchasingCollection,https://my346623.sapbydesign.com/sap/byd/odata/cust/v1/vmumaterial/PurchasingCollection,8278,6,vmumaterial__PurchasingCollection.json,product.template,product_template.csv,8670,14,PurchasingMeasureUnitCode=ZNO; PurchasingMeasureUnitCodeText=Number; LifeCycleStatusCode=2; LifeCycleStatusCodeText=Active,"REAL DATA, FULL FIELD COVERAGE: all 15 real (non-empty) per-material entities in vmumaterial/vmumaterialvaluationdata checked (78 entity sets total exist; 172 distinct SAP fields across the 15 real ones) - MaterialCollection (base), TextCollection (detailed description, 2172/3058), PurchasingCollection/SalesCollection (UOM + purchase_ok/sale_ok), ProductCategoryCollection (category, 3058/3058 resolved), PlanningCollection (ProcurementTypeCode -> route_ids/id, real 107/93 Buy/Manufacture split), IdentificationCollection/LogisticsCollection/ValuationCollection/AvailabilityConfirmationCollection/PlanningForecastGroupCollection/QuantityConversionCollection/DeviantTaxClassificationCollection (extracted, no corresponding core Odoo product.template field - see SAP_Field_Mapping.xlsx sheet 57 for exactly which), vmumaterialvaluationdata (cost price, 994/3058). No barcode/weight/dimension data exists on this tenant (GlobalTradeItemNumberCollection and QuantityCharacteristicCollection both confirmed 0 rows live) - not fabricated, left blank. SERVICE PRODUCTS ADDED 2026-09-18: khserviceproduct is a completely separate master from vmumaterial's materials (ByDesign splits them; Odoo does not), contributing 7 more rows typed 'service' - they were absent from the output entirely before that service was imported."
COMPLETED,57,Products,Sales,Master,Yes,vmumaterial,SalesCollection,https://my346623.sapbydesign.com/sap/byd/odata/cust/v1/vmumaterial/SalesCollection,6166,17,vmumaterial__SalesCollection.json,product.template,product_template.csv,8670,14,SalesOrganisationID=71000; DistributionChannelCode=01; DistributionChannelCodeText=Direct sales; LifeCycleStatusCode=2,"REAL DATA, FULL FIELD COVERAGE: all 15 real (non-empty) per-material entities in vmumaterial/vmumaterialvaluationdata checked (78 entity sets total exist; 172 distinct SAP fields across the 15 real ones) - MaterialCollection (base), TextCollection (detailed description, 2172/3058), PurchasingCollection/SalesCollection (UOM + purchase_ok/sale_ok), ProductCategoryCollection (category, 3058/3058 resolved), PlanningCollection (ProcurementTypeCode -> route_ids/id, real 107/93 Buy/Manufacture split), IdentificationCollection/LogisticsCollection/ValuationCollection/AvailabilityConfirmationCollection/PlanningForecastGroupCollection/QuantityConversionCollection/DeviantTaxClassificationCollection (extracted, no corresponding core Odoo product.template field - see SAP_Field_Mapping.xlsx sheet 57 for exactly which), vmumaterialvaluationdata (cost price, 994/3058). No barcode/weight/dimension data exists on this tenant (GlobalTradeItemNumberCollection and QuantityCharacteristicCollection both confirmed 0 rows live) - not fabricated, left blank. SERVICE PRODUCTS ADDED 2026-09-18: khserviceproduct is a completely separate master from vmumaterial's materials (ByDesign splits them; Odoo does not), contributing 7 more rows typed 'service' - they were absent from the output entirely before that service was imported."
COMPLETED,57,Products,Sales,Master,Yes,vmumaterial,PlanningCollection,https://my346623.sapbydesign.com/sap/byd/odata/cust/v1/vmumaterial/PlanningCollection,8665,36,vmumaterial__PlanningCollection.json,product.template,product_template.csv,8670,14,SupplyPlanningAreaID=71000; SupplyPlanningAreaDescription=Danlaw Technologies India Li...; LifeCycleStatusCode=2; LifeCycleStatusCodeText=Active,"REAL DATA, FULL FIELD COVERAGE: all 15 real (non-empty) per-material entities in vmumaterial/vmumaterialvaluationdata checked (78 entity sets total exist; 172 distinct SAP fields across the 15 real ones) - MaterialCollection (base), TextCollection (detailed description, 2172/3058), PurchasingCollection/SalesCollection (UOM + purchase_ok/sale_ok), ProductCategoryCollection (category, 3058/3058 resolved), PlanningCollection (ProcurementTypeCode -> route_ids/id, real 107/93 Buy/Manufacture split), IdentificationCollection/LogisticsCollection/ValuationCollection/AvailabilityConfirmationCollection/PlanningForecastGroupCollection/QuantityConversionCollection/DeviantTaxClassificationCollection (extracted, no corresponding core Odoo product.template field - see SAP_Field_Mapping.xlsx sheet 57 for exactly which), vmumaterialvaluationdata (cost price, 994/3058). No barcode/weight/dimension data exists on this tenant (GlobalTradeItemNumberCollection and QuantityCharacteristicCollection both confirmed 0 rows live) - not fabricated, left blank. SERVICE PRODUCTS ADDED 2026-09-18: khserviceproduct is a completely separate master from vmumaterial's materials (ByDesign splits them; Odoo does not), contributing 7 more rows typed 'service' - they were absent from the output entirely before that service was imported."
COMPLETED,57,Products,Sales,Master,Yes,vmumaterial,IdentificationCollection,https://my346623.sapbydesign.com/sap/byd/odata/cust/v1/vmumaterial/IdentificationCollection,8665,5,vmumaterial__IdentificationCollection.json,product.template,product_template.csv,8670,14,ProductID=KALESICS407; ProductIdentifierTypeCode=1; ProductIdentifierTypeCodeText=Internal ID,"REAL DATA, FULL FIELD COVERAGE: all 15 real (non-empty) per-material entities in vmumaterial/vmumaterialvaluationdata checked (78 entity sets total exist; 172 distinct SAP fields across the 15 real ones) - MaterialCollection (base), TextCollection (detailed description, 2172/3058), PurchasingCollection/SalesCollection (UOM + purchase_ok/sale_ok), ProductCategoryCollection (category, 3058/3058 resolved), PlanningCollection (ProcurementTypeCode -> route_ids/id, real 107/93 Buy/Manufacture split), IdentificationCollection/LogisticsCollection/ValuationCollection/AvailabilityConfirmationCollection/PlanningForecastGroupCollection/QuantityConversionCollection/DeviantTaxClassificationCollection (extracted, no corresponding core Odoo product.template field - see SAP_Field_Mapping.xlsx sheet 57 for exactly which), vmumaterialvaluationdata (cost price, 994/3058). No barcode/weight/dimension data exists on this tenant (GlobalTradeItemNumberCollection and QuantityCharacteristicCollection both confirmed 0 rows live) - not fabricated, left blank. SERVICE PRODUCTS ADDED 2026-09-18: khserviceproduct is a completely separate master from vmumaterial's materials (ByDesign splits them; Odoo does not), contributing 7 more rows typed 'service' - they were absent from the output entirely before that service was imported."
COMPLETED,57,Products,Sales,Master,Yes,vmumaterial,LogisticsCollection,https://my346623.sapbydesign.com/sap/byd/odata/cust/v1/vmumaterial/LogisticsCollection,8665,8,vmumaterial__LogisticsCollection.json,product.template,product_template.csv,8670,14,SiteID=71000; LifeCycleStatusCode=2; LifeCycleStatusCodeText=Active; SiteName=Danlaw Technologies India Li...,"REAL DATA, FULL FIELD COVERAGE: all 15 real (non-empty) per-material entities in vmumaterial/vmumaterialvaluationdata checked (78 entity sets total exist; 172 distinct SAP fields across the 15 real ones) - MaterialCollection (base), TextCollection (detailed description, 2172/3058), PurchasingCollection/SalesCollection (UOM + purchase_ok/sale_ok), ProductCategoryCollection (category, 3058/3058 resolved), PlanningCollection (ProcurementTypeCode -> route_ids/id, real 107/93 Buy/Manufacture split), IdentificationCollection/LogisticsCollection/ValuationCollection/AvailabilityConfirmationCollection/PlanningForecastGroupCollection/QuantityConversionCollection/DeviantTaxClassificationCollection (extracted, no corresponding core Odoo product.template field - see SAP_Field_Mapping.xlsx sheet 57 for exactly which), vmumaterialvaluationdata (cost price, 994/3058). No barcode/weight/dimension data exists on this tenant (GlobalTradeItemNumberCollection and QuantityCharacteristicCollection both confirmed 0 rows live) - not fabricated, left blank. SERVICE PRODUCTS ADDED 2026-09-18: khserviceproduct is a completely separate master from vmumaterial's materials (ByDesign splits them; Odoo does not), contributing 7 more rows typed 'service' - they were absent from the output entirely before that service was imported."
COMPLETED,57,Products,Sales,Master,Yes,vmumaterial,ValuationCollection,https://my346623.sapbydesign.com/sap/byd/odata/cust/v1/vmumaterial/ValuationCollection,8663,6,vmumaterial__ValuationCollection.json,product.template,product_template.csv,8670,14,CompanyID=70000; BusinessResidenceID=71000; LifeCycleStatusCode=2; LifeCycleStatusCodeText=Active,"REAL DATA, FULL FIELD COVERAGE: all 15 real (non-empty) per-material entities in vmumaterial/vmumaterialvaluationdata checked (78 entity sets total exist; 172 distinct SAP fields across the 15 real ones) - MaterialCollection (base), TextCollection (detailed description, 2172/3058), PurchasingCollection/SalesCollection (UOM + purchase_ok/sale_ok), ProductCategoryCollection (category, 3058/3058 resolved), PlanningCollection (ProcurementTypeCode -> route_ids/id, real 107/93 Buy/Manufacture split), IdentificationCollection/LogisticsCollection/ValuationCollection/AvailabilityConfirmationCollection/PlanningForecastGroupCollection/QuantityConversionCollection/DeviantTaxClassificationCollection (extracted, no corresponding core Odoo product.template field - see SAP_Field_Mapping.xlsx sheet 57 for exactly which), vmumaterialvaluationdata (cost price, 994/3058). No barcode/weight/dimension data exists on this tenant (GlobalTradeItemNumberCollection and QuantityCharacteristicCollection both confirmed 0 rows live) - not fabricated, left blank. SERVICE PRODUCTS ADDED 2026-09-18: khserviceproduct is a completely separate master from vmumaterial's materials (ByDesign splits them; Odoo does not), contributing 7 more rows typed 'service' - they were absent from the output entirely before that service was imported."
COMPLETED,57,Products,Sales,Master,Yes,vmumaterial,AvailabilityConfirmationCollection,https://my346623.sapbydesign.com/sap/byd/odata/cust/v1/vmumaterial/AvailabilityConfirmationCollection,8623,10,vmumaterial__AvailabilityConfirmationCollection.json,product.template,product_template.csv,8670,14,SupplyPlanningAreaID=71000; SupplyPlanningAreaDescription=Danlaw Technologies India Li...; LifeCycleStatusCode=2; LifeCycleStatusCodeText=Active,"REAL DATA, FULL FIELD COVERAGE: all 15 real (non-empty) per-material entities in vmumaterial/vmumaterialvaluationdata checked (78 entity sets total exist; 172 distinct SAP fields across the 15 real ones) - MaterialCollection (base), TextCollection (detailed description, 2172/3058), PurchasingCollection/SalesCollection (UOM + purchase_ok/sale_ok), ProductCategoryCollection (category, 3058/3058 resolved), PlanningCollection (ProcurementTypeCode -> route_ids/id, real 107/93 Buy/Manufacture split), IdentificationCollection/LogisticsCollection/ValuationCollection/AvailabilityConfirmationCollection/PlanningForecastGroupCollection/QuantityConversionCollection/DeviantTaxClassificationCollection (extracted, no corresponding core Odoo product.template field - see SAP_Field_Mapping.xlsx sheet 57 for exactly which), vmumaterialvaluationdata (cost price, 994/3058). No barcode/weight/dimension data exists on this tenant (GlobalTradeItemNumberCollection and QuantityCharacteristicCollection both confirmed 0 rows live) - not fabricated, left blank. SERVICE PRODUCTS ADDED 2026-09-18: khserviceproduct is a completely separate master from vmumaterial's materials (ByDesign splits them; Odoo does not), contributing 7 more rows typed 'service' - they were absent from the output entirely before that service was imported."
COMPLETED,57,Products,Sales,Master,Yes,vmumaterial,PlanningForecastGroupCollection,https://my346623.sapbydesign.com/sap/byd/odata/cust/v1/vmumaterial/PlanningForecastGroupCollection,8665,4,vmumaterial__PlanningForecastGroupCollection.json,product.template,product_template.csv,8670,14,ProductCategoryInternalID=LED; ProductCategoryDescription=LED,"REAL DATA, FULL FIELD COVERAGE: all 15 real (non-empty) per-material entities in vmumaterial/vmumaterialvaluationdata checked (78 entity sets total exist; 172 distinct SAP fields across the 15 real ones) - MaterialCollection (base), TextCollection (detailed description, 2172/3058), PurchasingCollection/SalesCollection (UOM + purchase_ok/sale_ok), ProductCategoryCollection (category, 3058/3058 resolved), PlanningCollection (ProcurementTypeCode -> route_ids/id, real 107/93 Buy/Manufacture split), IdentificationCollection/LogisticsCollection/ValuationCollection/AvailabilityConfirmationCollection/PlanningForecastGroupCollection/QuantityConversionCollection/DeviantTaxClassificationCollection (extracted, no corresponding core Odoo product.template field - see SAP_Field_Mapping.xlsx sheet 57 for exactly which), vmumaterialvaluationdata (cost price, 994/3058). No barcode/weight/dimension data exists on this tenant (GlobalTradeItemNumberCollection and QuantityCharacteristicCollection both confirmed 0 rows live) - not fabricated, left blank. SERVICE PRODUCTS ADDED 2026-09-18: khserviceproduct is a completely separate master from vmumaterial's materials (ByDesign splits them; Odoo does not), contributing 7 more rows typed 'service' - they were absent from the output entirely before that service was imported."
COMPLETED,57,Products,Sales,Master,Yes,vmumaterial,QuantityConversionCollection,https://my346623.sapbydesign.com/sap/byd/odata/cust/v1/vmumaterial/QuantityConversionCollection,17,9,vmumaterial__QuantityConversionCollection.json,product.template,product_template.csv,8670,14,CorrespondingQuantity=1.00000000000000; CorrespondingQuantityUnitCode=SET; CorrespondingQuantityUnitCodeText=Set; Quantity=1.00000000000000,"REAL DATA, FULL FIELD COVERAGE: all 15 real (non-empty) per-material entities in vmumaterial/vmumaterialvaluationdata checked (78 entity sets total exist; 172 distinct SAP fields across the 15 real ones) - MaterialCollection (base), TextCollection (detailed description, 2172/3058), PurchasingCollection/SalesCollection (UOM + purchase_ok/sale_ok), ProductCategoryCollection (category, 3058/3058 resolved), PlanningCollection (ProcurementTypeCode -> route_ids/id, real 107/93 Buy/Manufacture split), IdentificationCollection/LogisticsCollection/ValuationCollection/AvailabilityConfirmationCollection/PlanningForecastGroupCollection/QuantityConversionCollection/DeviantTaxClassificationCollection (extracted, no corresponding core Odoo product.template field - see SAP_Field_Mapping.xlsx sheet 57 for exactly which), vmumaterialvaluationdata (cost price, 994/3058). No barcode/weight/dimension data exists on this tenant (GlobalTradeItemNumberCollection and QuantityCharacteristicCollection both confirmed 0 rows live) - not fabricated, left blank. SERVICE PRODUCTS ADDED 2026-09-18: khserviceproduct is a completely separate master from vmumaterial's materials (ByDesign splits them; Odoo does not), contributing 7 more rows typed 'service' - they were absent from the output entirely before that service was imported."
COMPLETED,57,Products,Sales,Master,Yes,vmumaterial,DeviantTaxClassificationCollection,https://my346623.sapbydesign.com/sap/byd/odata/cust/v1/vmumaterial/DeviantTaxClassificationCollection,0,0,vmumaterial__DeviantTaxClassificationCollection.json,product.template,product_template.csv,8670,14,,"REAL DATA, FULL FIELD COVERAGE: all 15 real (non-empty) per-material entities in vmumaterial/vmumaterialvaluationdata checked (78 entity sets total exist; 172 distinct SAP fields across the 15 real ones) - MaterialCollection (base), TextCollection (detailed description, 2172/3058), PurchasingCollection/SalesCollection (UOM + purchase_ok/sale_ok), ProductCategoryCollection (category, 3058/3058 resolved), PlanningCollection (ProcurementTypeCode -> route_ids/id, real 107/93 Buy/Manufacture split), IdentificationCollection/LogisticsCollection/ValuationCollection/AvailabilityConfirmationCollection/PlanningForecastGroupCollection/QuantityConversionCollection/DeviantTaxClassificationCollection (extracted, no corresponding core Odoo product.template field - see SAP_Field_Mapping.xlsx sheet 57 for exactly which), vmumaterialvaluationdata (cost price, 994/3058). No barcode/weight/dimension data exists on this tenant (GlobalTradeItemNumberCollection and QuantityCharacteristicCollection both confirmed 0 rows live) - not fabricated, left blank. SERVICE PRODUCTS ADDED 2026-09-18: khserviceproduct is a completely separate master from vmumaterial's materials (ByDesign splits them; Odoo does not), contributing 7 more rows typed 'service' - they were absent from the output entirely before that service was imported."
COMPLETED,59 / 61,Pricelists / Customer Price Lists,Sales,Master,Yes,khsalesarrangement,SalesArrangementCollection,https://my346623.sapbydesign.com/sap/byd/odata/cust/v1/khsalesarrangement/SalesArrangementCollection,225,23,khsalesarrangement__SalesArrangementCollection.json,product.pricelist,product_pricelist.csv,226,4,SalesOrganisationID=71000; DistributionChannelCode=01; DistributionChannelCodeText=Direct sales; LifeCycleStatusCode=2,"REAL DATA: 226 pricelists, one per real SAP Sales Arrangement resolved from khsalesorder via _resolve_order_to_arrangement() (Customer + SalesOrg + DistributionChannel business key) - not one synthetic catch-all. partner_id/id populated as of 2026-09-28 via khcustomer/CustomerCollection's UUID->InternalID lookup (same pattern as vmumaterial for products) - 225/225 real sales arrangements resolved (the 226th row is the synthetic unmatched-orders fallback, which has no single customer by definition)."
COMPLETED,60 / 63,Discount Rules / Sales Orders,Sales,Transaction,Yes,khsalesorder,ItemCollection,https://my346623.sapbydesign.com/sap/byd/odata/cust/v1/khsalesorder/ItemCollection,9947,30,khsalesorder__ItemCollection.json,product.pricelist.item / sale.order,product_pricelist_item_discount.csv,1109,6,Description=Bajaj ETB Sensor; ProcessingTypeCode=TAN; ProcessingTypeCodeText=Product - delivery-based; ProductAvailabilityConfirmationStatusCode=4,"THIS TENANT HAS NO DISCOUNT RULES - checked, not assumed: of the 94 price components SAP categorises as 'Discount', every non-zero one is a Rounding Difference, and Item Discounts / Header Discounts are 0.00 throughout. Nothing was invented to fill the gap. What the same price-component data does carry is real LIST PRICES, and product.pricelist.item is Odoo's model for 'this product is priced at X' - so this file holds 1109 price lines attached to their real resolved #59 pricelists (61 of 226 carry lines); only the 8 orders whose Sales Arrangement couldn't be resolved fall into a small 'SAP List Prices - Unmatched Sales Arrangement' fallback pricelist. Where a product was quoted at several prices the most frequent wins; the full per-order history is in output_full_csv/."
COMPLETED,60 / 63,Discount Rules / Sales Orders,Sales,Transaction,Yes,khsalesorder,ItemProductCollection,https://my346623.sapbydesign.com/sap/byd/odata/cust/v1/khsalesorder/ItemProductCollection,9947,8,khsalesorder__ItemProductCollection.json,product.pricelist.item / sale.order,product_pricelist_item_discount.csv,1109,6,ProductID=730511; ProductTypeCode=1; ProductTypeCodeText=Material,"THIS TENANT HAS NO DISCOUNT RULES - checked, not assumed: of the 94 price components SAP categorises as 'Discount', every non-zero one is a Rounding Difference, and Item Discounts / Header Discounts are 0.00 throughout. Nothing was invented to fill the gap. What the same price-component data does carry is real LIST PRICES, and product.pricelist.item is Odoo's model for 'this product is priced at X' - so this file holds 1109 price lines attached to their real resolved #59 pricelists (61 of 226 carry lines); only the 8 orders whose Sales Arrangement couldn't be resolved fall into a small 'SAP List Prices - Unmatched Sales Arrangement' fallback pricelist. Where a product was quoted at several prices the most frequent wins; the full per-order history is in output_full_csv/."
COMPLETED,60,Discount Rules,Sales,Transaction,Optional,khsalesorder,ItemPriceComponentCollection,https://my346623.sapbydesign.com/sap/byd/odata/cust/v1/khsalesorder/ItemPriceComponentCollection,148805,21,khsalesorder__ItemPriceComponentCollection.json,product.pricelist.item,product_pricelist_item_discount.csv,1109,6,TypeCode=0008; TypeCodeText=Cost; Description=Cost; ManuallyChangedIndicator=True,"THIS TENANT HAS NO DISCOUNT RULES - checked, not assumed: of the 94 price components SAP categorises as 'Discount', every non-zero one is a Rounding Difference, and Item Discounts / Header Discounts are 0.00 throughout. Nothing was invented to fill the gap. What the same price-component data does carry is real LIST PRICES, and product.pricelist.item is Odoo's model for 'this product is priced at X' - so this file holds 1109 price lines attached to their real resolved #59 pricelists (61 of 226 carry lines); only the 8 orders whose Sales Arrangement couldn't be resolved fall into a small 'SAP List Prices - Unmatched Sales Arrangement' fallback pricelist. Where a product was quoted at several prices the most frequent wins; the full per-order history is in output_full_csv/."
COMPLETED,63,Sales Orders,Sales,Transaction,Yes,khsalesorder,SalesOrderCollection,https://my346623.sapbydesign.com/sap/byd/odata/cust/v1/khsalesorder/SalesOrderCollection,4326,62,khsalesorder__SalesOrderCollection.json,sale.order,sale_order.csv + sale_order_line.csv,4326,9,ExternalReference=WO18190051; DataOriginTypeCode=1; DataOriginTypeCodeText=Manual data entry; SalesOrganisationID=71000,"REAL DATA: khsalesorder custom service - 4,326 orders, 9,947 lines (re-pulled live 2026-10-01, grew from 4,308/9,921). Partner resolved via BuyerPartyCollection. Fixed 2026-09-28, caught by a team cross-validation pass before Odoo import: state used to be hardcoded 'sale' for every order even though ~48% are Canceled/Partially Canceled per CancellationStatusCode - now maps to Odoo's 'cancel' state. Line quantity/UoM used to be entirely missing (every line would have imported at qty 0) - now summed from ItemScheduleLineCollection, preferring 'Confirmed' schedule lines over 'Requested'; a real minority of lines still have no quantity because the item genuinely has no schedule line on this tenant - real absence, not a bug. 2026-10-01 (team pre-import check, Payment Terms/Sales Team/Salesperson requested): Payment Terms confirmed absent, twice over - via $metadata, then via a live scan of every root-level node on the underlying standard SalesOrder Business Object itself in SAP's OData Editor (not just the custom service): alphabetically, PaymentControl is immediately followed by PeriodTerms, nothing between. A genuine structural gap on the standard BO (unlike Purchase Orders, where PaymentTerms turned out to already exist and just needed extracting - see #50's note), not something the OData Editor can add since it only exposes existing BO associations. The '30 days net' shown on the live Sales Order UI is computed/displayed from elsewhere (most likely the customer's own default terms), not stored on the order. No live tenant change was made (service opened read-only, closed unsaved). Sales Team/Salesperson closed the same day once SAP access was restored (password had rotated, causing tenant-wide 401s earlier) - added salesperson_name column, sourced from SalesUnitPartyCollection re-extracted with $expand=SalesUnitPartyName (a real bug in _flatten_expanded()/src/sap_client.py was found and fixed while wiring this up - it didn't handle an expanded nav property arriving as a bare list, which is the shape this one came back in). Resolution excludes whichever SalesUnitParty candidate matches the order's own resolved customer, then takes the first remaining candidate's name - resolves for 4,325/4,326 orders (99.98%). Also same date: line item descriptions containing a literal "" (inch-mark product dimensions, e.g. 2.76""L X 1.97""W) were replaced with the Unicode double-prime (U+2033) - the CSV itself was always valid RFC 4180, but the escaped-quote-then-more-text pattern is a known rough edge for Excel's quick-open CSV parser (reported as the product description 'shifting to the next cell'). Same fix applied to purchase_order_line.csv. price_unit added same date (team question: was unit price there? - it wasn't) - sourced from ItemPriceComponentCollection's 'List Price' component, 9,943/9,947 lines (99.96%). Real finding while adding it: that component's own pricing-basis quantity does not always match the 'Confirmed' schedule-line quantity used for product_uom_qty - 4,662/9,902 lines (47%) differ. Genuine SAP behaviour, not a bug: price is locked in against the quantity on the order at pricing time, while the schedule line's Confirmed quantity reflects what was later actually committed for delivery. price_subtotal/price_unit must not be derived from product_uom_qty on this data."
COMPLETED,63,Sales Orders,Sales,Transaction,Yes,khsalesorder,BuyerPartyCollection,https://my346623.sapbydesign.com/sap/byd/odata/cust/v1/khsalesorder/BuyerPartyCollection,34601,3,khsalesorder__BuyerPartyCollection.json,sale.order,sale_order.csv + sale_order_line.csv,4326,9,PartyID=1121709,"REAL DATA: khsalesorder custom service - 4,326 orders, 9,947 lines (re-pulled live 2026-10-01, grew from 4,308/9,921). Partner resolved via BuyerPartyCollection. Fixed 2026-09-28, caught by a team cross-validation pass before Odoo import: state used to be hardcoded 'sale' for every order even though ~48% are Canceled/Partially Canceled per CancellationStatusCode - now maps to Odoo's 'cancel' state. Line quantity/UoM used to be entirely missing (every line would have imported at qty 0) - now summed from ItemScheduleLineCollection, preferring 'Confirmed' schedule lines over 'Requested'; a real minority of lines still have no quantity because the item genuinely has no schedule line on this tenant - real absence, not a bug. 2026-10-01 (team pre-import check, Payment Terms/Sales Team/Salesperson requested): Payment Terms confirmed absent, twice over - via $metadata, then via a live scan of every root-level node on the underlying standard SalesOrder Business Object itself in SAP's OData Editor (not just the custom service): alphabetically, PaymentControl is immediately followed by PeriodTerms, nothing between. A genuine structural gap on the standard BO (unlike Purchase Orders, where PaymentTerms turned out to already exist and just needed extracting - see #50's note), not something the OData Editor can add since it only exposes existing BO associations. The '30 days net' shown on the live Sales Order UI is computed/displayed from elsewhere (most likely the customer's own default terms), not stored on the order. No live tenant change was made (service opened read-only, closed unsaved). Sales Team/Salesperson closed the same day once SAP access was restored (password had rotated, causing tenant-wide 401s earlier) - added salesperson_name column, sourced from SalesUnitPartyCollection re-extracted with $expand=SalesUnitPartyName (a real bug in _flatten_expanded()/src/sap_client.py was found and fixed while wiring this up - it didn't handle an expanded nav property arriving as a bare list, which is the shape this one came back in). Resolution excludes whichever SalesUnitParty candidate matches the order's own resolved customer, then takes the first remaining candidate's name - resolves for 4,325/4,326 orders (99.98%). Also same date: line item descriptions containing a literal "" (inch-mark product dimensions, e.g. 2.76""L X 1.97""W) were replaced with the Unicode double-prime (U+2033) - the CSV itself was always valid RFC 4180, but the escaped-quote-then-more-text pattern is a known rough edge for Excel's quick-open CSV parser (reported as the product description 'shifting to the next cell'). Same fix applied to purchase_order_line.csv. price_unit added same date (team question: was unit price there? - it wasn't) - sourced from ItemPriceComponentCollection's 'List Price' component, 9,943/9,947 lines (99.96%). Real finding while adding it: that component's own pricing-basis quantity does not always match the 'Confirmed' schedule-line quantity used for product_uom_qty - 4,662/9,902 lines (47%) differ. Genuine SAP behaviour, not a bug: price is locked in against the quantity on the order at pricing time, while the schedule line's Confirmed quantity reflects what was later actually committed for delivery. price_subtotal/price_unit must not be derived from product_uom_qty on this data."
COMPLETED,63,Sales Orders,Sales,Transaction,Yes,khsalesorder,SalesUnitPartyCollection,https://my346623.sapbydesign.com/sap/byd/odata/cust/v1/khsalesorder/SalesUnitPartyCollection?$expand=SalesUnitPartyName,34609,7,khsalesorder__SalesUnitPartyCollection.json,sale.order,sale_order.csv + sale_order_line.csv,4326,9,__metadata.uri=https://my346623.sapbydesign...; __metadata.type=cust.SalesUnitParty; PartyID=1121709; SalesUnitPartyName.FormattedName=Dellorto India Pvt. Ltd.,"REAL DATA: khsalesorder custom service - 4,326 orders, 9,947 lines (re-pulled live 2026-10-01, grew from 4,308/9,921). Partner resolved via BuyerPartyCollection. Fixed 2026-09-28, caught by a team cross-validation pass before Odoo import: state used to be hardcoded 'sale' for every order even though ~48% are Canceled/Partially Canceled per CancellationStatusCode - now maps to Odoo's 'cancel' state. Line quantity/UoM used to be entirely missing (every line would have imported at qty 0) - now summed from ItemScheduleLineCollection, preferring 'Confirmed' schedule lines over 'Requested'; a real minority of lines still have no quantity because the item genuinely has no schedule line on this tenant - real absence, not a bug. 2026-10-01 (team pre-import check, Payment Terms/Sales Team/Salesperson requested): Payment Terms confirmed absent, twice over - via $metadata, then via a live scan of every root-level node on the underlying standard SalesOrder Business Object itself in SAP's OData Editor (not just the custom service): alphabetically, PaymentControl is immediately followed by PeriodTerms, nothing between. A genuine structural gap on the standard BO (unlike Purchase Orders, where PaymentTerms turned out to already exist and just needed extracting - see #50's note), not something the OData Editor can add since it only exposes existing BO associations. The '30 days net' shown on the live Sales Order UI is computed/displayed from elsewhere (most likely the customer's own default terms), not stored on the order. No live tenant change was made (service opened read-only, closed unsaved). Sales Team/Salesperson closed the same day once SAP access was restored (password had rotated, causing tenant-wide 401s earlier) - added salesperson_name column, sourced from SalesUnitPartyCollection re-extracted with $expand=SalesUnitPartyName (a real bug in _flatten_expanded()/src/sap_client.py was found and fixed while wiring this up - it didn't handle an expanded nav property arriving as a bare list, which is the shape this one came back in). Resolution excludes whichever SalesUnitParty candidate matches the order's own resolved customer, then takes the first remaining candidate's name - resolves for 4,325/4,326 orders (99.98%). Also same date: line item descriptions containing a literal "" (inch-mark product dimensions, e.g. 2.76""L X 1.97""W) were replaced with the Unicode double-prime (U+2033) - the CSV itself was always valid RFC 4180, but the escaped-quote-then-more-text pattern is a known rough edge for Excel's quick-open CSV parser (reported as the product description 'shifting to the next cell'). Same fix applied to purchase_order_line.csv. price_unit added same date (team question: was unit price there? - it wasn't) - sourced from ItemPriceComponentCollection's 'List Price' component, 9,943/9,947 lines (99.96%). Real finding while adding it: that component's own pricing-basis quantity does not always match the 'Confirmed' schedule-line quantity used for product_uom_qty - 4,662/9,902 lines (47%) differ. Genuine SAP behaviour, not a bug: price is locked in against the quantity on the order at pricing time, while the schedule line's Confirmed quantity reflects what was later actually committed for delivery. price_subtotal/price_unit must not be derived from product_uom_qty on this data."
COMPLETED,63,Sales Orders,Sales,Transaction,Yes,khsalesorder,ItemScheduleLineCollection,https://my346623.sapbydesign.com/sap/byd/odata/cust/v1/khsalesorder/ItemScheduleLineCollection,23785,9,khsalesorder__ItemScheduleLineCollection.json,sale.order,sale_order.csv + sale_order_line.csv,4326,9,TypeCode=1; TypeCodeText=Requested; Quantity=3666.00000000000000; unitCode=ZNO,"REAL DATA: khsalesorder custom service - 4,326 orders, 9,947 lines (re-pulled live 2026-10-01, grew from 4,308/9,921). Partner resolved via BuyerPartyCollection. Fixed 2026-09-28, caught by a team cross-validation pass before Odoo import: state used to be hardcoded 'sale' for every order even though ~48% are Canceled/Partially Canceled per CancellationStatusCode - now maps to Odoo's 'cancel' state. Line quantity/UoM used to be entirely missing (every line would have imported at qty 0) - now summed from ItemScheduleLineCollection, preferring 'Confirmed' schedule lines over 'Requested'; a real minority of lines still have no quantity because the item genuinely has no schedule line on this tenant - real absence, not a bug. 2026-10-01 (team pre-import check, Payment Terms/Sales Team/Salesperson requested): Payment Terms confirmed absent, twice over - via $metadata, then via a live scan of every root-level node on the underlying standard SalesOrder Business Object itself in SAP's OData Editor (not just the custom service): alphabetically, PaymentControl is immediately followed by PeriodTerms, nothing between. A genuine structural gap on the standard BO (unlike Purchase Orders, where PaymentTerms turned out to already exist and just needed extracting - see #50's note), not something the OData Editor can add since it only exposes existing BO associations. The '30 days net' shown on the live Sales Order UI is computed/displayed from elsewhere (most likely the customer's own default terms), not stored on the order. No live tenant change was made (service opened read-only, closed unsaved). Sales Team/Salesperson closed the same day once SAP access was restored (password had rotated, causing tenant-wide 401s earlier) - added salesperson_name column, sourced from SalesUnitPartyCollection re-extracted with $expand=SalesUnitPartyName (a real bug in _flatten_expanded()/src/sap_client.py was found and fixed while wiring this up - it didn't handle an expanded nav property arriving as a bare list, which is the shape this one came back in). Resolution excludes whichever SalesUnitParty candidate matches the order's own resolved customer, then takes the first remaining candidate's name - resolves for 4,325/4,326 orders (99.98%). Also same date: line item descriptions containing a literal "" (inch-mark product dimensions, e.g. 2.76""L X 1.97""W) were replaced with the Unicode double-prime (U+2033) - the CSV itself was always valid RFC 4180, but the escaped-quote-then-more-text pattern is a known rough edge for Excel's quick-open CSV parser (reported as the product description 'shifting to the next cell'). Same fix applied to purchase_order_line.csv. price_unit added same date (team question: was unit price there? - it wasn't) - sourced from ItemPriceComponentCollection's 'List Price' component, 9,943/9,947 lines (99.96%). Real finding while adding it: that component's own pricing-basis quantity does not always match the 'Confirmed' schedule-line quantity used for product_uom_qty - 4,662/9,902 lines (47%) differ. Genuine SAP behaviour, not a bug: price is locked in against the quantity on the order at pricing time, while the schedule line's Confirmed quantity reflects what was later actually committed for delivery. price_subtotal/price_unit must not be derived from product_uom_qty on this data."
COMPLETED,64,Deliveries,Sales,Transaction,Optional,khoutbounddelivery,OutboundDeliveryCollection,https://my346623.sapbydesign.com/sap/byd/odata/cust/v1/khoutbounddelivery/OutboundDeliveryCollection,28825,22,khoutbounddelivery__OutboundDeliveryCollection.json,stock.picking,stock_picking_delivery.csv + stock_picking_delivery_line.csv,28825,5,DataOriginTypeCode=1; DataOriginTypeCodeText=Manual Data Entry; DeliveryTypeCode=OB; DeliveryTypeCodeText=Standard,"REAL DATA: khoutbounddelivery custom service, 130 deliveries, 157 lines. Partner resolved via BuyerPartyCollection (121/130 resolved)"
COMPLETED,64,Deliveries,Sales,Transaction,Optional,khoutbounddelivery,ItemCollection,https://my346623.sapbydesign.com/sap/byd/odata/cust/v1/khoutbounddelivery/ItemCollection,32956,8,khoutbounddelivery__ItemCollection.json,stock.picking,stock_picking_delivery.csv + stock_picking_delivery_line.csv,28825,5,ProductID=LF90044; IdentifiedStockID=00000000000000000002; CancellationStatusCode=1; CancellationStatusCodeText=Not Canceled,"REAL DATA: khoutbounddelivery custom service, 130 deliveries, 157 lines. Partner resolved via BuyerPartyCollection (121/130 resolved)"
COMPLETED,64,Deliveries,Sales,Transaction,Optional,khoutbounddelivery,BuyerPartyCollection,https://my346623.sapbydesign.com/sap/byd/odata/cust/v1/khoutbounddelivery/BuyerPartyCollection,115300,3,khoutbounddelivery__BuyerPartyCollection.json,stock.picking,stock_picking_delivery.csv + stock_picking_delivery_line.csv,28825,5,PartyID=1121778,"REAL DATA: khoutbounddelivery custom service, 130 deliveries, 157 lines. Partner resolved via BuyerPartyCollection (121/130 resolved)"
COMPLETED,65,Customer Invoices,Sales,Transaction,Optional,khcustomerinvoice,CustomerInvoiceCollection,https://my346623.sapbydesign.com/sap/byd/odata/cust/v1/khcustomerinvoice/CustomerInvoiceCollection,30230,26,khcustomerinvoice__CustomerInvoiceCollection.json,account.move,account_move_customer_invoice.csv + account_move_customer_invoice_line.csv,30230,7,Date=/Date(1549670400000)/; ReferenceBusinessTransactionDocumentID=2018-100001; ProcessingTypeCode=CI; ProcessingTypeCodeText=Invoice,"REAL DATA: khcustomerinvoice custom service - 30,081 invoices, 35,514 lines. Partner resolved via BuyerPartyCollection. Fixed 2026-09-29, caught by a team cross-validation pass before Odoo import: product_id/id on the line file used to be emitted for any real SAP ProductID even when that material no longer exists in product_template.csv (194/35,514 lines, 0.5% - old invoices referencing since-obsoleted materials, a real historical gap given this tenant's data goes back to 2011) - a broken external-id reference Odoo would reject. Now checked against _known_product_ids() and left blank in that case (description still carried in the name column); 0 broken references confirmed after the fix. Same guard applied to account_move_vendor_bill_line.csv (currently 0 affected, same risk class)."
COMPLETED,65,Customer Invoices,Sales,Transaction,Optional,khcustomerinvoice,ItemCollection,https://my346623.sapbydesign.com/sap/byd/odata/cust/v1/khcustomerinvoice/ItemCollection,35673,22,khcustomerinvoice__ItemCollection.json,account.move,account_move_customer_invoice.csv + account_move_customer_invoice_line.csv,30230,7,ProcessingTypeCode=CII; ProcessingTypeCodeText=Invoice Item; ProductID=LF90044; ProductTypeCode=1,"REAL DATA: khcustomerinvoice custom service - 30,081 invoices, 35,514 lines. Partner resolved via BuyerPartyCollection. Fixed 2026-09-29, caught by a team cross-validation pass before Odoo import: product_id/id on the line file used to be emitted for any real SAP ProductID even when that material no longer exists in product_template.csv (194/35,514 lines, 0.5% - old invoices referencing since-obsoleted materials, a real historical gap given this tenant's data goes back to 2011) - a broken external-id reference Odoo would reject. Now checked against _known_product_ids() and left blank in that case (description still carried in the name column); 0 broken references confirmed after the fix. Same guard applied to account_move_vendor_bill_line.csv (currently 0 affected, same risk class)."
COMPLETED,65,Customer Invoices,Sales,Transaction,Optional,khcustomerinvoice,BuyerPartyCollection,https://my346623.sapbydesign.com/sap/byd/odata/cust/v1/khcustomerinvoice/BuyerPartyCollection,181380,3,khcustomerinvoice__BuyerPartyCollection.json,account.move,account_move_customer_invoice.csv + account_move_customer_invoice_line.csv,30230,7,PartyID=1121778,"REAL DATA: khcustomerinvoice custom service - 30,081 invoices, 35,514 lines. Partner resolved via BuyerPartyCollection. Fixed 2026-09-29, caught by a team cross-validation pass before Odoo import: product_id/id on the line file used to be emitted for any real SAP ProductID even when that material no longer exists in product_template.csv (194/35,514 lines, 0.5% - old invoices referencing since-obsoleted materials, a real historical gap given this tenant's data goes back to 2011) - a broken external-id reference Odoo would reject. Now checked against _known_product_ids() and left blank in that case (description still carried in the name column); 0 broken references confirmed after the fix. Same guard applied to account_move_vendor_bill_line.csv (currently 0 affected, same risk class)."
COMPLETED,66,Credit Notes,Sales,Transaction,Optional,khcustomerinvoicerequest,CustomerInvoiceRequestCollection,https://my346623.sapbydesign.com/sap/byd/odata/cust/v1/khcustomerinvoicerequest/CustomerInvoiceRequestCollection,34720,39,khcustomerinvoicerequest__CustomerInvoiceRequestCollection.json,account.move,account_move_credit_note.csv,804,8,BaseBusinessTransactionDocumentID=19; BaseBusinessTransactionDocumentTypeCode=29; BaseBusinessTransactionDocumentTypeCodeText=Customer Invoice Request; Name=Scrap Sale 38/13.02,"REAL DATA, two unioned sources: (1) khcustomerinvoicerequest/CustomerInvoiceRequestCollection, the 21 rows typed 'Manual Credit Memo Request', mapped to Odoo move_type out_refund - this entity names the customer directly via BuyerPartyID, so no party-resolution guesswork needed. (2) Added 2026-09-24: khcustomerreturn/CustomerReturnCollection, 796 rows with CreditMemoStatusCodeText='Finished' (of 810 total) - a whole service coverage_gap.py found was never wired into SOURCES at all. A ByDesign 'Customer Return' is physical goods coming back, but every finished one produces a real credit memo, so these are additional genuine credit notes, not returns/RMA data - resolved via BuyerPartyCollection the same way Purchase Orders/Sales Orders are."
COMPLETED,66,Credit Notes,Sales,Transaction,Optional,khcustomerreturn,CustomerReturnCollection,https://my346623.sapbydesign.com/sap/byd/odata/cust/v1/khcustomerreturn/CustomerReturnCollection,812,21,khcustomerreturn__CustomerReturnCollection.json,account.move,account_move_credit_note.csv,804,8,DateTime=/Date(1551161387000)/; ConsistencyStatusCode=3; ConsistencyStatusCodeText=Consistent; LifeCycleStatusCode=3,"REAL DATA, two unioned sources: (1) khcustomerinvoicerequest/CustomerInvoiceRequestCollection, the 21 rows typed 'Manual Credit Memo Request', mapped to Odoo move_type out_refund - this entity names the customer directly via BuyerPartyID, so no party-resolution guesswork needed. (2) Added 2026-09-24: khcustomerreturn/CustomerReturnCollection, 796 rows with CreditMemoStatusCodeText='Finished' (of 810 total) - a whole service coverage_gap.py found was never wired into SOURCES at all. A ByDesign 'Customer Return' is physical goods coming back, but every finished one produces a real credit memo, so these are additional genuine credit notes, not returns/RMA data - resolved via BuyerPartyCollection the same way Purchase Orders/Sales Orders are."
COMPLETED,66,Credit Notes,Sales,Transaction,Optional,khcustomerreturn,BuyerPartyCollection,https://my346623.sapbydesign.com/sap/byd/odata/cust/v1/khcustomerreturn/BuyerPartyCollection,6496,4,khcustomerreturn__BuyerPartyCollection.json,account.move,account_move_credit_note.csv,804,8,MainIndicator=True; PartyID=1122824,"REAL DATA, two unioned sources: (1) khcustomerinvoicerequest/CustomerInvoiceRequestCollection, the 21 rows typed 'Manual Credit Memo Request', mapped to Odoo move_type out_refund - this entity names the customer directly via BuyerPartyID, so no party-resolution guesswork needed. (2) Added 2026-09-24: khcustomerreturn/CustomerReturnCollection, 796 rows with CreditMemoStatusCodeText='Finished' (of 810 total) - a whole service coverage_gap.py found was never wired into SOURCES at all. A ByDesign 'Customer Return' is physical goods coming back, but every finished one produces a real credit memo, so these are additional genuine credit notes, not returns/RMA data - resolved via BuyerPartyCollection the same way Purchase Orders/Sales Orders are."
EXTRACTED - NOT USED,,(supporting data - feeds another object),,,,khpurchaseorder,PaymentTermsCollection,https://my346623.sapbydesign.com/sap/byd/odata/cust/v1/khpurchaseorder/PaymentTermsCollection,15835,4,khpurchaseorder__PaymentTermsCollection.json,,,,,PaymentTermsCode=Z005; PaymentTermsCodeText=30 days from the date of inv...,"Pulled from SAP and saved in output_raw/, but no transform currently reads it, so it produces no Odoo file. Kept because it is real data that may be useful later (verified against src/transform_odoo.py: this entity is referenced 0 times)."
EXTRACTED - NOT USED,,(supporting data - feeds another object),,,,bpm_businesspartnerdata_analytics.svc,RPBUPCSD_Q0001QueryResults,https://my346623.sapbydesign.com/sap/byd/odata/bpm_businesspartnerdata_analytics.svc/RPBUPCSD_Q0001QueryResults,259,102,bpm_businesspartnerdata_analytics.svc__RPBUPCSD_Q0001QueryResults.json,,,,,CBANK_ACCOUNT_ID=00000000003; CBANK_END=/Date(253402214400000)/; CBANK_NAME=STATE BANK OF INDIA; CBANK_NAT_CODE=SBIN0004338,"Pulled from SAP and saved in output_raw/, but no transform currently reads it, so it produces no Odoo file. Kept because it is real data that may be useful later (verified against src/transform_odoo.py: this entity is referenced 0 times)."
EXTRACTED - NOT USED,,(supporting data - feeds another object),,,,bpm_businesspartnerdata_analytics.svc,RPBUPSPP_Q0001QueryResults,https://my346623.sapbydesign.com/sap/byd/odata/bpm_businesspartnerdata_analytics.svc/RPBUPSPP_Q0001QueryResults,14,90,bpm_businesspartnerdata_analytics.svc__RPBUPSPP_Q0001QueryResults.json,,,,,C1BP_UUIDsEMAIL_URI=Dispatch Unit 5' <dispatch.u...; CBANK_ACCOUNT_ID=57500000150821; CBANK_END=/Date(253402214400000)/; CBANK_ID=0001,"Pulled from SAP and saved in output_raw/, but no transform currently reads it, so it produces no Odoo file. Kept because it is real data that may be useful later (verified against src/transform_odoo.py: this entity is referenced 0 times)."
EXTRACTED - NOT USED,,(supporting data - feeds another object),,,,bpm_businesspartnerdata_analytics.svc,RPBUPATAXNUMBERS_Q0001QueryResults,https://my346623.sapbydesign.com/sap/byd/odata/bpm_businesspartnerdata_analytics.svc/RPBUPATAXNUMBERS_Q0001QueryResults,1214,10,bpm_businesspartnerdata_analytics.svc__RPBUPATAXNUMBERS_Q0001QueryResults.json,,,,,CINTERNAL_ID=1113761; CTAX_COUNTRY_CODE=IN; CTAX_NUMBER=27AABCT7374C1ZB; CTAX_NUMBER_TYPE=12,"Pulled from SAP and saved in output_raw/, but no transform currently reads it, so it produces no Odoo file. Kept because it is real data that may be useful later (verified against src/transform_odoo.py: this entity is referenced 0 times)."
EXTRACTED - NOT USED,,(supporting data - feeds another object),,,,bpm_businesspartnerdata_analytics.svc,RPBPCSCARB_Q0001QueryResults,https://my346623.sapbydesign.com/sap/byd/odata/bpm_businesspartnerdata_analytics.svc/RPBPCSCARB_Q0001QueryResults,259,22,bpm_businesspartnerdata_analytics.svc__RPBPCSCARB_Q0001QueryResults.json,,,,,CBO_ROLE_CODE=CRM000; CBUS_DOC_CODE_NAME=Service Request; CCOMM_ENABLED_INDICATOR=True; CDEFADDR_FORM_POSTAL_ADDR=VERNA / GOA 403722 / IN,"Pulled from SAP and saved in output_raw/, but no transform currently reads it, so it produces no Odoo file. Kept because it is real data that may be useful later (verified against src/transform_odoo.py: this entity is referenced 0 times)."
EXTRACTED - NOT USED,,(supporting data - feeds another object),,,,bpm_businesspartnerdata_analytics.svc,RPBPCSCONTB_Q0001QueryResults,https://my346623.sapbydesign.com/sap/byd/odata/bpm_businesspartnerdata_analytics.svc/RPBPCSCONTB_Q0001QueryResults,259,32,bpm_businesspartnerdata_analytics.svc__RPBPCSCONTB_Q0001QueryResults.json,,,,,CBO_ROLE_CODE=CRM000; CBP_STATUS_CODE=2; CDEFADDR_FORM_POSTAL_ADDR=VERNA / GOA 403722 / IN; FK0COUNT=1,"Pulled from SAP and saved in output_raw/, but no transform currently reads it, so it produces no Odoo file. Kept because it is real data that may be useful later (verified against src/transform_odoo.py: this entity is referenced 0 times)."
EXTRACTED - NOT USED,,(supporting data - feeds another object),,,,bpm_businesspartnerdata_analytics.svc,RPBPCSRSPB_Q0001QueryResults,https://my346623.sapbydesign.com/sap/byd/odata/bpm_businesspartnerdata_analytics.svc/RPBPCSRSPB_Q0001QueryResults,259,17,bpm_businesspartnerdata_analytics.svc__RPBPCSRSPB_Q0001QueryResults.json,,,,,CBO_ROLE_CODE=CRM000; CDEFADDR_FORM_POSTAL_ADDR=VERNA / GOA 403722 / IN; CLIFE_CYCLE_STATUS=2; FK0COUNT=1,"Pulled from SAP and saved in output_raw/, but no transform currently reads it, so it produces no Odoo file. Kept because it is real data that may be useful later (verified against src/transform_odoo.py: this entity is referenced 0 times)."
EXTRACTED - NOT USED,,(supporting data - feeds another object),,,,bpm_businesspartnerdata_analytics.svc,RPBPCSRSPEMPTERM_Q0001QueryResults,https://my346623.sapbydesign.com/sap/byd/odata/bpm_businesspartnerdata_analytics.svc/RPBPCSRSPEMPTERM_Q0001QueryResults,NOT EXTRACTED,,bpm_businesspartnerdata_analytics.svc__RPBPCSRSPEMPTERM_Q0001QueryResults.json,,,,,,"Pulled from SAP and saved in output_raw/, but no transform currently reads it, so it produces no Odoo file. Kept because it is real data that may be useful later (verified against src/transform_odoo.py: this entity is referenced 0 times)."
EXTRACTED - NOT USED,,(supporting data - feeds another object),,,,khcustomerinvoice,InvolvedPartyCollection,https://my346623.sapbydesign.com/sap/byd/odata/cust/v1/khcustomerinvoice/InvolvedPartyCollection,181380,7,khcustomerinvoice__InvolvedPartyCollection.json,,,,,PartyID=1121778; PartyTypeCode=147; PartyTypeCodeText=Business Partner; RoleCode=10,"Pulled from SAP and saved in output_raw/, but no transform currently reads it, so it produces no Odoo file. Kept because it is real data that may be useful later (verified against src/transform_odoo.py: this entity is referenced 0 times)."
EXTRACTED - NOT USED,,(supporting data - feeds another object),,,,khcustomerinvoice,BuyerPartyFormattedAddressCollection,https://my346623.sapbydesign.com/sap/byd/odata/cust/v1/khcustomerinvoice/BuyerPartyFormattedAddressCollection,28076,2,khcustomerinvoice__BuyerPartyFormattedAddressCollection.json,,,,,"FormattedPostalAddressDescription=GAT NO.1122, 1129, 1140, 129...","Pulled from SAP and saved in output_raw/, but no transform currently reads it, so it produces no Odoo file. Kept because it is real data that may be useful later (verified against src/transform_odoo.py: this entity is referenced 0 times)."
EXTRACTED - NOT USED,,(supporting data - feeds another object),,,,khcustomerinvoice,InvolvedPartyFormattedAddressCollection,https://my346623.sapbydesign.com/sap/byd/odata/cust/v1/khcustomerinvoice/InvolvedPartyFormattedAddressCollection,28076,2,khcustomerinvoice__InvolvedPartyFormattedAddressCollection.json,,,,,"FormattedPostalAddressDescription=GAT NO.1122, 1129, 1140, 129...","Pulled from SAP and saved in output_raw/, but no transform currently reads it, so it produces no Odoo file. Kept because it is real data that may be useful later (verified against src/transform_odoo.py: this entity is referenced 0 times)."
EXTRACTED - NOT USED,,(supporting data - feeds another object),,,,khcustomerinvoice,BuyerPartyNameCollection,https://my346623.sapbydesign.com/sap/byd/odata/cust/v1/khcustomerinvoice/BuyerPartyNameCollection,28076,2,khcustomerinvoice__BuyerPartyNameCollection.json,,,,,FormattedName=Tushar Desale,"Pulled from SAP and saved in output_raw/, but no transform currently reads it, so it produces no Odoo file. Kept because it is real data that may be useful later (verified against src/transform_odoo.py: this entity is referenced 0 times)."
EXTRACTED - NOT USED,,(supporting data - feeds another object),,,,khcustomerinvoice,InvolvedPartyDisplayNameCollection,https://my346623.sapbydesign.com/sap/byd/odata/cust/v1/khcustomerinvoice/InvolvedPartyDisplayNameCollection,28076,2,khcustomerinvoice__InvolvedPartyDisplayNameCollection.json,,,,,FormattedName=Tushar Desale,"Pulled from SAP and saved in output_raw/, but no transform currently reads it, so it produces no Odoo file. Kept because it is real data that may be useful later (verified against src/transform_odoo.py: this entity is referenced 0 times)."
EXTRACTED - NOT USED,,(supporting data - feeds another object),,,,khcustomerinvoice,ItemBusinessTransactionDocumentReferenceCollection,https://my346623.sapbydesign.com/sap/byd/odata/cust/v1/khcustomerinvoice/ItemBusinessTransactionDocumentReferenceCollection,103291,10,khcustomerinvoice__ItemBusinessTransactionDocumentReferenceCollection.json,,,,,RelationshipRoleCode=1; RelationshipRoleCodeText=Predecessor; ItemID=10; ItemTypeCode=28,"Pulled from SAP and saved in output_raw/, but no transform currently reads it, so it produces no Odoo file. Kept because it is real data that may be useful later (verified against src/transform_odoo.py: this entity is referenced 0 times)."
EXTRACTED - NOT USED,,(supporting data - feeds another object),,,,khcustomerinvoice,ItemPriceAndTaxCalculationCollection,https://my346623.sapbydesign.com/sap/byd/odata/cust/v1/khcustomerinvoice/ItemPriceAndTaxCalculationCollection,35673,11,khcustomerinvoice__ItemPriceAndTaxCalculationCollection.json,,,,,CountryCode=IN; CountryCodeText=India; RegisterDateTime=/Date(1549619393422)/; TaxationCharacteristicsCode=560,"Pulled from SAP and saved in output_raw/, but no transform currently reads it, so it produces no Odoo file. Kept because it is real data that may be useful later (verified against src/transform_odoo.py: this entity is referenced 0 times)."
EXTRACTED - NOT USED,,(supporting data - feeds another object),,,,khcustomerinvoice,PriceAndTaxCalculationCollection,https://my346623.sapbydesign.com/sap/byd/odata/cust/v1/khcustomerinvoice/PriceAndTaxCalculationCollection,30230,6,khcustomerinvoice__PriceAndTaxCalculationCollection.json,,,,,CurrencyCode=INR; CurrencyCodeText=Indian Rupee; PricingProcedureCode=PPSTD1; PricingProcedureCodeText=Standard procedure,"Pulled from SAP and saved in output_raw/, but no transform currently reads it, so it produces no Odoo file. Kept because it is real data that may be useful later (verified against src/transform_odoo.py: this entity is referenced 0 times)."
EXTRACTED - NOT USED,,(supporting data - feeds another object),,,,khcustomerinvoice,BusinessTransactionDocumentReferenceCollection,https://my346623.sapbydesign.com/sap/byd/odata/cust/v1/khcustomerinvoice/BusinessTransactionDocumentReferenceCollection,266,10,khcustomerinvoice__BusinessTransactionDocumentReferenceCollection.json,,,,,TypeCode=28; TypeCodeText=Customer Invoice; RelationshipRoleCode=1; RelationshipRoleCodeText=Predecessor,"Pulled from SAP and saved in output_raw/, but no transform currently reads it, so it produces no Odoo file. Kept because it is real data that may be useful later (verified against src/transform_odoo.py: this entity is referenced 0 times)."
EXTRACTED - NOT USED,,(supporting data - feeds another object),,,,khemployee,OrganisationalCentreAssignmentCollection,https://my346623.sapbydesign.com/sap/byd/odata/cust/v1/khemployee/OrganisationalCentreAssignmentCollection,1879,16,khemployee__OrganisationalCentreAssignmentCollection.json,,,,,BusinessCharacterCode=4; BusinessCharacterCodeText=Cost Center; CostCentreID=71109; ValidityStartDate=/Date(695520000000)/,"Pulled from SAP and saved in output_raw/, but no transform currently reads it, so it produces no Odoo file. Kept because it is real data that may be useful later (verified against src/transform_odoo.py: this entity is referenced 0 times)."
EXTRACTED - NOT USED,,(supporting data - feeds another object),,,,khemployee,AssignedIdentityCollection,https://my346623.sapbydesign.com/sap/byd/odata/cust/v1/khemployee/AssignedIdentityCollection,492,13,khemployee__AssignedIdentityCollection.json,,,,,UserID=SAP_LMADM; DateFormatCode=2; DateFormatCodeText=MM/DD/YYYY; DecimalFormatCode=X,"Pulled from SAP and saved in output_raw/, but no transform currently reads it, so it produces no Odoo file. Kept because it is real data that may be useful later (verified against src/transform_odoo.py: this entity is referenced 0 times)."
EXTRACTED - NOT USED,,(supporting data - feeds another object),,,,khemployee,EmployeeTypeCollection,https://my346623.sapbydesign.com/sap/byd/odata/cust/v1/khemployee/EmployeeTypeCollection,194,5,khemployee__EmployeeTypeCollection.json,,,,,InternalEmployeeIndicator=True; StartDate=/Date(695520000000)/; EndDate=/Date(253402214400000)/,"Pulled from SAP and saved in output_raw/, but no transform currently reads it, so it produces no Odoo file. Kept because it is real data that may be useful later (verified against src/transform_odoo.py: this entity is referenced 0 times)."
EXTRACTED - NOT USED,,(supporting data - feeds another object),,,,khemployee,EmployeeAssignmentCollection,https://my346623.sapbydesign.com/sap/byd/odata/cust/v1/khemployee/EmployeeAssignmentCollection,97,10,khemployee__EmployeeAssignmentCollection.json,,,,,InternalID=8000000010; FormattedName=Shilesh Malur Jayaram; EmployeeID=G001; StartDate=/Date(695520000000)/,"Pulled from SAP and saved in output_raw/, but no transform currently reads it, so it produces no Odoo file. Kept because it is real data that may be useful later (verified against src/transform_odoo.py: this entity is referenced 0 times)."
EXTRACTED - NOT USED,,(supporting data - feeds another object),,,,khemployee,JobAssignmentCollection,https://my346623.sapbydesign.com/sap/byd/odata/cust/v1/khemployee/JobAssignmentCollection,99,6,khemployee__JobAssignmentCollection.json,,,,,JobID=1; StartDate=/Date(695520000000)/; EndDate=/Date(253402214400000)/,"Pulled from SAP and saved in output_raw/, but no transform currently reads it, so it produces no Odoo file. Kept because it is real data that may be useful later (verified against src/transform_odoo.py: this entity is referenced 0 times)."
EXTRACTED - NOT USED,,(supporting data - feeds another object),,,,khemployee,PositionCollection,https://my346623.sapbydesign.com/sap/byd/odata/cust/v1/khemployee/PositionCollection,99,2,khemployee__PositionCollection.json,,,,,ObjectID=00163E5F7A721ED9898F707A4A03...; UUID=00163E5F-7A72-1ED9-898F-707A...,"Pulled from SAP and saved in output_raw/, but no transform currently reads it, so it produces no Odoo file. Kept because it is real data that may be useful later (verified against src/transform_odoo.py: this entity is referenced 0 times)."
EXTRACTED - NOT USED,,(supporting data - feeds another object),,,,khemployee,CurrentFunctionalUnitCollection,https://my346623.sapbydesign.com/sap/byd/odata/cust/v1/khemployee/CurrentFunctionalUnitCollection,3,3,khemployee__CurrentFunctionalUnitCollection.json,,,,,ObjectID=00163E5F7A721EE987A835E9FA7E...; ID=71000; UUID=00163E5F-7A72-1EE9-87A8-35E9...,"Pulled from SAP and saved in output_raw/, but no transform currently reads it, so it produces no Odoo file. Kept because it is real data that may be useful later (verified against src/transform_odoo.py: this entity is referenced 0 times)."
EXTRACTED - NOT USED,,(supporting data - feeds another object),,,,khemployee,JobNameByValidityCollection,https://my346623.sapbydesign.com/sap/byd/odata/cust/v1/khemployee/JobNameByValidityCollection,14,4,khemployee__JobNameByValidityCollection.json,,,,,Name=Attendant; StartDate=/Date(-5364662400000)/; EndDate=/Date(253402214400000)/,"Pulled from SAP and saved in output_raw/, but no transform currently reads it, so it produces no Odoo file. Kept because it is real data that may be useful later (verified against src/transform_odoo.py: this entity is referenced 0 times)."
EXTRACTED - NOT USED,,(supporting data - feeds another object),,,,khemployee,WorkplaceAddressInformationCollection,https://my346623.sapbydesign.com/sap/byd/odata/cust/v1/khemployee/WorkplaceAddressInformationCollection,29,3,khemployee__WorkplaceAddressInformationCollection.json,,,,,ObjectID=00163E5F7A721EE988AD732926A5...; ParentObjectID=00163E5F7A721EE988AD732926A5...; UUID=00163E5F-7A72-1ED9-8AEE-5C90...,"Pulled from SAP and saved in output_raw/, but no transform currently reads it, so it produces no Odoo file. Kept because it is real data that may be useful later (verified against src/transform_odoo.py: this entity is referenced 0 times)."
EXTRACTED - NOT USED,,(supporting data - feeds another object),,,,khemployee,WorkplaceAddressFormattedAddressCollection,https://my346623.sapbydesign.com/sap/byd/odata/cust/v1/khemployee/WorkplaceAddressFormattedAddressCollection,8,3,khemployee__WorkplaceAddressFormattedAddressCollection.json,,,,,ObjectID=AGGEN300163EA910BC1EDBB7F742...; ParentObjectID=ADGEN300163EA910BC1EDBB7F742...,"Pulled from SAP and saved in output_raw/, but no transform currently reads it, so it produces no Odoo file. Kept because it is real data that may be useful later (verified against src/transform_odoo.py: this entity is referenced 0 times)."
EXTRACTED - NOT USED,,(supporting data - feeds another object),,,,khemployee,CompanyNameCollection,https://my346623.sapbydesign.com/sap/byd/odata/cust/v1/khemployee/CompanyNameCollection,1,3,khemployee__CompanyNameCollection.json,,,,,Name=Danlaw Technologies India Li...,"Pulled from SAP and saved in output_raw/, but no transform currently reads it, so it produces no Odoo file. Kept because it is real data that may be useful later (verified against src/transform_odoo.py: this entity is referenced 0 times)."
EXTRACTED - NOT USED,,(supporting data - feeds another object),,,,khemployee,CurrentCompanyCollection,https://my346623.sapbydesign.com/sap/byd/odata/cust/v1/khemployee/CurrentCompanyCollection,1,2,khemployee__CurrentCompanyCollection.json,,,,,ObjectID=00163E5F7A721EE987A81D692B73...; ID=70000,"Pulled from SAP and saved in output_raw/, but no transform currently reads it, so it produces no Odoo file. Kept because it is real data that may be useful later (verified against src/transform_odoo.py: this entity is referenced 0 times)."
EXTRACTED - NOT USED,,(supporting data - feeds another object),,,,khemployee,ReportingLineUnitNameByValidityCollection,https://my346623.sapbydesign.com/sap/byd/odata/cust/v1/khemployee/ReportingLineUnitNameByValidityCollection,1,5,khemployee__ReportingLineUnitNameByValidityCollection.json,,,,,Name=Danlaw Technologies India Li...; StartDate=/Date(1669852800000)/; EndDate=/Date(253402214400000)/,"Pulled from SAP and saved in output_raw/, but no transform currently reads it, so it produces no Odoo file. Kept because it is real data that may be useful later (verified against src/transform_odoo.py: this entity is referenced 0 times)."
EXTRACTED - NOT USED,,(supporting data - feeds another object),,,,khemployee,BusinessResidenceNameCollection,https://my346623.sapbydesign.com/sap/byd/odata/cust/v1/khemployee/BusinessResidenceNameCollection,1,3,khemployee__BusinessResidenceNameCollection.json,,,,,Name=Danlaw Technologies India Li...,"Pulled from SAP and saved in output_raw/, but no transform currently reads it, so it produces no Odoo file. Kept because it is real data that may be useful later (verified against src/transform_odoo.py: this entity is referenced 0 times)."
EXTRACTED - NOT USED,,(supporting data - feeds another object),,,,khemployee,CurrentBusinessResidenceCollection,https://my346623.sapbydesign.com/sap/byd/odata/cust/v1/khemployee/CurrentBusinessResidenceCollection,1,2,khemployee__CurrentBusinessResidenceCollection.json,,,,,ObjectID=00163E5F7A721EE987A835E9FA7E...; ID=71000,"Pulled from SAP and saved in output_raw/, but no transform currently reads it, so it produces no Odoo file. Kept because it is real data that may be useful later (verified against src/transform_odoo.py: this entity is referenced 0 times)."
EXTRACTED - NOT USED,,(supporting data - feeds another object),,,,khemployee,CurrentReportingLineUnitCollection,https://my346623.sapbydesign.com/sap/byd/odata/cust/v1/khemployee/CurrentReportingLineUnitCollection,1,2,khemployee__CurrentReportingLineUnitCollection.json,,,,,ObjectID=00163E5F7A721EE987A835E9FA7E...; ID=71000,"Pulled from SAP and saved in output_raw/, but no transform currently reads it, so it produces no Odoo file. Kept because it is real data that may be useful later (verified against src/transform_odoo.py: this entity is referenced 0 times)."
EXTRACTED - NOT USED,,(supporting data - feeds another object),,,,khlocation,LogisticsAreaCollection,https://my346623.sapbydesign.com/sap/byd/odata/cust/v1/khlocation/LogisticsAreaCollection,18,23,khlocation__LogisticsAreaCollection.json,,,,,TypeCode=2; TypeCodeText=Warehouse; Description=QA –Rework; LifeCycleStatusCode=2,"Pulled from SAP and saved in output_raw/, but no transform currently reads it, so it produces no Odoo file. Kept because it is real data that may be useful later (verified against src/transform_odoo.py: this entity is referenced 0 times)."
EXTRACTED - NOT USED,,(supporting data - feeds another object),,,,khopportunity,ProspectPartyContactFormattedAddressCollection,https://my346623.sapbydesign.com/sap/byd/odata/cust/v1/khopportunity/ProspectPartyContactFormattedAddressCollection,28077,2,khopportunity__ProspectPartyContactFormattedAddressCollection.json,,,,,"FormattedPostalAddressDescription=GAT NO.1122, 1129, 1140, 129...","Pulled from SAP and saved in output_raw/, but no transform currently reads it, so it produces no Odoo file. Kept because it is real data that may be useful later (verified against src/transform_odoo.py: this entity is referenced 0 times)."
EXTRACTED - NOT USED,,(supporting data - feeds another object),,,,khopportunity,ProspectPartyFormattedAddressCollection,https://my346623.sapbydesign.com/sap/byd/odata/cust/v1/khopportunity/ProspectPartyFormattedAddressCollection,28077,2,khopportunity__ProspectPartyFormattedAddressCollection.json,,,,,"FormattedPostalAddressDescription=GAT NO.1122, 1129, 1140, 129...","Pulled from SAP and saved in output_raw/, but no transform currently reads it, so it produces no Odoo file. Kept because it is real data that may be useful later (verified against src/transform_odoo.py: this entity is referenced 0 times)."
EXTRACTED - NOT USED,,(supporting data - feeds another object),,,,khopportunity,ExternalPartyNameCollection,https://my346623.sapbydesign.com/sap/byd/odata/cust/v1/khopportunity/ExternalPartyNameCollection,28077,2,khopportunity__ExternalPartyNameCollection.json,,,,,FormattedName=Tushar Desale,"Pulled from SAP and saved in output_raw/, but no transform currently reads it, so it produces no Odoo file. Kept because it is real data that may be useful later (verified against src/transform_odoo.py: this entity is referenced 0 times)."
EXTRACTED - NOT USED,,(supporting data - feeds another object),,,,khopportunity,CompetitorNameCollection,https://my346623.sapbydesign.com/sap/byd/odata/cust/v1/khopportunity/CompetitorNameCollection,28077,2,khopportunity__CompetitorNameCollection.json,,,,,FormattedName=Tushar Desale,"Pulled from SAP and saved in output_raw/, but no transform currently reads it, so it produces no Odoo file. Kept because it is real data that may be useful later (verified against src/transform_odoo.py: this entity is referenced 0 times)."
EXTRACTED - NOT USED,,(supporting data - feeds another object),,,,khopportunity,SalesUnitNameCollection,https://my346623.sapbydesign.com/sap/byd/odata/cust/v1/khopportunity/SalesUnitNameCollection,28077,2,khopportunity__SalesUnitNameCollection.json,,,,,FormattedName=Tushar Desale,"Pulled from SAP and saved in output_raw/, but no transform currently reads it, so it produces no Odoo file. Kept because it is real data that may be useful later (verified against src/transform_odoo.py: this entity is referenced 0 times)."
EXTRACTED - NOT USED,,(supporting data - feeds another object),,,,khopportunity,EmployeeResponsibleNameCollection,https://my346623.sapbydesign.com/sap/byd/odata/cust/v1/khopportunity/EmployeeResponsibleNameCollection,28077,2,khopportunity__EmployeeResponsibleNameCollection.json,,,,,FormattedName=Tushar Desale,"Pulled from SAP and saved in output_raw/, but no transform currently reads it, so it produces no Odoo file. Kept because it is real data that may be useful later (verified against src/transform_odoo.py: this entity is referenced 0 times)."
EXTRACTED - NOT USED,,(supporting data - feeds another object),,,,khopportunity,ProspectPartyContactNameCollection,https://my346623.sapbydesign.com/sap/byd/odata/cust/v1/khopportunity/ProspectPartyContactNameCollection,28077,2,khopportunity__ProspectPartyContactNameCollection.json,,,,,FormattedName=Tushar Desale,"Pulled from SAP and saved in output_raw/, but no transform currently reads it, so it produces no Odoo file. Kept because it is real data that may be useful later (verified against src/transform_odoo.py: this entity is referenced 0 times)."
EXTRACTED - NOT USED,,(supporting data - feeds another object),,,,khopportunity,ProspectPartyNameCollection,https://my346623.sapbydesign.com/sap/byd/odata/cust/v1/khopportunity/ProspectPartyNameCollection,28077,2,khopportunity__ProspectPartyNameCollection.json,,,,,FormattedName=Tushar Desale,"Pulled from SAP and saved in output_raw/, but no transform currently reads it, so it produces no Odoo file. Kept because it is real data that may be useful later (verified against src/transform_odoo.py: this entity is referenced 0 times)."
EXTRACTED - NOT USED,,(supporting data - feeds another object),,,,khopportunity,ProspectPartyPostalAddressCollection,https://my346623.sapbydesign.com/sap/byd/odata/cust/v1/khopportunity/ProspectPartyPostalAddressCollection,18112,11,khopportunity__ProspectPartyPostalAddressCollection.json,,,,,"CountryCode=IN; CountryCodeText=India; StreetName=GAT NO.1122, 1129, 1140, 129...; StreetPostalCode=412801","Pulled from SAP and saved in output_raw/, but no transform currently reads it, so it produces no Odoo file. Kept because it is real data that may be useful later (verified against src/transform_odoo.py: this entity is referenced 0 times)."
EXTRACTED - NOT USED,,(supporting data - feeds another object),,,,khopportunity,ProspectPartyContactTelephoneCollection,https://my346623.sapbydesign.com/sap/byd/odata/cust/v1/khopportunity/ProspectPartyContactTelephoneCollection,7238,2,khopportunity__ProspectPartyContactTelephoneCollection.json,,,,,FormattedNumberDescription=+91 80566078,"Pulled from SAP and saved in output_raw/, but no transform currently reads it, so it produces no Odoo file. Kept because it is real data that may be useful later (verified against src/transform_odoo.py: this entity is referenced 0 times)."
EXTRACTED - NOT USED,,(supporting data - feeds another object),,,,khopportunity,ProspectPartyTelephoneCollection,https://my346623.sapbydesign.com/sap/byd/odata/cust/v1/khopportunity/ProspectPartyTelephoneCollection,7238,2,khopportunity__ProspectPartyTelephoneCollection.json,,,,,FormattedNumberDescription=+91 80566078,"Pulled from SAP and saved in output_raw/, but no transform currently reads it, so it produces no Odoo file. Kept because it is real data that may be useful later (verified against src/transform_odoo.py: this entity is referenced 0 times)."
EXTRACTED - NOT USED,,(supporting data - feeds another object),,,,khopportunity,ProspectPartyContactEmailCollection,https://my346623.sapbydesign.com/sap/byd/odata/cust/v1/khopportunity/ProspectPartyContactEmailCollection,7207,2,khopportunity__ProspectPartyContactEmailCollection.json,,,,,URI=rameshk@danlawems.com,"Pulled from SAP and saved in output_raw/, but no transform currently reads it, so it produces no Odoo file. Kept because it is real data that may be useful later (verified against src/transform_odoo.py: this entity is referenced 0 times)."
EXTRACTED - NOT USED,,(supporting data - feeds another object),,,,khopportunity,ProspectPartyEmailCollection,https://my346623.sapbydesign.com/sap/byd/odata/cust/v1/khopportunity/ProspectPartyEmailCollection,7207,2,khopportunity__ProspectPartyEmailCollection.json,,,,,URI=rameshk@danlawems.com,"Pulled from SAP and saved in output_raw/, but no transform currently reads it, so it produces no Odoo file. Kept because it is real data that may be useful later (verified against src/transform_odoo.py: this entity is referenced 0 times)."
EXTRACTED - NOT USED,,(supporting data - feeds another object),,,,khopportunity,CompetitorWebSiteCollection,https://my346623.sapbydesign.com/sap/byd/odata/cust/v1/khopportunity/CompetitorWebSiteCollection,1964,2,khopportunity__CompetitorWebSiteCollection.json,,,,,URI=www.titancem.com,"Pulled from SAP and saved in output_raw/, but no transform currently reads it, so it produces no Odoo file. Kept because it is real data that may be useful later (verified against src/transform_odoo.py: this entity is referenced 0 times)."
EXTRACTED - NOT USED,,(supporting data - feeds another object),,,,khopportunity,ProspectPartyWebSiteCollection,https://my346623.sapbydesign.com/sap/byd/odata/cust/v1/khopportunity/ProspectPartyWebSiteCollection,1964,2,khopportunity__ProspectPartyWebSiteCollection.json,,,,,URI=www.titancem.com,"Pulled from SAP and saved in output_raw/, but no transform currently reads it, so it produces no Odoo file. Kept because it is real data that may be useful later (verified against src/transform_odoo.py: this entity is referenced 0 times)."
EXTRACTED - NOT USED,,(supporting data - feeds another object),,,,khopportunity,ExternalPartyCollection,https://my346623.sapbydesign.com/sap/byd/odata/cust/v1/khopportunity/ExternalPartyCollection,0,0,khopportunity__ExternalPartyCollection.json,,,,,,"Pulled from SAP and saved in output_raw/, but no transform currently reads it, so it produces no Odoo file. Kept because it is real data that may be useful later (verified against src/transform_odoo.py: this entity is referenced 0 times)."
EXTRACTED - NOT USED,,(supporting data - feeds another object),,,,khopportunity,ProspectPartyCollection,https://my346623.sapbydesign.com/sap/byd/odata/cust/v1/khopportunity/ProspectPartyCollection,0,0,khopportunity__ProspectPartyCollection.json,,,,,,"Pulled from SAP and saved in output_raw/, but no transform currently reads it, so it produces no Odoo file. Kept because it is real data that may be useful later (verified against src/transform_odoo.py: this entity is referenced 0 times)."
EXTRACTED - NOT USED,,(supporting data - feeds another object),,,,khopportunity,CompetitorCollection,https://my346623.sapbydesign.com/sap/byd/odata/cust/v1/khopportunity/CompetitorCollection,0,0,khopportunity__CompetitorCollection.json,,,,,,"Pulled from SAP and saved in output_raw/, but no transform currently reads it, so it produces no Odoo file. Kept because it is real data that may be useful later (verified against src/transform_odoo.py: this entity is referenced 0 times)."
EXTRACTED - NOT USED,,(supporting data - feeds another object),,,,khopportunity,SalesUnitCollection,https://my346623.sapbydesign.com/sap/byd/odata/cust/v1/khopportunity/SalesUnitCollection,0,0,khopportunity__SalesUnitCollection.json,,,,,,"Pulled from SAP and saved in output_raw/, but no transform currently reads it, so it produces no Odoo file. Kept because it is real data that may be useful later (verified against src/transform_odoo.py: this entity is referenced 0 times)."
EXTRACTED - NOT USED,,(supporting data - feeds another object),,,,khopportunity,EmployeeResponsibleCollection,https://my346623.sapbydesign.com/sap/byd/odata/cust/v1/khopportunity/EmployeeResponsibleCollection,0,0,khopportunity__EmployeeResponsibleCollection.json,,,,,,"Pulled from SAP and saved in output_raw/, but no transform currently reads it, so it produces no Odoo file. Kept because it is real data that may be useful later (verified against src/transform_odoo.py: this entity is referenced 0 times)."
EXTRACTED - NOT USED,,(supporting data - feeds another object),,,,khopportunity,ItemCollection,https://my346623.sapbydesign.com/sap/byd/odata/cust/v1/khopportunity/ItemCollection,0,0,khopportunity__ItemCollection.json,,,,,,"Pulled from SAP and saved in output_raw/, but no transform currently reads it, so it produces no Odoo file. Kept because it is real data that may be useful later (verified against src/transform_odoo.py: this entity is referenced 0 times)."
EXTRACTED - NOT USED,,(supporting data - feeds another object),,,,khopportunity,SalesBusinessAreaCollection,https://my346623.sapbydesign.com/sap/byd/odata/cust/v1/khopportunity/SalesBusinessAreaCollection,0,0,khopportunity__SalesBusinessAreaCollection.json,,,,,,"Pulled from SAP and saved in output_raw/, but no transform currently reads it, so it produces no Odoo file. Kept because it is real data that may be useful later (verified against src/transform_odoo.py: this entity is referenced 0 times)."
EXTRACTED - NOT USED,,(supporting data - feeds another object),,,,khopportunity,ProspectPartyContactCollection,https://my346623.sapbydesign.com/sap/byd/odata/cust/v1/khopportunity/ProspectPartyContactCollection,0,0,khopportunity__ProspectPartyContactCollection.json,,,,,,"Pulled from SAP and saved in output_raw/, but no transform currently reads it, so it produces no Odoo file. Kept because it is real data that may be useful later (verified against src/transform_odoo.py: this entity is referenced 0 times)."
EXTRACTED - NOT USED,,(supporting data - feeds another object),,,,khopportunity,DocumentReferenceCollection,https://my346623.sapbydesign.com/sap/byd/odata/cust/v1/khopportunity/DocumentReferenceCollection,0,0,khopportunity__DocumentReferenceCollection.json,,,,,,"Pulled from SAP and saved in output_raw/, but no transform currently reads it, so it produces no Odoo file. Kept because it is real data that may be useful later (verified against src/transform_odoo.py: this entity is referenced 0 times)."
EXTRACTED - NOT USED,,(supporting data - feeds another object),,,,khopportunity,CampaignCollection,https://my346623.sapbydesign.com/sap/byd/odata/cust/v1/khopportunity/CampaignCollection,0,0,khopportunity__CampaignCollection.json,,,,,,"Pulled from SAP and saved in output_raw/, but no transform currently reads it, so it produces no Odoo file. Kept because it is real data that may be useful later (verified against src/transform_odoo.py: this entity is referenced 0 times)."
EXTRACTED - NOT USED,,(supporting data - feeds another object),,,,khoutbounddelivery,ProductRecipientFormattedAddressCollection,https://my346623.sapbydesign.com/sap/byd/odata/cust/v1/khoutbounddelivery/ProductRecipientFormattedAddressCollection,28077,2,khoutbounddelivery__ProductRecipientFormattedAddressCollection.json,,,,,"FormattedPostalAddressDescription=GAT NO.1122, 1129, 1140, 129...","Pulled from SAP and saved in output_raw/, but no transform currently reads it, so it produces no Odoo file. Kept because it is real data that may be useful later (verified against src/transform_odoo.py: this entity is referenced 0 times)."
EXTRACTED - NOT USED,,(supporting data - feeds another object),,,,khoutbounddelivery,ProductRecipientDisplayNameCollection,https://my346623.sapbydesign.com/sap/byd/odata/cust/v1/khoutbounddelivery/ProductRecipientDisplayNameCollection,28077,2,khoutbounddelivery__ProductRecipientDisplayNameCollection.json,,,,,FormattedName=Tushar Desale,"Pulled from SAP and saved in output_raw/, but no transform currently reads it, so it produces no Odoo file. Kept because it is real data that may be useful later (verified against src/transform_odoo.py: this entity is referenced 0 times)."
EXTRACTED - NOT USED,,(supporting data - feeds another object),,,,khoutbounddelivery,ProductRecipientPartyCollection,https://my346623.sapbydesign.com/sap/byd/odata/cust/v1/khoutbounddelivery/ProductRecipientPartyCollection,115300,3,khoutbounddelivery__ProductRecipientPartyCollection.json,,,,,PartyID=1121778,"Pulled from SAP and saved in output_raw/, but no transform currently reads it, so it produces no Odoo file. Kept because it is real data that may be useful later (verified against src/transform_odoo.py: this entity is referenced 0 times)."
EXTRACTED - NOT USED,,(supporting data - feeds another object),,,,khoutbounddelivery,SellerPartyCollection,https://my346623.sapbydesign.com/sap/byd/odata/cust/v1/khoutbounddelivery/SellerPartyCollection,115300,3,khoutbounddelivery__SellerPartyCollection.json,,,,,PartyID=1121778,"Pulled from SAP and saved in output_raw/, but no transform currently reads it, so it produces no Odoo file. Kept because it is real data that may be useful later (verified against src/transform_odoo.py: this entity is referenced 0 times)."
EXTRACTED - NOT USED,,(supporting data - feeds another object),,,,khoutbounddelivery,FreightForwarderPartyCollection,https://my346623.sapbydesign.com/sap/byd/odata/cust/v1/khoutbounddelivery/FreightForwarderPartyCollection,115300,3,khoutbounddelivery__FreightForwarderPartyCollection.json,,,,,PartyID=1121778,"Pulled from SAP and saved in output_raw/, but no transform currently reads it, so it produces no Odoo file. Kept because it is real data that may be useful later (verified against src/transform_odoo.py: this entity is referenced 0 times)."
EXTRACTED - NOT USED,,(supporting data - feeds another object),,,,khoutbounddelivery,ItemSalesOrderReferenceCollection,https://my346623.sapbydesign.com/sap/byd/odata/cust/v1/khoutbounddelivery/ItemSalesOrderReferenceCollection,100547,4,khoutbounddelivery__ItemSalesOrderReferenceCollection.json,,,,,ObjectID=00163E5F7A721ED98B8490AF4275...; ParentObjectID=00163E5F7A721ED98B8490AF4275...; ID=1530294137,"Pulled from SAP and saved in output_raw/, but no transform currently reads it, so it produces no Odoo file. Kept because it is real data that may be useful later (verified against src/transform_odoo.py: this entity is referenced 0 times)."
EXTRACTED - NOT USED,,(supporting data - feeds another object),,,,khoutbounddelivery,ItemLogisticsRequestResponsiblePartyCollection,https://my346623.sapbydesign.com/sap/byd/odata/cust/v1/khoutbounddelivery/ItemLogisticsRequestResponsiblePartyCollection,98868,3,khoutbounddelivery__ItemLogisticsRequestResponsiblePartyCollection.json,,,,,PartyID=1121778,"Pulled from SAP and saved in output_raw/, but no transform currently reads it, so it produces no Odoo file. Kept because it is real data that may be useful later (verified against src/transform_odoo.py: this entity is referenced 0 times)."
EXTRACTED - NOT USED,,(supporting data - feeds another object),,,,khoutbounddelivery,ShipFromLocationCollection,https://my346623.sapbydesign.com/sap/byd/odata/cust/v1/khoutbounddelivery/ShipFromLocationCollection,57650,3,khoutbounddelivery__ShipFromLocationCollection.json,,,,,ObjectID=00163E5F7A721ED98B8490AF4276...; ParentObjectID=00163E5F7A721ED98B8490AF4275...,"Pulled from SAP and saved in output_raw/, but no transform currently reads it, so it produces no Odoo file. Kept because it is real data that may be useful later (verified against src/transform_odoo.py: this entity is referenced 0 times)."
EXTRACTED - NOT USED,,(supporting data - feeds another object),,,,khoutbounddelivery,ArrivalPeriodCollection,https://my346623.sapbydesign.com/sap/byd/odata/cust/v1/khoutbounddelivery/ArrivalPeriodCollection,57162,6,khoutbounddelivery__ArrivalPeriodCollection.json,,,,,StartDateTime=/Date(1549687080000)/; StartDateTimeZoneCode=INDIA; EndDateTime=/Date(1549687140000)/; EndDateTimeZoneCode=INDIA,"Pulled from SAP and saved in output_raw/, but no transform currently reads it, so it produces no Odoo file. Kept because it is real data that may be useful later (verified against src/transform_odoo.py: this entity is referenced 0 times)."
EXTRACTED - NOT USED,,(supporting data - feeds another object),,,,khoutbounddelivery,ShippingPeriodCollection,https://my346623.sapbydesign.com/sap/byd/odata/cust/v1/khoutbounddelivery/ShippingPeriodCollection,57162,6,khoutbounddelivery__ShippingPeriodCollection.json,,,,,StartDateTime=/Date(1549687080000)/; StartDateTimeZoneCode=INDIA; EndDateTime=/Date(1549687140000)/; EndDateTimeZoneCode=INDIA,"Pulled from SAP and saved in output_raw/, but no transform currently reads it, so it produces no Odoo file. Kept because it is real data that may be useful later (verified against src/transform_odoo.py: this entity is referenced 0 times)."
EXTRACTED - NOT USED,,(supporting data - feeds another object),,,,khoutbounddelivery,PickupPeriodCollection,https://my346623.sapbydesign.com/sap/byd/odata/cust/v1/khoutbounddelivery/PickupPeriodCollection,57162,4,khoutbounddelivery__PickupPeriodCollection.json,,,,,StartDateTime=/Date(1549687080000)/; StartDateTimeZoneCode=INDIA,"Pulled from SAP and saved in output_raw/, but no transform currently reads it, so it produces no Odoo file. Kept because it is real data that may be useful later (verified against src/transform_odoo.py: this entity is referenced 0 times)."
EXTRACTED - NOT USED,,(supporting data - feeds another object),,,,khoutbounddelivery,ItemDeliveryQuantityCollection,https://my346623.sapbydesign.com/sap/byd/odata/cust/v1/khoutbounddelivery/ItemDeliveryQuantityCollection,32956,5,khoutbounddelivery__ItemDeliveryQuantityCollection.json,,,,,Quantity=100.00000000000000; UnitCode=ZNO; UnitCodeText=Number,"Pulled from SAP and saved in output_raw/, but no transform currently reads it, so it produces no Odoo file. Kept because it is real data that may be useful later (verified against src/transform_odoo.py: this entity is referenced 0 times)."
EXTRACTED - NOT USED,,(supporting data - feeds another object),,,,khpayment,CompanyNameCollection,https://my346623.sapbydesign.com/sap/byd/odata/cust/v1/khpayment/CompanyNameCollection,1,2,khpayment__CompanyNameCollection.json,,,,,Name=Danlaw Technologies India Li...,"Pulled from SAP and saved in output_raw/, but no transform currently reads it, so it produces no Odoo file. Kept because it is real data that may be useful later (verified against src/transform_odoo.py: this entity is referenced 0 times)."
EXTRACTED - NOT USED,,(supporting data - feeds another object),,,,khproductionorder,ProductionLotCollection,https://my346623.sapbydesign.com/sap/byd/odata/cust/v1/khproductionorder/ProductionLotCollection,9590,2,khproductionorder__ProductionLotCollection.json,,,,,ObjectID=00163E5F7A721ED98AF07F75565B...; ID=1,"Pulled from SAP and saved in output_raw/, but no transform currently reads it, so it produces no Odoo file. Kept because it is real data that may be useful later (verified against src/transform_odoo.py: this entity is referenced 0 times)."
EXTRACTED - NOT USED,,(supporting data - feeds another object),,,,khpurchaseorder,ItemShipToLocationCollection,https://my346623.sapbydesign.com/sap/byd/odata/cust/v1/khpurchaseorder/ItemShipToLocationCollection,138564,4,khpurchaseorder__ItemShipToLocationCollection.json,,,,,ObjectID=00163E5F7A721ED98B8330C71A70...; ParentObjectID=00163E5F7A721EE98AF215FDE86C...,"Pulled from SAP and saved in output_raw/, but no transform currently reads it, so it produces no Odoo file. Kept because it is real data that may be useful later (verified against src/transform_odoo.py: this entity is referenced 0 times)."
EXTRACTED - NOT USED,,(supporting data - feeds another object),,,,khpurchaseorder,ItemEndBuyerPartyCollection,https://my346623.sapbydesign.com/sap/byd/odata/cust/v1/khpurchaseorder/ItemEndBuyerPartyCollection,152311,3,khpurchaseorder__ItemEndBuyerPartyCollection.json,,,,,ObjectID=00163E5F7A721ED98B856A38BC54...; ParentObjectID=00163E5F7A721ED98B856A38BC54...,"Pulled from SAP and saved in output_raw/, but no transform currently reads it, so it produces no Odoo file. Kept because it is real data that may be useful later (verified against src/transform_odoo.py: this entity is referenced 0 times)."
EXTRACTED - NOT USED,,(supporting data - feeds another object),,,,khpurchaseorder,ApproverPartyCollection,https://my346623.sapbydesign.com/sap/byd/odata/cust/v1/khpurchaseorder/ApproverPartyCollection,79801,3,khpurchaseorder__ApproverPartyCollection.json,,,,,PartyID=G199,"Pulled from SAP and saved in output_raw/, but no transform currently reads it, so it produces no Odoo file. Kept because it is real data that may be useful later (verified against src/transform_odoo.py: this entity is referenced 0 times)."
EXTRACTED - NOT USED,,(supporting data - feeds another object),,,,khpurchaseorder,BuyerPartyCollection,https://my346623.sapbydesign.com/sap/byd/odata/cust/v1/khpurchaseorder/BuyerPartyCollection,79801,3,khpurchaseorder__BuyerPartyCollection.json,,,,,PartyID=G199,"Pulled from SAP and saved in output_raw/, but no transform currently reads it, so it produces no Odoo file. Kept because it is real data that may be useful later (verified against src/transform_odoo.py: this entity is referenced 0 times)."
EXTRACTED - NOT USED,,(supporting data - feeds another object),,,,khpurchaseorder,BillToPartyCollection,https://my346623.sapbydesign.com/sap/byd/odata/cust/v1/khpurchaseorder/BillToPartyCollection,79801,3,khpurchaseorder__BillToPartyCollection.json,,,,,PartyID=G199,"Pulled from SAP and saved in output_raw/, but no transform currently reads it, so it produces no Odoo file. Kept because it is real data that may be useful later (verified against src/transform_odoo.py: this entity is referenced 0 times)."
EXTRACTED - NOT USED,,(supporting data - feeds another object),,,,khpurchaseorder,PurchasingUnitCollection,https://my346623.sapbydesign.com/sap/byd/odata/cust/v1/khpurchaseorder/PurchasingUnitCollection,79801,3,khpurchaseorder__PurchasingUnitCollection.json,,,,,PartyID=G199,"Pulled from SAP and saved in output_raw/, but no transform currently reads it, so it produces no Odoo file. Kept because it is real data that may be useful later (verified against src/transform_odoo.py: this entity is referenced 0 times)."
EXTRACTED - NOT USED,,(supporting data - feeds another object),,,,khpurchaseorder,ItemBusinessTransactionDocumentReferenceCollection,https://my346623.sapbydesign.com/sap/byd/odata/cust/v1/khpurchaseorder/ItemBusinessTransactionDocumentReferenceCollection,175735,10,khpurchaseorder__ItemBusinessTransactionDocumentReferenceCollection.json,,,,,ItemID=2; ItemTypeCode=18; ItemTypeCodeText=Material; TypeCode=282,"Pulled from SAP and saved in output_raw/, but no transform currently reads it, so it produces no Odoo file. Kept because it is real data that may be useful later (verified against src/transform_odoo.py: this entity is referenced 0 times)."
EXTRACTED - NOT USED,,(supporting data - feeds another object),,,,khpurchaseorder,DeliveryAddressCollection,https://my346623.sapbydesign.com/sap/byd/odata/cust/v1/khpurchaseorder/DeliveryAddressCollection,28180,1,khpurchaseorder__DeliveryAddressCollection.json,,,,,ObjectID=00163E5F7A721ED9888BBD768837...,"Pulled from SAP and saved in output_raw/, but no transform currently reads it, so it produces no Odoo file. Kept because it is real data that may be useful later (verified against src/transform_odoo.py: this entity is referenced 0 times)."
EXTRACTED - NOT USED,,(supporting data - feeds another object),,,,khpurchaseorder,SupplierFormattedAddressCollection,https://my346623.sapbydesign.com/sap/byd/odata/cust/v1/khpurchaseorder/SupplierFormattedAddressCollection,28077,2,khpurchaseorder__SupplierFormattedAddressCollection.json,,,,,"FormattedPostalAddressDescription=GAT NO.1122, 1129, 1140, 129...","Pulled from SAP and saved in output_raw/, but no transform currently reads it, so it produces no Odoo file. Kept because it is real data that may be useful later (verified against src/transform_odoo.py: this entity is referenced 0 times)."
EXTRACTED - NOT USED,,(supporting data - feeds another object),,,,khpurchaseorder,ApproverPartyNameCollection,https://my346623.sapbydesign.com/sap/byd/odata/cust/v1/khpurchaseorder/ApproverPartyNameCollection,28077,2,khpurchaseorder__ApproverPartyNameCollection.json,,,,,FormattedName=Tushar Desale,"Pulled from SAP and saved in output_raw/, but no transform currently reads it, so it produces no Odoo file. Kept because it is real data that may be useful later (verified against src/transform_odoo.py: this entity is referenced 0 times)."
EXTRACTED - NOT USED,,(supporting data - feeds another object),,,,khpurchaseorder,BuyerPartyNameCollection,https://my346623.sapbydesign.com/sap/byd/odata/cust/v1/khpurchaseorder/BuyerPartyNameCollection,28077,2,khpurchaseorder__BuyerPartyNameCollection.json,,,,,FormattedName=Tushar Desale,"Pulled from SAP and saved in output_raw/, but no transform currently reads it, so it produces no Odoo file. Kept because it is real data that may be useful later (verified against src/transform_odoo.py: this entity is referenced 0 times)."
EXTRACTED - NOT USED,,(supporting data - feeds another object),,,,khpurchaseorder,BillToPartyNameCollection,https://my346623.sapbydesign.com/sap/byd/odata/cust/v1/khpurchaseorder/BillToPartyNameCollection,28077,2,khpurchaseorder__BillToPartyNameCollection.json,,,,,FormattedName=Tushar Desale,"Pulled from SAP and saved in output_raw/, but no transform currently reads it, so it produces no Odoo file. Kept because it is real data that may be useful later (verified against src/transform_odoo.py: this entity is referenced 0 times)."
EXTRACTED - NOT USED,,(supporting data - feeds another object),,,,khpurchaseorder,EmployeeResponsibleNameCollection,https://my346623.sapbydesign.com/sap/byd/odata/cust/v1/khpurchaseorder/EmployeeResponsibleNameCollection,28077,2,khpurchaseorder__EmployeeResponsibleNameCollection.json,,,,,FormattedName=Tushar Desale,"Pulled from SAP and saved in output_raw/, but no transform currently reads it, so it produces no Odoo file. Kept because it is real data that may be useful later (verified against src/transform_odoo.py: this entity is referenced 0 times)."
EXTRACTED - NOT USED,,(supporting data - feeds another object),,,,khpurchaseorder,PurchasingUnitNameCollection,https://my346623.sapbydesign.com/sap/byd/odata/cust/v1/khpurchaseorder/PurchasingUnitNameCollection,28077,2,khpurchaseorder__PurchasingUnitNameCollection.json,,,,,FormattedName=Tushar Desale,"Pulled from SAP and saved in output_raw/, but no transform currently reads it, so it produces no Odoo file. Kept because it is real data that may be useful later (verified against src/transform_odoo.py: this entity is referenced 0 times)."
EXTRACTED - NOT USED,,(supporting data - feeds another object),,,,khpurchaseorder,SupplierNameCollection,https://my346623.sapbydesign.com/sap/byd/odata/cust/v1/khpurchaseorder/SupplierNameCollection,28077,2,khpurchaseorder__SupplierNameCollection.json,,,,,FormattedName=Tushar Desale,"Pulled from SAP and saved in output_raw/, but no transform currently reads it, so it produces no Odoo file. Kept because it is real data that may be useful later (verified against src/transform_odoo.py: this entity is referenced 0 times)."
EXTRACTED - NOT USED,,(supporting data - feeds another object),,,,khpurchaseorder,DeliveryAddressNameCollection,https://my346623.sapbydesign.com/sap/byd/odata/cust/v1/khpurchaseorder/DeliveryAddressNameCollection,28054,6,khpurchaseorder__DeliveryAddressNameCollection.json,,,,,FirstLineName=TE CONNECTIVITY INDIA PVT LT...,"Pulled from SAP and saved in output_raw/, but no transform currently reads it, so it produces no Odoo file. Kept because it is real data that may be useful later (verified against src/transform_odoo.py: this entity is referenced 0 times)."
EXTRACTED - NOT USED,,(supporting data - feeds another object),,,,khpurchaseorder,BusinessTransactionDocumentReferenceCollection,https://my346623.sapbydesign.com/sap/byd/odata/cust/v1/khpurchaseorder/BusinessTransactionDocumentReferenceCollection,101383,10,khpurchaseorder__BusinessTransactionDocumentReferenceCollection.json,,,,,TypeCode=282; TypeCodeText=Goods And Service Confirmati...; RelationshipRoleCode=2; RelationshipRoleCodeText=Successor,"Pulled from SAP and saved in output_raw/, but no transform currently reads it, so it produces no Odoo file. Kept because it is real data that may be useful later (verified against src/transform_odoo.py: this entity is referenced 0 times)."
EXTRACTED - NOT USED,,(supporting data - feeds another object),,,,khpurchaseorder,DeliveryPostalAddressCollection,https://my346623.sapbydesign.com/sap/byd/odata/cust/v1/khpurchaseorder/DeliveryPostalAddressCollection,18112,15,khpurchaseorder__DeliveryPostalAddressCollection.json,,,,,"CountryCode=IN; CountryCodeText=India; StreetName=GAT NO.1122, 1129, 1140, 129...; StreetPostalCode=412801","Pulled from SAP and saved in output_raw/, but no transform currently reads it, so it produces no Odoo file. Kept because it is real data that may be useful later (verified against src/transform_odoo.py: this entity is referenced 0 times)."
EXTRACTED - NOT USED,,(supporting data - feeds another object),,,,khpurchaseorder,SupplierPostalAddressCollection,https://my346623.sapbydesign.com/sap/byd/odata/cust/v1/khpurchaseorder/SupplierPostalAddressCollection,18112,13,khpurchaseorder__SupplierPostalAddressCollection.json,,,,,"CountryCode=IN; CountryCodeText=India; StreetName=GAT NO.1122, 1129, 1140, 129...; StreetPostalCode=412801","Pulled from SAP and saved in output_raw/, but no transform currently reads it, so it produces no Odoo file. Kept because it is real data that may be useful later (verified against src/transform_odoo.py: this entity is referenced 0 times)."
EXTRACTED - NOT USED,,(supporting data - feeds another object),,,,khpurchaseorder,PaymentTermsCollection,https://my346623.sapbydesign.com/sap/byd/odata/cust/v1/khpurchaseorder/PaymentTermsCollection,15835,4,khpurchaseorder__PaymentTermsCollection.json,,,,,PaymentTermsCode=Z005; PaymentTermsCodeText=30 days from the date of inv...,"Pulled from SAP and saved in output_raw/, but no transform currently reads it, so it produces no Odoo file. Kept because it is real data that may be useful later (verified against src/transform_odoo.py: this entity is referenced 0 times)."
EXTRACTED - NOT USED,,(supporting data - feeds another object),,,,khpurchaseorder,ItemAccountAssignmentDetailsCollection,https://my346623.sapbydesign.com/sap/byd/odata/cust/v1/khpurchaseorder/ItemAccountAssignmentDetailsCollection,19005,36,khpurchaseorder__ItemAccountAssignmentDetailsCollection.json,,,,,AccountAssignmentTypeCode=CC; AccountAssignmentTypeCodeText=Cost Center; Percent=100.000000; Amount=206700.000000,"Pulled from SAP and saved in output_raw/, but no transform currently reads it, so it produces no Odoo file. Kept because it is real data that may be useful later (verified against src/transform_odoo.py: this entity is referenced 0 times)."
EXTRACTED - NOT USED,,(supporting data - feeds another object),,,,khpurchaseorder,ItemAccountAssignmentCollection,https://my346623.sapbydesign.com/sap/byd/odata/cust/v1/khpurchaseorder/ItemAccountAssignmentCollection,18571,2,khpurchaseorder__ItemAccountAssignmentCollection.json,,,,,ObjectID=00163E5F7A721ED98BBB41F4DC08...; ParentObjectID=00163E5F7A721ED98BBB41F4DC08...,"Pulled from SAP and saved in output_raw/, but no transform currently reads it, so it produces no Odoo file. Kept because it is real data that may be useful later (verified against src/transform_odoo.py: this entity is referenced 0 times)."
EXTRACTED - NOT USED,,(supporting data - feeds another object),,,,khpurchaseorder,NotesCollection,https://my346623.sapbydesign.com/sap/byd/odata/cust/v1/khpurchaseorder/NotesCollection,NOT EXTRACTED,,khpurchaseorder__NotesCollection.json,,,,,,"Pulled from SAP and saved in output_raw/, but no transform currently reads it, so it produces no Odoo file. Kept because it is real data that may be useful later (verified against src/transform_odoo.py: this entity is referenced 0 times)."
EXTRACTED - NOT USED,,(supporting data - feeds another object),,,,khsalesarrangement,SalesOrganisationNameByValidityCollection,https://my346623.sapbydesign.com/sap/byd/odata/cust/v1/khsalesarrangement/SalesOrganisationNameByValidityCollection,3,4,khsalesarrangement__SalesOrganisationNameByValidityCollection.json,,,,,Name=Customer Relationship Manage...; StartDate=/Date(680918400000)/; EndDate=/Date(253402214400000)/,"Pulled from SAP and saved in output_raw/, but no transform currently reads it, so it produces no Odoo file. Kept because it is real data that may be useful later (verified against src/transform_odoo.py: this entity is referenced 0 times)."
EXTRACTED - NOT USED,,(supporting data - feeds another object),,,,khsalesorder,PriceComponentCollection,https://my346623.sapbydesign.com/sap/byd/odata/cust/v1/khsalesorder/PriceComponentCollection,72899,29,khsalesorder__PriceComponentCollection.json,,,,,TypeCode=7PR1; TypeCodeText=List Price; Description=List Price; ManuallyChangedIndicator=True,"Pulled from SAP and saved in output_raw/, but no transform currently reads it, so it produces no Odoo file. Kept because it is real data that may be useful later (verified against src/transform_odoo.py: this entity is referenced 0 times)."
EXTRACTED - NOT USED,,(supporting data - feeds another object),,,,khsalesorder,ItemVendorPartyCollection,https://my346623.sapbydesign.com/sap/byd/odata/cust/v1/khsalesorder/ItemVendorPartyCollection,89495,3,khsalesorder__ItemVendorPartyCollection.json,,,,,PartyID=1121709,"Pulled from SAP and saved in output_raw/, but no transform currently reads it, so it produces no Odoo file. Kept because it is real data that may be useful later (verified against src/transform_odoo.py: this entity is referenced 0 times)."
EXTRACTED - NOT USED,,(supporting data - feeds another object),,,,khsalesorder,ItemProductRecipientPartyCollection,https://my346623.sapbydesign.com/sap/byd/odata/cust/v1/khsalesorder/ItemProductRecipientPartyCollection,89495,3,khsalesorder__ItemProductRecipientPartyCollection.json,,,,,PartyID=1121709,"Pulled from SAP and saved in output_raw/, but no transform currently reads it, so it produces no Odoo file. Kept because it is real data that may be useful later (verified against src/transform_odoo.py: this entity is referenced 0 times)."
EXTRACTED - NOT USED,,(supporting data - feeds another object),,,,khsalesorder,ProductRecipientPartyCollection,https://my346623.sapbydesign.com/sap/byd/odata/cust/v1/khsalesorder/ProductRecipientPartyCollection,34609,8,khsalesorder__ProductRecipientPartyCollection.json,,,,,PartyID=1121709; DeterminationMethodCode=1; DeterminationMethodCodeText=Provided by an Unspecified E...; AddressReferenceTypeCode=9,"Pulled from SAP and saved in output_raw/, but no transform currently reads it, so it produces no Odoo file. Kept because it is real data that may be useful later (verified against src/transform_odoo.py: this entity is referenced 0 times)."
EXTRACTED - NOT USED,,(supporting data - feeds another object),,,,khsalesorder,ProductRecipientPartyDetailsCollection,https://my346623.sapbydesign.com/sap/byd/odata/cust/v1/khsalesorder/ProductRecipientPartyDetailsCollection,28180,14,khsalesorder__ProductRecipientPartyDetailsCollection.json,,,,,SourceObjectNodeTypeCode=132; SourceObjectNodeTypeCodeText=Address; SourceObjectTypeCode=441; SourceObjectTypeCodeText=Business Partner,"Pulled from SAP and saved in output_raw/, but no transform currently reads it, so it produces no Odoo file. Kept because it is real data that may be useful later (verified against src/transform_odoo.py: this entity is referenced 0 times)."
EXTRACTED - NOT USED,,(supporting data - feeds another object),,,,khsalesorder,ProductRecipientPartyFormattedAddressCollection,https://my346623.sapbydesign.com/sap/byd/odata/cust/v1/khsalesorder/ProductRecipientPartyFormattedAddressCollection,28077,3,khsalesorder__ProductRecipientPartyFormattedAddressCollection.json,,,,,"FormattedPostalAddress=GAT NO.1122, 1129, 1140, 129...","Pulled from SAP and saved in output_raw/, but no transform currently reads it, so it produces no Odoo file. Kept because it is real data that may be useful later (verified against src/transform_odoo.py: this entity is referenced 0 times)."
EXTRACTED - NOT USED,,(supporting data - feeds another object),,,,khsalesorder,ItemVendorFormattedAddressCollection,https://my346623.sapbydesign.com/sap/byd/odata/cust/v1/khsalesorder/ItemVendorFormattedAddressCollection,28077,2,khsalesorder__ItemVendorFormattedAddressCollection.json,,,,,"FormattedPostalAddressDescription=GAT NO.1122, 1129, 1140, 129...","Pulled from SAP and saved in output_raw/, but no transform currently reads it, so it produces no Odoo file. Kept because it is real data that may be useful later (verified against src/transform_odoo.py: this entity is referenced 0 times)."
EXTRACTED - NOT USED,,(supporting data - feeds another object),,,,khsalesorder,BuyerPartyNameCollection,https://my346623.sapbydesign.com/sap/byd/odata/cust/v1/khsalesorder/BuyerPartyNameCollection,28077,2,khsalesorder__BuyerPartyNameCollection.json,,,,,FormattedName=Tushar Desale,"Pulled from SAP and saved in output_raw/, but no transform currently reads it, so it produces no Odoo file. Kept because it is real data that may be useful later (verified against src/transform_odoo.py: this entity is referenced 0 times)."
EXTRACTED - NOT USED,,(supporting data - feeds another object),,,,khsalesorder,SalesUnitPartyNameCollection,https://my346623.sapbydesign.com/sap/byd/odata/cust/v1/khsalesorder/SalesUnitPartyNameCollection,28077,2,khsalesorder__SalesUnitPartyNameCollection.json,,,,,FormattedName=Tushar Desale,"Pulled from SAP and saved in output_raw/, but no transform currently reads it, so it produces no Odoo file. Kept because it is real data that may be useful later (verified against src/transform_odoo.py: this entity is referenced 0 times)."
EXTRACTED - NOT USED,,(supporting data - feeds another object),,,,khsalesorder,ItemVendorNameCollection,https://my346623.sapbydesign.com/sap/byd/odata/cust/v1/khsalesorder/ItemVendorNameCollection,28077,2,khsalesorder__ItemVendorNameCollection.json,,,,,FormattedName=Tushar Desale,"Pulled from SAP and saved in output_raw/, but no transform currently reads it, so it produces no Odoo file. Kept because it is real data that may be useful later (verified against src/transform_odoo.py: this entity is referenced 0 times)."
EXTRACTED - NOT USED,,(supporting data - feeds another object),,,,khsalesorder,ProductRecipientPartyNameCollection,https://my346623.sapbydesign.com/sap/byd/odata/cust/v1/khsalesorder/ProductRecipientPartyNameCollection,28054,6,khsalesorder__ProductRecipientPartyNameCollection.json,,,,,FirstLineName=TE CONNECTIVITY INDIA PVT LT...,"Pulled from SAP and saved in output_raw/, but no transform currently reads it, so it produces no Odoo file. Kept because it is real data that may be useful later (verified against src/transform_odoo.py: this entity is referenced 0 times)."
EXTRACTED - NOT USED,,(supporting data - feeds another object),,,,khsalesorder,ProductRecipientPartyPostalAddressCollection,https://my346623.sapbydesign.com/sap/byd/odata/cust/v1/khsalesorder/ProductRecipientPartyPostalAddressCollection,18081,16,khsalesorder__ProductRecipientPartyPostalAddressCollection.json,,,,,CountryCode=IN; CountryCodeText=India; RegionCode=13; RegionCodeText=Maharashtra,"Pulled from SAP and saved in output_raw/, but no transform currently reads it, so it produces no Odoo file. Kept because it is real data that may be useful later (verified against src/transform_odoo.py: this entity is referenced 0 times)."
EXTRACTED - NOT USED,,(supporting data - feeds another object),,,,khsalesorder,ItemShipFromLocationCollection,https://my346623.sapbydesign.com/sap/byd/odata/cust/v1/khsalesorder/ItemShipFromLocationCollection,19866,3,khsalesorder__ItemShipFromLocationCollection.json,,,,,ObjectID=00163E5F7A721ED98AF03C4571D8...; ParentObjectID=00163E5F7A721ED98AF03C4571D8...,"Pulled from SAP and saved in output_raw/, but no transform currently reads it, so it produces no Odoo file. Kept because it is real data that may be useful later (verified against src/transform_odoo.py: this entity is referenced 0 times)."
EXTRACTED - NOT USED,,(supporting data - feeds another object),,,,khsalesorder,RequestedFulfillmentPeriodCollection,https://my346623.sapbydesign.com/sap/byd/odata/cust/v1/khsalesorder/RequestedFulfillmentPeriodCollection,7629,6,khsalesorder__RequestedFulfillmentPeriodCollection.json,,,,,StartDateTime=2019-02-09T18:30:00Z; StartDateTimeZoneCode=INDIA; EndDateTime=2019-02-10T18:30:00Z; EndDateTimeZoneCode=INDIA,"Pulled from SAP and saved in output_raw/, but no transform currently reads it, so it produces no Odoo file. Kept because it is real data that may be useful later (verified against src/transform_odoo.py: this entity is referenced 0 times)."
EXTRACTED - NOT USED,,(supporting data - feeds another object),,,,khsalesorder,ItemPriceAndTaxCalculationCollection,https://my346623.sapbydesign.com/sap/byd/odata/cust/v1/khsalesorder/ItemPriceAndTaxCalculationCollection,9947,17,khsalesorder__ItemPriceAndTaxCalculationCollection.json,,,,,CountryCode=IN; CountryCodeText=India; RegisterDateTime=/Date(1549617253846)/; TaxationCharacteristicsCode=560,"Pulled from SAP and saved in output_raw/, but no transform currently reads it, so it produces no Odoo file. Kept because it is real data that may be useful later (verified against src/transform_odoo.py: this entity is referenced 0 times)."
EXTRACTED - NOT USED,,(supporting data - feeds another object),,,,khsalesorder,ItemDocumentReferenceCollection,https://my346623.sapbydesign.com/sap/byd/odata/cust/v1/khsalesorder/ItemDocumentReferenceCollection,66602,12,khsalesorder__ItemDocumentReferenceCollection.json,,,,,ItemID=10; ItemTypeCode=14; ItemTypeCodeText=Delivery Standard Item; TypeCode=73,"Pulled from SAP and saved in output_raw/, but no transform currently reads it, so it produces no Odoo file. Kept because it is real data that may be useful later (verified against src/transform_odoo.py: this entity is referenced 0 times)."
EXTRACTED - NOT USED,,(supporting data - feeds another object),,,,khsalesorder,PaymentControlCollection,https://my346623.sapbydesign.com/sap/byd/odata/cust/v1/khsalesorder/PaymentControlCollection,5240,10,khsalesorder__PaymentControlCollection.json,,,,,ObjectID=00163E5F7A721ED98AEFE604B5B7...; ParentObjectID=00163E5F7A721ED98AEFE604B5B6...,"Pulled from SAP and saved in output_raw/, but no transform currently reads it, so it produces no Odoo file. Kept because it is real data that may be useful later (verified against src/transform_odoo.py: this entity is referenced 0 times)."
EXTRACTED - NOT USED,,(supporting data - feeds another object),,,,khsalesorder,PricingTermsCollection,https://my346623.sapbydesign.com/sap/byd/odata/cust/v1/khsalesorder/PricingTermsCollection,4327,8,khsalesorder__PricingTermsCollection.json,,,,,CurrencyCode=INR; CurrencyCodeText=Indian Rupee; PriceDateTime=/Date(1549616089000)/; timeZoneCode=INDIA,"Pulled from SAP and saved in output_raw/, but no transform currently reads it, so it produces no Odoo file. Kept because it is real data that may be useful later (verified against src/transform_odoo.py: this entity is referenced 0 times)."
EXTRACTED - NOT USED,,(supporting data - feeds another object),,,,khsalesorder,PriceAndTaxCalculationCollection,https://my346623.sapbydesign.com/sap/byd/odata/cust/v1/khsalesorder/PriceAndTaxCalculationCollection,4326,4,khsalesorder__PriceAndTaxCalculationCollection.json,,,,,CalculationStatusCode=2; CalculationStatusCodeText=Calculated Successfully,"Pulled from SAP and saved in output_raw/, but no transform currently reads it, so it produces no Odoo file. Kept because it is real data that may be useful later (verified against src/transform_odoo.py: this entity is referenced 0 times)."
EXTRACTED - NOT USED,,(supporting data - feeds another object),,,,khsalesorder,DocumentReferenceCollection,https://my346623.sapbydesign.com/sap/byd/odata/cust/v1/khsalesorder/DocumentReferenceCollection,58307,17,khsalesorder__DocumentReferenceCollection.json,,,,,RelationshipRoleCode=2; RelationshipRoleCodeText=Successor; TypeCode=73; TypeCodeText=Outbound Delivery,"Pulled from SAP and saved in output_raw/, but no transform currently reads it, so it produces no Odoo file. Kept because it is real data that may be useful later (verified against src/transform_odoo.py: this entity is referenced 0 times)."
EXTRACTED - NOT USED,,(supporting data - feeds another object),,,,khsupplierinvoice,ItemConfirmedInboundDeliveryReferenceCollection,https://my346623.sapbydesign.com/sap/byd/odata/cust/v1/khsupplierinvoice/ItemConfirmedInboundDeliveryReferenceCollection,684409,4,khsupplierinvoice__ItemConfirmedInboundDeliveryReferenceCollection.json,,,,,ItemID=1,"Pulled from SAP and saved in output_raw/, but no transform currently reads it, so it produces no Odoo file. Kept because it is real data that may be useful later (verified against src/transform_odoo.py: this entity is referenced 0 times)."
EXTRACTED - NOT USED,,(supporting data - feeds another object),,,,khsupplierinvoice,ItemPurchaseOrderReferenceCollection,https://my346623.sapbydesign.com/sap/byd/odata/cust/v1/khsupplierinvoice/ItemPurchaseOrderReferenceCollection,680727,4,khsupplierinvoice__ItemPurchaseOrderReferenceCollection.json,,,,,ItemID=1,"Pulled from SAP and saved in output_raw/, but no transform currently reads it, so it produces no Odoo file. Kept because it is real data that may be useful later (verified against src/transform_odoo.py: this entity is referenced 0 times)."
EXTRACTED - NOT USED,,(supporting data - feeds another object),,,,khsupplierinvoice,BuyerPartyCollection,https://my346623.sapbydesign.com/sap/byd/odata/cust/v1/khsupplierinvoice/BuyerPartyCollection,390746,3,khsupplierinvoice__BuyerPartyCollection.json,,,,,PartyID=70000,"Pulled from SAP and saved in output_raw/, but no transform currently reads it, so it produces no Odoo file. Kept because it is real data that may be useful later (verified against src/transform_odoo.py: this entity is referenced 0 times)."
EXTRACTED - NOT USED,,(supporting data - feeds another object),,,,khsupplierinvoice,BillToPartyCollection,https://my346623.sapbydesign.com/sap/byd/odata/cust/v1/khsupplierinvoice/BillToPartyCollection,390746,3,khsupplierinvoice__BillToPartyCollection.json,,,,,PartyID=70000,"Pulled from SAP and saved in output_raw/, but no transform currently reads it, so it produces no Odoo file. Kept because it is real data that may be useful later (verified against src/transform_odoo.py: this entity is referenced 0 times)."
EXTRACTED - NOT USED,,(supporting data - feeds another object),,,,khsupplierinvoice,PurchaseOrderReferenceCollection,https://my346623.sapbydesign.com/sap/byd/odata/cust/v1/khsupplierinvoice/PurchaseOrderReferenceCollection,349802,8,khsupplierinvoice__PurchaseOrderReferenceCollection.json,,,,,BusinessTransactionDocumentRelationshipRoleCode=7; BusinessTransactionDocumentRelationshipRoleCodeText=Business Partner Document; TypeCode=28; TypeCodeText=Customer Invoice,"Pulled from SAP and saved in output_raw/, but no transform currently reads it, so it produces no Odoo file. Kept because it is real data that may be useful later (verified against src/transform_odoo.py: this entity is referenced 0 times)."
EXTRACTED - NOT USED,,(supporting data - feeds another object),,,,khsupplierinvoice,ConfirmedInboundDeliveryReferenceCollection,https://my346623.sapbydesign.com/sap/byd/odata/cust/v1/khsupplierinvoice/ConfirmedInboundDeliveryReferenceCollection,349802,8,khsupplierinvoice__ConfirmedInboundDeliveryReferenceCollection.json,,,,,BusinessTransactionDocumentRelationshipRoleCode=7; BusinessTransactionDocumentRelationshipRoleCodeText=Business Partner Document; TypeCode=28; TypeCodeText=Customer Invoice,"Pulled from SAP and saved in output_raw/, but no transform currently reads it, so it produces no Odoo file. Kept because it is real data that may be useful later (verified against src/transform_odoo.py: this entity is referenced 0 times)."
EXTRACTED - NOT USED,,(supporting data - feeds another object),,,,khsupplierinvoice,ExternalReferenceCollection,https://my346623.sapbydesign.com/sap/byd/odata/cust/v1/khsupplierinvoice/ExternalReferenceCollection,349829,7,khsupplierinvoice__ExternalReferenceCollection.json,,,,,BusinessTransactionDocumentRelationshipRoleCode=7; BusinessTransactionDocumentRelationshipRoleCodeText=Business Partner Document; TypeCode=28; TypeCodeText=Customer Invoice,"Pulled from SAP and saved in output_raw/, but no transform currently reads it, so it produces no Odoo file. Kept because it is real data that may be useful later (verified against src/transform_odoo.py: this entity is referenced 0 times)."
EXTRACTED - NOT USED,,(supporting data - feeds another object),,,,khsupplierinvoice,SupplierInvoiceExceptionReferenceCollection,https://my346623.sapbydesign.com/sap/byd/odata/cust/v1/khsupplierinvoice/SupplierInvoiceExceptionReferenceCollection,349822,2,khsupplierinvoice__SupplierInvoiceExceptionReferenceCollection.json,,,,,ObjectID=00163E5F7A721ED98B84088F206B...; ParentObjectID=00163E5F7A721ED98B8403012637...,"Pulled from SAP and saved in output_raw/, but no transform currently reads it, so it produces no Odoo file. Kept because it is real data that may be useful later (verified against src/transform_odoo.py: this entity is referenced 0 times)."
EXTRACTED - NOT USED,,(supporting data - feeds another object),,,,khsupplierinvoice,SellerPartyAddressCollection,https://my346623.sapbydesign.com/sap/byd/odata/cust/v1/khsupplierinvoice/SellerPartyAddressCollection,28080,2,khsupplierinvoice__SellerPartyAddressCollection.json,,,,,"FormattedPostalAddressDescription=GAT NO.1122, 1129, 1140, 129...","Pulled from SAP and saved in output_raw/, but no transform currently reads it, so it produces no Odoo file. Kept because it is real data that may be useful later (verified against src/transform_odoo.py: this entity is referenced 0 times)."
EXTRACTED - NOT USED,,(supporting data - feeds another object),,,,khsupplierinvoice,SellerPartyNameCollection,https://my346623.sapbydesign.com/sap/byd/odata/cust/v1/khsupplierinvoice/SellerPartyNameCollection,28080,2,khsupplierinvoice__SellerPartyNameCollection.json,,,,,FormattedName=Tushar Desale,"Pulled from SAP and saved in output_raw/, but no transform currently reads it, so it produces no Odoo file. Kept because it is real data that may be useful later (verified against src/transform_odoo.py: this entity is referenced 0 times)."
EXTRACTED - NOT USED,,(supporting data - feeds another object),,,,khsupplierinvoice,ItemTaxCalculationCollection,https://my346623.sapbydesign.com/sap/byd/odata/cust/v1/khsupplierinvoice/ItemTaxCalculationCollection,105781,10,khsupplierinvoice__ItemTaxCalculationCollection.json,,,,,CountryCode=IN; CountryCodeText=India; TaxationCode=84; WithholdingTaxCode=1,"Pulled from SAP and saved in output_raw/, but no transform currently reads it, so it produces no Odoo file. Kept because it is real data that may be useful later (verified against src/transform_odoo.py: this entity is referenced 0 times)."
EXTRACTED - NOT USED,,(supporting data - feeds another object),,,,khsupplierinvoice,SupplierInvoiceExceptionCollection,https://my346623.sapbydesign.com/sap/byd/odata/cust/v1/khsupplierinvoice/SupplierInvoiceExceptionCollection,2483,6,khsupplierinvoice__SupplierInvoiceExceptionCollection.json,,,,,ProcessingTypeCode=XDUP; ProcessingTypeCodeText=Possible Duplicate; LifeCycleStatusCode=3; LifeCycleStatusCodeText=Accepted,"Pulled from SAP and saved in output_raw/, but no transform currently reads it, so it produces no Odoo file. Kept because it is real data that may be useful later (verified against src/transform_odoo.py: this entity is referenced 0 times)."
EXTRACTED - NOT USED,,(supporting data - feeds another object),,,,vmumaterial,SalesOrganisationNameByValidityCollection,https://my346623.sapbydesign.com/sap/byd/odata/cust/v1/vmumaterial/SalesOrganisationNameByValidityCollection,3,4,vmumaterial__SalesOrganisationNameByValidityCollection.json,,,,,Name=Customer Relationship Manage...; StartDate=/Date(680918400000)/; EndDate=/Date(253402214400000)/,"Pulled from SAP and saved in output_raw/, but no transform currently reads it, so it produces no Odoo file. Kept because it is real data that may be useful later (verified against src/transform_odoo.py: this entity is referenced 0 times)."
EXTRACTED - NOT USED,,(supporting data - feeds another object),,,,vmumaterial,CompanyCurrentNameCollection,https://my346623.sapbydesign.com/sap/byd/odata/cust/v1/vmumaterial/CompanyCurrentNameCollection,1,2,vmumaterial__CompanyCurrentNameCollection.json,,,,,Name=Danlaw Technologies India Li...,"Pulled from SAP and saved in output_raw/, but no transform currently reads it, so it produces no Odoo file. Kept because it is real data that may be useful later (verified against src/transform_odoo.py: this entity is referenced 0 times)."
EXTRACTED - NOT USED,,(supporting data - feeds another object),,,,vmumaterial,BusinessResidenceCurrentNameCollection,https://my346623.sapbydesign.com/sap/byd/odata/cust/v1/vmumaterial/BusinessResidenceCurrentNameCollection,1,2,vmumaterial__BusinessResidenceCurrentNameCollection.json,,,,,Name=Danlaw Technologies India Li...,"Pulled from SAP and saved in output_raw/, but no transform currently reads it, so it produces no Odoo file. Kept because it is real data that may be useful later (verified against src/transform_odoo.py: this entity is referenced 0 times)."
EXTRACTED - NOT USED,,(supporting data - feeds another object),,,,vmumaterialvaluationdata,ValuationLevelCollection,https://my346623.sapbydesign.com/sap/byd/odata/cust/v1/vmumaterialvaluationdata/ValuationLevelCollection,8663,10,vmumaterialvaluationdata__ValuationLevelCollection.json,,,,,PermanentEstablishmentID=71000,"Pulled from SAP and saved in output_raw/, but no transform currently reads it, so it produces no Odoo file. Kept because it is real data that may be useful later (verified against src/transform_odoo.py: this entity is referenced 0 times)."
EXTRACTED - NOT USED,,(supporting data - feeds another object),,,,vmumaterialvaluationdata,AccountDeterminationSpecificationCollection,https://my346623.sapbydesign.com/sap/byd/odata/cust/v1/vmumaterialvaluationdata/AccountDeterminationSpecificationCollection,8663,3,vmumaterialvaluationdata__AccountDeterminationSpecificationCollection.json,,,,,AccountDeterminationGroupCode=3010; AccountDeterminationGroupCodeText=Raw materials,"Pulled from SAP and saved in output_raw/, but no transform currently reads it, so it produces no Odoo file. Kept because it is real data that may be useful later (verified against src/transform_odoo.py: this entity is referenced 0 times)."
EXTRACTED - NOT USED,,(supporting data - feeds another object),,,,vmumaterialvaluationdata,InventoryValuationSpecificationCollection,https://my346623.sapbydesign.com/sap/byd/odata/cust/v1/vmumaterialvaluationdata/InventoryValuationSpecificationCollection,8663,3,vmumaterialvaluationdata__InventoryValuationSpecificationCollection.json,,,,,PerpetualCostMethodCode=2; PerpetualCostMethodCodeText=Moving Average,"Pulled from SAP and saved in output_raw/, but no transform currently reads it, so it produces no Odoo file. Kept because it is real data that may be useful later (verified against src/transform_odoo.py: this entity is referenced 0 times)."
EXTRACTED - NOT USED,,(supporting data - feeds another object),,,,pmm_productdata_analytics.svc,RPSERVICE_Q0001QueryResults,https://my346623.sapbydesign.com/sap/byd/odata/pmm_productdata_analytics.svc/RPSERVICE_Q0001QueryResults,4,18,pmm_productdata_analytics.svc__RPSERVICE_Q0001QueryResults.json,,,,,CBASE_MSR_UNIT=EA; CCHG_DATE=/Date(1618963200000)/; CCRTE_DATE=/Date(1618963200000)/; CSERV_INT_ID=FREIGHTCHARGES,"Pulled from SAP and saved in output_raw/, but no transform currently reads it, so it produces no Odoo file. Kept because it is real data that may be useful later (verified against src/transform_odoo.py: this entity is referenced 0 times)."
EXTRACTED - NOT USED,,(supporting data - feeds another object),,,,fin_payablesap_analytics.svc,RPFINDUEU04_Q0004QueryResults,"https://my346623.sapbydesign.com/sap/byd/odata/fin_payablesap_analytics.svc/RPFINDUEU04_Q0004QueryResults?$select=CIM_BP_UUID,CIM_B_BTD_ID,CIM_B_BTD_DATE,CIM_TRANSCURR,CCOMP_UUID,FCOUTSTANDING_AMNT,FCOVEDUE_AMNT",0,0,fin_payablesap_analytics.svc__RPFINDUEU04_Q0004QueryResults.json,,,,,,"Pulled from SAP and saved in output_raw/, but no transform currently reads it, so it produces no Odoo file. Kept because it is real data that may be useful later (verified against src/transform_odoo.py: this entity is referenced 0 times)."
EXTRACTED - NOT USED,,(supporting data - feeds another object),,,,khcustomer,RoleCollection,https://my346623.sapbydesign.com/sap/byd/odata/cust/v1/khcustomer/RoleCollection,265,8,khcustomer__RoleCollection.json,,,,,BusinessCharacterCode=CRM000; BusinessCharacterCodeText=Sold-To Party/Customer; BusinessObjectTypeCode=159; BusinessObjectTypeCodeText=Account,"Pulled from SAP and saved in output_raw/, but no transform currently reads it, so it produces no Odoo file. Kept because it is real data that may be useful later (verified against src/transform_odoo.py: this entity is referenced 0 times)."
EXTRACTED - NOT USED,,(supporting data - feeds another object),,,,khcustomer,AddressUsageCollection,https://my346623.sapbydesign.com/sap/byd/odata/cust/v1/khcustomer/AddressUsageCollection,347,7,khcustomer__AddressUsageCollection.json,,,,,AddressUsageCode=XXDEFAULT; AddressUsageCodeText=Stand. address; ValidityStartDate=/Date(-62135769600000)/; ValidityEndDate=/Date(253402214400000)/,"Pulled from SAP and saved in output_raw/, but no transform currently reads it, so it produces no Odoo file. Kept because it is real data that may be useful later (verified against src/transform_odoo.py: this entity is referenced 0 times)."
EXTRACTED - NOT USED,,(supporting data - feeds another object),,,,khcustomer,AddressInformationCollection,https://my346623.sapbydesign.com/sap/byd/odata/cust/v1/khcustomer/AddressInformationCollection,268,3,khcustomer__AddressInformationCollection.json,,,,,ObjectID=00163E5F7A721ED9888B75CEA3DF...; ParentObjectID=00163E5F7A721ED9888B75CEA3DF...; UUID=00163E5F-7A72-1ED9-888B-BD2D...,"Pulled from SAP and saved in output_raw/, but no transform currently reads it, so it produces no Odoo file. Kept because it is real data that may be useful later (verified against src/transform_odoo.py: this entity is referenced 0 times)."
EXTRACTED - NOT USED,,(supporting data - feeds another object),,,,khcustomer,CommunicationPreferenceCollection,https://my346623.sapbydesign.com/sap/byd/odata/cust/v1/khcustomer/CommunicationPreferenceCollection,75,6,khcustomer__CommunicationPreferenceCollection.json,,,,,ObjectID=AVCPRGEN100163E5F7A721ED9888...; ParentObjectID=00163E5F7A721ED9888B75CEA3DF...; CorrespondenceLanguageCode=EN; CorrespondenceLanguageCodeText=English,"Pulled from SAP and saved in output_raw/, but no transform currently reads it, so it produces no Odoo file. Kept because it is real data that may be useful later (verified against src/transform_odoo.py: this entity is referenced 0 times)."
EXTRACTED - NOT USED,,(supporting data - feeds another object),,,,khcustomer,FormattedAddressCollection,https://my346623.sapbydesign.com/sap/byd/odata/cust/v1/khcustomer/FormattedAddressCollection,230,3,khcustomer__FormattedAddressCollection.json,,,,,FormattedPostalAddressDescription=THANE 400708 / IN,"Pulled from SAP and saved in output_raw/, but no transform currently reads it, so it produces no Odoo file. Kept because it is real data that may be useful later (verified against src/transform_odoo.py: this entity is referenced 0 times)."
EXTRACTED - NOT USED,,(supporting data - feeds another object),,,,khcustomer,NationalBankIdentificationCollection,https://my346623.sapbydesign.com/sap/byd/odata/cust/v1/khcustomer/NationalBankIdentificationCollection,848,4,khcustomer__NationalBankIdentificationCollection.json,,,,,BankRoutingID=CORP0000280; BankRoutingIDTypeCode=IN; BankRoutingIDTypeCodeText=Indian Financial System Code...,"Pulled from SAP and saved in output_raw/, but no transform currently reads it, so it produces no Odoo file. Kept because it is real data that may be useful later (verified against src/transform_odoo.py: this entity is referenced 0 times)."
EXTRACTED - NOT USED,,(supporting data - feeds another object),,,,khcustomer,MobilePhoneCollection,https://my346623.sapbydesign.com/sap/byd/odata/cust/v1/khcustomer/MobilePhoneCollection,8,4,khcustomer__MobilePhoneCollection.json,,,,,FormattedNumberDescription=+91 80566078; NormalisedNumberDescription=+9180566078,"Pulled from SAP and saved in output_raw/, but no transform currently reads it, so it produces no Odoo file. Kept because it is real data that may be useful later (verified against src/transform_odoo.py: this entity is referenced 0 times)."
EXTRACTED - NOT USED,,(supporting data - feeds another object),,,,khcustomer,ConventionalPhoneCollection,https://my346623.sapbydesign.com/sap/byd/odata/cust/v1/khcustomer/ConventionalPhoneCollection,8,4,khcustomer__ConventionalPhoneCollection.json,,,,,FormattedNumberDescription=+91 80566078; NormalisedNumberDescription=+9180566078,"Pulled from SAP and saved in output_raw/, but no transform currently reads it, so it produces no Odoo file. Kept because it is real data that may be useful later (verified against src/transform_odoo.py: this entity is referenced 0 times)."
EXTRACTED - NOT USED,,(supporting data - feeds another object),,,,khcustomer,WebSiteCollection,https://my346623.sapbydesign.com/sap/byd/odata/cust/v1/khcustomer/WebSiteCollection,1,3,khcustomer__WebSiteCollection.json,,,,,URI=www.titancem.com,"Pulled from SAP and saved in output_raw/, but no transform currently reads it, so it produces no Odoo file. Kept because it is real data that may be useful later (verified against src/transform_odoo.py: this entity is referenced 0 times)."
EXTRACTED - NOT USED,,(supporting data - feeds another object),,,,khcustomerinvoicerequest,SalesUnitPartyCollection,https://my346623.sapbydesign.com/sap/byd/odata/cust/v1/khcustomerinvoicerequest/SalesUnitPartyCollection,165679,3,khcustomerinvoicerequest__SalesUnitPartyCollection.json,,,,,PartyID=8000017,"Pulled from SAP and saved in output_raw/, but no transform currently reads it, so it produces no Odoo file. Kept because it is real data that may be useful later (verified against src/transform_odoo.py: this entity is referenced 0 times)."
EXTRACTED - NOT USED,,(supporting data - feeds another object),,,,khcustomerinvoicerequest,BuyerPartyFormattedAddressCollection,https://my346623.sapbydesign.com/sap/byd/odata/cust/v1/khcustomerinvoicerequest/BuyerPartyFormattedAddressCollection,28080,2,khcustomerinvoicerequest__BuyerPartyFormattedAddressCollection.json,,,,,"FormattedPostalAddressDescription=GAT NO.1122, 1129, 1140, 129...","Pulled from SAP and saved in output_raw/, but no transform currently reads it, so it produces no Odoo file. Kept because it is real data that may be useful later (verified against src/transform_odoo.py: this entity is referenced 0 times)."
EXTRACTED - NOT USED,,(supporting data - feeds another object),,,,khcustomerinvoicerequest,BuyerPartyNameCollection,https://my346623.sapbydesign.com/sap/byd/odata/cust/v1/khcustomerinvoicerequest/BuyerPartyNameCollection,28080,2,khcustomerinvoicerequest__BuyerPartyNameCollection.json,,,,,FormattedName=Tushar Desale,"Pulled from SAP and saved in output_raw/, but no transform currently reads it, so it produces no Odoo file. Kept because it is real data that may be useful later (verified against src/transform_odoo.py: this entity is referenced 0 times)."
EXTRACTED - NOT USED,,(supporting data - feeds another object),,,,khcustomerinvoicerequest,EmployeeResponsibleNameCollection,https://my346623.sapbydesign.com/sap/byd/odata/cust/v1/khcustomerinvoicerequest/EmployeeResponsibleNameCollection,28080,2,khcustomerinvoicerequest__EmployeeResponsibleNameCollection.json,,,,,FormattedName=Tushar Desale,"Pulled from SAP and saved in output_raw/, but no transform currently reads it, so it produces no Odoo file. Kept because it is real data that may be useful later (verified against src/transform_odoo.py: this entity is referenced 0 times)."
EXTRACTED - NOT USED,,(supporting data - feeds another object),,,,khcustomerinvoicerequest,SalesUnitNameCollection,https://my346623.sapbydesign.com/sap/byd/odata/cust/v1/khcustomerinvoicerequest/SalesUnitNameCollection,28036,2,khcustomerinvoicerequest__SalesUnitNameCollection.json,,,,,FormattedName=Tushar Desale,"Pulled from SAP and saved in output_raw/, but no transform currently reads it, so it produces no Odoo file. Kept because it is real data that may be useful later (verified against src/transform_odoo.py: this entity is referenced 0 times)."
EXTRACTED - NOT USED,,(supporting data - feeds another object),,,,khcustomerinvoicerequest,BillToPartyNameCollection,https://my346623.sapbydesign.com/sap/byd/odata/cust/v1/khcustomerinvoicerequest/BillToPartyNameCollection,28036,2,khcustomerinvoicerequest__BillToPartyNameCollection.json,,,,,FormattedName=Tushar Desale,"Pulled from SAP and saved in output_raw/, but no transform currently reads it, so it produces no Odoo file. Kept because it is real data that may be useful later (verified against src/transform_odoo.py: this entity is referenced 0 times)."
EXTRACTED - NOT USED,,(supporting data - feeds another object),,,,khcustomerinvoicerequest,ItemCollection,https://my346623.sapbydesign.com/sap/byd/odata/cust/v1/khcustomerinvoicerequest/ItemCollection,44970,29,khcustomerinvoicerequest__ItemCollection.json,,,,,BaseBusinessTransactionDocumentItemID=10; Description=Scrap Sale 38/1302; ProcessingTypeCode=CII; ProcessingTypeCodeText=Invoice Item,"Pulled from SAP and saved in output_raw/, but no transform currently reads it, so it produces no Odoo file. Kept because it is real data that may be useful later (verified against src/transform_odoo.py: this entity is referenced 0 times)."
EXTRACTED - NOT USED,,(supporting data - feeds another object),,,,khcustomerinvoicerequest,PaymentControlCollection,https://my346623.sapbydesign.com/sap/byd/odata/cust/v1/khcustomerinvoicerequest/PaymentControlCollection,6385,10,khcustomerinvoicerequest__PaymentControlCollection.json,,,,,ObjectID=00163E5F7A721ED98DD1C3924711...; ParentObjectID=00163E5F7A721ED98DD1C392470E...,"Pulled from SAP and saved in output_raw/, but no transform currently reads it, so it produces no Odoo file. Kept because it is real data that may be useful later (verified against src/transform_odoo.py: this entity is referenced 0 times)."
EXTRACTED - NOT USED,,(supporting data - feeds another object),,,,khcustomerinvoicerequest,CashDiscountTermsCollection,https://my346623.sapbydesign.com/sap/byd/odata/cust/v1/khcustomerinvoicerequest/CashDiscountTermsCollection,6298,6,khcustomerinvoicerequest__CashDiscountTermsCollection.json,,,,,FullPaymentEndDate=/Date(1550793600000)/; PaymentBaselineDate=/Date(1550793600000)/,"Pulled from SAP and saved in output_raw/, but no transform currently reads it, so it produces no Odoo file. Kept because it is real data that may be useful later (verified against src/transform_odoo.py: this entity is referenced 0 times)."
EXTRACTED - NOT USED,,(supporting data - feeds another object),,,,khcustomerinvoicerequest,ItemBusinessTransactionDocumentReferenceCollection,https://my346623.sapbydesign.com/sap/byd/odata/cust/v1/khcustomerinvoicerequest/ItemBusinessTransactionDocumentReferenceCollection,76872,12,khcustomerinvoicerequest__ItemBusinessTransactionDocumentReferenceCollection.json,,,,,DocumentRelationshipRoleCode=1; DocumentRelationshipRoleCodeText=Predecessor; TypeCode=001; TypeCodeText=Purchase Order,"Pulled from SAP and saved in output_raw/, but no transform currently reads it, so it produces no Odoo file. Kept because it is real data that may be useful later (verified against src/transform_odoo.py: this entity is referenced 0 times)."
EXTRACTED - NOT USED,,(supporting data - feeds another object),,,,khgoodsandactivityconfirmation,OwnerPartyCollection,https://my346623.sapbydesign.com/sap/byd/odata/cust/v1/khgoodsandactivityconfirmation/OwnerPartyCollection,2542,10,khgoodsandactivityconfirmation__OwnerPartyCollection.json,,,,,RoleCode=CRM000; RoleCodeText=Account; StartDate=/Date(-62135769600000)/; EndDate=/Date(253402214400000)/,"Pulled from SAP and saved in output_raw/, but no transform currently reads it, so it produces no Odoo file. Kept because it is real data that may be useful later (verified against src/transform_odoo.py: this entity is referenced 0 times)."
EXTRACTED - NOT USED,,(supporting data - feeds another object),,,,khgoodsandactivityconfirmation,CustodianPartyCollection,https://my346623.sapbydesign.com/sap/byd/odata/cust/v1/khgoodsandactivityconfirmation/CustodianPartyCollection,2542,5,khgoodsandactivityconfirmation__CustodianPartyCollection.json,,,,,CategoryCode=2; CategoryCodeText=Organization; InternalID=1113761; BusinessPartnerFormattedName=TE CONNECTIVITY INDIA PVT LT...,"Pulled from SAP and saved in output_raw/, but no transform currently reads it, so it produces no Odoo file. Kept because it is real data that may be useful later (verified against src/transform_odoo.py: this entity is referenced 0 times)."
EXTRACTED - NOT USED,,(supporting data - feeds another object),,,,khgoodsandactivityconfirmation,IdentifiedStockCollection,https://my346623.sapbydesign.com/sap/byd/odata/cust/v1/khgoodsandactivityconfirmation/IdentifiedStockCollection,52176,4,khgoodsandactivityconfirmation__IdentifiedStockCollection.json,,,,,IdentifiedStockTypeCode=03; IdentifiedStockTypeCodeText=Optional Specified Stock,"Pulled from SAP and saved in output_raw/, but no transform currently reads it, so it produces no Odoo file. Kept because it is real data that may be useful later (verified against src/transform_odoo.py: this entity is referenced 0 times)."
EXTRACTED - NOT USED,,(supporting data - feeds another object),,,,khgoodsandactivityconfirmation,LogisticsAreaCollection,https://my346623.sapbydesign.com/sap/byd/odata/cust/v1/khgoodsandactivityconfirmation/LogisticsAreaCollection,18,3,khgoodsandactivityconfirmation__LogisticsAreaCollection.json,,,,,Description=QA –Rework,"Pulled from SAP and saved in output_raw/, but no transform currently reads it, so it produces no Odoo file. Kept because it is real data that may be useful later (verified against src/transform_odoo.py: this entity is referenced 0 times)."
EXTRACTED - NOT USED,,(supporting data - feeds another object),,,,khgoodsandactivityconfirmation,LocationCollection,https://my346623.sapbydesign.com/sap/byd/odata/cust/v1/khgoodsandactivityconfirmation/LocationCollection,1,3,khgoodsandactivityconfirmation__LocationCollection.json,,,,,Name=Danlaw Technologies India Li...,"Pulled from SAP and saved in output_raw/, but no transform currently reads it, so it produces no Odoo file. Kept because it is real data that may be useful later (verified against src/transform_odoo.py: this entity is referenced 0 times)."
EXTRACTED - NOT USED,,(supporting data - feeds another object),,,,khgoodsandactivityconfirmation,PermanentEstablishmentCollection,https://my346623.sapbydesign.com/sap/byd/odata/cust/v1/khgoodsandactivityconfirmation/PermanentEstablishmentCollection,1,2,khgoodsandactivityconfirmation__PermanentEstablishmentCollection.json,,,,,ObjectID=00163E5F7A721EE987A835E9FA7E...; ID=71000,"Pulled from SAP and saved in output_raw/, but no transform currently reads it, so it produces no Odoo file. Kept because it is real data that may be useful later (verified against src/transform_odoo.py: this entity is referenced 0 times)."
EXTRACTED - NOT USED,,(supporting data - feeds another object),,,,khgoodsandactivityconfirmation,SupplyPlanningAreaCollection,https://my346623.sapbydesign.com/sap/byd/odata/cust/v1/khgoodsandactivityconfirmation/SupplyPlanningAreaCollection,1,3,khgoodsandactivityconfirmation__SupplyPlanningAreaCollection.json,,,,,Description=Danlaw Technologies India Li...,"Pulled from SAP and saved in output_raw/, but no transform currently reads it, so it produces no Odoo file. Kept because it is real data that may be useful later (verified against src/transform_odoo.py: this entity is referenced 0 times)."
EXTRACTED - NOT USED,,(supporting data - feeds another object),,,,khhousebankaccount,DescriptionCollection,https://my346623.sapbydesign.com/sap/byd/odata/cust/v1/khhousebankaccount/DescriptionCollection,6,5,khhousebankaccount__DescriptionCollection.json,,,,,Description=Savings Account,"Pulled from SAP and saved in output_raw/, but no transform currently reads it, so it produces no Odoo file. Kept because it is real data that may be useful later (verified against src/transform_odoo.py: this entity is referenced 0 times)."
EXTRACTED - NOT USED,,(supporting data - feeds another object),,,,khhousebankaccount,HouseBankCollection,https://my346623.sapbydesign.com/sap/byd/odata/cust/v1/khhousebankaccount/HouseBankCollection,5,6,khhousebankaccount__HouseBankCollection.json,,,,,InternalID=8000013; LifeCycleStatusCode=2; LifeCycleStatusCodeText=Active; BusinessPartnerFormattedName=Generic Customer Bank,"Pulled from SAP and saved in output_raw/, but no transform currently reads it, so it produces no Odoo file. Kept because it is real data that may be useful later (verified against src/transform_odoo.py: this entity is referenced 0 times)."
EXTRACTED - NOT USED,,(supporting data - feeds another object),,,,khhousebankaccount,NationalBankIdentificationCollection,https://my346623.sapbydesign.com/sap/byd/odata/cust/v1/khhousebankaccount/NationalBankIdentificationCollection,848,7,khhousebankaccount__NationalBankIdentificationCollection.json,,,,,BankRoutingID=CORP0000280; BankRoutingIDTypeCode=IN; BankRoutingIDTypeCodeText=Indian Financial System Code...; DefaultIndicator=True,"Pulled from SAP and saved in output_raw/, but no transform currently reads it, so it produces no Odoo file. Kept because it is real data that may be useful later (verified against src/transform_odoo.py: this entity is referenced 0 times)."
EXTRACTED - NOT USED,,(supporting data - feeds another object),,,,khserviceproduct,SalesOrganisationNameByValidityCollection,https://my346623.sapbydesign.com/sap/byd/odata/cust/v1/khserviceproduct/SalesOrganisationNameByValidityCollection,3,4,khserviceproduct__SalesOrganisationNameByValidityCollection.json,,,,,Name=Customer Relationship Manage...; StartDate=/Date(680918400000)/; EndDate=/Date(253402214400000)/,"Pulled from SAP and saved in output_raw/, but no transform currently reads it, so it produces no Odoo file. Kept because it is real data that may be useful later (verified against src/transform_odoo.py: this entity is referenced 0 times)."
EXTRACTED - NOT USED,,(supporting data - feeds another object),,,,khserviceproduct,ServiceProductCollection,https://my346623.sapbydesign.com/sap/byd/odata/cust/v1/khserviceproduct/ServiceProductCollection,5,11,khserviceproduct__ServiceProductCollection.json,,,,,InternalID=CUSTOMDUTY; Description=Custom Duty; BaseMeasureUnitCode=EA; BaseMeasureUnitCodeText=Each,"Pulled from SAP and saved in output_raw/, but no transform currently reads it, so it produces no Odoo file. Kept because it is real data that may be useful later (verified against src/transform_odoo.py: this entity is referenced 0 times)."
EXTRACTED - NOT USED,,(supporting data - feeds another object),,,,khserviceproduct,ProductCategoryCollection,https://my346623.sapbydesign.com/sap/byd/odata/cust/v1/khserviceproduct/ProductCategoryCollection,5,6,khserviceproduct__ProductCategoryCollection.json,,,,,ProductCategoryInternalID=OTH; Description=OTHERS,"Pulled from SAP and saved in output_raw/, but no transform currently reads it, so it produces no Odoo file. Kept because it is real data that may be useful later (verified against src/transform_odoo.py: this entity is referenced 0 times)."
EXTRACTED - NOT USED,,(supporting data - feeds another object),,,,khserviceproduct,ValuationCollection,https://my346623.sapbydesign.com/sap/byd/odata/cust/v1/khserviceproduct/ValuationCollection,5,5,khserviceproduct__ValuationCollection.json,,,,,CompanyID=70000; LifeCycleStatusCode=2; LifeCycleStatusCodeText=Active,"Pulled from SAP and saved in output_raw/, but no transform currently reads it, so it produces no Odoo file. Kept because it is real data that may be useful later (verified against src/transform_odoo.py: this entity is referenced 0 times)."
EXTRACTED - NOT USED,,(supporting data - feeds another object),,,,khserviceproduct,IdentificationCollection,https://my346623.sapbydesign.com/sap/byd/odata/cust/v1/khserviceproduct/IdentificationCollection,5,5,khserviceproduct__IdentificationCollection.json,,,,,ProductID=CUSTOMDUTY; ProductIdentifierTypeCode=1; ProductIdentifierTypeCodeText=Internal ID,"Pulled from SAP and saved in output_raw/, but no transform currently reads it, so it produces no Odoo file. Kept because it is real data that may be useful later (verified against src/transform_odoo.py: this entity is referenced 0 times)."
EXTRACTED - NOT USED,,(supporting data - feeds another object),,,,khserviceproduct,SalesCollection,https://my346623.sapbydesign.com/sap/byd/odata/cust/v1/khserviceproduct/SalesCollection,3,17,khserviceproduct__SalesCollection.json,,,,,SalesOrganisationID=71000; DistributionChannelCode=01; DistributionChannelCodeText=Direct sales; LifeCycleStatusCode=2,"Pulled from SAP and saved in output_raw/, but no transform currently reads it, so it produces no Odoo file. Kept because it is real data that may be useful later (verified against src/transform_odoo.py: this entity is referenced 0 times)."
EXTRACTED - NOT USED,,(supporting data - feeds another object),,,,khserviceproduct,CompanyCurrentNameCollection,https://my346623.sapbydesign.com/sap/byd/odata/cust/v1/khserviceproduct/CompanyCurrentNameCollection,1,2,khserviceproduct__CompanyCurrentNameCollection.json,,,,,Name=Danlaw Technologies India Li...,"Pulled from SAP and saved in output_raw/, but no transform currently reads it, so it produces no Odoo file. Kept because it is real data that may be useful later (verified against src/transform_odoo.py: this entity is referenced 0 times)."
EXTRACTED - NOT USED,,(supporting data - feeds another object),,,,khserviceproduct,PurchasingCollection,https://my346623.sapbydesign.com/sap/byd/odata/cust/v1/khserviceproduct/PurchasingCollection,5,6,khserviceproduct__PurchasingCollection.json,,,,,PurchasingMeasureUnitCode=EA; PurchasingMeasureUnitCodeText=Each; LifeCycleStatusCode=2; LifeCycleStatusCodeText=Active,"Pulled from SAP and saved in output_raw/, but no transform currently reads it, so it produces no Odoo file. Kept because it is real data that may be useful later (verified against src/transform_odoo.py: this entity is referenced 0 times)."
EXTRACTED - NOT USED,,(supporting data - feeds another object),,,,khserviceproduct,DeviantTaxClassificationCollection,https://my346623.sapbydesign.com/sap/byd/odata/cust/v1/khserviceproduct/DeviantTaxClassificationCollection,0,0,khserviceproduct__DeviantTaxClassificationCollection.json,,,,,,"Pulled from SAP and saved in output_raw/, but no transform currently reads it, so it produces no Odoo file. Kept because it is real data that may be useful later (verified against src/transform_odoo.py: this entity is referenced 0 times)."
EXTRACTED - NOT USED,,(supporting data - feeds another object),,,,khsupplier,CurrentDefaultAddressInformationCollection,https://my346623.sapbydesign.com/sap/byd/odata/cust/v1/khsupplier/CurrentDefaultAddressInformationCollection,4281,3,khsupplier__CurrentDefaultAddressInformationCollection.json,,,,,ObjectID=00163E5F7A721ED9889502A6C9BF...; ParentObjectID=00163E5F7A721ED9889502A6C9BF...; UUID=00163E5F-7A72-1ED9-8896-C490...,"Pulled from SAP and saved in output_raw/, but no transform currently reads it, so it produces no Odoo file. Kept because it is real data that may be useful later (verified against src/transform_odoo.py: this entity is referenced 0 times)."
EXTRACTED - NOT USED,,(supporting data - feeds another object),,,,khsupplier,PurchasingDataCollection,https://my346623.sapbydesign.com/sap/byd/odata/cust/v1/khsupplier/PurchasingDataCollection,2133,15,khsupplier__PurchasingDataCollection.json,,,,,LifeCycleStatusCode=2; LifeCycleStatusCodeText=Active; PaymentTermsCode=Z009; PaymentTermsCodeText=60days from the dt of Invoic...,"Pulled from SAP and saved in output_raw/, but no transform currently reads it, so it produces no Odoo file. Kept because it is real data that may be useful later (verified against src/transform_odoo.py: this entity is referenced 0 times)."
EXTRACTED - NOT USED,,(supporting data - feeds another object),,,,khsupplier,CurrentDefaultCommunicationPreferenceCollection,https://my346623.sapbydesign.com/sap/byd/odata/cust/v1/khsupplier/CurrentDefaultCommunicationPreferenceCollection,40,6,khsupplier__CurrentDefaultCommunicationPreferenceCollection.json,,,,,ObjectID=AVCPRGEN100163E5F7A721ED989C...; ParentObjectID=00163E5F7A721ED989C1BCBBD4C0...; CorrespondenceLanguageCode=EN; CorrespondenceLanguageCodeText=English,"Pulled from SAP and saved in output_raw/, but no transform currently reads it, so it produces no Odoo file. Kept because it is real data that may be useful later (verified against src/transform_odoo.py: this entity is referenced 0 times)."
EXTRACTED - NOT USED,,(supporting data - feeds another object),,,,khsupplier,WithholdingTaxClassificationCollection,https://my346623.sapbydesign.com/sap/byd/odata/cust/v1/khsupplier/WithholdingTaxClassificationCollection,390,12,khsupplier__WithholdingTaxClassificationCollection.json,,,,,CountryCode=IN; CountryCodeText=India; TaxTypeCode=19; TaxTypeCodeText=Withholding Income Tax,"Pulled from SAP and saved in output_raw/, but no transform currently reads it, so it produces no Odoo file. Kept because it is real data that may be useful later (verified against src/transform_odoo.py: this entity is referenced 0 times)."
EXTRACTED - NOT USED,,(supporting data - feeds another object),,,,khsupplier,CurrentDefaultMobilePhoneCollection,https://my346623.sapbydesign.com/sap/byd/odata/cust/v1/khsupplier/CurrentDefaultMobilePhoneCollection,22,4,khsupplier__CurrentDefaultMobilePhoneCollection.json,,,,,FormattedNumberDescription=+91 2782786; NormalisedNumberDescription=+912782786,"Pulled from SAP and saved in output_raw/, but no transform currently reads it, so it produces no Odoo file. Kept because it is real data that may be useful later (verified against src/transform_odoo.py: this entity is referenced 0 times)."
EXTRACTED - NOT USED,,(supporting data - feeds another object),,,,khsupplier,CurrentDefaultConventionalPhoneCollection,https://my346623.sapbydesign.com/sap/byd/odata/cust/v1/khsupplier/CurrentDefaultConventionalPhoneCollection,22,4,khsupplier__CurrentDefaultConventionalPhoneCollection.json,,,,,FormattedNumberDescription=+91 2782786; NormalisedNumberDescription=+912782786,"Pulled from SAP and saved in output_raw/, but no transform currently reads it, so it produces no Odoo file. Kept because it is real data that may be useful later (verified against src/transform_odoo.py: this entity is referenced 0 times)."
EXTRACTED - NOT USED,,(supporting data - feeds another object),,,,khsupplier,NationalBankIdentificationCollection,https://my346623.sapbydesign.com/sap/byd/odata/cust/v1/khsupplier/NationalBankIdentificationCollection,848,4,khsupplier__NationalBankIdentificationCollection.json,,,,,BankRoutingID=CORP0000280; BankRoutingIDTypeCode=IN; BankRoutingIDTypeCodeText=Indian Financial System Code...,"Pulled from SAP and saved in output_raw/, but no transform currently reads it, so it produces no Odoo file. Kept because it is real data that may be useful later (verified against src/transform_odoo.py: this entity is referenced 0 times)."
EXTRACTED - NOT USED,,(supporting data - feeds another object),,,,khsupplier,CurrentDefaultEMailCollection,https://my346623.sapbydesign.com/sap/byd/odata/cust/v1/khsupplier/CurrentDefaultEMailCollection,14,4,khsupplier__CurrentDefaultEMailCollection.json,,,,,NormalisedURI=csr_2@TRONICS.COM.SG; URI=csr_2@tronics.com.sg,"Pulled from SAP and saved in output_raw/, but no transform currently reads it, so it produces no Odoo file. Kept because it is real data that may be useful later (verified against src/transform_odoo.py: this entity is referenced 0 times)."
EXTRACTED - NOT USED,,(supporting data - feeds another object),,,,khsupplier,TaxExemptionCollection,https://my346623.sapbydesign.com/sap/byd/odata/cust/v1/khsupplier/TaxExemptionCollection,0,0,khsupplier__TaxExemptionCollection.json,,,,,,"Pulled from SAP and saved in output_raw/, but no transform currently reads it, so it produces no Odoo file. Kept because it is real data that may be useful later (verified against src/transform_odoo.py: this entity is referenced 0 times)."
EXTRACTED - NOT USED,,(supporting data - feeds another object),,,,khsupplier,CurrentDefaultWebSiteCollection,https://my346623.sapbydesign.com/sap/byd/odata/cust/v1/khsupplier/CurrentDefaultWebSiteCollection,2,3,khsupplier__CurrentDefaultWebSiteCollection.json,,,,,URI=www.anandspacers.co.in,"Pulled from SAP and saved in output_raw/, but no transform currently reads it, so it produces no Odoo file. Kept because it is real data that may be useful later (verified against src/transform_odoo.py: this entity is referenced 0 times)."
EXTRACTED - NOT USED,,(supporting data - feeds another object),,,,khbusinesspartner,RoleCollection,https://my346623.sapbydesign.com/sap/byd/odata/cust/v1/khbusinesspartner/RoleCollection,6843,8,khbusinesspartner__RoleCollection.json,,,,,BusinessCharacterCode=CRM000; BusinessCharacterCodeText=Sold-To Party/Customer; BusinessObjectTypeCode=159; BusinessObjectTypeCodeText=Account,"Pulled from SAP and saved in output_raw/, but no transform currently reads it, so it produces no Odoo file. Kept because it is real data that may be useful later (verified against src/transform_odoo.py: this entity is referenced 0 times)."
EXTRACTED - NOT USED,,(supporting data - feeds another object),,,,khbusinesspartner,BusinessPartnerCollection,https://my346623.sapbydesign.com/sap/byd/odata/cust/v1/khbusinesspartner/BusinessPartnerCollection,2542,31,khbusinesspartner__BusinessPartnerCollection.json,,,,,InternalID=1113761; CategoryCode=2; CategoryCodeText=Organization; LifeCycleStatusCode=2,"Pulled from SAP and saved in output_raw/, but no transform currently reads it, so it produces no Odoo file. Kept because it is real data that may be useful later (verified against src/transform_odoo.py: this entity is referenced 0 times)."
EXTRACTED - NOT USED,,(supporting data - feeds another object),,,,khbusinesspartner,CurrentDefaultAddressInformationCollection,https://my346623.sapbydesign.com/sap/byd/odata/cust/v1/khbusinesspartner/CurrentDefaultAddressInformationCollection,4648,3,khbusinesspartner__CurrentDefaultAddressInformationCollection.json,,,,,ObjectID=00163E5F7A721ED9888B75CEA3DF...; ParentObjectID=00163E5F7A721ED9888B75CEA3DF...; UUID=00163E5F-7A72-1ED9-888B-BD2D...,"Pulled from SAP and saved in output_raw/, but no transform currently reads it, so it produces no Odoo file. Kept because it is real data that may be useful later (verified against src/transform_odoo.py: this entity is referenced 0 times)."
EXTRACTED - NOT USED,,(supporting data - feeds another object),,,,khbusinesspartner,PostalAddressCollection,https://my346623.sapbydesign.com/sap/byd/odata/cust/v1/khbusinesspartner/PostalAddressCollection,4647,28,khbusinesspartner__PostalAddressCollection.json,,,,,"CountryCode=IN; CountryCodeText=India; StreetPostalCode=412801; StreetName=GAT NO.1122, 1129, 1140, 129...","Pulled from SAP and saved in output_raw/, but no transform currently reads it, so it produces no Odoo file. Kept because it is real data that may be useful later (verified against src/transform_odoo.py: this entity is referenced 0 times)."
EXTRACTED - NOT USED,,(supporting data - feeds another object),,,,khbusinesspartner,IdentificationCollection,https://my346623.sapbydesign.com/sap/byd/odata/cust/v1/khbusinesspartner/IdentificationCollection,102,5,khbusinesspartner__IdentificationCollection.json,,,,,IdentifierTypeCode=HCM001; IdentifierTypeCodeText=Employee ID,"Pulled from SAP and saved in output_raw/, but no transform currently reads it, so it produces no Odoo file. Kept because it is real data that may be useful later (verified against src/transform_odoo.py: this entity is referenced 0 times)."
EXTRACTED - NOT USED,,(supporting data - feeds another object),,,,khbusinesspartner,ConventionalPhoneCollection,https://my346623.sapbydesign.com/sap/byd/odata/cust/v1/khbusinesspartner/ConventionalPhoneCollection,31,4,khbusinesspartner__ConventionalPhoneCollection.json,,,,,FormattedNumberDescription=+91 80566078; NormalisedNumberDescription=+9180566078,"Pulled from SAP and saved in output_raw/, but no transform currently reads it, so it produces no Odoo file. Kept because it is real data that may be useful later (verified against src/transform_odoo.py: this entity is referenced 0 times)."
EXTRACTED - NOT USED,,(supporting data - feeds another object),,,,khbusinesspartner,MobilePhoneCollection,https://my346623.sapbydesign.com/sap/byd/odata/cust/v1/khbusinesspartner/MobilePhoneCollection,31,4,khbusinesspartner__MobilePhoneCollection.json,,,,,FormattedNumberDescription=+91 80566078; NormalisedNumberDescription=+9180566078,"Pulled from SAP and saved in output_raw/, but no transform currently reads it, so it produces no Odoo file. Kept because it is real data that may be useful later (verified against src/transform_odoo.py: this entity is referenced 0 times)."
EXTRACTED - NOT USED,,(supporting data - feeds another object),,,,khbusinesspartner,EMailCollection,https://my346623.sapbydesign.com/sap/byd/odata/cust/v1/khbusinesspartner/EMailCollection,17,4,khbusinesspartner__EMailCollection.json,,,,,NormalisedURI=csr_2@TRONICS.COM.SG; URI=csr_2@tronics.com.sg,"Pulled from SAP and saved in output_raw/, but no transform currently reads it, so it produces no Odoo file. Kept because it is real data that may be useful later (verified against src/transform_odoo.py: this entity is referenced 0 times)."
EXTRACTED - NOT USED,,(supporting data - feeds another object),,,,khbusinesspartner,FormattedAddressCollection,https://my346623.sapbydesign.com/sap/byd/odata/cust/v1/khbusinesspartner/FormattedAddressCollection,838,3,khbusinesspartner__FormattedAddressCollection.json,,,,,FormattedPostalAddressDescription=THANE 400708 / IN,"Pulled from SAP and saved in output_raw/, but no transform currently reads it, so it produces no Odoo file. Kept because it is real data that may be useful later (verified against src/transform_odoo.py: this entity is referenced 0 times)."
EXTRACTED - NOT USED,,(supporting data - feeds another object),,,,khbusinesspartner,WebSiteCollection,https://my346623.sapbydesign.com/sap/byd/odata/cust/v1/khbusinesspartner/WebSiteCollection,2,3,khbusinesspartner__WebSiteCollection.json,,,,,URI=www.anandspacers.co.in,"Pulled from SAP and saved in output_raw/, but no transform currently reads it, so it produces no Odoo file. Kept because it is real data that may be useful later (verified against src/transform_odoo.py: this entity is referenced 0 times)."
EXTRACTED - NOT USED,,(supporting data - feeds another object),,,,khbusinesspartnerrelationship,FirstBusinessPartnerIdentificationCollection,https://my346623.sapbydesign.com/sap/byd/odata/cust/v1/khbusinesspartnerrelationship/FirstBusinessPartnerIdentificationCollection,102,4,khbusinesspartnerrelationship__FirstBusinessPartnerIdentificationCollection.json,,,,,IdentifierTypeCode=HCM001; IdentifierTypeCodeText=Employee ID,"Pulled from SAP and saved in output_raw/, but no transform currently reads it, so it produces no Odoo file. Kept because it is real data that may be useful later (verified against src/transform_odoo.py: this entity is referenced 0 times)."
EXTRACTED - NOT USED,,(supporting data - feeds another object),,,,khbusinesspartnerrelationship,SecondBusinessPartnerIdentificationCollection,https://my346623.sapbydesign.com/sap/byd/odata/cust/v1/khbusinesspartnerrelationship/SecondBusinessPartnerIdentificationCollection,102,4,khbusinesspartnerrelationship__SecondBusinessPartnerIdentificationCollection.json,,,,,IdentifierTypeCode=HCM001; IdentifierTypeCodeText=Employee ID,"Pulled from SAP and saved in output_raw/, but no transform currently reads it, so it produces no Odoo file. Kept because it is real data that may be useful later (verified against src/transform_odoo.py: this entity is referenced 0 times)."
EXTRACTED - NOT USED,,(supporting data - feeds another object),,,,khbusinesspartnerrelationship,BusinessPartnerRelationshipCollection,https://my346623.sapbydesign.com/sap/byd/odata/cust/v1/khbusinesspartnerrelationship/BusinessPartnerRelationshipCollection,27,18,khbusinesspartnerrelationship__BusinessPartnerRelationshipCollection.json,,,,,CategoryCode=BUR001; CategoryCodeText=Contact Person Rel.ship; MainIndicator=True; ReverseDefaultIndicator=True,"Pulled from SAP and saved in output_raw/, but no transform currently reads it, so it produces no Odoo file. Kept because it is real data that may be useful later (verified against src/transform_odoo.py: this entity is referenced 0 times)."
EXTRACTED - NOT USED,,(supporting data - feeds another object),,,,khbusinesspartnerrelationship,ContactPersonCollection,https://my346623.sapbydesign.com/sap/byd/odata/cust/v1/khbusinesspartnerrelationship/ContactPersonCollection,27,8,khbusinesspartnerrelationship__ContactPersonCollection.json,,,,,ObjectID=00163E5F7A721ED9888BBD7687F5...; ParentObjectID=00163E5F7A721ED9888BBD7687F5...,"Pulled from SAP and saved in output_raw/, but no transform currently reads it, so it produces no Odoo file. Kept because it is real data that may be useful later (verified against src/transform_odoo.py: this entity is referenced 0 times)."
EXTRACTED - NOT USED,,(supporting data - feeds another object),,,,khbusinesspartnerrelationship,ContactPersonBusinessAddressInformationCollection,https://my346623.sapbydesign.com/sap/byd/odata/cust/v1/khbusinesspartnerrelationship/ContactPersonBusinessAddressInformationCollection,27,3,khbusinesspartnerrelationship__ContactPersonBusinessAddressInformationCollection.json,,,,,ObjectID=00163E5F7A721ED9888BBD7687F6...; ParentObjectID=00163E5F7A721ED9888BBD7687F5...; OrganisationAddressUUID=00163E5F-7A72-1ED9-888B-BD2D...,"Pulled from SAP and saved in output_raw/, but no transform currently reads it, so it produces no Odoo file. Kept because it is real data that may be useful later (verified against src/transform_odoo.py: this entity is referenced 0 times)."
EXTRACTED - NOT USED,,(supporting data - feeds another object),,,,khbusinesspartnerrelationship,ServicePerformerOrganisationFormattedAddressCollection,https://my346623.sapbydesign.com/sap/byd/odata/cust/v1/khbusinesspartnerrelationship/ServicePerformerOrganisationFormattedAddressCollection,838,2,khbusinesspartnerrelationship__ServicePerformerOrganisationFormattedAddressCollection.json,,,,,FormattedPostalAddressDescription=THANE 400708 / IN,"Pulled from SAP and saved in output_raw/, but no transform currently reads it, so it produces no Odoo file. Kept because it is real data that may be useful later (verified against src/transform_odoo.py: this entity is referenced 0 times)."
EXTRACTED - NOT USED,,(supporting data - feeds another object),,,,khbusinesspartnerrelationship,ContactPersonOrganisationFormattedAddressCollection,https://my346623.sapbydesign.com/sap/byd/odata/cust/v1/khbusinesspartnerrelationship/ContactPersonOrganisationFormattedAddressCollection,838,2,khbusinesspartnerrelationship__ContactPersonOrganisationFormattedAddressCollection.json,,,,,FormattedPostalAddressDescription=THANE 400708 / IN,"Pulled from SAP and saved in output_raw/, but no transform currently reads it, so it produces no Odoo file. Kept because it is real data that may be useful later (verified against src/transform_odoo.py: this entity is referenced 0 times)."
EXTRACTED - NOT USED,,(supporting data - feeds another object),,,,khbusinesspartnerrelationship,ContactPersonBusinessPhoneCollection,https://my346623.sapbydesign.com/sap/byd/odata/cust/v1/khbusinesspartnerrelationship/ContactPersonBusinessPhoneCollection,1,4,khbusinesspartnerrelationship__ContactPersonBusinessPhoneCollection.json,,,,,FormattedNumberDescription=+91 (8830337441) 8379812172; NormalisedNumberDescription=+9188303374418379812172,"Pulled from SAP and saved in output_raw/, but no transform currently reads it, so it produces no Odoo file. Kept because it is real data that may be useful later (verified against src/transform_odoo.py: this entity is referenced 0 times)."
EXTRACTED - NOT USED,,(supporting data - feeds another object),,,,khbusinesspartnerrelationship,ContactPersonBusinessMobilePhoneCollection,https://my346623.sapbydesign.com/sap/byd/odata/cust/v1/khbusinesspartnerrelationship/ContactPersonBusinessMobilePhoneCollection,1,4,khbusinesspartnerrelationship__ContactPersonBusinessMobilePhoneCollection.json,,,,,FormattedNumberDescription=+91 (8830337441) 8379812172; NormalisedNumberDescription=+9188303374418379812172,"Pulled from SAP and saved in output_raw/, but no transform currently reads it, so it produces no Odoo file. Kept because it is real data that may be useful later (verified against src/transform_odoo.py: this entity is referenced 0 times)."
EXTRACTED - NOT USED,,(supporting data - feeds another object),,,,khbusinesspartnerrelationship,ContactPersonBusinessAddressCollection,https://my346623.sapbydesign.com/sap/byd/odata/cust/v1/khbusinesspartnerrelationship/ContactPersonBusinessAddressCollection,1,8,khbusinesspartnerrelationship__ContactPersonBusinessAddressCollection.json,,,,,DepartmentName=Accounting; FunctionalTitleName=Finance Manager,"Pulled from SAP and saved in output_raw/, but no transform currently reads it, so it produces no Odoo file. Kept because it is real data that may be useful later (verified against src/transform_odoo.py: this entity is referenced 0 times)."
EXTRACTED - NOT USED,,(supporting data - feeds another object),,,,khbusinesspartnerrelationship,ContactPersonBusinessEMailCollection,https://my346623.sapbydesign.com/sap/byd/odata/cust/v1/khbusinesspartnerrelationship/ContactPersonBusinessEMailCollection,1,4,khbusinesspartnerrelationship__ContactPersonBusinessEMailCollection.json,,,,,NormalisedURI=mohammadkhannoor48@GMAIL.COM; URI=mohammadkhannoor48@gmail.com,"Pulled from SAP and saved in output_raw/, but no transform currently reads it, so it produces no Odoo file. Kept because it is real data that may be useful later (verified against src/transform_odoo.py: this entity is referenced 0 times)."
EXTRACTED - NOT USED,,(supporting data - feeds another object),,,,khbusinesspartnerrelationship,ContactPersonBusinessCommunicationPreferenceCollection,https://my346623.sapbydesign.com/sap/byd/odata/cust/v1/khbusinesspartnerrelationship/ContactPersonBusinessCommunicationPreferenceCollection,0,0,khbusinesspartnerrelationship__ContactPersonBusinessCommunicationPreferenceCollection.json,,,,,,"Pulled from SAP and saved in output_raw/, but no transform currently reads it, so it produces no Odoo file. Kept because it is real data that may be useful later (verified against src/transform_odoo.py: this entity is referenced 0 times)."
EXTRACTED - NOT USED,,(supporting data - feeds another object),,,,khbusinessresidence,ProfitCentreNameCollection,https://my346623.sapbydesign.com/sap/byd/odata/cust/v1/khbusinessresidence/ProfitCentreNameCollection,2,3,khbusinessresidence__ProfitCentreNameCollection.json,,,,,Name=EMS-Electronic Manufacturing...,"Pulled from SAP and saved in output_raw/, but no transform currently reads it, so it produces no Odoo file. Kept because it is real data that may be useful later (verified against src/transform_odoo.py: this entity is referenced 0 times)."
EXTRACTED - NOT USED,,(supporting data - feeds another object),,,,khbusinessresidence,CurrentProfitCentreAssignmentCollection,https://my346623.sapbydesign.com/sap/byd/odata/cust/v1/khbusinessresidence/CurrentProfitCentreAssignmentCollection,2,3,khbusinessresidence__CurrentProfitCentreAssignmentCollection.json,,,,,ObjectID=00163E5F7A721EE987A835E9FA7E...; ID=71000; UUID=00163E5F-7A72-1EE9-87A8-35E9...,"Pulled from SAP and saved in output_raw/, but no transform currently reads it, so it produces no Odoo file. Kept because it is real data that may be useful later (verified against src/transform_odoo.py: this entity is referenced 0 times)."
EXTRACTED - NOT USED,,(supporting data - feeds another object),,,,khbusinessresidence,DefinitionCollection,https://my346623.sapbydesign.com/sap/byd/odata/cust/v1/khbusinessresidence/DefinitionCollection,6,4,khbusinessresidence__DefinitionCollection.json,,,,,BusinessCharacterCode=13; BusinessCharacterCodeText=Permanent Establishment,"Pulled from SAP and saved in output_raw/, but no transform currently reads it, so it produces no Odoo file. Kept because it is real data that may be useful later (verified against src/transform_odoo.py: this entity is referenced 0 times)."
EXTRACTED - NOT USED,,(supporting data - feeds another object),,,,khbusinessresidence,CompanyNameCollection,https://my346623.sapbydesign.com/sap/byd/odata/cust/v1/khbusinessresidence/CompanyNameCollection,1,3,khbusinessresidence__CompanyNameCollection.json,,,,,Name=Danlaw Technologies India Li...,"Pulled from SAP and saved in output_raw/, but no transform currently reads it, so it produces no Odoo file. Kept because it is real data that may be useful later (verified against src/transform_odoo.py: this entity is referenced 0 times)."
EXTRACTED - NOT USED,,(supporting data - feeds another object),,,,khbusinessresidence,CurrentCompanyAssignmentCollection,https://my346623.sapbydesign.com/sap/byd/odata/cust/v1/khbusinessresidence/CurrentCompanyAssignmentCollection,1,3,khbusinessresidence__CurrentCompanyAssignmentCollection.json,,,,,ObjectID=00163E5F7A721EE987A81D692B73...; ID=70000; UUID=00163E5F-7A72-1EE9-87A8-1D69...,"Pulled from SAP and saved in output_raw/, but no transform currently reads it, so it produces no Odoo file. Kept because it is real data that may be useful later (verified against src/transform_odoo.py: this entity is referenced 0 times)."
EXTRACTED - NOT USED,,(supporting data - feeds another object),,,,khbusinessresidence,NameCollection,https://my346623.sapbydesign.com/sap/byd/odata/cust/v1/khbusinessresidence/NameCollection,1,5,khbusinessresidence__NameCollection.json,,,,,Name=Danlaw Technologies India Li...; StartDate=/Date(1669852800000)/; EndDate=/Date(253402214400000)/,"Pulled from SAP and saved in output_raw/, but no transform currently reads it, so it produces no Odoo file. Kept because it is real data that may be useful later (verified against src/transform_odoo.py: this entity is referenced 0 times)."
EXTRACTED - NOT USED,,(supporting data - feeds another object),,,,khbusinessresidence,AssociatedSiteCollection,https://my346623.sapbydesign.com/sap/byd/odata/cust/v1/khbusinessresidence/AssociatedSiteCollection,1,24,khbusinessresidence__AssociatedSiteCollection.json,,,,,Name=Danlaw Technologies India Li...; Description=Danlaw Technologies India Li...; StatusCode=2; StatusCodeText=Active,"Pulled from SAP and saved in output_raw/, but no transform currently reads it, so it produces no Odoo file. Kept because it is real data that may be useful later (verified against src/transform_odoo.py: this entity is referenced 0 times)."
EXTRACTED - NOT USED,,(supporting data - feeds another object),,,,khbusinessresidence,BusinessResidenceCollection,https://my346623.sapbydesign.com/sap/byd/odata/cust/v1/khbusinessresidence/BusinessResidenceCollection,1,3,khbusinessresidence__BusinessResidenceCollection.json,,,,,ObjectID=00163E5F7A721EE987A835E9FA7E...; ID=71000; UUID=00163E5F-7A72-1EE9-87A8-35E9...,"Pulled from SAP and saved in output_raw/, but no transform currently reads it, so it produces no Odoo file. Kept because it is real data that may be useful later (verified against src/transform_odoo.py: this entity is referenced 0 times)."
EXTRACTED - NOT USED,,(supporting data - feeds another object),,,,khcostcentre,DefinitionCollection,https://my346623.sapbydesign.com/sap/byd/odata/cust/v1/khcostcentre/DefinitionCollection,22,6,khcostcentre__DefinitionCollection.json,,,,,BusinessCharacterCode=13; BusinessCharacterCodeText=Permanent Establishment; StartDate=/Date(680918400000)/; EndDate=/Date(253402214400000)/,"Pulled from SAP and saved in output_raw/, but no transform currently reads it, so it produces no Odoo file. Kept because it is real data that may be useful later (verified against src/transform_odoo.py: this entity is referenced 0 times)."
EXTRACTED - NOT USED,,(supporting data - feeds another object),,,,khcostcentre,ProfitCentreNameCollection,https://my346623.sapbydesign.com/sap/byd/odata/cust/v1/khcostcentre/ProfitCentreNameCollection,2,3,khcostcentre__ProfitCentreNameCollection.json,,,,,Name=EMS-Electronic Manufacturing...,"Pulled from SAP and saved in output_raw/, but no transform currently reads it, so it produces no Odoo file. Kept because it is real data that may be useful later (verified against src/transform_odoo.py: this entity is referenced 0 times)."
EXTRACTED - NOT USED,,(supporting data - feeds another object),,,,khcostcentre,CurrentProfitCentreAssignmentCollection,https://my346623.sapbydesign.com/sap/byd/odata/cust/v1/khcostcentre/CurrentProfitCentreAssignmentCollection,2,3,khcostcentre__CurrentProfitCentreAssignmentCollection.json,,,,,ObjectID=00163E5F7A721EE987A835E9FA7E...; ID=71000; UUID=00163E5F-7A72-1EE9-87A8-35E9...,"Pulled from SAP and saved in output_raw/, but no transform currently reads it, so it produces no Odoo file. Kept because it is real data that may be useful later (verified against src/transform_odoo.py: this entity is referenced 0 times)."
EXTRACTED - NOT USED,,(supporting data - feeds another object),,,,khcostcentre,NameCollection,https://my346623.sapbydesign.com/sap/byd/odata/cust/v1/khcostcentre/NameCollection,13,5,khcostcentre__NameCollection.json,,,,,Name=EMS-Electronic Manufacturing...; StartDate=/Date(680918400000)/; EndDate=/Date(253402214400000)/,"Pulled from SAP and saved in output_raw/, but no transform currently reads it, so it produces no Odoo file. Kept because it is real data that may be useful later (verified against src/transform_odoo.py: this entity is referenced 0 times)."
EXTRACTED - NOT USED,,(supporting data - feeds another object),,,,khcostcentre,SuperordinateCostCentreNameCollection,https://my346623.sapbydesign.com/sap/byd/odata/cust/v1/khcostcentre/SuperordinateCostCentreNameCollection,13,3,khcostcentre__SuperordinateCostCentreNameCollection.json,,,,,Name=EMS-Electronic Manufacturing...,"Pulled from SAP and saved in output_raw/, but no transform currently reads it, so it produces no Odoo file. Kept because it is real data that may be useful later (verified against src/transform_odoo.py: this entity is referenced 0 times)."
EXTRACTED - NOT USED,,(supporting data - feeds another object),,,,khcostcentre,AttributesCollection,https://my346623.sapbydesign.com/sap/byd/odata/cust/v1/khcostcentre/AttributesCollection,13,8,khcostcentre__AttributesCollection.json,,,,,CostCentreTypeCode=30; CostCentreTypeCodeText=Administration; PlanUsageAllowedIndicator=True; PostingUsageAllowedIndicator=True,"Pulled from SAP and saved in output_raw/, but no transform currently reads it, so it produces no Odoo file. Kept because it is real data that may be useful later (verified against src/transform_odoo.py: this entity is referenced 0 times)."
EXTRACTED - NOT USED,,(supporting data - feeds another object),,,,khcostcentre,CostCentreCollection,https://my346623.sapbydesign.com/sap/byd/odata/cust/v1/khcostcentre/CostCentreCollection,13,3,khcostcentre__CostCentreCollection.json,,,,,ObjectID=00163E5F7A721EE987A835E9FA7E...; ID=71000; UUID=00163E5F-7A72-1EE9-87A8-35E9...,"Pulled from SAP and saved in output_raw/, but no transform currently reads it, so it produces no Odoo file. Kept because it is real data that may be useful later (verified against src/transform_odoo.py: this entity is referenced 0 times)."
EXTRACTED - NOT USED,,(supporting data - feeds another object),,,,khcostcentre,CurrentSuperordinateCostCentreCollection,https://my346623.sapbydesign.com/sap/byd/odata/cust/v1/khcostcentre/CurrentSuperordinateCostCentreCollection,13,3,khcostcentre__CurrentSuperordinateCostCentreCollection.json,,,,,ObjectID=00163E5F7A721EE987A835E9FA7E...; ID=71000; UUID=00163E5F-7A72-1EE9-87A8-35E9...,"Pulled from SAP and saved in output_raw/, but no transform currently reads it, so it produces no Odoo file. Kept because it is real data that may be useful later (verified against src/transform_odoo.py: this entity is referenced 0 times)."
EXTRACTED - NOT USED,,(supporting data - feeds another object),,,,khcostcentre,CompanyNameCollection,https://my346623.sapbydesign.com/sap/byd/odata/cust/v1/khcostcentre/CompanyNameCollection,1,3,khcostcentre__CompanyNameCollection.json,,,,,Name=Danlaw Technologies India Li...,"Pulled from SAP and saved in output_raw/, but no transform currently reads it, so it produces no Odoo file. Kept because it is real data that may be useful later (verified against src/transform_odoo.py: this entity is referenced 0 times)."
EXTRACTED - NOT USED,,(supporting data - feeds another object),,,,khcostcentre,CurrentCompanyAssignmentCollection,https://my346623.sapbydesign.com/sap/byd/odata/cust/v1/khcostcentre/CurrentCompanyAssignmentCollection,1,3,khcostcentre__CurrentCompanyAssignmentCollection.json,,,,,ObjectID=00163E5F7A721EE987A81D692B73...; ID=70000; UUID=00163E5F-7A72-1EE9-87A8-1D69...,"Pulled from SAP and saved in output_raw/, but no transform currently reads it, so it produces no Odoo file. Kept because it is real data that may be useful later (verified against src/transform_odoo.py: this entity is referenced 0 times)."
EXTRACTED - NOT USED,,(supporting data - feeds another object),,,,khcostcentre,BusinessResidenceNameCollection,https://my346623.sapbydesign.com/sap/byd/odata/cust/v1/khcostcentre/BusinessResidenceNameCollection,1,3,khcostcentre__BusinessResidenceNameCollection.json,,,,,Name=Danlaw Technologies India Li...,"Pulled from SAP and saved in output_raw/, but no transform currently reads it, so it produces no Odoo file. Kept because it is real data that may be useful later (verified against src/transform_odoo.py: this entity is referenced 0 times)."
EXTRACTED - NOT USED,,(supporting data - feeds another object),,,,khcostcentre,ReportingLineUnitNameCollection,https://my346623.sapbydesign.com/sap/byd/odata/cust/v1/khcostcentre/ReportingLineUnitNameCollection,1,3,khcostcentre__ReportingLineUnitNameCollection.json,,,,,Name=Danlaw Technologies India Li...,"Pulled from SAP and saved in output_raw/, but no transform currently reads it, so it produces no Odoo file. Kept because it is real data that may be useful later (verified against src/transform_odoo.py: this entity is referenced 0 times)."
EXTRACTED - NOT USED,,(supporting data - feeds another object),,,,khcostcentre,CurrentBusinessResidenceAssignmentCollection,https://my346623.sapbydesign.com/sap/byd/odata/cust/v1/khcostcentre/CurrentBusinessResidenceAssignmentCollection,1,3,khcostcentre__CurrentBusinessResidenceAssignmentCollection.json,,,,,ObjectID=00163E5F7A721EE987A835E9FA7E...; ID=71000; UUID=00163E5F-7A72-1EE9-87A8-35E9...,"Pulled from SAP and saved in output_raw/, but no transform currently reads it, so it produces no Odoo file. Kept because it is real data that may be useful later (verified against src/transform_odoo.py: this entity is referenced 0 times)."
EXTRACTED - NOT USED,,(supporting data - feeds another object),,,,khcostcentre,CurrentReportingLineUnitAssignmentCollection,https://my346623.sapbydesign.com/sap/byd/odata/cust/v1/khcostcentre/CurrentReportingLineUnitAssignmentCollection,1,3,khcostcentre__CurrentReportingLineUnitAssignmentCollection.json,,,,,ObjectID=00163E5F7A721EE987A835E9FA7E...; ID=71000; UUID=00163E5F-7A72-1EE9-87A8-35E9...,"Pulled from SAP and saved in output_raw/, but no transform currently reads it, so it produces no Odoo file. Kept because it is real data that may be useful later (verified against src/transform_odoo.py: this entity is referenced 0 times)."
EXTRACTED - NOT USED,,(supporting data - feeds another object),,,,khemployeetime,EmployeeTypeCollection,https://my346623.sapbydesign.com/sap/byd/odata/cust/v1/khemployeetime/EmployeeTypeCollection,NOT EXTRACTED,,khemployeetime__EmployeeTypeCollection.json,,,,,,"Pulled from SAP and saved in output_raw/, but no transform currently reads it, so it produces no Odoo file. Kept because it is real data that may be useful later (verified against src/transform_odoo.py: this entity is referenced 0 times)."
EXTRACTED - NOT USED,,(supporting data - feeds another object),,,,khemployeetime,EmployeeTimeItemCollection,https://my346623.sapbydesign.com/sap/byd/odata/cust/v1/khemployeetime/EmployeeTimeItemCollection,NOT EXTRACTED,,khemployeetime__EmployeeTimeItemCollection.json,,,,,,"Pulled from SAP and saved in output_raw/, but no transform currently reads it, so it produces no Odoo file. Kept because it is real data that may be useful later (verified against src/transform_odoo.py: this entity is referenced 0 times)."
EXTRACTED - NOT USED,,(supporting data - feeds another object),,,,khemployeetime,EmployeeTimeCollection,https://my346623.sapbydesign.com/sap/byd/odata/cust/v1/khemployeetime/EmployeeTimeCollection,NOT EXTRACTED,,khemployeetime__EmployeeTimeCollection.json,,,,,,"Pulled from SAP and saved in output_raw/, but no transform currently reads it, so it produces no Odoo file. Kept because it is real data that may be useful later (verified against src/transform_odoo.py: this entity is referenced 0 times)."
EXTRACTED - NOT USED,,(supporting data - feeds another object),,,,khfunctionalunit,FunctionCollection,https://my346623.sapbydesign.com/sap/byd/odata/cust/v1/khfunctionalunit/FunctionCollection,58,6,khfunctionalunit__FunctionCollection.json,,,,,OrganisationalFunctionCode=4; OrganisationalFunctionCodeText=Sales; StartDate=/Date(680918400000)/; EndDate=/Date(253402214400000)/,"Pulled from SAP and saved in output_raw/, but no transform currently reads it, so it produces no Odoo file. Kept because it is real data that may be useful later (verified against src/transform_odoo.py: this entity is referenced 0 times)."
EXTRACTED - NOT USED,,(supporting data - feeds another object),,,,khfunctionalunit,DefinitionCollection,https://my346623.sapbydesign.com/sap/byd/odata/cust/v1/khfunctionalunit/DefinitionCollection,10,6,khfunctionalunit__DefinitionCollection.json,,,,,BusinessCharacterCode=13; BusinessCharacterCodeText=Permanent Establishment; StartDate=/Date(680918400000)/; EndDate=/Date(253402214400000)/,"Pulled from SAP and saved in output_raw/, but no transform currently reads it, so it produces no Odoo file. Kept because it is real data that may be useful later (verified against src/transform_odoo.py: this entity is referenced 0 times)."
EXTRACTED - NOT USED,,(supporting data - feeds another object),,,,khfunctionalunit,ProfitCentreNameCollection,https://my346623.sapbydesign.com/sap/byd/odata/cust/v1/khfunctionalunit/ProfitCentreNameCollection,2,3,khfunctionalunit__ProfitCentreNameCollection.json,,,,,Name=EMS-Electronic Manufacturing...,"Pulled from SAP and saved in output_raw/, but no transform currently reads it, so it produces no Odoo file. Kept because it is real data that may be useful later (verified against src/transform_odoo.py: this entity is referenced 0 times)."
EXTRACTED - NOT USED,,(supporting data - feeds another object),,,,khfunctionalunit,CurrentProfitCentreAssignmentCollection,https://my346623.sapbydesign.com/sap/byd/odata/cust/v1/khfunctionalunit/CurrentProfitCentreAssignmentCollection,2,3,khfunctionalunit__CurrentProfitCentreAssignmentCollection.json,,,,,ObjectID=00163E5F7A721EE987A835E9FA7E...; ID=71000; UUID=00163E5F-7A72-1EE9-87A8-35E9...,"Pulled from SAP and saved in output_raw/, but no transform currently reads it, so it produces no Odoo file. Kept because it is real data that may be useful later (verified against src/transform_odoo.py: this entity is referenced 0 times)."
EXTRACTED - NOT USED,,(supporting data - feeds another object),,,,khfunctionalunit,SuperordinateFunctionalUnitNameCollection,https://my346623.sapbydesign.com/sap/byd/odata/cust/v1/khfunctionalunit/SuperordinateFunctionalUnitNameCollection,3,5,khfunctionalunit__SuperordinateFunctionalUnitNameCollection.json,,,,,Name=Customer Relationship Manage...; StartDate=/Date(680918400000)/; EndDate=/Date(253402214400000)/,"Pulled from SAP and saved in output_raw/, but no transform currently reads it, so it produces no Odoo file. Kept because it is real data that may be useful later (verified against src/transform_odoo.py: this entity is referenced 0 times)."
EXTRACTED - NOT USED,,(supporting data - feeds another object),,,,khfunctionalunit,NameCollection,https://my346623.sapbydesign.com/sap/byd/odata/cust/v1/khfunctionalunit/NameCollection,3,5,khfunctionalunit__NameCollection.json,,,,,Name=Customer Relationship Manage...; StartDate=/Date(680918400000)/; EndDate=/Date(253402214400000)/,"Pulled from SAP and saved in output_raw/, but no transform currently reads it, so it produces no Odoo file. Kept because it is real data that may be useful later (verified against src/transform_odoo.py: this entity is referenced 0 times)."
EXTRACTED - NOT USED,,(supporting data - feeds another object),,,,khfunctionalunit,CurrentSuperordinateFunctionalUnitCollection,https://my346623.sapbydesign.com/sap/byd/odata/cust/v1/khfunctionalunit/CurrentSuperordinateFunctionalUnitCollection,3,3,khfunctionalunit__CurrentSuperordinateFunctionalUnitCollection.json,,,,,ObjectID=00163E5F7A721EE987A835E9FA7E...; ID=71000; UUID=00163E5F-7A72-1EE9-87A8-35E9...,"Pulled from SAP and saved in output_raw/, but no transform currently reads it, so it produces no Odoo file. Kept because it is real data that may be useful later (verified against src/transform_odoo.py: this entity is referenced 0 times)."
EXTRACTED - NOT USED,,(supporting data - feeds another object),,,,khfunctionalunit,FunctionalUnitCollection,https://my346623.sapbydesign.com/sap/byd/odata/cust/v1/khfunctionalunit/FunctionalUnitCollection,3,3,khfunctionalunit__FunctionalUnitCollection.json,,,,,ObjectID=00163E5F7A721EE987A835E9FA7E...; UUID=00163E5F-7A72-1EE9-87A8-35E9...; ID=71000,"Pulled from SAP and saved in output_raw/, but no transform currently reads it, so it produces no Odoo file. Kept because it is real data that may be useful later (verified against src/transform_odoo.py: this entity is referenced 0 times)."
EXTRACTED - NOT USED,,(supporting data - feeds another object),,,,khfunctionalunit,CostCentreNameCollection,https://my346623.sapbydesign.com/sap/byd/odata/cust/v1/khfunctionalunit/CostCentreNameCollection,13,3,khfunctionalunit__CostCentreNameCollection.json,,,,,Name=EMS-Electronic Manufacturing...,"Pulled from SAP and saved in output_raw/, but no transform currently reads it, so it produces no Odoo file. Kept because it is real data that may be useful later (verified against src/transform_odoo.py: this entity is referenced 0 times)."
EXTRACTED - NOT USED,,(supporting data - feeds another object),,,,khfunctionalunit,CurrentCostCentreAssignmentCollection,https://my346623.sapbydesign.com/sap/byd/odata/cust/v1/khfunctionalunit/CurrentCostCentreAssignmentCollection,13,3,khfunctionalunit__CurrentCostCentreAssignmentCollection.json,,,,,ObjectID=00163E5F7A721EE987A835E9FA7E...; ID=71000; UUID=00163E5F-7A72-1EE9-87A8-35E9...,"Pulled from SAP and saved in output_raw/, but no transform currently reads it, so it produces no Odoo file. Kept because it is real data that may be useful later (verified against src/transform_odoo.py: this entity is referenced 0 times)."
EXTRACTED - NOT USED,,(supporting data - feeds another object),,,,khfunctionalunit,AddressInformationPostalAddressCollection,https://my346623.sapbydesign.com/sap/byd/odata/cust/v1/khfunctionalunit/AddressInformationPostalAddressCollection,2,13,khfunctionalunit__AddressInformationPostalAddressCollection.json,,,,,CountryCode=IN; CountryCodeText=India; RegionCode=05; RegionCodeText=Ordino,"Pulled from SAP and saved in output_raw/, but no transform currently reads it, so it produces no Odoo file. Kept because it is real data that may be useful later (verified against src/transform_odoo.py: this entity is referenced 0 times)."
EXTRACTED - NOT USED,,(supporting data - feeds another object),,,,khfunctionalunit,AddressInformationCollection,https://my346623.sapbydesign.com/sap/byd/odata/cust/v1/khfunctionalunit/AddressInformationCollection,2,4,khfunctionalunit__AddressInformationCollection.json,,,,,StartDate=/Date(680918400000)/; EndDate=/Date(1669766400000)/,"Pulled from SAP and saved in output_raw/, but no transform currently reads it, so it produces no Odoo file. Kept because it is real data that may be useful later (verified against src/transform_odoo.py: this entity is referenced 0 times)."
EXTRACTED - NOT USED,,(supporting data - feeds another object),,,,khfunctionalunit,CompanyNameCollection,https://my346623.sapbydesign.com/sap/byd/odata/cust/v1/khfunctionalunit/CompanyNameCollection,1,3,khfunctionalunit__CompanyNameCollection.json,,,,,Name=Danlaw Technologies India Li...,"Pulled from SAP and saved in output_raw/, but no transform currently reads it, so it produces no Odoo file. Kept because it is real data that may be useful later (verified against src/transform_odoo.py: this entity is referenced 0 times)."
EXTRACTED - NOT USED,,(supporting data - feeds another object),,,,khfunctionalunit,CurrentCompanyAssignmentCollection,https://my346623.sapbydesign.com/sap/byd/odata/cust/v1/khfunctionalunit/CurrentCompanyAssignmentCollection,1,3,khfunctionalunit__CurrentCompanyAssignmentCollection.json,,,,,ObjectID=00163E5F7A721EE987A81D692B73...; ID=70000; UUID=00163E5F-7A72-1EE9-87A8-1D69...,"Pulled from SAP and saved in output_raw/, but no transform currently reads it, so it produces no Odoo file. Kept because it is real data that may be useful later (verified against src/transform_odoo.py: this entity is referenced 0 times)."
EXTRACTED - NOT USED,,(supporting data - feeds another object),,,,khfunctionalunit,FunctionalRoleCollection,https://my346623.sapbydesign.com/sap/byd/odata/cust/v1/khfunctionalunit/FunctionalRoleCollection,2,6,khfunctionalunit__FunctionalRoleCollection.json,,,,,FunctionalUnitRoleCode=1; FunctionalUnitRoleCodeText=Organization; StartDate=/Date(680918400000)/; EndDate=/Date(253402214400000)/,"Pulled from SAP and saved in output_raw/, but no transform currently reads it, so it produces no Odoo file. Kept because it is real data that may be useful later (verified against src/transform_odoo.py: this entity is referenced 0 times)."
EXTRACTED - NOT USED,,(supporting data - feeds another object),,,,khfunctionalunit,BusinessResidenceNameCollection,https://my346623.sapbydesign.com/sap/byd/odata/cust/v1/khfunctionalunit/BusinessResidenceNameCollection,1,3,khfunctionalunit__BusinessResidenceNameCollection.json,,,,,Name=Danlaw Technologies India Li...,"Pulled from SAP and saved in output_raw/, but no transform currently reads it, so it produces no Odoo file. Kept because it is real data that may be useful later (verified against src/transform_odoo.py: this entity is referenced 0 times)."
EXTRACTED - NOT USED,,(supporting data - feeds another object),,,,khfunctionalunit,CurrentBusinessResidenceAssignmentCollection,https://my346623.sapbydesign.com/sap/byd/odata/cust/v1/khfunctionalunit/CurrentBusinessResidenceAssignmentCollection,1,3,khfunctionalunit__CurrentBusinessResidenceAssignmentCollection.json,,,,,ObjectID=00163E5F7A721EE987A835E9FA7E...; ID=71000; UUID=00163E5F-7A72-1EE9-87A8-35E9...,"Pulled from SAP and saved in output_raw/, but no transform currently reads it, so it produces no Odoo file. Kept because it is real data that may be useful later (verified against src/transform_odoo.py: this entity is referenced 0 times)."
EXTRACTED - NOT USED,,(supporting data - feeds another object),,,,khgoodsandserviceacknowledgement,SellerPartyNameCollection,https://my346623.sapbydesign.com/sap/byd/odata/cust/v1/khgoodsandserviceacknowledgement/SellerPartyNameCollection,28080,2,khgoodsandserviceacknowledgement__SellerPartyNameCollection.json,,,,,FormattedName=Tushar Desale,"Pulled from SAP and saved in output_raw/, but no transform currently reads it, so it produces no Odoo file. Kept because it is real data that may be useful later (verified against src/transform_odoo.py: this entity is referenced 0 times)."
EXTRACTED - NOT USED,,(supporting data - feeds another object),,,,khgoodsandserviceacknowledgement,BuyerPartyNameCollection,https://my346623.sapbydesign.com/sap/byd/odata/cust/v1/khgoodsandserviceacknowledgement/BuyerPartyNameCollection,28080,2,khgoodsandserviceacknowledgement__BuyerPartyNameCollection.json,,,,,FormattedName=Tushar Desale,"Pulled from SAP and saved in output_raw/, but no transform currently reads it, so it produces no Odoo file. Kept because it is real data that may be useful later (verified against src/transform_odoo.py: this entity is referenced 0 times)."
EXTRACTED - NOT USED,,(supporting data - feeds another object),,,,khgoodsandserviceacknowledgement,ItemRequestorPartyNameCollection,https://my346623.sapbydesign.com/sap/byd/odata/cust/v1/khgoodsandserviceacknowledgement/ItemRequestorPartyNameCollection,28080,2,khgoodsandserviceacknowledgement__ItemRequestorPartyNameCollection.json,,,,,FormattedName=Tushar Desale,"Pulled from SAP and saved in output_raw/, but no transform currently reads it, so it produces no Odoo file. Kept because it is real data that may be useful later (verified against src/transform_odoo.py: this entity is referenced 0 times)."
EXTRACTED - NOT USED,,(supporting data - feeds another object),,,,khgoodsandserviceacknowledgement,ItemPartyNameCollection,https://my346623.sapbydesign.com/sap/byd/odata/cust/v1/khgoodsandserviceacknowledgement/ItemPartyNameCollection,28080,2,khgoodsandserviceacknowledgement__ItemPartyNameCollection.json,,,,,FormattedName=Tushar Desale,"Pulled from SAP and saved in output_raw/, but no transform currently reads it, so it produces no Odoo file. Kept because it is real data that may be useful later (verified against src/transform_odoo.py: this entity is referenced 0 times)."
EXTRACTED - NOT USED,,(supporting data - feeds another object),,,,khgoodsandserviceacknowledgement,SellerPartyCollection,https://my346623.sapbydesign.com/sap/byd/odata/cust/v1/khgoodsandserviceacknowledgement/SellerPartyCollection,24360,3,khgoodsandserviceacknowledgement__SellerPartyCollection.json,,,,,PartyID=70000,"Pulled from SAP and saved in output_raw/, but no transform currently reads it, so it produces no Odoo file. Kept because it is real data that may be useful later (verified against src/transform_odoo.py: this entity is referenced 0 times)."
EXTRACTED - NOT USED,,(supporting data - feeds another object),,,,khgoodsandserviceacknowledgement,BuyerPartyCollection,https://my346623.sapbydesign.com/sap/byd/odata/cust/v1/khgoodsandserviceacknowledgement/BuyerPartyCollection,24360,3,khgoodsandserviceacknowledgement__BuyerPartyCollection.json,,,,,PartyID=70000,"Pulled from SAP and saved in output_raw/, but no transform currently reads it, so it produces no Odoo file. Kept because it is real data that may be useful later (verified against src/transform_odoo.py: this entity is referenced 0 times)."
EXTRACTED - NOT USED,,(supporting data - feeds another object),,,,khgoodsandserviceacknowledgement,ItemPurchasingContractReferenceCollection,https://my346623.sapbydesign.com/sap/byd/odata/cust/v1/khgoodsandserviceacknowledgement/ItemPurchasingContractReferenceCollection,16777,8,khgoodsandserviceacknowledgement__ItemPurchasingContractReferenceCollection.json,,,,,ItemID=1; ItemTypeCode=18; ItemTypeCodeText=Material; TypeCode=001,"Pulled from SAP and saved in output_raw/, but no transform currently reads it, so it produces no Odoo file. Kept because it is real data that may be useful later (verified against src/transform_odoo.py: this entity is referenced 0 times)."
EXTRACTED - NOT USED,,(supporting data - feeds another object),,,,khgoodsandserviceacknowledgement,ItemDocumentReferenceCollection,https://my346623.sapbydesign.com/sap/byd/odata/cust/v1/khgoodsandserviceacknowledgement/ItemDocumentReferenceCollection,16777,8,khgoodsandserviceacknowledgement__ItemDocumentReferenceCollection.json,,,,,ItemID=1; TypeCode=001; TypeCodeText=Purchase Order; ItemTypeCode=18,"Pulled from SAP and saved in output_raw/, but no transform currently reads it, so it produces no Odoo file. Kept because it is real data that may be useful later (verified against src/transform_odoo.py: this entity is referenced 0 times)."
EXTRACTED - NOT USED,,(supporting data - feeds another object),,,,khgoodsandserviceacknowledgement,ItemPurchaseOrderReferenceCollection,https://my346623.sapbydesign.com/sap/byd/odata/cust/v1/khgoodsandserviceacknowledgement/ItemPurchaseOrderReferenceCollection,16777,6,khgoodsandserviceacknowledgement__ItemPurchaseOrderReferenceCollection.json,,,,,ItemID=1; ItemTypeCode=18; ItemTypeCodeText=Material,"Pulled from SAP and saved in output_raw/, but no transform currently reads it, so it produces no Odoo file. Kept because it is real data that may be useful later (verified against src/transform_odoo.py: this entity is referenced 0 times)."
EXTRACTED - NOT USED,,(supporting data - feeds another object),,,,khgoodsandserviceacknowledgement,ItemPartyCollection,https://my346623.sapbydesign.com/sap/byd/odata/cust/v1/khgoodsandserviceacknowledgement/ItemPartyCollection,44175,5,khgoodsandserviceacknowledgement__ItemPartyCollection.json,,,,,RoleCode=202; RoleCodeText=Tax Reporting Unit; PartyID=71000,"Pulled from SAP and saved in output_raw/, but no transform currently reads it, so it produces no Odoo file. Kept because it is real data that may be useful later (verified against src/transform_odoo.py: this entity is referenced 0 times)."
EXTRACTED - NOT USED,,(supporting data - feeds another object),,,,khgoodsandserviceacknowledgement,ItemRequestorPartyCollection,https://my346623.sapbydesign.com/sap/byd/odata/cust/v1/khgoodsandserviceacknowledgement/ItemRequestorPartyCollection,44175,3,khgoodsandserviceacknowledgement__ItemRequestorPartyCollection.json,,,,,PartyID=71000,"Pulled from SAP and saved in output_raw/, but no transform currently reads it, so it produces no Odoo file. Kept because it is real data that may be useful later (verified against src/transform_odoo.py: this entity is referenced 0 times)."
EXTRACTED - NOT USED,,(supporting data - feeds another object),,,,khgoodsandserviceacknowledgement,GoodsAndServiceAcknowledgementCollection,https://my346623.sapbydesign.com/sap/byd/odata/cust/v1/khgoodsandserviceacknowledgement/GoodsAndServiceAcknowledgementCollection,6091,27,khgoodsandserviceacknowledgement__GoodsAndServiceAcknowledgementCollection.json,,,,,DataOriginTypeCode=1; DataOriginTypeCodeText=Manual data entry; Date=/Date(1549670400000)/; PostingDate=/Date(1549670400000)/,"Pulled from SAP and saved in output_raw/, but no transform currently reads it, so it produces no Odoo file. Kept because it is real data that may be useful later (verified against src/transform_odoo.py: this entity is referenced 0 times)."
EXTRACTED - NOT USED,,(supporting data - feeds another object),,,,khgoodsandserviceacknowledgement,ItemCollection,https://my346623.sapbydesign.com/sap/byd/odata/cust/v1/khgoodsandserviceacknowledgement/ItemCollection,15413,35,khgoodsandserviceacknowledgement__ItemCollection.json,,,,,TypeCode=18; TypeCodeText=Material; Description=TPKG -0031 corrugated boxes; ItemLifeCycleStatusCode=9,"Pulled from SAP and saved in output_raw/, but no transform currently reads it, so it produces no Odoo file. Kept because it is real data that may be useful later (verified against src/transform_odoo.py: this entity is referenced 0 times)."
EXTRACTED - NOT USED,,(supporting data - feeds another object),,,,khgoodsandserviceacknowledgement,DocumentReferenceCollection,https://my346623.sapbydesign.com/sap/byd/odata/cust/v1/khgoodsandserviceacknowledgement/DocumentReferenceCollection,12740,12,khgoodsandserviceacknowledgement__DocumentReferenceCollection.json,,,,,RelationshipRoleCode=1; RelationshipRoleCodeText=Predecessor; TypeCode=001; TypeCodeText=Purchase Order,"Pulled from SAP and saved in output_raw/, but no transform currently reads it, so it produces no Odoo file. Kept because it is real data that may be useful later (verified against src/transform_odoo.py: this entity is referenced 0 times)."
EXTRACTED - NOT USED,,(supporting data - feeds another object),,,,khinbounddelivery,ShipToPartyFormattedAddressCollection,https://my346623.sapbydesign.com/sap/byd/odata/cust/v1/khinbounddelivery/ShipToPartyFormattedAddressCollection,28080,2,khinbounddelivery__ShipToPartyFormattedAddressCollection.json,,,,,"FormattedPostalAddressDescription=GAT NO.1122, 1129, 1140, 129...","Pulled from SAP and saved in output_raw/, but no transform currently reads it, so it produces no Odoo file. Kept because it is real data that may be useful later (verified against src/transform_odoo.py: this entity is referenced 0 times)."
EXTRACTED - NOT USED,,(supporting data - feeds another object),,,,khinbounddelivery,SenderPartyFormattedAddressCollection,https://my346623.sapbydesign.com/sap/byd/odata/cust/v1/khinbounddelivery/SenderPartyFormattedAddressCollection,28080,2,khinbounddelivery__SenderPartyFormattedAddressCollection.json,,,,,"FormattedPostalAddressDescription=GAT NO.1122, 1129, 1140, 129...","Pulled from SAP and saved in output_raw/, but no transform currently reads it, so it produces no Odoo file. Kept because it is real data that may be useful later (verified against src/transform_odoo.py: this entity is referenced 0 times)."
EXTRACTED - NOT USED,,(supporting data - feeds another object),,,,khinbounddelivery,ShipToPartyNameCollection,https://my346623.sapbydesign.com/sap/byd/odata/cust/v1/khinbounddelivery/ShipToPartyNameCollection,28080,2,khinbounddelivery__ShipToPartyNameCollection.json,,,,,FormattedName=Tushar Desale,"Pulled from SAP and saved in output_raw/, but no transform currently reads it, so it produces no Odoo file. Kept because it is real data that may be useful later (verified against src/transform_odoo.py: this entity is referenced 0 times)."
EXTRACTED - NOT USED,,(supporting data - feeds another object),,,,khinbounddelivery,SenderPartyNameCollection,https://my346623.sapbydesign.com/sap/byd/odata/cust/v1/khinbounddelivery/SenderPartyNameCollection,28080,2,khinbounddelivery__SenderPartyNameCollection.json,,,,,FormattedName=Tushar Desale,"Pulled from SAP and saved in output_raw/, but no transform currently reads it, so it produces no Odoo file. Kept because it is real data that may be useful later (verified against src/transform_odoo.py: this entity is referenced 0 times)."
EXTRACTED - NOT USED,,(supporting data - feeds another object),,,,khinbounddelivery,BuyerPartyNameCollection,https://my346623.sapbydesign.com/sap/byd/odata/cust/v1/khinbounddelivery/BuyerPartyNameCollection,28080,2,khinbounddelivery__BuyerPartyNameCollection.json,,,,,FormattedName=Tushar Desale,"Pulled from SAP and saved in output_raw/, but no transform currently reads it, so it produces no Odoo file. Kept because it is real data that may be useful later (verified against src/transform_odoo.py: this entity is referenced 0 times)."
EXTRACTED - NOT USED,,(supporting data - feeds another object),,,,khinbounddelivery,FreightForwarderPartyNameCollection,https://my346623.sapbydesign.com/sap/byd/odata/cust/v1/khinbounddelivery/FreightForwarderPartyNameCollection,28080,2,khinbounddelivery__FreightForwarderPartyNameCollection.json,,,,,FormattedName=Tushar Desale,"Pulled from SAP and saved in output_raw/, but no transform currently reads it, so it produces no Odoo file. Kept because it is real data that may be useful later (verified against src/transform_odoo.py: this entity is referenced 0 times)."
EXTRACTED - NOT USED,,(supporting data - feeds another object),,,,khinbounddelivery,ItemPurchaseOrderReferenceCollection,https://my346623.sapbydesign.com/sap/byd/odata/cust/v1/khinbounddelivery/ItemPurchaseOrderReferenceCollection,13484,12,khinbounddelivery__ItemPurchaseOrderReferenceCollection.json,,,,,ItemID=10; ItemTypeCode=14; ItemTypeCodeText=Delivery Standard Item; TypeCode=59,"Pulled from SAP and saved in output_raw/, but no transform currently reads it, so it produces no Odoo file. Kept because it is real data that may be useful later (verified against src/transform_odoo.py: this entity is referenced 0 times)."
EXTRACTED - NOT USED,,(supporting data - feeds another object),,,,khinbounddelivery,ItemInboundDeliveryRequestReferenceCollection,https://my346623.sapbydesign.com/sap/byd/odata/cust/v1/khinbounddelivery/ItemInboundDeliveryRequestReferenceCollection,13484,12,khinbounddelivery__ItemInboundDeliveryRequestReferenceCollection.json,,,,,ItemID=10; ItemTypeCode=14; ItemTypeCodeText=Delivery Standard Item; TypeCode=59,"Pulled from SAP and saved in output_raw/, but no transform currently reads it, so it produces no Odoo file. Kept because it is real data that may be useful later (verified against src/transform_odoo.py: this entity is referenced 0 times)."
EXTRACTED - NOT USED,,(supporting data - feeds another object),,,,khinbounddelivery,ItemSalesOrderReferenceCollection,https://my346623.sapbydesign.com/sap/byd/odata/cust/v1/khinbounddelivery/ItemSalesOrderReferenceCollection,13484,12,khinbounddelivery__ItemSalesOrderReferenceCollection.json,,,,,ItemID=10; ItemTypeCode=14; ItemTypeCodeText=Delivery Standard Item; TypeCode=59,"Pulled from SAP and saved in output_raw/, but no transform currently reads it, so it produces no Odoo file. Kept because it is real data that may be useful later (verified against src/transform_odoo.py: this entity is referenced 0 times)."
EXTRACTED - NOT USED,,(supporting data - feeds another object),,,,khinbounddelivery,ItemExternalReferenceCollection,https://my346623.sapbydesign.com/sap/byd/odata/cust/v1/khinbounddelivery/ItemExternalReferenceCollection,13484,12,khinbounddelivery__ItemExternalReferenceCollection.json,,,,,ItemID=10; ItemTypeCode=14; ItemTypeCodeText=Delivery Standard Item; TypeCode=59,"Pulled from SAP and saved in output_raw/, but no transform currently reads it, so it produces no Odoo file. Kept because it is real data that may be useful later (verified against src/transform_odoo.py: this entity is referenced 0 times)."
EXTRACTED - NOT USED,,(supporting data - feeds another object),,,,khinbounddelivery,ItemOutboundDeliveryReferenceCollection,https://my346623.sapbydesign.com/sap/byd/odata/cust/v1/khinbounddelivery/ItemOutboundDeliveryReferenceCollection,13484,12,khinbounddelivery__ItemOutboundDeliveryReferenceCollection.json,,,,,ItemID=10; ItemTypeCode=14; ItemTypeCodeText=Delivery Standard Item; TypeCode=59,"Pulled from SAP and saved in output_raw/, but no transform currently reads it, so it produces no Odoo file. Kept because it is real data that may be useful later (verified against src/transform_odoo.py: this entity is referenced 0 times)."
EXTRACTED - NOT USED,,(supporting data - feeds another object),,,,khinbounddelivery,ItemBuyerPartyCollection,https://my346623.sapbydesign.com/sap/byd/odata/cust/v1/khinbounddelivery/ItemBuyerPartyCollection,9462,3,khinbounddelivery__ItemBuyerPartyCollection.json,,,,,PartyID=70000,"Pulled from SAP and saved in output_raw/, but no transform currently reads it, so it produces no Odoo file. Kept because it is real data that may be useful later (verified against src/transform_odoo.py: this entity is referenced 0 times)."
EXTRACTED - NOT USED,,(supporting data - feeds another object),,,,khinbounddelivery,ItemSellerPartyCollection,https://my346623.sapbydesign.com/sap/byd/odata/cust/v1/khinbounddelivery/ItemSellerPartyCollection,9462,3,khinbounddelivery__ItemSellerPartyCollection.json,,,,,PartyID=70000,"Pulled from SAP and saved in output_raw/, but no transform currently reads it, so it produces no Odoo file. Kept because it is real data that may be useful later (verified against src/transform_odoo.py: this entity is referenced 0 times)."
EXTRACTED - NOT USED,,(supporting data - feeds another object),,,,khinbounddelivery,ItemDeliveryQuantityCollection,https://my346623.sapbydesign.com/sap/byd/odata/cust/v1/khinbounddelivery/ItemDeliveryQuantityCollection,3154,5,khinbounddelivery__ItemDeliveryQuantityCollection.json,,,,,Quantity=2087.00000000000000; UnitCode=ZNO; UnitCodeText=Number,"Pulled from SAP and saved in output_raw/, but no transform currently reads it, so it produces no Odoo file. Kept because it is real data that may be useful later (verified against src/transform_odoo.py: this entity is referenced 0 times)."
EXTRACTED - NOT USED,,(supporting data - feeds another object),,,,khinbounddelivery,ShipToPartyCollection,https://my346623.sapbydesign.com/sap/byd/odata/cust/v1/khinbounddelivery/ShipToPartyCollection,2896,3,khinbounddelivery__ShipToPartyCollection.json,,,,,PartyID=70000,"Pulled from SAP and saved in output_raw/, but no transform currently reads it, so it produces no Odoo file. Kept because it is real data that may be useful later (verified against src/transform_odoo.py: this entity is referenced 0 times)."
EXTRACTED - NOT USED,,(supporting data - feeds another object),,,,khinbounddelivery,BuyerPartyCollection,https://my346623.sapbydesign.com/sap/byd/odata/cust/v1/khinbounddelivery/BuyerPartyCollection,2896,3,khinbounddelivery__BuyerPartyCollection.json,,,,,PartyID=70000,"Pulled from SAP and saved in output_raw/, but no transform currently reads it, so it produces no Odoo file. Kept because it is real data that may be useful later (verified against src/transform_odoo.py: this entity is referenced 0 times)."
EXTRACTED - NOT USED,,(supporting data - feeds another object),,,,khinbounddelivery,FreightForwarderPartyCollection,https://my346623.sapbydesign.com/sap/byd/odata/cust/v1/khinbounddelivery/FreightForwarderPartyCollection,2896,3,khinbounddelivery__FreightForwarderPartyCollection.json,,,,,PartyID=70000,"Pulled from SAP and saved in output_raw/, but no transform currently reads it, so it produces no Odoo file. Kept because it is real data that may be useful later (verified against src/transform_odoo.py: this entity is referenced 0 times)."
EXTRACTED - NOT USED,,(supporting data - feeds another object),,,,khinbounddelivery,ShipToLocationCollection,https://my346623.sapbydesign.com/sap/byd/odata/cust/v1/khinbounddelivery/ShipToLocationCollection,2228,3,khinbounddelivery__ShipToLocationCollection.json,,,,,ObjectID=00163E5F7A721ED98BEC0EA2A3A1...; ParentObjectID=00163E5F7A721ED98BEC0EA2A39E...,"Pulled from SAP and saved in output_raw/, but no transform currently reads it, so it produces no Odoo file. Kept because it is real data that may be useful later (verified against src/transform_odoo.py: this entity is referenced 0 times)."
EXTRACTED - NOT USED,,(supporting data - feeds another object),,,,khinbounddelivery,ShippingPeriodCollection,https://my346623.sapbydesign.com/sap/byd/odata/cust/v1/khinbounddelivery/ShippingPeriodCollection,1117,6,khinbounddelivery__ShippingPeriodCollection.json,,,,,StartDateTime=/Date(1550042640000)/; StartDateTimeZoneCode=INDIA; EndDateTime=/Date(1550042700000)/; EndDateTimeZoneCode=INDIA,"Pulled from SAP and saved in output_raw/, but no transform currently reads it, so it produces no Odoo file. Kept because it is real data that may be useful later (verified against src/transform_odoo.py: this entity is referenced 0 times)."
EXTRACTED - NOT USED,,(supporting data - feeds another object),,,,khinbounddelivery,ArrivalPeriodCollection,https://my346623.sapbydesign.com/sap/byd/odata/cust/v1/khinbounddelivery/ArrivalPeriodCollection,1117,6,khinbounddelivery__ArrivalPeriodCollection.json,,,,,StartDateTime=/Date(1550042640000)/; StartDateTimeZoneCode=INDIA; EndDateTime=/Date(1550042700000)/; EndDateTimeZoneCode=INDIA,"Pulled from SAP and saved in output_raw/, but no transform currently reads it, so it produces no Odoo file. Kept because it is real data that may be useful later (verified against src/transform_odoo.py: this entity is referenced 0 times)."
EXTRACTED - NOT USED,,(supporting data - feeds another object),,,,khoutbounddeliveryrequest,ItemBuyerPartyCollection,https://my346623.sapbydesign.com/sap/byd/odata/cust/v1/khoutbounddeliveryrequest/ItemBuyerPartyCollection,46695,3,khoutbounddeliveryrequest__ItemBuyerPartyCollection.json,,,,,PartyID=1121778,"Pulled from SAP and saved in output_raw/, but no transform currently reads it, so it produces no Odoo file. Kept because it is real data that may be useful later (verified against src/transform_odoo.py: this entity is referenced 0 times)."
EXTRACTED - NOT USED,,(supporting data - feeds another object),,,,khoutbounddeliveryrequest,ArrivalPeriodCollection,https://my346623.sapbydesign.com/sap/byd/odata/cust/v1/khoutbounddeliveryrequest/ArrivalPeriodCollection,37464,6,khoutbounddeliveryrequest__ArrivalPeriodCollection.json,,,,,StartDateTime=/Date(1550053385000)/; StartDateTimeZoneCode=INDIA; EndDateTime=/Date(1550053385000)/; EndDateTimeZoneCode=INDIA,"Pulled from SAP and saved in output_raw/, but no transform currently reads it, so it produces no Odoo file. Kept because it is real data that may be useful later (verified against src/transform_odoo.py: this entity is referenced 0 times)."
EXTRACTED - NOT USED,,(supporting data - feeds another object),,,,khoutbounddeliveryrequest,RequestedQuantityCollection,https://my346623.sapbydesign.com/sap/byd/odata/cust/v1/khoutbounddeliveryrequest/RequestedQuantityCollection,25358,5,khoutbounddeliveryrequest__RequestedQuantityCollection.json,,,,,Quantity=103.00000000000000; UnitCode=ZNO; UnitCodeText=Number,"Pulled from SAP and saved in output_raw/, but no transform currently reads it, so it produces no Odoo file. Kept because it is real data that may be useful later (verified against src/transform_odoo.py: this entity is referenced 0 times)."
EXTRACTED - NOT USED,,(supporting data - feeds another object),,,,khoutbounddeliveryrequest,OpenQuantityCollection,https://my346623.sapbydesign.com/sap/byd/odata/cust/v1/khoutbounddeliveryrequest/OpenQuantityCollection,25358,5,khoutbounddeliveryrequest__OpenQuantityCollection.json,,,,,Quantity=103.00000000000000; UnitCode=ZNO; UnitCodeText=Number,"Pulled from SAP and saved in output_raw/, but no transform currently reads it, so it produces no Odoo file. Kept because it is real data that may be useful later (verified against src/transform_odoo.py: this entity is referenced 0 times)."
EXTRACTED - NOT USED,,(supporting data - feeds another object),,,,khoutbounddeliveryrequest,ItemCollection,https://my346623.sapbydesign.com/sap/byd/odata/cust/v1/khoutbounddeliveryrequest/ItemCollection,9339,26,khoutbounddeliveryrequest__ItemCollection.json,,,,,BaseBusinessTransactionDocumentItemID=10; CancellationStatusCode=1; CancellationStatusCodeText=Not Canceled; ConsistencyStatusCode=3,"Pulled from SAP and saved in output_raw/, but no transform currently reads it, so it produces no Odoo file. Kept because it is real data that may be useful later (verified against src/transform_odoo.py: this entity is referenced 0 times)."
EXTRACTED - NOT USED,,(supporting data - feeds another object),,,,khoutbounddeliveryrequest,ItemScheduleLineCollection,https://my346623.sapbydesign.com/sap/byd/odata/cust/v1/khoutbounddeliveryrequest/ItemScheduleLineCollection,12679,2,khoutbounddeliveryrequest__ItemScheduleLineCollection.json,,,,,ObjectID=00163E5F7A8F1ED98BEF2D39D7C8...; ParentObjectID=00163E5F7A8F1ED98BEF2D39D7C7...,"Pulled from SAP and saved in output_raw/, but no transform currently reads it, so it produces no Odoo file. Kept because it is real data that may be useful later (verified against src/transform_odoo.py: this entity is referenced 0 times)."
EXTRACTED - NOT USED,,(supporting data - feeds another object),,,,khoutbounddeliveryrequest,OutboundDeliveryRequestCollection,https://my346623.sapbydesign.com/sap/byd/odata/cust/v1/khoutbounddeliveryrequest/OutboundDeliveryRequestCollection,4642,5,khoutbounddeliveryrequest__OutboundDeliveryRequestCollection.json,,,,,BaseBusinessTransactionDocumentID=3; BaseBusinessTransactionDocumentTypeCode=68; BaseBusinessTransactionDocumentTypeCodeText=Logistics Execution Request; CreationDateTime=/Date(1550053412784)/,"Pulled from SAP and saved in output_raw/, but no transform currently reads it, so it produces no Odoo file. Kept because it is real data that may be useful later (verified against src/transform_odoo.py: this entity is referenced 0 times)."
EXTRACTED - NOT USED,,(supporting data - feeds another object),,,,khoutbounddeliveryrequest,ShipFromLocationCollection,https://my346623.sapbydesign.com/sap/byd/odata/cust/v1/khoutbounddeliveryrequest/ShipFromLocationCollection,4642,3,khoutbounddeliveryrequest__ShipFromLocationCollection.json,,,,,LocationID=71000,"Pulled from SAP and saved in output_raw/, but no transform currently reads it, so it produces no Odoo file. Kept because it is real data that may be useful later (verified against src/transform_odoo.py: this entity is referenced 0 times)."
EXTRACTED - NOT USED,,(supporting data - feeds another object),,,,khoutbounddeliveryrequest,ProductRecipientPartyCollection,https://my346623.sapbydesign.com/sap/byd/odata/cust/v1/khoutbounddeliveryrequest/ProductRecipientPartyCollection,994,3,khoutbounddeliveryrequest__ProductRecipientPartyCollection.json,,,,,PartyID=70000,"Pulled from SAP and saved in output_raw/, but no transform currently reads it, so it produces no Odoo file. Kept because it is real data that may be useful later (verified against src/transform_odoo.py: this entity is referenced 0 times)."
EXTRACTED - NOT USED,,(supporting data - feeds another object),,,,khprofitcentre,DefinitionCollection,https://my346623.sapbydesign.com/sap/byd/odata/cust/v1/khprofitcentre/DefinitionCollection,9,6,khprofitcentre__DefinitionCollection.json,,,,,BusinessCharacterCode=13; BusinessCharacterCodeText=Permanent Establishment; StartDate=/Date(680918400000)/; EndDate=/Date(253402214400000)/,"Pulled from SAP and saved in output_raw/, but no transform currently reads it, so it produces no Odoo file. Kept because it is real data that may be useful later (verified against src/transform_odoo.py: this entity is referenced 0 times)."
EXTRACTED - NOT USED,,(supporting data - feeds another object),,,,khprofitcentre,SuperordinateProfitCentreNameCollection,https://my346623.sapbydesign.com/sap/byd/odata/cust/v1/khprofitcentre/SuperordinateProfitCentreNameCollection,2,3,khprofitcentre__SuperordinateProfitCentreNameCollection.json,,,,,Name=EMS-Electronic Manufacturing...,"Pulled from SAP and saved in output_raw/, but no transform currently reads it, so it produces no Odoo file. Kept because it is real data that may be useful later (verified against src/transform_odoo.py: this entity is referenced 0 times)."
EXTRACTED - NOT USED,,(supporting data - feeds another object),,,,khprofitcentre,CurrentSuperordinateProfitCentreCollection,https://my346623.sapbydesign.com/sap/byd/odata/cust/v1/khprofitcentre/CurrentSuperordinateProfitCentreCollection,2,3,khprofitcentre__CurrentSuperordinateProfitCentreCollection.json,,,,,ObjectID=00163E5F7A721EE987A835E9FA7E...; ID=71000; UUID=00163E5F-7A72-1EE9-87A8-35E9...,"Pulled from SAP and saved in output_raw/, but no transform currently reads it, so it produces no Odoo file. Kept because it is real data that may be useful later (verified against src/transform_odoo.py: this entity is referenced 0 times)."
EXTRACTED - NOT USED,,(supporting data - feeds another object),,,,khprofitcentre,SegmentNameCollection,https://my346623.sapbydesign.com/sap/byd/odata/cust/v1/khprofitcentre/SegmentNameCollection,2,3,khprofitcentre__SegmentNameCollection.json,,,,,Name=EMS-Electronic Manufacturing...,"Pulled from SAP and saved in output_raw/, but no transform currently reads it, so it produces no Odoo file. Kept because it is real data that may be useful later (verified against src/transform_odoo.py: this entity is referenced 0 times)."
EXTRACTED - NOT USED,,(supporting data - feeds another object),,,,khprofitcentre,CurrentSegmentAssignmentCollection,https://my346623.sapbydesign.com/sap/byd/odata/cust/v1/khprofitcentre/CurrentSegmentAssignmentCollection,2,3,khprofitcentre__CurrentSegmentAssignmentCollection.json,,,,,ObjectID=00163E5F7A721EE987A835E9FA7E...; ID=71000; UUID=00163E5F-7A72-1EE9-87A8-35E9...,"Pulled from SAP and saved in output_raw/, but no transform currently reads it, so it produces no Odoo file. Kept because it is real data that may be useful later (verified against src/transform_odoo.py: this entity is referenced 0 times)."
EXTRACTED - NOT USED,,(supporting data - feeds another object),,,,khserviceproductvaluationdata,CostRateCollection,https://my346623.sapbydesign.com/sap/byd/odata/cust/v1/khserviceproductvaluationdata/CostRateCollection,5,9,khserviceproductvaluationdata__CostRateCollection.json,,,,,SetOfBooksID=DSOB; StartDate=/Date(1609459200000)/; EndDate=/Date(253402214400000)/; Amount=0.000000,"Pulled from SAP and saved in output_raw/, but no transform currently reads it, so it produces no Odoo file. Kept because it is real data that may be useful later (verified against src/transform_odoo.py: this entity is referenced 0 times)."
EXTRACTED - NOT USED,,(supporting data - feeds another object),,,,khserviceproductvaluationdata,ServiceProductValuationDataCollection,https://my346623.sapbydesign.com/sap/byd/odata/cust/v1/khserviceproductvaluationdata/ServiceProductValuationDataCollection,5,6,khserviceproductvaluationdata__ServiceProductValuationDataCollection.json,,,,,ServiceProductInternalID=CUSTOMDUTY; AccountDeterminationGroupCode=5000; AccountDeterminationGroupCodeText=Services,"Pulled from SAP and saved in output_raw/, but no transform currently reads it, so it produces no Odoo file. Kept because it is real data that may be useful later (verified against src/transform_odoo.py: this entity is referenced 0 times)."
EXTRACTED - NOT USED,,(supporting data - feeds another object),,,,khbusinesspartner,NoteCollection,https://my346623.sapbydesign.com/sap/byd/odata/cust/v1/khbusinesspartner/NoteCollection,3,13,khbusinesspartner__NoteCollection.json,,,,,Text=Corporate Identification Num...; TypeCode=10040; TypeCodeText=Tax Authority Note; CreatedOn=/Date(1549603459435)/,"Pulled from SAP and saved in output_raw/, but no transform currently reads it, so it produces no Odoo file. Kept because it is real data that may be useful later (verified against src/transform_odoo.py: this entity is referenced 0 times)."
EXTRACTED - NOT USED,,(supporting data - feeds another object),,,,khbusinesspartner,FacsimileCollection,https://my346623.sapbydesign.com/sap/byd/odata/cust/v1/khbusinesspartner/FacsimileCollection,1,4,khbusinesspartner__FacsimileCollection.json,,,,,FormattedNumberDescription=+91 80-23004900; NormalisedNumberDescription=+918023004900,"Pulled from SAP and saved in output_raw/, but no transform currently reads it, so it produces no Odoo file. Kept because it is real data that may be useful later (verified against src/transform_odoo.py: this entity is referenced 0 times)."
EXTRACTED - NOT USED,,(supporting data - feeds another object),,,,khbusinesspartnerrelationship,ServicePerformerBusinessAddressCollection,https://my346623.sapbydesign.com/sap/byd/odata/cust/v1/khbusinesspartnerrelationship/ServicePerformerBusinessAddressCollection,0,0,khbusinesspartnerrelationship__ServicePerformerBusinessAddressCollection.json,,,,,,"Pulled from SAP and saved in output_raw/, but no transform currently reads it, so it produces no Odoo file. Kept because it is real data that may be useful later (verified against src/transform_odoo.py: this entity is referenced 0 times)."
EXTRACTED - NOT USED,,(supporting data - feeds another object),,,,khbusinesspartnerrelationship,ServicePerformerBusinessAddressInformationCollection,https://my346623.sapbydesign.com/sap/byd/odata/cust/v1/khbusinesspartnerrelationship/ServicePerformerBusinessAddressInformationCollection,0,0,khbusinesspartnerrelationship__ServicePerformerBusinessAddressInformationCollection.json,,,,,,"Pulled from SAP and saved in output_raw/, but no transform currently reads it, so it produces no Odoo file. Kept because it is real data that may be useful later (verified against src/transform_odoo.py: this entity is referenced 0 times)."
EXTRACTED - NOT USED,,(supporting data - feeds another object),,,,khbusinesspartnerrelationship,ServicePerformerBusinessPhoneCollection,https://my346623.sapbydesign.com/sap/byd/odata/cust/v1/khbusinesspartnerrelationship/ServicePerformerBusinessPhoneCollection,0,0,khbusinesspartnerrelationship__ServicePerformerBusinessPhoneCollection.json,,,,,,"Pulled from SAP and saved in output_raw/, but no transform currently reads it, so it produces no Odoo file. Kept because it is real data that may be useful later (verified against src/transform_odoo.py: this entity is referenced 0 times)."
EXTRACTED - NOT USED,,(supporting data - feeds another object),,,,khbusinesspartnerrelationship,ServicePerformerBusinessMobilePhoneCollection,https://my346623.sapbydesign.com/sap/byd/odata/cust/v1/khbusinesspartnerrelationship/ServicePerformerBusinessMobilePhoneCollection,0,0,khbusinesspartnerrelationship__ServicePerformerBusinessMobilePhoneCollection.json,,,,,,"Pulled from SAP and saved in output_raw/, but no transform currently reads it, so it produces no Odoo file. Kept because it is real data that may be useful later (verified against src/transform_odoo.py: this entity is referenced 0 times)."
EXTRACTED - NOT USED,,(supporting data - feeds another object),,,,khbusinesspartnerrelationship,ServicePerformerBusinessEMailCollection,https://my346623.sapbydesign.com/sap/byd/odata/cust/v1/khbusinesspartnerrelationship/ServicePerformerBusinessEMailCollection,0,0,khbusinesspartnerrelationship__ServicePerformerBusinessEMailCollection.json,,,,,,"Pulled from SAP and saved in output_raw/, but no transform currently reads it, so it produces no Odoo file. Kept because it is real data that may be useful later (verified against src/transform_odoo.py: this entity is referenced 0 times)."
EXTRACTED - NOT USED,,(supporting data - feeds another object),,,,khbusinesspartnerrelationship,ServicePerformerCollection,https://my346623.sapbydesign.com/sap/byd/odata/cust/v1/khbusinesspartnerrelationship/ServicePerformerCollection,0,0,khbusinesspartnerrelationship__ServicePerformerCollection.json,,,,,,"Pulled from SAP and saved in output_raw/, but no transform currently reads it, so it produces no Odoo file. Kept because it is real data that may be useful later (verified against src/transform_odoo.py: this entity is referenced 0 times)."
EXTRACTED - NOT USED,,(supporting data - feeds another object),,,,khbusinesspartnerrelationship,ServicePerformerBusinessCommunicationPreferenceCollection,https://my346623.sapbydesign.com/sap/byd/odata/cust/v1/khbusinesspartnerrelationship/ServicePerformerBusinessCommunicationPreferenceCollection,0,0,khbusinesspartnerrelationship__ServicePerformerBusinessCommunicationPreferenceCollection.json,,,,,,"Pulled from SAP and saved in output_raw/, but no transform currently reads it, so it produces no Odoo file. Kept because it is real data that may be useful later (verified against src/transform_odoo.py: this entity is referenced 0 times)."
EXTRACTED - NOT USED,,(supporting data - feeds another object),,,,khbusinessresidence,StandardIdentificationCollection,https://my346623.sapbydesign.com/sap/byd/odata/cust/v1/khbusinessresidence/StandardIdentificationCollection,0,0,khbusinessresidence__StandardIdentificationCollection.json,,,,,,"Pulled from SAP and saved in output_raw/, but no transform currently reads it, so it produces no Odoo file. Kept because it is real data that may be useful later (verified against src/transform_odoo.py: this entity is referenced 0 times)."
EXTRACTED - NOT USED,,(supporting data - feeds another object),,,,khbusinessresidence,SiteStandardIdentificationCollection,https://my346623.sapbydesign.com/sap/byd/odata/cust/v1/khbusinessresidence/SiteStandardIdentificationCollection,0,0,khbusinessresidence__SiteStandardIdentificationCollection.json,,,,,,"Pulled from SAP and saved in output_raw/, but no transform currently reads it, so it produces no Odoo file. Kept because it is real data that may be useful later (verified against src/transform_odoo.py: this entity is referenced 0 times)."
EXTRACTED - NOT USED,,(supporting data - feeds another object),,,,khcustomer,NoteCollection,https://my346623.sapbydesign.com/sap/byd/odata/cust/v1/khcustomer/NoteCollection,0,0,khcustomer__NoteCollection.json,,,,,,"Pulled from SAP and saved in output_raw/, but no transform currently reads it, so it produces no Odoo file. Kept because it is real data that may be useful later (verified against src/transform_odoo.py: this entity is referenced 0 times)."
EXTRACTED - NOT USED,,(supporting data - feeds another object),,,,khcustomer,EmployeeResponsibleCollection,https://my346623.sapbydesign.com/sap/byd/odata/cust/v1/khcustomer/EmployeeResponsibleCollection,0,0,khcustomer__EmployeeResponsibleCollection.json,,,,,,"Pulled from SAP and saved in output_raw/, but no transform currently reads it, so it produces no Odoo file. Kept because it is real data that may be useful later (verified against src/transform_odoo.py: this entity is referenced 0 times)."
EXTRACTED - NOT USED,,(supporting data - feeds another object),,,,khcustomer,TaxExemptionCollection,https://my346623.sapbydesign.com/sap/byd/odata/cust/v1/khcustomer/TaxExemptionCollection,0,0,khcustomer__TaxExemptionCollection.json,,,,,,"Pulled from SAP and saved in output_raw/, but no transform currently reads it, so it produces no Odoo file. Kept because it is real data that may be useful later (verified against src/transform_odoo.py: this entity is referenced 0 times)."
EXTRACTED - NOT USED,,(supporting data - feeds another object),,,,khcustomer,IdentificationCollection,https://my346623.sapbydesign.com/sap/byd/odata/cust/v1/khcustomer/IdentificationCollection,0,0,khcustomer__IdentificationCollection.json,,,,,,"Pulled from SAP and saved in output_raw/, but no transform currently reads it, so it produces no Odoo file. Kept because it is real data that may be useful later (verified against src/transform_odoo.py: this entity is referenced 0 times)."
EXTRACTED - NOT USED,,(supporting data - feeds another object),,,,khcustomer,EMailCollection,https://my346623.sapbydesign.com/sap/byd/odata/cust/v1/khcustomer/EMailCollection,1,4,khcustomer__EMailCollection.json,,,,,NormalisedURI=mohammadkhannoor48@GMAIL.COM; URI=mohammadkhannoor48@gmail.com,"Pulled from SAP and saved in output_raw/, but no transform currently reads it, so it produces no Odoo file. Kept because it is real data that may be useful later (verified against src/transform_odoo.py: this entity is referenced 0 times)."
EXTRACTED - NOT USED,,(supporting data - feeds another object),,,,khcustomer,FacsimileCollection,https://my346623.sapbydesign.com/sap/byd/odata/cust/v1/khcustomer/FacsimileCollection,1,4,khcustomer__FacsimileCollection.json,,,,,FormattedNumberDescription=+91 80-23004900; NormalisedNumberDescription=+918023004900,"Pulled from SAP and saved in output_raw/, but no transform currently reads it, so it produces no Odoo file. Kept because it is real data that may be useful later (verified against src/transform_odoo.py: this entity is referenced 0 times)."
EXTRACTED - NOT USED,,(supporting data - feeds another object),,,,khcustomerinvoice,ItemAttachmentFolderCollection,https://my346623.sapbydesign.com/sap/byd/odata/cust/v1/khcustomerinvoice/ItemAttachmentFolderCollection,NOT EXTRACTED,,khcustomerinvoice__ItemAttachmentFolderCollection.json,,,,,,"Pulled from SAP and saved in output_raw/, but no transform currently reads it, so it produces no Odoo file. Kept because it is real data that may be useful later (verified against src/transform_odoo.py: this entity is referenced 0 times)."
EXTRACTED - NOT USED,,(supporting data - feeds another object),,,,khcustomerinvoice,PaymentControlCollection,https://my346623.sapbydesign.com/sap/byd/odata/cust/v1/khcustomerinvoice/PaymentControlCollection,0,0,khcustomerinvoice__PaymentControlCollection.json,,,,,,"Pulled from SAP and saved in output_raw/, but no transform currently reads it, so it produces no Odoo file. Kept because it is real data that may be useful later (verified against src/transform_odoo.py: this entity is referenced 0 times)."
EXTRACTED - NOT USED,,(supporting data - feeds another object),,,,khcustomerinvoice,ExternalPaymentCollection,https://my346623.sapbydesign.com/sap/byd/odata/cust/v1/khcustomerinvoice/ExternalPaymentCollection,0,0,khcustomerinvoice__ExternalPaymentCollection.json,,,,,,"Pulled from SAP and saved in output_raw/, but no transform currently reads it, so it produces no Odoo file. Kept because it is real data that may be useful later (verified against src/transform_odoo.py: this entity is referenced 0 times)."
EXTRACTED - NOT USED,,(supporting data - feeds another object),,,,khcustomerinvoicerequest,ItemAttachmentFolderCollection,https://my346623.sapbydesign.com/sap/byd/odata/cust/v1/khcustomerinvoicerequest/ItemAttachmentFolderCollection,NOT EXTRACTED,,khcustomerinvoicerequest__ItemAttachmentFolderCollection.json,,,,,,"Pulled from SAP and saved in output_raw/, but no transform currently reads it, so it produces no Odoo file. Kept because it is real data that may be useful later (verified against src/transform_odoo.py: this entity is referenced 0 times)."
EXTRACTED - NOT USED,,(supporting data - feeds another object),,,,khcustomerinvoicerequest,PaymentControlExternalPaymentCollection,https://my346623.sapbydesign.com/sap/byd/odata/cust/v1/khcustomerinvoicerequest/PaymentControlExternalPaymentCollection,0,0,khcustomerinvoicerequest__PaymentControlExternalPaymentCollection.json,,,,,,"Pulled from SAP and saved in output_raw/, but no transform currently reads it, so it produces no Odoo file. Kept because it is real data that may be useful later (verified against src/transform_odoo.py: this entity is referenced 0 times)."
EXTRACTED - NOT USED,,(supporting data - feeds another object),,,,khcustomerquote,ItemCollection,https://my346623.sapbydesign.com/sap/byd/odata/cust/v1/khcustomerquote/ItemCollection,0,0,khcustomerquote__ItemCollection.json,,,,,,"Pulled from SAP and saved in output_raw/, but no transform currently reads it, so it produces no Odoo file. Kept because it is real data that may be useful later (verified against src/transform_odoo.py: this entity is referenced 0 times)."
EXTRACTED - NOT USED,,(supporting data - feeds another object),,,,khcustomerquote,CustomerQuoteCollection,https://my346623.sapbydesign.com/sap/byd/odata/cust/v1/khcustomerquote/CustomerQuoteCollection,0,0,khcustomerquote__CustomerQuoteCollection.json,,,,,,"Pulled from SAP and saved in output_raw/, but no transform currently reads it, so it produces no Odoo file. Kept because it is real data that may be useful later (verified against src/transform_odoo.py: this entity is referenced 0 times)."
EXTRACTED - NOT USED,,(supporting data - feeds another object),,,,khcustomerquote,ItemAttachmentFolderCollection,https://my346623.sapbydesign.com/sap/byd/odata/cust/v1/khcustomerquote/ItemAttachmentFolderCollection,NOT EXTRACTED,,khcustomerquote__ItemAttachmentFolderCollection.json,,,,,,"Pulled from SAP and saved in output_raw/, but no transform currently reads it, so it produces no Odoo file. Kept because it is real data that may be useful later (verified against src/transform_odoo.py: this entity is referenced 0 times)."
EXTRACTED - NOT USED,,(supporting data - feeds another object),,,,khcustomerquote,PriceComponentCollection,https://my346623.sapbydesign.com/sap/byd/odata/cust/v1/khcustomerquote/PriceComponentCollection,0,0,khcustomerquote__PriceComponentCollection.json,,,,,,"Pulled from SAP and saved in output_raw/, but no transform currently reads it, so it produces no Odoo file. Kept because it is real data that may be useful later (verified against src/transform_odoo.py: this entity is referenced 0 times)."
EXTRACTED - NOT USED,,(supporting data - feeds another object),,,,khcustomerquote,ItemPriceComponentCollection,https://my346623.sapbydesign.com/sap/byd/odata/cust/v1/khcustomerquote/ItemPriceComponentCollection,0,0,khcustomerquote__ItemPriceComponentCollection.json,,,,,,"Pulled from SAP and saved in output_raw/, but no transform currently reads it, so it produces no Odoo file. Kept because it is real data that may be useful later (verified against src/transform_odoo.py: this entity is referenced 0 times)."
EXTRACTED - NOT USED,,(supporting data - feeds another object),,,,khcustomerquote,ItemNotesCollection,https://my346623.sapbydesign.com/sap/byd/odata/cust/v1/khcustomerquote/ItemNotesCollection,0,0,khcustomerquote__ItemNotesCollection.json,,,,,,"Pulled from SAP and saved in output_raw/, but no transform currently reads it, so it produces no Odoo file. Kept because it is real data that may be useful later (verified against src/transform_odoo.py: this entity is referenced 0 times)."
EXTRACTED - NOT USED,,(supporting data - feeds another object),,,,khcustomerquote,ItemPriceAndTaxCalculationCollection,https://my346623.sapbydesign.com/sap/byd/odata/cust/v1/khcustomerquote/ItemPriceAndTaxCalculationCollection,0,0,khcustomerquote__ItemPriceAndTaxCalculationCollection.json,,,,,,"Pulled from SAP and saved in output_raw/, but no transform currently reads it, so it produces no Odoo file. Kept because it is real data that may be useful later (verified against src/transform_odoo.py: this entity is referenced 0 times)."
EXTRACTED - NOT USED,,(supporting data - feeds another object),,,,khcustomerquote,NotesCollection,https://my346623.sapbydesign.com/sap/byd/odata/cust/v1/khcustomerquote/NotesCollection,0,0,khcustomerquote__NotesCollection.json,,,,,,"Pulled from SAP and saved in output_raw/, but no transform currently reads it, so it produces no Odoo file. Kept because it is real data that may be useful later (verified against src/transform_odoo.py: this entity is referenced 0 times)."
EXTRACTED - NOT USED,,(supporting data - feeds another object),,,,khcustomerquote,SalesOrderReferenceCollection,https://my346623.sapbydesign.com/sap/byd/odata/cust/v1/khcustomerquote/SalesOrderReferenceCollection,0,0,khcustomerquote__SalesOrderReferenceCollection.json,,,,,,"Pulled from SAP and saved in output_raw/, but no transform currently reads it, so it produces no Odoo file. Kept because it is real data that may be useful later (verified against src/transform_odoo.py: this entity is referenced 0 times)."
EXTRACTED - NOT USED,,(supporting data - feeds another object),,,,khcustomerquote,DocumentReferenceCollection,https://my346623.sapbydesign.com/sap/byd/odata/cust/v1/khcustomerquote/DocumentReferenceCollection,0,0,khcustomerquote__DocumentReferenceCollection.json,,,,,,"Pulled from SAP and saved in output_raw/, but no transform currently reads it, so it produces no Odoo file. Kept because it is real data that may be useful later (verified against src/transform_odoo.py: this entity is referenced 0 times)."
EXTRACTED - NOT USED,,(supporting data - feeds another object),,,,khcustomerquote,PriceAndTaxCalculationCollection,https://my346623.sapbydesign.com/sap/byd/odata/cust/v1/khcustomerquote/PriceAndTaxCalculationCollection,0,0,khcustomerquote__PriceAndTaxCalculationCollection.json,,,,,,"Pulled from SAP and saved in output_raw/, but no transform currently reads it, so it produces no Odoo file. Kept because it is real data that may be useful later (verified against src/transform_odoo.py: this entity is referenced 0 times)."
EXTRACTED - NOT USED,,(supporting data - feeds another object),,,,khcustomerquote,OpportunityReferenceCollection,https://my346623.sapbydesign.com/sap/byd/odata/cust/v1/khcustomerquote/OpportunityReferenceCollection,0,0,khcustomerquote__OpportunityReferenceCollection.json,,,,,,"Pulled from SAP and saved in output_raw/, but no transform currently reads it, so it produces no Odoo file. Kept because it is real data that may be useful later (verified against src/transform_odoo.py: this entity is referenced 0 times)."
EXTRACTED - NOT USED,,(supporting data - feeds another object),,,,khcustomerquote,BuyerPartyContactCollection,https://my346623.sapbydesign.com/sap/byd/odata/cust/v1/khcustomerquote/BuyerPartyContactCollection,0,0,khcustomerquote__BuyerPartyContactCollection.json,,,,,,"Pulled from SAP and saved in output_raw/, but no transform currently reads it, so it produces no Odoo file. Kept because it is real data that may be useful later (verified against src/transform_odoo.py: this entity is referenced 0 times)."
EXTRACTED - NOT USED,,(supporting data - feeds another object),,,,khcustomerquote,ValidityPeriodCollection,https://my346623.sapbydesign.com/sap/byd/odata/cust/v1/khcustomerquote/ValidityPeriodCollection,0,0,khcustomerquote__ValidityPeriodCollection.json,,,,,,"Pulled from SAP and saved in output_raw/, but no transform currently reads it, so it produces no Odoo file. Kept because it is real data that may be useful later (verified against src/transform_odoo.py: this entity is referenced 0 times)."
EXTRACTED - NOT USED,,(supporting data - feeds another object),,,,khcustomerquote,PeriodTermsCollection,https://my346623.sapbydesign.com/sap/byd/odata/cust/v1/khcustomerquote/PeriodTermsCollection,0,0,khcustomerquote__PeriodTermsCollection.json,,,,,,"Pulled from SAP and saved in output_raw/, but no transform currently reads it, so it produces no Odoo file. Kept because it is real data that may be useful later (verified against src/transform_odoo.py: this entity is referenced 0 times)."
EXTRACTED - NOT USED,,(supporting data - feeds another object),,,,khcustomerquote,SalesUnitPartyCollection,https://my346623.sapbydesign.com/sap/byd/odata/cust/v1/khcustomerquote/SalesUnitPartyCollection,0,0,khcustomerquote__SalesUnitPartyCollection.json,,,,,,"Pulled from SAP and saved in output_raw/, but no transform currently reads it, so it produces no Odoo file. Kept because it is real data that may be useful later (verified against src/transform_odoo.py: this entity is referenced 0 times)."
EXTRACTED - NOT USED,,(supporting data - feeds another object),,,,khcustomerquote,EmployeeResponsibleCollection,https://my346623.sapbydesign.com/sap/byd/odata/cust/v1/khcustomerquote/EmployeeResponsibleCollection,0,0,khcustomerquote__EmployeeResponsibleCollection.json,,,,,,"Pulled from SAP and saved in output_raw/, but no transform currently reads it, so it produces no Odoo file. Kept because it is real data that may be useful later (verified against src/transform_odoo.py: this entity is referenced 0 times)."
EXTRACTED - NOT USED,,(supporting data - feeds another object),,,,khcustomerquote,BillToPartyCollection,https://my346623.sapbydesign.com/sap/byd/odata/cust/v1/khcustomerquote/BillToPartyCollection,0,0,khcustomerquote__BillToPartyCollection.json,,,,,,"Pulled from SAP and saved in output_raw/, but no transform currently reads it, so it produces no Odoo file. Kept because it is real data that may be useful later (verified against src/transform_odoo.py: this entity is referenced 0 times)."
EXTRACTED - NOT USED,,(supporting data - feeds another object),,,,khcustomerquote,ShipToPartyCollection,https://my346623.sapbydesign.com/sap/byd/odata/cust/v1/khcustomerquote/ShipToPartyCollection,0,0,khcustomerquote__ShipToPartyCollection.json,,,,,,"Pulled from SAP and saved in output_raw/, but no transform currently reads it, so it produces no Odoo file. Kept because it is real data that may be useful later (verified against src/transform_odoo.py: this entity is referenced 0 times)."
EXTRACTED - NOT USED,,(supporting data - feeds another object),,,,khcustomerquote,BuyerPartyCollection,https://my346623.sapbydesign.com/sap/byd/odata/cust/v1/khcustomerquote/BuyerPartyCollection,0,0,khcustomerquote__BuyerPartyCollection.json,,,,,,"Pulled from SAP and saved in output_raw/, but no transform currently reads it, so it produces no Odoo file. Kept because it is real data that may be useful later (verified against src/transform_odoo.py: this entity is referenced 0 times)."
EXTRACTED - NOT USED,,(supporting data - feeds another object),,,,khcustomerquote,ItemScheduleLineCollection,https://my346623.sapbydesign.com/sap/byd/odata/cust/v1/khcustomerquote/ItemScheduleLineCollection,0,0,khcustomerquote__ItemScheduleLineCollection.json,,,,,,"Pulled from SAP and saved in output_raw/, but no transform currently reads it, so it produces no Odoo file. Kept because it is real data that may be useful later (verified against src/transform_odoo.py: this entity is referenced 0 times)."
EXTRACTED - NOT USED,,(supporting data - feeds another object),,,,khcustomerquote,SalesUnitPartyNameCollection,https://my346623.sapbydesign.com/sap/byd/odata/cust/v1/khcustomerquote/SalesUnitPartyNameCollection,28080,2,khcustomerquote__SalesUnitPartyNameCollection.json,,,,,FormattedName=Tushar Desale,"Pulled from SAP and saved in output_raw/, but no transform currently reads it, so it produces no Odoo file. Kept because it is real data that may be useful later (verified against src/transform_odoo.py: this entity is referenced 0 times)."
EXTRACTED - NOT USED,,(supporting data - feeds another object),,,,khcustomerquote,EmployeeResponsibleNameCollection,https://my346623.sapbydesign.com/sap/byd/odata/cust/v1/khcustomerquote/EmployeeResponsibleNameCollection,28080,2,khcustomerquote__EmployeeResponsibleNameCollection.json,,,,,FormattedName=Tushar Desale,"Pulled from SAP and saved in output_raw/, but no transform currently reads it, so it produces no Odoo file. Kept because it is real data that may be useful later (verified against src/transform_odoo.py: this entity is referenced 0 times)."
EXTRACTED - NOT USED,,(supporting data - feeds another object),,,,khcustomerquote,BillToPartyAddressCollection,https://my346623.sapbydesign.com/sap/byd/odata/cust/v1/khcustomerquote/BillToPartyAddressCollection,28080,2,khcustomerquote__BillToPartyAddressCollection.json,,,,,"FormattedPostalAddressDescription=GAT NO.1122, 1129, 1140, 129...","Pulled from SAP and saved in output_raw/, but no transform currently reads it, so it produces no Odoo file. Kept because it is real data that may be useful later (verified against src/transform_odoo.py: this entity is referenced 0 times)."
EXTRACTED - NOT USED,,(supporting data - feeds another object),,,,khcustomerquote,BillToPartyNameCollection,https://my346623.sapbydesign.com/sap/byd/odata/cust/v1/khcustomerquote/BillToPartyNameCollection,28080,2,khcustomerquote__BillToPartyNameCollection.json,,,,,FormattedName=Tushar Desale,"Pulled from SAP and saved in output_raw/, but no transform currently reads it, so it produces no Odoo file. Kept because it is real data that may be useful later (verified against src/transform_odoo.py: this entity is referenced 0 times)."
EXTRACTED - NOT USED,,(supporting data - feeds another object),,,,khcustomerquote,BuyerPartyContactEmailCollection,https://my346623.sapbydesign.com/sap/byd/odata/cust/v1/khcustomerquote/BuyerPartyContactEmailCollection,7207,2,khcustomerquote__BuyerPartyContactEmailCollection.json,,,,,URI=rameshk@danlawems.com,"Pulled from SAP and saved in output_raw/, but no transform currently reads it, so it produces no Odoo file. Kept because it is real data that may be useful later (verified against src/transform_odoo.py: this entity is referenced 0 times)."
EXTRACTED - NOT USED,,(supporting data - feeds another object),,,,khcustomerquote,BuyerPartyContactTelephoneCollection,https://my346623.sapbydesign.com/sap/byd/odata/cust/v1/khcustomerquote/BuyerPartyContactTelephoneCollection,7238,2,khcustomerquote__BuyerPartyContactTelephoneCollection.json,,,,,FormattedNumberDescription=+91 80566078,"Pulled from SAP and saved in output_raw/, but no transform currently reads it, so it produces no Odoo file. Kept because it is real data that may be useful later (verified against src/transform_odoo.py: this entity is referenced 0 times)."
EXTRACTED - NOT USED,,(supporting data - feeds another object),,,,khcustomerquote,BuyerPartyContactNameCollection,https://my346623.sapbydesign.com/sap/byd/odata/cust/v1/khcustomerquote/BuyerPartyContactNameCollection,28080,2,khcustomerquote__BuyerPartyContactNameCollection.json,,,,,FormattedName=Tushar Desale,"Pulled from SAP and saved in output_raw/, but no transform currently reads it, so it produces no Odoo file. Kept because it is real data that may be useful later (verified against src/transform_odoo.py: this entity is referenced 0 times)."
EXTRACTED - NOT USED,,(supporting data - feeds another object),,,,khcustomerquote,ShipToPartyAddressCollection,https://my346623.sapbydesign.com/sap/byd/odata/cust/v1/khcustomerquote/ShipToPartyAddressCollection,28080,2,khcustomerquote__ShipToPartyAddressCollection.json,,,,,"FormattedPostalAddressDescription=GAT NO.1122, 1129, 1140, 129...","Pulled from SAP and saved in output_raw/, but no transform currently reads it, so it produces no Odoo file. Kept because it is real data that may be useful later (verified against src/transform_odoo.py: this entity is referenced 0 times)."
EXTRACTED - NOT USED,,(supporting data - feeds another object),,,,khcustomerquote,ShipToPartyNameCollection,https://my346623.sapbydesign.com/sap/byd/odata/cust/v1/khcustomerquote/ShipToPartyNameCollection,28080,2,khcustomerquote__ShipToPartyNameCollection.json,,,,,FormattedName=Tushar Desale,"Pulled from SAP and saved in output_raw/, but no transform currently reads it, so it produces no Odoo file. Kept because it is real data that may be useful later (verified against src/transform_odoo.py: this entity is referenced 0 times)."
EXTRACTED - NOT USED,,(supporting data - feeds another object),,,,khcustomerquote,BuyerPartyAddressCollection,https://my346623.sapbydesign.com/sap/byd/odata/cust/v1/khcustomerquote/BuyerPartyAddressCollection,28080,2,khcustomerquote__BuyerPartyAddressCollection.json,,,,,"FormattedPostalAddressDescription=GAT NO.1122, 1129, 1140, 129...","Pulled from SAP and saved in output_raw/, but no transform currently reads it, so it produces no Odoo file. Kept because it is real data that may be useful later (verified against src/transform_odoo.py: this entity is referenced 0 times)."
EXTRACTED - NOT USED,,(supporting data - feeds another object),,,,khcustomerquote,BuyerPartyNameCollection,https://my346623.sapbydesign.com/sap/byd/odata/cust/v1/khcustomerquote/BuyerPartyNameCollection,28080,2,khcustomerquote__BuyerPartyNameCollection.json,,,,,FormattedName=Tushar Desale,"Pulled from SAP and saved in output_raw/, but no transform currently reads it, so it produces no Odoo file. Kept because it is real data that may be useful later (verified against src/transform_odoo.py: this entity is referenced 0 times)."
EXTRACTED - NOT USED,,(supporting data - feeds another object),,,,khcustomerreturn,ItemCollection,https://my346623.sapbydesign.com/sap/byd/odata/cust/v1/khcustomerreturn/ItemCollection,1108,23,khcustomerreturn__ItemCollection.json,,,,,ReturnFollowUpActivityCode=1; ReturnFollowUpActivityCodeText=Post to Own Stock; DateTime=/Date(1551161387000)/; ConsistencyStatusCode=3,"Pulled from SAP and saved in output_raw/, but no transform currently reads it, so it produces no Odoo file. Kept because it is real data that may be useful later (verified against src/transform_odoo.py: this entity is referenced 0 times)."
EXTRACTED - NOT USED,,(supporting data - feeds another object),,,,khcustomerreturn,CustomerReturnTextCollection,https://my346623.sapbydesign.com/sap/byd/odata/cust/v1/khcustomerreturn/CustomerReturnTextCollection,7,13,khcustomerreturn__CustomerReturnTextCollection.json,,,,,"Text=2404238104 -978
2407207149 -...; TypeCode=10011; TypeCodeText=Internal Comment; CreatedOn=/Date(1743677377401)/","Pulled from SAP and saved in output_raw/, but no transform currently reads it, so it produces no Odoo file. Kept because it is real data that may be useful later (verified against src/transform_odoo.py: this entity is referenced 0 times)."
EXTRACTED - NOT USED,,(supporting data - feeds another object),,,,khcustomerreturn,ItemPartyCollection,https://my346623.sapbydesign.com/sap/byd/odata/cust/v1/khcustomerreturn/ItemPartyCollection,8864,10,khcustomerreturn__ItemPartyCollection.json,,,,,MainIndicator=True; PartyID=1122824; PartyTypeCode=159; PartyTypeCodeText=Account,"Pulled from SAP and saved in output_raw/, but no transform currently reads it, so it produces no Odoo file. Kept because it is real data that may be useful later (verified against src/transform_odoo.py: this entity is referenced 0 times)."
EXTRACTED - NOT USED,,(supporting data - feeds another object),,,,khcustomerreturn,BusinessTransactionDocumentReferenceCollection,https://my346623.sapbydesign.com/sap/byd/odata/cust/v1/khcustomerreturn/BusinessTransactionDocumentReferenceCollection,3413,9,khcustomerreturn__BusinessTransactionDocumentReferenceCollection.json,,,,,BusinessTransactionDocumentRelationshipRoleCode=2; BusinessTransactionDocumentRelationshipRoleCodeText=Successor; TypeCode=28; TypeCodeText=Customer Invoice,"Pulled from SAP and saved in output_raw/, but no transform currently reads it, so it produces no Odoo file. Kept because it is real data that may be useful later (verified against src/transform_odoo.py: this entity is referenced 0 times)."
EXTRACTED - NOT USED,,(supporting data - feeds another object),,,,khcustomerreturn,PaymentControlCollection,https://my346623.sapbydesign.com/sap/byd/odata/cust/v1/khcustomerreturn/PaymentControlCollection,724,8,khcustomerreturn__PaymentControlCollection.json,,,,,ObjectID=00163E876AE21EDA9097BF4ADF0D...; ParentObjectID=00163E876AE21EDA9097BF2E216B...,"Pulled from SAP and saved in output_raw/, but no transform currently reads it, so it produces no Odoo file. Kept because it is real data that may be useful later (verified against src/transform_odoo.py: this entity is referenced 0 times)."
EXTRACTED - NOT USED,,(supporting data - feeds another object),,,,khcustomerreturn,BillToPartyCollection,https://my346623.sapbydesign.com/sap/byd/odata/cust/v1/khcustomerreturn/BillToPartyCollection,6496,4,khcustomerreturn__BillToPartyCollection.json,,,,,MainIndicator=True; PartyID=1122824,"Pulled from SAP and saved in output_raw/, but no transform currently reads it, so it produces no Odoo file. Kept because it is real data that may be useful later (verified against src/transform_odoo.py: this entity is referenced 0 times)."
EXTRACTED - NOT USED,,(supporting data - feeds another object),,,,khcustomerreturn,EmployeeResponsiblePartyCollection,https://my346623.sapbydesign.com/sap/byd/odata/cust/v1/khcustomerreturn/EmployeeResponsiblePartyCollection,6496,4,khcustomerreturn__EmployeeResponsiblePartyCollection.json,,,,,MainIndicator=True; PartyID=1122824,"Pulled from SAP and saved in output_raw/, but no transform currently reads it, so it produces no Odoo file. Kept because it is real data that may be useful later (verified against src/transform_odoo.py: this entity is referenced 0 times)."
EXTRACTED - NOT USED,,(supporting data - feeds another object),,,,khcustomerreturn,SalesAndServiceBusinessAreaCollection,https://my346623.sapbydesign.com/sap/byd/odata/cust/v1/khcustomerreturn/SalesAndServiceBusinessAreaCollection,812,5,khcustomerreturn__SalesAndServiceBusinessAreaCollection.json,,,,,SalesOrganisationID=71000; DistributionChannelCode=01; DistributionChannelCodeText=Direct sales,"Pulled from SAP and saved in output_raw/, but no transform currently reads it, so it produces no Odoo file. Kept because it is real data that may be useful later (verified against src/transform_odoo.py: this entity is referenced 0 times)."
EXTRACTED - NOT USED,,(supporting data - feeds another object),,,,khcustomerreturn,SalesUnitPartyCollection,https://my346623.sapbydesign.com/sap/byd/odata/cust/v1/khcustomerreturn/SalesUnitPartyCollection,6496,4,khcustomerreturn__SalesUnitPartyCollection.json,,,,,MainIndicator=True; PartyID=1122824,"Pulled from SAP and saved in output_raw/, but no transform currently reads it, so it produces no Odoo file. Kept because it is real data that may be useful later (verified against src/transform_odoo.py: this entity is referenced 0 times)."
EXTRACTED - NOT USED,,(supporting data - feeds another object),,,,khcustomerreturn,ExternalPaymentCollection,https://my346623.sapbydesign.com/sap/byd/odata/cust/v1/khcustomerreturn/ExternalPaymentCollection,0,0,khcustomerreturn__ExternalPaymentCollection.json,,,,,,"Pulled from SAP and saved in output_raw/, but no transform currently reads it, so it produces no Odoo file. Kept because it is real data that may be useful later (verified against src/transform_odoo.py: this entity is referenced 0 times)."
EXTRACTED - NOT USED,,(supporting data - feeds another object),,,,khcustomerreturn,PlannedQuantityCollection,https://my346623.sapbydesign.com/sap/byd/odata/cust/v1/khcustomerreturn/PlannedQuantityCollection,1012,5,khcustomerreturn__PlannedQuantityCollection.json,,,,,Quantity=4.00000000000000; UnitCode=ZNO; UnitCodeText=Number,"Pulled from SAP and saved in output_raw/, but no transform currently reads it, so it produces no Odoo file. Kept because it is real data that may be useful later (verified against src/transform_odoo.py: this entity is referenced 0 times)."
EXTRACTED - NOT USED,,(supporting data - feeds another object),,,,khcustomerreturn,ItemSalesOrderReferenceCollection,https://my346623.sapbydesign.com/sap/byd/odata/cust/v1/khcustomerreturn/ItemSalesOrderReferenceCollection,4526,4,khcustomerreturn__ItemSalesOrderReferenceCollection.json,,,,,ItemID=10,"Pulled from SAP and saved in output_raw/, but no transform currently reads it, so it produces no Odoo file. Kept because it is real data that may be useful later (verified against src/transform_odoo.py: this entity is referenced 0 times)."
EXTRACTED - NOT USED,,(supporting data - feeds another object),,,,khcustomerreturn,ItemInboundDeliveryReferenceCollection,https://my346623.sapbydesign.com/sap/byd/odata/cust/v1/khcustomerreturn/ItemInboundDeliveryReferenceCollection,4526,4,khcustomerreturn__ItemInboundDeliveryReferenceCollection.json,,,,,ItemID=10,"Pulled from SAP and saved in output_raw/, but no transform currently reads it, so it produces no Odoo file. Kept because it is real data that may be useful later (verified against src/transform_odoo.py: this entity is referenced 0 times)."
EXTRACTED - NOT USED,,(supporting data - feeds another object),,,,khcustomerreturn,ItemCustomerInvoiceReferenceCollection,https://my346623.sapbydesign.com/sap/byd/odata/cust/v1/khcustomerreturn/ItemCustomerInvoiceReferenceCollection,4526,4,khcustomerreturn__ItemCustomerInvoiceReferenceCollection.json,,,,,ItemID=10,"Pulled from SAP and saved in output_raw/, but no transform currently reads it, so it produces no Odoo file. Kept because it is real data that may be useful later (verified against src/transform_odoo.py: this entity is referenced 0 times)."
EXTRACTED - NOT USED,,(supporting data - feeds another object),,,,khcustomerreturn,ItemPartyFormattedAddressCollection,https://my346623.sapbydesign.com/sap/byd/odata/cust/v1/khcustomerreturn/ItemPartyFormattedAddressCollection,28080,2,khcustomerreturn__ItemPartyFormattedAddressCollection.json,,,,,"FormattedPostalAddressDescription=GAT NO.1122, 1129, 1140, 129...","Pulled from SAP and saved in output_raw/, but no transform currently reads it, so it produces no Odoo file. Kept because it is real data that may be useful later (verified against src/transform_odoo.py: this entity is referenced 0 times)."
EXTRACTED - NOT USED,,(supporting data - feeds another object),,,,khcustomerreturn,ItemPartyNameCollection,https://my346623.sapbydesign.com/sap/byd/odata/cust/v1/khcustomerreturn/ItemPartyNameCollection,28080,2,khcustomerreturn__ItemPartyNameCollection.json,,,,,FormattedName=Tushar Desale,"Pulled from SAP and saved in output_raw/, but no transform currently reads it, so it produces no Odoo file. Kept because it is real data that may be useful later (verified against src/transform_odoo.py: this entity is referenced 0 times)."
EXTRACTED - NOT USED,,(supporting data - feeds another object),,,,khcustomerreturn,BillToPartyFormattedAddressCollection,https://my346623.sapbydesign.com/sap/byd/odata/cust/v1/khcustomerreturn/BillToPartyFormattedAddressCollection,28080,2,khcustomerreturn__BillToPartyFormattedAddressCollection.json,,,,,"FormattedPostalAddressDescription=GAT NO.1122, 1129, 1140, 129...","Pulled from SAP and saved in output_raw/, but no transform currently reads it, so it produces no Odoo file. Kept because it is real data that may be useful later (verified against src/transform_odoo.py: this entity is referenced 0 times)."
EXTRACTED - NOT USED,,(supporting data - feeds another object),,,,khcustomerreturn,BillToPartyNameCollection,https://my346623.sapbydesign.com/sap/byd/odata/cust/v1/khcustomerreturn/BillToPartyNameCollection,28080,2,khcustomerreturn__BillToPartyNameCollection.json,,,,,FormattedName=Tushar Desale,"Pulled from SAP and saved in output_raw/, but no transform currently reads it, so it produces no Odoo file. Kept because it is real data that may be useful later (verified against src/transform_odoo.py: this entity is referenced 0 times)."
EXTRACTED - NOT USED,,(supporting data - feeds another object),,,,khcustomerreturn,BuyerPartyNameCollection,https://my346623.sapbydesign.com/sap/byd/odata/cust/v1/khcustomerreturn/BuyerPartyNameCollection,28080,2,khcustomerreturn__BuyerPartyNameCollection.json,,,,,FormattedName=Tushar Desale,"Pulled from SAP and saved in output_raw/, but no transform currently reads it, so it produces no Odoo file. Kept because it is real data that may be useful later (verified against src/transform_odoo.py: this entity is referenced 0 times)."
EXTRACTED - NOT USED,,(supporting data - feeds another object),,,,khcustomerreturn,EmployeeResponsiblePartyNameCollection,https://my346623.sapbydesign.com/sap/byd/odata/cust/v1/khcustomerreturn/EmployeeResponsiblePartyNameCollection,28080,2,khcustomerreturn__EmployeeResponsiblePartyNameCollection.json,,,,,FormattedName=Tushar Desale,"Pulled from SAP and saved in output_raw/, but no transform currently reads it, so it produces no Odoo file. Kept because it is real data that may be useful later (verified against src/transform_odoo.py: this entity is referenced 0 times)."
EXTRACTED - NOT USED,,(supporting data - feeds another object),,,,khcustomerreturn,SalesUnitPartyNameCollection,https://my346623.sapbydesign.com/sap/byd/odata/cust/v1/khcustomerreturn/SalesUnitPartyNameCollection,28080,2,khcustomerreturn__SalesUnitPartyNameCollection.json,,,,,FormattedName=Tushar Desale,"Pulled from SAP and saved in output_raw/, but no transform currently reads it, so it produces no Odoo file. Kept because it is real data that may be useful later (verified against src/transform_odoo.py: this entity is referenced 0 times)."
EXTRACTED - NOT USED,,(supporting data - feeds another object),,,,khemployee,CurrentResponsibleManagerCollection,https://my346623.sapbydesign.com/sap/byd/odata/cust/v1/khemployee/CurrentResponsibleManagerCollection,0,0,khemployee__CurrentResponsibleManagerCollection.json,,,,,,"Pulled from SAP and saved in output_raw/, but no transform currently reads it, so it produces no Odoo file. Kept because it is real data that may be useful later (verified against src/transform_odoo.py: this entity is referenced 0 times)."
EXTRACTED - NOT USED,,(supporting data - feeds another object),,,,khemployeetime,EmployeeTimeTextCollection,https://my346623.sapbydesign.com/sap/byd/odata/cust/v1/khemployeetime/EmployeeTimeTextCollection,NOT EXTRACTED,,khemployeetime__EmployeeTimeTextCollection.json,,,,,,"Pulled from SAP and saved in output_raw/, but no transform currently reads it, so it produces no Odoo file. Kept because it is real data that may be useful later (verified against src/transform_odoo.py: this entity is referenced 0 times)."
EXTRACTED - NOT USED,,(supporting data - feeds another object),,,,khfunctionalunit,AddressInformationEMailCollection,https://my346623.sapbydesign.com/sap/byd/odata/cust/v1/khfunctionalunit/AddressInformationEMailCollection,1,4,khfunctionalunit__AddressInformationEMailCollection.json,,,,,NormalisedURI=accounts@DANLAWEMS.COM; URI=accounts@danlawems.com,"Pulled from SAP and saved in output_raw/, but no transform currently reads it, so it produces no Odoo file. Kept because it is real data that may be useful later (verified against src/transform_odoo.py: this entity is referenced 0 times)."
EXTRACTED - NOT USED,,(supporting data - feeds another object),,,,khfunctionalunit,FunctionalUnitDefaultWebSiteCollection,https://my346623.sapbydesign.com/sap/byd/odata/cust/v1/khfunctionalunit/FunctionalUnitDefaultWebSiteCollection,0,0,khfunctionalunit__FunctionalUnitDefaultWebSiteCollection.json,,,,,,"Pulled from SAP and saved in output_raw/, but no transform currently reads it, so it produces no Odoo file. Kept because it is real data that may be useful later (verified against src/transform_odoo.py: this entity is referenced 0 times)."
EXTRACTED - NOT USED,,(supporting data - feeds another object),,,,khfunctionalunit,AddressInformationTelephoneCollection,https://my346623.sapbydesign.com/sap/byd/odata/cust/v1/khfunctionalunit/AddressInformationTelephoneCollection,1,3,khfunctionalunit__AddressInformationTelephoneCollection.json,,,,,FormattedNumberDescription=+91 8326680173-175 EXT 311,"Pulled from SAP and saved in output_raw/, but no transform currently reads it, so it produces no Odoo file. Kept because it is real data that may be useful later (verified against src/transform_odoo.py: this entity is referenced 0 times)."
EXTRACTED - NOT USED,,(supporting data - feeds another object),,,,khfunctionalunit,AddressInformationFormattedAddressCollection,https://my346623.sapbydesign.com/sap/byd/odata/cust/v1/khfunctionalunit/AddressInformationFormattedAddressCollection,1,3,khfunctionalunit__AddressInformationFormattedAddressCollection.json,,,,,"FormattedPostalAddressDescription=Salcette, Goa 403722 / IN","Pulled from SAP and saved in output_raw/, but no transform currently reads it, so it produces no Odoo file. Kept because it is real data that may be useful later (verified against src/transform_odoo.py: this entity is referenced 0 times)."
EXTRACTED - NOT USED,,(supporting data - feeds another object),,,,khgoodsandactivityconfirmation,TextCollection,https://my346623.sapbydesign.com/sap/byd/odata/cust/v1/khgoodsandactivityconfirmation/TextCollection,144,13,khgoodsandactivityconfirmation__TextCollection.json,,,,,TextContent=Below 2% Production Rejectio...; TypeCode=10011; TypeCodeText=Internal Comment; CreatedOn=/Date(1575707781294)/,"Pulled from SAP and saved in output_raw/, but no transform currently reads it, so it produces no Odoo file. Kept because it is real data that may be useful later (verified against src/transform_odoo.py: this entity is referenced 0 times)."
EXTRACTED - NOT USED,,(supporting data - feeds another object),,,,khgoodsandactivityconfirmation,ItemTextCollection,https://my346623.sapbydesign.com/sap/byd/odata/cust/v1/khgoodsandactivityconfirmation/ItemTextCollection,62,13,khgoodsandactivityconfirmation__ItemTextCollection.json,,,,,TextContent=Required for rework for high...; TypeCode=10011; TypeCodeText=Internal Comment; CreatedOn=/Date(1614318256389)/,"Pulled from SAP and saved in output_raw/, but no transform currently reads it, so it produces no Odoo file. Kept because it is real data that may be useful later (verified against src/transform_odoo.py: this entity is referenced 0 times)."
EXTRACTED - NOT USED,,(supporting data - feeds another object),,,,khgoodsandactivityconfirmation,SerialNumberCollection,https://my346623.sapbydesign.com/sap/byd/odata/cust/v1/khgoodsandactivityconfirmation/SerialNumberCollection,0,0,khgoodsandactivityconfirmation__SerialNumberCollection.json,,,,,,"Pulled from SAP and saved in output_raw/, but no transform currently reads it, so it produces no Odoo file. Kept because it is real data that may be useful later (verified against src/transform_odoo.py: this entity is referenced 0 times)."
EXTRACTED - NOT USED,,(supporting data - feeds another object),,,,khgoodsandserviceacknowledgement,ItemAttachmentFolderCollection,https://my346623.sapbydesign.com/sap/byd/odata/cust/v1/khgoodsandserviceacknowledgement/ItemAttachmentFolderCollection,NOT EXTRACTED,,khgoodsandserviceacknowledgement__ItemAttachmentFolderCollection.json,,,,,,"Pulled from SAP and saved in output_raw/, but no transform currently reads it, so it produces no Odoo file. Kept because it is real data that may be useful later (verified against src/transform_odoo.py: this entity is referenced 0 times)."
EXTRACTED - NOT USED,,(supporting data - feeds another object),,,,khgoodsandserviceacknowledgement,ItemTextCollection,https://my346623.sapbydesign.com/sap/byd/odata/cust/v1/khgoodsandserviceacknowledgement/ItemTextCollection,5452,13,khgoodsandserviceacknowledgement__ItemTextCollection.json,,,,,"Text=
; TypeCode=10014; TypeCodeText=Remark for Supplier; CreatedOn=/Date(1579670525463)/","Pulled from SAP and saved in output_raw/, but no transform currently reads it, so it produces no Odoo file. Kept because it is real data that may be useful later (verified against src/transform_odoo.py: this entity is referenced 0 times)."
EXTRACTED - NOT USED,,(supporting data - feeds another object),,,,khhousebankaccount,HouseBankAccountCollection,https://my346623.sapbydesign.com/sap/byd/odata/cust/v1/khhousebankaccount/HouseBankAccountCollection,6,20,khhousebankaccount__HouseBankAccountCollection.json,,,,,BankAccountID=123456789; CurrencyCode=INR; CurrencyCodeText=Indian Rupee; InternalID=1,"Pulled from SAP and saved in output_raw/, but no transform currently reads it, so it produces no Odoo file. Kept because it is real data that may be useful later (verified against src/transform_odoo.py: this entity is referenced 0 times)."
EXTRACTED - NOT USED,,(supporting data - feeds another object),,,,khhousebankaccount,BankDirectoryEntryBranchCollection,https://my346623.sapbydesign.com/sap/byd/odata/cust/v1/khhousebankaccount/BankDirectoryEntryBranchCollection,0,0,khhousebankaccount__BankDirectoryEntryBranchCollection.json,,,,,,"Pulled from SAP and saved in output_raw/, but no transform currently reads it, so it produces no Odoo file. Kept because it is real data that may be useful later (verified against src/transform_odoo.py: this entity is referenced 0 times)."
EXTRACTED - NOT USED,,(supporting data - feeds another object),,,,khinbounddelivery,AttachmentCollection,https://my346623.sapbydesign.com/sap/byd/odata/cust/v1/khinbounddelivery/AttachmentCollection,NOT EXTRACTED,,khinbounddelivery__AttachmentCollection.json,,,,,,"Pulled from SAP and saved in output_raw/, but no transform currently reads it, so it produces no Odoo file. Kept because it is real data that may be useful later (verified against src/transform_odoo.py: this entity is referenced 0 times)."
EXTRACTED - NOT USED,,(supporting data - feeds another object),,,,khinbounddelivery,NoteCollection,https://my346623.sapbydesign.com/sap/byd/odata/cust/v1/khinbounddelivery/NoteCollection,787,13,khinbounddelivery__NoteCollection.json,,,,,"Text=*Repeat Order**
All Parts Mu...; TypeCode=10014; TypeCodeText=Remark for Supplier; CreatedOn=/Date(1575284614188)/","Pulled from SAP and saved in output_raw/, but no transform currently reads it, so it produces no Odoo file. Kept because it is real data that may be useful later (verified against src/transform_odoo.py: this entity is referenced 0 times)."
EXTRACTED - NOT USED,,(supporting data - feeds another object),,,,khinbounddelivery,GrossWeightMeasureCollection,https://my346623.sapbydesign.com/sap/byd/odata/cust/v1/khinbounddelivery/GrossWeightMeasureCollection,0,0,khinbounddelivery__GrossWeightMeasureCollection.json,,,,,,"Pulled from SAP and saved in output_raw/, but no transform currently reads it, so it produces no Odoo file. Kept because it is real data that may be useful later (verified against src/transform_odoo.py: this entity is referenced 0 times)."
EXTRACTED - NOT USED,,(supporting data - feeds another object),,,,khinbounddelivery,GrossVolumeMeasureCollection,https://my346623.sapbydesign.com/sap/byd/odata/cust/v1/khinbounddelivery/GrossVolumeMeasureCollection,0,0,khinbounddelivery__GrossVolumeMeasureCollection.json,,,,,,"Pulled from SAP and saved in output_raw/, but no transform currently reads it, so it produces no Odoo file. Kept because it is real data that may be useful later (verified against src/transform_odoo.py: this entity is referenced 0 times)."
EXTRACTED - NOT USED,,(supporting data - feeds another object),,,,khlead,LeadCollection,https://my346623.sapbydesign.com/sap/byd/odata/cust/v1/khlead/LeadCollection,NOT EXTRACTED,,khlead__LeadCollection.json,,,,,,"Pulled from SAP and saved in output_raw/, but no transform currently reads it, so it produces no Odoo file. Kept because it is real data that may be useful later (verified against src/transform_odoo.py: this entity is referenced 0 times)."
EXTRACTED - NOT USED,,(supporting data - feeds another object),,,,khlead,NoteCollection,https://my346623.sapbydesign.com/sap/byd/odata/cust/v1/khlead/NoteCollection,NOT EXTRACTED,,khlead__NoteCollection.json,,,,,,"Pulled from SAP and saved in output_raw/, but no transform currently reads it, so it produces no Odoo file. Kept because it is real data that may be useful later (verified against src/transform_odoo.py: this entity is referenced 0 times)."
EXTRACTED - NOT USED,,(supporting data - feeds another object),,,,khlead,CampaignReferenceCollection,https://my346623.sapbydesign.com/sap/byd/odata/cust/v1/khlead/CampaignReferenceCollection,NOT EXTRACTED,,khlead__CampaignReferenceCollection.json,,,,,,"Pulled from SAP and saved in output_raw/, but no transform currently reads it, so it produces no Odoo file. Kept because it is real data that may be useful later (verified against src/transform_odoo.py: this entity is referenced 0 times)."
EXTRACTED - NOT USED,,(supporting data - feeds another object),,,,khlead,ProspectPartyCollection,https://my346623.sapbydesign.com/sap/byd/odata/cust/v1/khlead/ProspectPartyCollection,NOT EXTRACTED,,khlead__ProspectPartyCollection.json,,,,,,"Pulled from SAP and saved in output_raw/, but no transform currently reads it, so it produces no Odoo file. Kept because it is real data that may be useful later (verified against src/transform_odoo.py: this entity is referenced 0 times)."
EXTRACTED - NOT USED,,(supporting data - feeds another object),,,,khlead,ProspectPartyContactCollection,https://my346623.sapbydesign.com/sap/byd/odata/cust/v1/khlead/ProspectPartyContactCollection,NOT EXTRACTED,,khlead__ProspectPartyContactCollection.json,,,,,,"Pulled from SAP and saved in output_raw/, but no transform currently reads it, so it produces no Odoo file. Kept because it is real data that may be useful later (verified against src/transform_odoo.py: this entity is referenced 0 times)."
EXTRACTED - NOT USED,,(supporting data - feeds another object),,,,khlead,EmployeeResponsibleMarketingPartyCollection,https://my346623.sapbydesign.com/sap/byd/odata/cust/v1/khlead/EmployeeResponsibleMarketingPartyCollection,NOT EXTRACTED,,khlead__EmployeeResponsibleMarketingPartyCollection.json,,,,,,"Pulled from SAP and saved in output_raw/, but no transform currently reads it, so it produces no Odoo file. Kept because it is real data that may be useful later (verified against src/transform_odoo.py: this entity is referenced 0 times)."
EXTRACTED - NOT USED,,(supporting data - feeds another object),,,,khlead,EmployeeResponsibleSalesPartyCollection,https://my346623.sapbydesign.com/sap/byd/odata/cust/v1/khlead/EmployeeResponsibleSalesPartyCollection,NOT EXTRACTED,,khlead__EmployeeResponsibleSalesPartyCollection.json,,,,,,"Pulled from SAP and saved in output_raw/, but no transform currently reads it, so it produces no Odoo file. Kept because it is real data that may be useful later (verified against src/transform_odoo.py: this entity is referenced 0 times)."
EXTRACTED - NOT USED,,(supporting data - feeds another object),,,,khlead,MarketingUnitPartyCollection,https://my346623.sapbydesign.com/sap/byd/odata/cust/v1/khlead/MarketingUnitPartyCollection,NOT EXTRACTED,,khlead__MarketingUnitPartyCollection.json,,,,,,"Pulled from SAP and saved in output_raw/, but no transform currently reads it, so it produces no Odoo file. Kept because it is real data that may be useful later (verified against src/transform_odoo.py: this entity is referenced 0 times)."
EXTRACTED - NOT USED,,(supporting data - feeds another object),,,,khlead,SalesUnitPartyCollection,https://my346623.sapbydesign.com/sap/byd/odata/cust/v1/khlead/SalesUnitPartyCollection,NOT EXTRACTED,,khlead__SalesUnitPartyCollection.json,,,,,,"Pulled from SAP and saved in output_raw/, but no transform currently reads it, so it produces no Odoo file. Kept because it is real data that may be useful later (verified against src/transform_odoo.py: this entity is referenced 0 times)."
EXTRACTED - NOT USED,,(supporting data - feeds another object),,,,khlead,ProspectPartyNameCollection,https://my346623.sapbydesign.com/sap/byd/odata/cust/v1/khlead/ProspectPartyNameCollection,NOT EXTRACTED,,khlead__ProspectPartyNameCollection.json,,,,,,"Pulled from SAP and saved in output_raw/, but no transform currently reads it, so it produces no Odoo file. Kept because it is real data that may be useful later (verified against src/transform_odoo.py: this entity is referenced 0 times)."
EXTRACTED - NOT USED,,(supporting data - feeds another object),,,,khlead,ProspectPartyFormattedAddressCollection,https://my346623.sapbydesign.com/sap/byd/odata/cust/v1/khlead/ProspectPartyFormattedAddressCollection,NOT EXTRACTED,,khlead__ProspectPartyFormattedAddressCollection.json,,,,,,"Pulled from SAP and saved in output_raw/, but no transform currently reads it, so it produces no Odoo file. Kept because it is real data that may be useful later (verified against src/transform_odoo.py: this entity is referenced 0 times)."
EXTRACTED - NOT USED,,(supporting data - feeds another object),,,,khlead,ProspectPartyContactNameCollection,https://my346623.sapbydesign.com/sap/byd/odata/cust/v1/khlead/ProspectPartyContactNameCollection,NOT EXTRACTED,,khlead__ProspectPartyContactNameCollection.json,,,,,,"Pulled from SAP and saved in output_raw/, but no transform currently reads it, so it produces no Odoo file. Kept because it is real data that may be useful later (verified against src/transform_odoo.py: this entity is referenced 0 times)."
EXTRACTED - NOT USED,,(supporting data - feeds another object),,,,khlead,ProspectPartyContactEmailCollection,https://my346623.sapbydesign.com/sap/byd/odata/cust/v1/khlead/ProspectPartyContactEmailCollection,NOT EXTRACTED,,khlead__ProspectPartyContactEmailCollection.json,,,,,,"Pulled from SAP and saved in output_raw/, but no transform currently reads it, so it produces no Odoo file. Kept because it is real data that may be useful later (verified against src/transform_odoo.py: this entity is referenced 0 times)."
EXTRACTED - NOT USED,,(supporting data - feeds another object),,,,khlead,ProspectPartyContactTelephoneCollection,https://my346623.sapbydesign.com/sap/byd/odata/cust/v1/khlead/ProspectPartyContactTelephoneCollection,NOT EXTRACTED,,khlead__ProspectPartyContactTelephoneCollection.json,,,,,,"Pulled from SAP and saved in output_raw/, but no transform currently reads it, so it produces no Odoo file. Kept because it is real data that may be useful later (verified against src/transform_odoo.py: this entity is referenced 0 times)."
EXTRACTED - NOT USED,,(supporting data - feeds another object),,,,khlead,ProspectPartyEmailCollection,https://my346623.sapbydesign.com/sap/byd/odata/cust/v1/khlead/ProspectPartyEmailCollection,NOT EXTRACTED,,khlead__ProspectPartyEmailCollection.json,,,,,,"Pulled from SAP and saved in output_raw/, but no transform currently reads it, so it produces no Odoo file. Kept because it is real data that may be useful later (verified against src/transform_odoo.py: this entity is referenced 0 times)."
EXTRACTED - NOT USED,,(supporting data - feeds another object),,,,khlead,ProspectPartyTelephoneCollection,https://my346623.sapbydesign.com/sap/byd/odata/cust/v1/khlead/ProspectPartyTelephoneCollection,NOT EXTRACTED,,khlead__ProspectPartyTelephoneCollection.json,,,,,,"Pulled from SAP and saved in output_raw/, but no transform currently reads it, so it produces no Odoo file. Kept because it is real data that may be useful later (verified against src/transform_odoo.py: this entity is referenced 0 times)."
EXTRACTED - NOT USED,,(supporting data - feeds another object),,,,khlead,ProspectPartyWebCollection,https://my346623.sapbydesign.com/sap/byd/odata/cust/v1/khlead/ProspectPartyWebCollection,NOT EXTRACTED,,khlead__ProspectPartyWebCollection.json,,,,,,"Pulled from SAP and saved in output_raw/, but no transform currently reads it, so it produces no Odoo file. Kept because it is real data that may be useful later (verified against src/transform_odoo.py: this entity is referenced 0 times)."
EXTRACTED - NOT USED,,(supporting data - feeds another object),,,,khlead,EmployeeResponsibleMarketingNameCollection,https://my346623.sapbydesign.com/sap/byd/odata/cust/v1/khlead/EmployeeResponsibleMarketingNameCollection,NOT EXTRACTED,,khlead__EmployeeResponsibleMarketingNameCollection.json,,,,,,"Pulled from SAP and saved in output_raw/, but no transform currently reads it, so it produces no Odoo file. Kept because it is real data that may be useful later (verified against src/transform_odoo.py: this entity is referenced 0 times)."
EXTRACTED - NOT USED,,(supporting data - feeds another object),,,,khlead,EmployeeResponsibleSalesNameCollection,https://my346623.sapbydesign.com/sap/byd/odata/cust/v1/khlead/EmployeeResponsibleSalesNameCollection,NOT EXTRACTED,,khlead__EmployeeResponsibleSalesNameCollection.json,,,,,,"Pulled from SAP and saved in output_raw/, but no transform currently reads it, so it produces no Odoo file. Kept because it is real data that may be useful later (verified against src/transform_odoo.py: this entity is referenced 0 times)."
EXTRACTED - NOT USED,,(supporting data - feeds another object),,,,khopportunity,TextCollection,https://my346623.sapbydesign.com/sap/byd/odata/cust/v1/khopportunity/TextCollection,0,0,khopportunity__TextCollection.json,,,,,,"Pulled from SAP and saved in output_raw/, but no transform currently reads it, so it produces no Odoo file. Kept because it is real data that may be useful later (verified against src/transform_odoo.py: this entity is referenced 0 times)."
EXTRACTED - NOT USED,,(supporting data - feeds another object),,,,khoutbounddelivery,GrossVolumeMeasureCollection,https://my346623.sapbydesign.com/sap/byd/odata/cust/v1/khoutbounddelivery/GrossVolumeMeasureCollection,0,0,khoutbounddelivery__GrossVolumeMeasureCollection.json,,,,,,"Pulled from SAP and saved in output_raw/, but no transform currently reads it, so it produces no Odoo file. Kept because it is real data that may be useful later (verified against src/transform_odoo.py: this entity is referenced 0 times)."
EXTRACTED - NOT USED,,(supporting data - feeds another object),,,,khoutbounddelivery,GrossWeightMeasureCollection,https://my346623.sapbydesign.com/sap/byd/odata/cust/v1/khoutbounddelivery/GrossWeightMeasureCollection,0,0,khoutbounddelivery__GrossWeightMeasureCollection.json,,,,,,"Pulled from SAP and saved in output_raw/, but no transform currently reads it, so it produces no Odoo file. Kept because it is real data that may be useful later (verified against src/transform_odoo.py: this entity is referenced 0 times)."
EXTRACTED - NOT USED,,(supporting data - feeds another object),,,,khpayment,HouseBankAccountCollection,https://my346623.sapbydesign.com/sap/byd/odata/cust/v1/khpayment/HouseBankAccountCollection,6,14,khpayment__HouseBankAccountCollection.json,,,,,BankAccountID=1; BankAccountNumber=123456789; CurrencyCode=INR; CurrencyCodeText=Indian Rupee,"Pulled from SAP and saved in output_raw/, but no transform currently reads it, so it produces no Odoo file. Kept because it is real data that may be useful later (verified against src/transform_odoo.py: this entity is referenced 0 times)."
EXTRACTED - NOT USED,,(supporting data - feeds another object),,,,khproductionorder,NotesCollection,https://my346623.sapbydesign.com/sap/byd/odata/cust/v1/khproductionorder/NotesCollection,0,0,khproductionorder__NotesCollection.json,,,,,,"Pulled from SAP and saved in output_raw/, but no transform currently reads it, so it produces no Odoo file. Kept because it is real data that may be useful later (verified against src/transform_odoo.py: this entity is referenced 0 times)."
EXTRACTED - NOT USED,,(supporting data - feeds another object),,,,khproject,TaskCollection,https://my346623.sapbydesign.com/sap/byd/odata/cust/v1/khproject/TaskCollection,NOT EXTRACTED,,khproject__TaskCollection.json,,,,,,"Pulled from SAP and saved in output_raw/, but no transform currently reads it, so it produces no Odoo file. Kept because it is real data that may be useful later (verified against src/transform_odoo.py: this entity is referenced 0 times)."
EXTRACTED - NOT USED,,(supporting data - feeds another object),,,,khproject,ProjectCollection,https://my346623.sapbydesign.com/sap/byd/odata/cust/v1/khproject/ProjectCollection,NOT EXTRACTED,,khproject__ProjectCollection.json,,,,,,"Pulled from SAP and saved in output_raw/, but no transform currently reads it, so it produces no Odoo file. Kept because it is real data that may be useful later (verified against src/transform_odoo.py: this entity is referenced 0 times)."
EXTRACTED - NOT USED,,(supporting data - feeds another object),,,,khproject,TaskServiceCollection,https://my346623.sapbydesign.com/sap/byd/odata/cust/v1/khproject/TaskServiceCollection,NOT EXTRACTED,,khproject__TaskServiceCollection.json,,,,,,"Pulled from SAP and saved in output_raw/, but no transform currently reads it, so it produces no Odoo file. Kept because it is real data that may be useful later (verified against src/transform_odoo.py: this entity is referenced 0 times)."
EXTRACTED - NOT USED,,(supporting data - feeds another object),,,,khproject,TaskServiceConfirmationCollection,https://my346623.sapbydesign.com/sap/byd/odata/cust/v1/khproject/TaskServiceConfirmationCollection,NOT EXTRACTED,,khproject__TaskServiceConfirmationCollection.json,,,,,,"Pulled from SAP and saved in output_raw/, but no transform currently reads it, so it produces no Odoo file. Kept because it is real data that may be useful later (verified against src/transform_odoo.py: this entity is referenced 0 times)."
EXTRACTED - NOT USED,,(supporting data - feeds another object),,,,khproject,TeamCollection,https://my346623.sapbydesign.com/sap/byd/odata/cust/v1/khproject/TeamCollection,NOT EXTRACTED,,khproject__TeamCollection.json,,,,,,"Pulled from SAP and saved in output_raw/, but no transform currently reads it, so it produces no Odoo file. Kept because it is real data that may be useful later (verified against src/transform_odoo.py: this entity is referenced 0 times)."
EXTRACTED - NOT USED,,(supporting data - feeds another object),,,,khproject,ProjectSummaryTaskCollection,https://my346623.sapbydesign.com/sap/byd/odata/cust/v1/khproject/ProjectSummaryTaskCollection,NOT EXTRACTED,,khproject__ProjectSummaryTaskCollection.json,,,,,,"Pulled from SAP and saved in output_raw/, but no transform currently reads it, so it produces no Odoo file. Kept because it is real data that may be useful later (verified against src/transform_odoo.py: this entity is referenced 0 times)."
EXTRACTED - NOT USED,,(supporting data - feeds another object),,,,khproject,TaskMaterialCollection,https://my346623.sapbydesign.com/sap/byd/odata/cust/v1/khproject/TaskMaterialCollection,NOT EXTRACTED,,khproject__TaskMaterialCollection.json,,,,,,"Pulled from SAP and saved in output_raw/, but no transform currently reads it, so it produces no Odoo file. Kept because it is real data that may be useful later (verified against src/transform_odoo.py: this entity is referenced 0 times)."
EXTRACTED - NOT USED,,(supporting data - feeds another object),,,,khproject,TaskExpenseCollection,https://my346623.sapbydesign.com/sap/byd/odata/cust/v1/khproject/TaskExpenseCollection,NOT EXTRACTED,,khproject__TaskExpenseCollection.json,,,,,,"Pulled from SAP and saved in output_raw/, but no transform currently reads it, so it produces no Odoo file. Kept because it is real data that may be useful later (verified against src/transform_odoo.py: this entity is referenced 0 times)."
EXTRACTED - NOT USED,,(supporting data - feeds another object),,,,khproject,TaskRevenueCollection,https://my346623.sapbydesign.com/sap/byd/odata/cust/v1/khproject/TaskRevenueCollection,NOT EXTRACTED,,khproject__TaskRevenueCollection.json,,,,,,"Pulled from SAP and saved in output_raw/, but no transform currently reads it, so it produces no Odoo file. Kept because it is real data that may be useful later (verified against src/transform_odoo.py: this entity is referenced 0 times)."
EXTRACTED - NOT USED,,(supporting data - feeds another object),,,,khproject,TaskRelationshipCollection,https://my346623.sapbydesign.com/sap/byd/odata/cust/v1/khproject/TaskRelationshipCollection,NOT EXTRACTED,,khproject__TaskRelationshipCollection.json,,,,,,"Pulled from SAP and saved in output_raw/, but no transform currently reads it, so it produces no Odoo file. Kept because it is real data that may be useful later (verified against src/transform_odoo.py: this entity is referenced 0 times)."
EXTRACTED - NOT USED,,(supporting data - feeds another object),,,,khproject,ProjectBuyerPartyCollection,https://my346623.sapbydesign.com/sap/byd/odata/cust/v1/khproject/ProjectBuyerPartyCollection,NOT EXTRACTED,,khproject__ProjectBuyerPartyCollection.json,,,,,,"Pulled from SAP and saved in output_raw/, but no transform currently reads it, so it produces no Odoo file. Kept because it is real data that may be useful later (verified against src/transform_odoo.py: this entity is referenced 0 times)."
EXTRACTED - NOT USED,,(supporting data - feeds another object),,,,khsalesorder,ItemAttachmentFolderCollection,https://my346623.sapbydesign.com/sap/byd/odata/cust/v1/khsalesorder/ItemAttachmentFolderCollection,NOT EXTRACTED,,khsalesorder__ItemAttachmentFolderCollection.json,,,,,,"Pulled from SAP and saved in output_raw/, but no transform currently reads it, so it produces no Odoo file. Kept because it is real data that may be useful later (verified against src/transform_odoo.py: this entity is referenced 0 times)."
EXTRACTED - NOT USED,,(supporting data - feeds another object),,,,khsalesorder,TextCollection,https://my346623.sapbydesign.com/sap/byd/odata/cust/v1/khsalesorder/TextCollection,0,0,khsalesorder__TextCollection.json,,,,,,"Pulled from SAP and saved in output_raw/, but no transform currently reads it, so it produces no Odoo file. Kept because it is real data that may be useful later (verified against src/transform_odoo.py: this entity is referenced 0 times)."
EXTRACTED - NOT USED,,(supporting data - feeds another object),,,,khsalesorder,ItemTextCollection,https://my346623.sapbydesign.com/sap/byd/odata/cust/v1/khsalesorder/ItemTextCollection,73,13,khsalesorder__ItemTextCollection.json,,,,,Text=Legacy sale order: 930020549...; TypeCode=10011; TypeCodeText=Internal Comment; CreatedOn=/Date(1549617398020)/,"Pulled from SAP and saved in output_raw/, but no transform currently reads it, so it produces no Odoo file. Kept because it is real data that may be useful later (verified against src/transform_odoo.py: this entity is referenced 0 times)."
EXTRACTED - NOT USED,,(supporting data - feeds another object),,,,khsalesorder,ExternalPaymentCollection,https://my346623.sapbydesign.com/sap/byd/odata/cust/v1/khsalesorder/ExternalPaymentCollection,0,0,khsalesorder__ExternalPaymentCollection.json,,,,,,"Pulled from SAP and saved in output_raw/, but no transform currently reads it, so it produces no Odoo file. Kept because it is real data that may be useful later (verified against src/transform_odoo.py: this entity is referenced 0 times)."
EXTRACTED - NOT USED,,(supporting data - feeds another object),,,,khsalesorder,ItemShipFromLocationDetailsCollection,https://my346623.sapbydesign.com/sap/byd/odata/cust/v1/khsalesorder/ItemShipFromLocationDetailsCollection,NOT EXTRACTED,,khsalesorder__ItemShipFromLocationDetailsCollection.json,,,,,,"Pulled from SAP and saved in output_raw/, but no transform currently reads it, so it produces no Odoo file. Kept because it is real data that may be useful later (verified against src/transform_odoo.py: this entity is referenced 0 times)."
EXTRACTED - NOT USED,,(supporting data - feeds another object),,,,khserviceproduct,TextCollection,https://my346623.sapbydesign.com/sap/byd/odata/cust/v1/khserviceproduct/TextCollection,0,0,khserviceproduct__TextCollection.json,,,,,,"Pulled from SAP and saved in output_raw/, but no transform currently reads it, so it produces no Odoo file. Kept because it is real data that may be useful later (verified against src/transform_odoo.py: this entity is referenced 0 times)."
EXTRACTED - NOT USED,,(supporting data - feeds another object),,,,khserviceproduct,PurchasingTextCollection,https://my346623.sapbydesign.com/sap/byd/odata/cust/v1/khserviceproduct/PurchasingTextCollection,0,0,khserviceproduct__PurchasingTextCollection.json,,,,,,"Pulled from SAP and saved in output_raw/, but no transform currently reads it, so it produces no Odoo file. Kept because it is real data that may be useful later (verified against src/transform_odoo.py: this entity is referenced 0 times)."
EXTRACTED - NOT USED,,(supporting data - feeds another object),,,,khserviceproduct,SalesTextCollection,https://my346623.sapbydesign.com/sap/byd/odata/cust/v1/khserviceproduct/SalesTextCollection,0,0,khserviceproduct__SalesTextCollection.json,,,,,,"Pulled from SAP and saved in output_raw/, but no transform currently reads it, so it produces no Odoo file. Kept because it is real data that may be useful later (verified against src/transform_odoo.py: this entity is referenced 0 times)."
EXTRACTED - NOT USED,,(supporting data - feeds another object),,,,khserviceproduct,CustomerInformationCollection,https://my346623.sapbydesign.com/sap/byd/odata/cust/v1/khserviceproduct/CustomerInformationCollection,0,0,khserviceproduct__CustomerInformationCollection.json,,,,,,"Pulled from SAP and saved in output_raw/, but no transform currently reads it, so it produces no Odoo file. Kept because it is real data that may be useful later (verified against src/transform_odoo.py: this entity is referenced 0 times)."
EXTRACTED - NOT USED,,(supporting data - feeds another object),,,,khserviceproduct,QuantityConversionCollection,https://my346623.sapbydesign.com/sap/byd/odata/cust/v1/khserviceproduct/QuantityConversionCollection,3,8,khserviceproduct__QuantityConversionCollection.json,,,,,CorrespondingQuantity=1.00000000000000; CorrespondingQuantityUnitCode=ZNO; CorrespondingQuantityUnitCodeText=Number; Quantity=1.00000000000000,"Pulled from SAP and saved in output_raw/, but no transform currently reads it, so it produces no Odoo file. Kept because it is real data that may be useful later (verified against src/transform_odoo.py: this entity is referenced 0 times)."
EXTRACTED - NOT USED,,(supporting data - feeds another object),,,,khserviceproduct,WithholdingTaxClassificationCollection,https://my346623.sapbydesign.com/sap/byd/odata/cust/v1/khserviceproduct/WithholdingTaxClassificationCollection,0,0,khserviceproduct__WithholdingTaxClassificationCollection.json,,,,,,"Pulled from SAP and saved in output_raw/, but no transform currently reads it, so it produces no Odoo file. Kept because it is real data that may be useful later (verified against src/transform_odoo.py: this entity is referenced 0 times)."
EXTRACTED - NOT USED,,(supporting data - feeds another object),,,,khsupplier,NoteCollection,https://my346623.sapbydesign.com/sap/byd/odata/cust/v1/khsupplier/NoteCollection,0,0,khsupplier__NoteCollection.json,,,,,,"Pulled from SAP and saved in output_raw/, but no transform currently reads it, so it produces no Odoo file. Kept because it is real data that may be useful later (verified against src/transform_odoo.py: this entity is referenced 0 times)."
EXTRACTED - NOT USED,,(supporting data - feeds another object),,,,khsupplier,CurrentDefaultFacsimileCollection,https://my346623.sapbydesign.com/sap/byd/odata/cust/v1/khsupplier/CurrentDefaultFacsimileCollection,0,0,khsupplier__CurrentDefaultFacsimileCollection.json,,,,,,"Pulled from SAP and saved in output_raw/, but no transform currently reads it, so it produces no Odoo file. Kept because it is real data that may be useful later (verified against src/transform_odoo.py: this entity is referenced 0 times)."
EXTRACTED - NOT USED,,(supporting data - feeds another object),,,,khsupplier,IdentificationCollection,https://my346623.sapbydesign.com/sap/byd/odata/cust/v1/khsupplier/IdentificationCollection,0,0,khsupplier__IdentificationCollection.json,,,,,,"Pulled from SAP and saved in output_raw/, but no transform currently reads it, so it produces no Odoo file. Kept because it is real data that may be useful later (verified against src/transform_odoo.py: this entity is referenced 0 times)."
EXTRACTED - NOT USED,,(supporting data - feeds another object),,,,khsupplier,CurrentDefaultFormattedAddressCollection,https://my346623.sapbydesign.com/sap/byd/odata/cust/v1/khsupplier/CurrentDefaultFormattedAddressCollection,607,3,khsupplier__CurrentDefaultFormattedAddressCollection.json,,,,,FormattedPostalAddressDescription=5012 ANG MO KIO AVE 5 #05-05...,"Pulled from SAP and saved in output_raw/, but no transform currently reads it, so it produces no Odoo file. Kept because it is real data that may be useful later (verified against src/transform_odoo.py: this entity is referenced 0 times)."
EXTRACTED - NOT USED,,(supporting data - feeds another object),,,,khsupplierinvoice,AttachmentCollection,https://my346623.sapbydesign.com/sap/byd/odata/cust/v1/khsupplierinvoice/AttachmentCollection,NOT EXTRACTED,,khsupplierinvoice__AttachmentCollection.json,,,,,,"Pulled from SAP and saved in output_raw/, but no transform currently reads it, so it produces no Odoo file. Kept because it is real data that may be useful later (verified against src/transform_odoo.py: this entity is referenced 0 times)."
EXTRACTED - NOT USED,,(supporting data - feeds another object),,,,tmserviceconfirmation,ItemCollection,https://my346623.sapbydesign.com/sap/byd/odata/cust/v1/tmserviceconfirmation/ItemCollection,0,0,tmserviceconfirmation__ItemCollection.json,,,,,,"Pulled from SAP and saved in output_raw/, but no transform currently reads it, so it produces no Odoo file. Kept because it is real data that may be useful later (verified against src/transform_odoo.py: this entity is referenced 0 times)."
EXTRACTED - NOT USED,,(supporting data - feeds another object),,,,tmserviceconfirmation,ServiceConfirmationCollection,https://my346623.sapbydesign.com/sap/byd/odata/cust/v1/tmserviceconfirmation/ServiceConfirmationCollection,0,0,tmserviceconfirmation__ServiceConfirmationCollection.json,,,,,,"Pulled from SAP and saved in output_raw/, but no transform currently reads it, so it produces no Odoo file. Kept because it is real data that may be useful later (verified against src/transform_odoo.py: this entity is referenced 0 times)."
EXTRACTED - NOT USED,,(supporting data - feeds another object),,,,tmserviceconfirmation,BTDReferenceCollection,https://my346623.sapbydesign.com/sap/byd/odata/cust/v1/tmserviceconfirmation/BTDReferenceCollection,0,0,tmserviceconfirmation__BTDReferenceCollection.json,,,,,,"Pulled from SAP and saved in output_raw/, but no transform currently reads it, so it produces no Odoo file. Kept because it is real data that may be useful later (verified against src/transform_odoo.py: this entity is referenced 0 times)."
EXTRACTED - NOT USED,,(supporting data - feeds another object),,,,tmserviceconfirmation,MainIncidentServiceIssueCategoryCollection,https://my346623.sapbydesign.com/sap/byd/odata/cust/v1/tmserviceconfirmation/MainIncidentServiceIssueCategoryCollection,0,0,tmserviceconfirmation__MainIncidentServiceIssueCategoryCollection.json,,,,,,"Pulled from SAP and saved in output_raw/, but no transform currently reads it, so it produces no Odoo file. Kept because it is real data that may be useful later (verified against src/transform_odoo.py: this entity is referenced 0 times)."
EXTRACTED - NOT USED,,(supporting data - feeds another object),,,,tmserviceconfirmation,ItemScheduleLineCollection,https://my346623.sapbydesign.com/sap/byd/odata/cust/v1/tmserviceconfirmation/ItemScheduleLineCollection,0,0,tmserviceconfirmation__ItemScheduleLineCollection.json,,,,,,"Pulled from SAP and saved in output_raw/, but no transform currently reads it, so it produces no Odoo file. Kept because it is real data that may be useful later (verified against src/transform_odoo.py: this entity is referenced 0 times)."
EXTRACTED - NOT USED,,(supporting data - feeds another object),,,,tmserviceconfirmation,BuyerCollection,https://my346623.sapbydesign.com/sap/byd/odata/cust/v1/tmserviceconfirmation/BuyerCollection,0,0,tmserviceconfirmation__BuyerCollection.json,,,,,,"Pulled from SAP and saved in output_raw/, but no transform currently reads it, so it produces no Odoo file. Kept because it is real data that may be useful later (verified against src/transform_odoo.py: this entity is referenced 0 times)."
EXTRACTED - NOT USED,,(supporting data - feeds another object),,,,tmserviceconfirmation,ReferenceObjectCollection,https://my346623.sapbydesign.com/sap/byd/odata/cust/v1/tmserviceconfirmation/ReferenceObjectCollection,0,0,tmserviceconfirmation__ReferenceObjectCollection.json,,,,,,"Pulled from SAP and saved in output_raw/, but no transform currently reads it, so it produces no Odoo file. Kept because it is real data that may be useful later (verified against src/transform_odoo.py: this entity is referenced 0 times)."
EXTRACTED - NOT USED,,(supporting data - feeds another object),,,,tmserviceconfirmation,ProcessorCollection,https://my346623.sapbydesign.com/sap/byd/odata/cust/v1/tmserviceconfirmation/ProcessorCollection,0,0,tmserviceconfirmation__ProcessorCollection.json,,,,,,"Pulled from SAP and saved in output_raw/, but no transform currently reads it, so it produces no Odoo file. Kept because it is real data that may be useful later (verified against src/transform_odoo.py: this entity is referenced 0 times)."
EXTRACTED - NOT USED,,(supporting data - feeds another object),,,,tmserviceconfirmation,ServicePerformerCollection,https://my346623.sapbydesign.com/sap/byd/odata/cust/v1/tmserviceconfirmation/ServicePerformerCollection,0,0,tmserviceconfirmation__ServicePerformerCollection.json,,,,,,"Pulled from SAP and saved in output_raw/, but no transform currently reads it, so it produces no Odoo file. Kept because it is real data that may be useful later (verified against src/transform_odoo.py: this entity is referenced 0 times)."
EXTRACTED - NOT USED,,(supporting data - feeds another object),,,,tmserviceorder,ServiceOrderCollection,https://my346623.sapbydesign.com/sap/byd/odata/cust/v1/tmserviceorder/ServiceOrderCollection,NOT EXTRACTED,,tmserviceorder__ServiceOrderCollection.json,,,,,,"Pulled from SAP and saved in output_raw/, but no transform currently reads it, so it produces no Odoo file. Kept because it is real data that may be useful later (verified against src/transform_odoo.py: this entity is referenced 0 times)."
EXTRACTED - NOT USED,,(supporting data - feeds another object),,,,tmserviceorder,TextCollection,https://my346623.sapbydesign.com/sap/byd/odata/cust/v1/tmserviceorder/TextCollection,NOT EXTRACTED,,tmserviceorder__TextCollection.json,,,,,,"Pulled from SAP and saved in output_raw/, but no transform currently reads it, so it produces no Odoo file. Kept because it is real data that may be useful later (verified against src/transform_odoo.py: this entity is referenced 0 times)."
EXTRACTED - NOT USED,,(supporting data - feeds another object),,,,tmserviceorder,ItemCollection,https://my346623.sapbydesign.com/sap/byd/odata/cust/v1/tmserviceorder/ItemCollection,NOT EXTRACTED,,tmserviceorder__ItemCollection.json,,,,,,"Pulled from SAP and saved in output_raw/, but no transform currently reads it, so it produces no Odoo file. Kept because it is real data that may be useful later (verified against src/transform_odoo.py: this entity is referenced 0 times)."
EXTRACTED - NOT USED,,(supporting data - feeds another object),,,,tmserviceorder,ItemScheduleLineCollection,https://my346623.sapbydesign.com/sap/byd/odata/cust/v1/tmserviceorder/ItemScheduleLineCollection,NOT EXTRACTED,,tmserviceorder__ItemScheduleLineCollection.json,,,,,,"Pulled from SAP and saved in output_raw/, but no transform currently reads it, so it produces no Odoo file. Kept because it is real data that may be useful later (verified against src/transform_odoo.py: this entity is referenced 0 times)."
EXTRACTED - NOT USED,,(supporting data - feeds another object),,,,tmserviceorder,RequestedItemScheduleLineCollection,https://my346623.sapbydesign.com/sap/byd/odata/cust/v1/tmserviceorder/RequestedItemScheduleLineCollection,NOT EXTRACTED,,tmserviceorder__RequestedItemScheduleLineCollection.json,,,,,,"Pulled from SAP and saved in output_raw/, but no transform currently reads it, so it produces no Odoo file. Kept because it is real data that may be useful later (verified against src/transform_odoo.py: this entity is referenced 0 times)."
EXTRACTED - NOT USED,,(supporting data - feeds another object),,,,tmserviceorder,ServiceRequestReferenceCollection,https://my346623.sapbydesign.com/sap/byd/odata/cust/v1/tmserviceorder/ServiceRequestReferenceCollection,NOT EXTRACTED,,tmserviceorder__ServiceRequestReferenceCollection.json,,,,,,"Pulled from SAP and saved in output_raw/, but no transform currently reads it, so it produces no Odoo file. Kept because it is real data that may be useful later (verified against src/transform_odoo.py: this entity is referenced 0 times)."
EXTRACTED - NOT USED,,(supporting data - feeds another object),,,,tmserviceorder,BusinessTransactionDocumentReferenceCollection,https://my346623.sapbydesign.com/sap/byd/odata/cust/v1/tmserviceorder/BusinessTransactionDocumentReferenceCollection,NOT EXTRACTED,,tmserviceorder__BusinessTransactionDocumentReferenceCollection.json,,,,,,"Pulled from SAP and saved in output_raw/, but no transform currently reads it, so it produces no Odoo file. Kept because it is real data that may be useful later (verified against src/transform_odoo.py: this entity is referenced 0 times)."
EXTRACTED - NOT USED,,(supporting data - feeds another object),,,,tmserviceorder,ServiceOrderPeriodTermsCollection,https://my346623.sapbydesign.com/sap/byd/odata/cust/v1/tmserviceorder/ServiceOrderPeriodTermsCollection,NOT EXTRACTED,,tmserviceorder__ServiceOrderPeriodTermsCollection.json,,,,,,"Pulled from SAP and saved in output_raw/, but no transform currently reads it, so it produces no Odoo file. Kept because it is real data that may be useful later (verified against src/transform_odoo.py: this entity is referenced 0 times)."
EXTRACTED - NOT USED,,(supporting data - feeds another object),,,,tmserviceorder,PlannedArrivalAtCustomerTimePointCollection,https://my346623.sapbydesign.com/sap/byd/odata/cust/v1/tmserviceorder/PlannedArrivalAtCustomerTimePointCollection,NOT EXTRACTED,,tmserviceorder__PlannedArrivalAtCustomerTimePointCollection.json,,,,,,"Pulled from SAP and saved in output_raw/, but no transform currently reads it, so it produces no Odoo file. Kept because it is real data that may be useful later (verified against src/transform_odoo.py: this entity is referenced 0 times)."
EXTRACTED - NOT USED,,(supporting data - feeds another object),,,,tmserviceorder,FirstReactionDueTimePointCollection,https://my346623.sapbydesign.com/sap/byd/odata/cust/v1/tmserviceorder/FirstReactionDueTimePointCollection,NOT EXTRACTED,,tmserviceorder__FirstReactionDueTimePointCollection.json,,,,,,"Pulled from SAP and saved in output_raw/, but no transform currently reads it, so it produces no Odoo file. Kept because it is real data that may be useful later (verified against src/transform_odoo.py: this entity is referenced 0 times)."
EXTRACTED - NOT USED,,(supporting data - feeds another object),,,,tmserviceorder,ExecutionReleaseTimePointCollection,https://my346623.sapbydesign.com/sap/byd/odata/cust/v1/tmserviceorder/ExecutionReleaseTimePointCollection,NOT EXTRACTED,,tmserviceorder__ExecutionReleaseTimePointCollection.json,,,,,,"Pulled from SAP and saved in output_raw/, but no transform currently reads it, so it produces no Odoo file. Kept because it is real data that may be useful later (verified against src/transform_odoo.py: this entity is referenced 0 times)."
EXTRACTED - NOT USED,,(supporting data - feeds another object),,,,tmserviceorder,CompletionDueTimePointCollection,https://my346623.sapbydesign.com/sap/byd/odata/cust/v1/tmserviceorder/CompletionDueTimePointCollection,NOT EXTRACTED,,tmserviceorder__CompletionDueTimePointCollection.json,,,,,,"Pulled from SAP and saved in output_raw/, but no transform currently reads it, so it produces no Odoo file. Kept because it is real data that may be useful later (verified against src/transform_odoo.py: this entity is referenced 0 times)."
EXTRACTED - NOT USED,,(supporting data - feeds another object),,,,tmserviceorder,BuyerPartyCollection,https://my346623.sapbydesign.com/sap/byd/odata/cust/v1/tmserviceorder/BuyerPartyCollection,NOT EXTRACTED,,tmserviceorder__BuyerPartyCollection.json,,,,,,"Pulled from SAP and saved in output_raw/, but no transform currently reads it, so it produces no Odoo file. Kept because it is real data that may be useful later (verified against src/transform_odoo.py: this entity is referenced 0 times)."
EXTRACTED - NOT USED,,(supporting data - feeds another object),,,,tmserviceorder,ServicePerformerCollection,https://my346623.sapbydesign.com/sap/byd/odata/cust/v1/tmserviceorder/ServicePerformerCollection,NOT EXTRACTED,,tmserviceorder__ServicePerformerCollection.json,,,,,,"Pulled from SAP and saved in output_raw/, but no transform currently reads it, so it produces no Odoo file. Kept because it is real data that may be useful later (verified against src/transform_odoo.py: this entity is referenced 0 times)."
EXTRACTED - NOT USED,,(supporting data - feeds another object),,,,tmserviceorder,ServiceSupportTeamCollection,https://my346623.sapbydesign.com/sap/byd/odata/cust/v1/tmserviceorder/ServiceSupportTeamCollection,NOT EXTRACTED,,tmserviceorder__ServiceSupportTeamCollection.json,,,,,,"Pulled from SAP and saved in output_raw/, but no transform currently reads it, so it produces no Odoo file. Kept because it is real data that may be useful later (verified against src/transform_odoo.py: this entity is referenced 0 times)."
EXTRACTED - NOT USED,,(supporting data - feeds another object),,,,tmserviceorder,ReferenceObjectCollection,https://my346623.sapbydesign.com/sap/byd/odata/cust/v1/tmserviceorder/ReferenceObjectCollection,NOT EXTRACTED,,tmserviceorder__ReferenceObjectCollection.json,,,,,,"Pulled from SAP and saved in output_raw/, but no transform currently reads it, so it produces no Odoo file. Kept because it is real data that may be useful later (verified against src/transform_odoo.py: this entity is referenced 0 times)."
EXTRACTED - NOT USED,,(supporting data - feeds another object),,,,tmserviceorder,ProcessorCollection,https://my346623.sapbydesign.com/sap/byd/odata/cust/v1/tmserviceorder/ProcessorCollection,NOT EXTRACTED,,tmserviceorder__ProcessorCollection.json,,,,,,"Pulled from SAP and saved in output_raw/, but no transform currently reads it, so it produces no Odoo file. Kept because it is real data that may be useful later (verified against src/transform_odoo.py: this entity is referenced 0 times)."
EXTRACTED - NOT USED,,(supporting data - feeds another object),,,,tmserviceorder,MainIncidentServiceIssueCategoryCollection,https://my346623.sapbydesign.com/sap/byd/odata/cust/v1/tmserviceorder/MainIncidentServiceIssueCategoryCollection,NOT EXTRACTED,,tmserviceorder__MainIncidentServiceIssueCategoryCollection.json,,,,,,"Pulled from SAP and saved in output_raw/, but no transform currently reads it, so it produces no Odoo file. Kept because it is real data that may be useful later (verified against src/transform_odoo.py: this entity is referenced 0 times)."
EXTRACTED - NOT USED,,(supporting data - feeds another object),,,,tmserviceorder,ServiceExecutionTeamPartyCollection,https://my346623.sapbydesign.com/sap/byd/odata/cust/v1/tmserviceorder/ServiceExecutionTeamPartyCollection,NOT EXTRACTED,,tmserviceorder__ServiceExecutionTeamPartyCollection.json,,,,,,"Pulled from SAP and saved in output_raw/, but no transform currently reads it, so it produces no Odoo file. Kept because it is real data that may be useful later (verified against src/transform_odoo.py: this entity is referenced 0 times)."
EXTRACTED - NOT USED,,(supporting data - feeds another object),,,,tmserviceorder,BuyerPartyDisplayNameCollection,https://my346623.sapbydesign.com/sap/byd/odata/cust/v1/tmserviceorder/BuyerPartyDisplayNameCollection,NOT EXTRACTED,,tmserviceorder__BuyerPartyDisplayNameCollection.json,,,,,,"Pulled from SAP and saved in output_raw/, but no transform currently reads it, so it produces no Odoo file. Kept because it is real data that may be useful later (verified against src/transform_odoo.py: this entity is referenced 0 times)."
EXTRACTED - NOT USED,,(supporting data - feeds another object),,,,tmservicerequest,ServiceRequestCollection,https://my346623.sapbydesign.com/sap/byd/odata/cust/v1/tmservicerequest/ServiceRequestCollection,NOT EXTRACTED,,tmservicerequest__ServiceRequestCollection.json,,,,,,"Pulled from SAP and saved in output_raw/, but no transform currently reads it, so it produces no Odoo file. Kept because it is real data that may be useful later (verified against src/transform_odoo.py: this entity is referenced 0 times)."
EXTRACTED - NOT USED,,(supporting data - feeds another object),,,,tmservicerequest,BusinessTransactionDocumentReferenceCollection,https://my346623.sapbydesign.com/sap/byd/odata/cust/v1/tmservicerequest/BusinessTransactionDocumentReferenceCollection,NOT EXTRACTED,,tmservicerequest__BusinessTransactionDocumentReferenceCollection.json,,,,,,"Pulled from SAP and saved in output_raw/, but no transform currently reads it, so it produces no Odoo file. Kept because it is real data that may be useful later (verified against src/transform_odoo.py: this entity is referenced 0 times)."
EXTRACTED - NOT USED,,(supporting data - feeds another object),,,,tmservicerequest,ReferenceObjectCollection,https://my346623.sapbydesign.com/sap/byd/odata/cust/v1/tmservicerequest/ReferenceObjectCollection,NOT EXTRACTED,,tmservicerequest__ReferenceObjectCollection.json,,,,,,"Pulled from SAP and saved in output_raw/, but no transform currently reads it, so it produces no Odoo file. Kept because it is real data that may be useful later (verified against src/transform_odoo.py: this entity is referenced 0 times)."
EXTRACTED - NOT USED,,(supporting data - feeds another object),,,,tmservicerequest,CompletionDueCollection,https://my346623.sapbydesign.com/sap/byd/odata/cust/v1/tmservicerequest/CompletionDueCollection,NOT EXTRACTED,,tmservicerequest__CompletionDueCollection.json,,,,,,"Pulled from SAP and saved in output_raw/, but no transform currently reads it, so it produces no Odoo file. Kept because it is real data that may be useful later (verified against src/transform_odoo.py: this entity is referenced 0 times)."
EXTRACTED - NOT USED,,(supporting data - feeds another object),,,,tmservicerequest,IncidentServiceIssueCategoryCollection,https://my346623.sapbydesign.com/sap/byd/odata/cust/v1/tmservicerequest/IncidentServiceIssueCategoryCollection,NOT EXTRACTED,,tmservicerequest__IncidentServiceIssueCategoryCollection.json,,,,,,"Pulled from SAP and saved in output_raw/, but no transform currently reads it, so it produces no Odoo file. Kept because it is real data that may be useful later (verified against src/transform_odoo.py: this entity is referenced 0 times)."
EXTRACTED - NOT USED,,(supporting data - feeds another object),,,,tmservicerequest,BuyerCollection,https://my346623.sapbydesign.com/sap/byd/odata/cust/v1/tmservicerequest/BuyerCollection,NOT EXTRACTED,,tmservicerequest__BuyerCollection.json,,,,,,"Pulled from SAP and saved in output_raw/, but no transform currently reads it, so it produces no Odoo file. Kept because it is real data that may be useful later (verified against src/transform_odoo.py: this entity is referenced 0 times)."
EXTRACTED - NOT USED,,(supporting data - feeds another object),,,,tmservicerequest,ProcessorCollection,https://my346623.sapbydesign.com/sap/byd/odata/cust/v1/tmservicerequest/ProcessorCollection,NOT EXTRACTED,,tmservicerequest__ProcessorCollection.json,,,,,,"Pulled from SAP and saved in output_raw/, but no transform currently reads it, so it produces no Odoo file. Kept because it is real data that may be useful later (verified against src/transform_odoo.py: this entity is referenced 0 times)."
EXTRACTED - NOT USED,,(supporting data - feeds another object),,,,tmservicerequest,ServiceSupportTeamCollection,https://my346623.sapbydesign.com/sap/byd/odata/cust/v1/tmservicerequest/ServiceSupportTeamCollection,NOT EXTRACTED,,tmservicerequest__ServiceSupportTeamCollection.json,,,,,,"Pulled from SAP and saved in output_raw/, but no transform currently reads it, so it produces no Odoo file. Kept because it is real data that may be useful later (verified against src/transform_odoo.py: this entity is referenced 0 times)."
EXTRACTED - NOT USED,,(supporting data - feeds another object),,,,vmumaterial,SalesTextCollection,https://my346623.sapbydesign.com/sap/byd/odata/cust/v1/vmumaterial/SalesTextCollection,0,0,vmumaterial__SalesTextCollection.json,,,,,,"Pulled from SAP and saved in output_raw/, but no transform currently reads it, so it produces no Odoo file. Kept because it is real data that may be useful later (verified against src/transform_odoo.py: this entity is referenced 0 times)."
EXTRACTED - NOT USED,,(supporting data - feeds another object),,,,vmumaterial,PurchasingTextCollection,https://my346623.sapbydesign.com/sap/byd/odata/cust/v1/vmumaterial/PurchasingTextCollection,8,13,vmumaterial__PurchasingTextCollection.json,,,,,Text=SCM to order each bottle of ...; TypeCode=10026; TypeCodeText=Purchasing Note; CreatedOn=/Date(1715325408642)/,"Pulled from SAP and saved in output_raw/, but no transform currently reads it, so it produces no Odoo file. Kept because it is real data that may be useful later (verified against src/transform_odoo.py: this entity is referenced 0 times)."
EXTRACTED - NOT USED,,(supporting data - feeds another object),,,,vmumaterial,SalesWarrantyCollection,https://my346623.sapbydesign.com/sap/byd/odata/cust/v1/vmumaterial/SalesWarrantyCollection,0,0,vmumaterial__SalesWarrantyCollection.json,,,,,,"Pulled from SAP and saved in output_raw/, but no transform currently reads it, so it produces no Odoo file. Kept because it is real data that may be useful later (verified against src/transform_odoo.py: this entity is referenced 0 times)."
EXTRACTED - NOT USED,,(supporting data - feeds another object),,,,vmumaterial,CustomerInformationCollection,https://my346623.sapbydesign.com/sap/byd/odata/cust/v1/vmumaterial/CustomerInformationCollection,0,0,vmumaterial__CustomerInformationCollection.json,,,,,,"Pulled from SAP and saved in output_raw/, but no transform currently reads it, so it produces no Odoo file. Kept because it is real data that may be useful later (verified against src/transform_odoo.py: this entity is referenced 0 times)."
EXTRACTED - NOT USED,,(supporting data - feeds another object),,,,vmumaterial,QuantityCharacteristicCollection,https://my346623.sapbydesign.com/sap/byd/odata/cust/v1/vmumaterial/QuantityCharacteristicCollection,0,0,vmumaterial__QuantityCharacteristicCollection.json,,,,,,"Pulled from SAP and saved in output_raw/, but no transform currently reads it, so it produces no Odoo file. Kept because it is real data that may be useful later (verified against src/transform_odoo.py: this entity is referenced 0 times)."
EXTRACTED - NOT USED,,(supporting data - feeds another object),,,,vmumaterial,LogisticsStorageGroupCollection,https://my346623.sapbydesign.com/sap/byd/odata/cust/v1/vmumaterial/LogisticsStorageGroupCollection,0,0,vmumaterial__LogisticsStorageGroupCollection.json,,,,,,"Pulled from SAP and saved in output_raw/, but no transform currently reads it, so it produces no Odoo file. Kept because it is real data that may be useful later (verified against src/transform_odoo.py: this entity is referenced 0 times)."
EXTRACTED - NOT USED,,(supporting data - feeds another object),,,,vmumaterial,LogisticsProductionGroupCollection,https://my346623.sapbydesign.com/sap/byd/odata/cust/v1/vmumaterial/LogisticsProductionGroupCollection,0,0,vmumaterial__LogisticsProductionGroupCollection.json,,,,,,"Pulled from SAP and saved in output_raw/, but no transform currently reads it, so it produces no Odoo file. Kept because it is real data that may be useful later (verified against src/transform_odoo.py: this entity is referenced 0 times)."
EXTRACTED - NOT USED,,(supporting data - feeds another object),,,,vmumaterial,WithholdingTaxClassificationCollection,https://my346623.sapbydesign.com/sap/byd/odata/cust/v1/vmumaterial/WithholdingTaxClassificationCollection,0,0,vmumaterial__WithholdingTaxClassificationCollection.json,,,,,,"Pulled from SAP and saved in output_raw/, but no transform currently reads it, so it produces no Odoo file. Kept because it is real data that may be useful later (verified against src/transform_odoo.py: this entity is referenced 0 times)."
EXTRACTED - NOT USED,,(supporting data - feeds another object),,,,vmumaterial,GlobalTradeItemNumberCollection,https://my346623.sapbydesign.com/sap/byd/odata/cust/v1/vmumaterial/GlobalTradeItemNumberCollection,0,0,vmumaterial__GlobalTradeItemNumberCollection.json,,,,,,"Pulled from SAP and saved in output_raw/, but no transform currently reads it, so it produces no Odoo file. Kept because it is real data that may be useful later (verified against src/transform_odoo.py: this entity is referenced 0 times)."
EXTRACTED - NOT USED,,(supporting data - feeds another object),,,,fin_inventoryvaluation_analytics.svc,RPFININVU17_Q0002QueryResults,"https://my346623.sapbydesign.com/sap/byd/odata/fin_inventoryvaluation_analytics.svc/RPFININVU17_Q0002QueryResults?$select=CRESOURCE,TRESOURCE,CCOST_CENTRE,TCOST_CENTRE,CVAL_S_DATE,CVAL_E_DATE,KCCOSTQTY,KCPERUNITCOST,KCPRICEUNIT,KCTOTAL_COST",0,0,fin_inventoryvaluation_analytics.svc__RPFININVU17_Q0002QueryResults.json,,,,,,"Pulled from SAP and saved in output_raw/, but no transform currently reads it, so it produces no Odoo file. Kept because it is real data that may be useful later (verified against src/transform_odoo.py: this entity is referenced 0 times)."
PENDING - no SAP source found yet,3,Fiscal Positions,Accounts,Master,Optional,,,,0,0,,account.fiscal.position,,0,0,,No matching data source found
PENDING - no SAP source found yet,16,Attachments/Documents,Common,Master,Optional,,,,0,0,,ir.attachment,,0,0,,"SAP attachments are typically binary content on GOS/DMS - needs a per-record download pass, not a flat OData select"
PENDING - no SAP source found yet,19,Activities,CRM,Master,Optional,,,,0,0,,mail.activity,,0,0,,"BLOCKED BY AUTHORISATION, not by a missing service: khlead is imported and live, but every one of its 19 entity sets returns RBAM_ERROR (Not Authorized) for the SDK user. Granting that user the Leads work center makes it readable - an SAP role change, not another import."
PENDING - no SAP source found yet,48,Purchase Requisitions,Purchase,Transaction,Optional,,,,0,0,,purchase.requisition,,0,0,,No matching data source found
PENDING - no SAP source found yet,62,Quotations,Sales,Transaction,Optional,,,,0,0,,sale.order,,0,0,,"UPDATED 2026-09-26: the authorization block described here is resolved - live curl now returns HTTP 200 with $inlinecount __count=0 (not RBAM_ERROR). khcustomerquote is imported, live, and authorized; the tenant genuinely just has zero customer quotes right now. Still pending_mapping because there's no data to confirm a transform against, not because of access - re-check if the tenant gets real quote data later."
PENDING - no SAP source found yet,(added),Currency Exchange Rates,Common,Master,Optional,,,,0,0,,res.currency.rate,,0,0,,"Odoo ships currencies/countries out of the box, but NOT historical FX rates - needed for FY20-21 through FY25-26 transactional data to post at the right value"
NOT APPLICABLE - no such module in ByDesign,23,Engineering Items,Engineering,Master,Optional,,,,0,0,,product.template,,0,0,,PLM engineering items are not part of standard ByDesign; confirm source system with user
NOT APPLICABLE - no such module in ByDesign,24,Document Revisions,Engineering,Master,Optional,,,,0,0,,product.document,,0,0,,
NOT APPLICABLE - no such module in ByDesign,25,ECO,Engineering,Master,Optional,,,,0,0,,mrp.eco,,0,0,,Engineering Change Orders require the PLM module - not standard in ByDesign
NOT APPLICABLE - no such module in ByDesign,26,Drawings,Engineering,Master,Optional,,,,0,0,,ir.attachment,,0,0,,
NOT APPLICABLE - no such module in ByDesign,35,Maintenance Teams,Maintenance,Master,Optional,,,,0,0,,maintenance.team,,0,0,,
NOT APPLICABLE - no such module in ByDesign,36,Maintenance Checklists,Maintenance,Master,Optional,,,,0,0,,maintenance.checklist,,0,0,,
NOT APPLICABLE - no such module in ByDesign,37,Preventive Maintenance Schedule,Maintenance,Transaction,Optional,,,,0,0,,maintenance.request,,0,0,,
NOT APPLICABLE - no such module in ByDesign,38,Maintenance Requests,Maintenance,Transaction,Optional,,,,0,0,,maintenance.request,,0,0,,
NOT APPLICABLE - no such module in ByDesign,39,Maintenance History,Maintenance,Transaction,Optional,,,,0,0,,maintenance.request,,0,0,,
NOT APPLICABLE - no such module in ByDesign,53,Quality Teams,Quality,Master,Optional,,,,0,0,,quality.alert.team,,0,0,,QM module is not part of standard ByDesign; confirmed by cross-checking the tenant's full 573-entry Design Data Sources catalog - zero matches for 'quality'. Confirm true source system with user
NOT APPLICABLE - no such module in ByDesign,54,Quality Points,Quality,Master,Optional,,,,0,0,,quality.point,,0,0,,
NOT APPLICABLE - no such module in ByDesign,55,Quality Checks,Quality,Transaction,Optional,,,,0,0,,quality.check,,0,0,,
NOT APPLICABLE - no such module in ByDesign,56,Inspection Results,Quality,Transaction,Optional,,,,0,0,,quality.check,,0,0,,
