Service,Entity Set,Data Source ID,Report Name,Description,URL Path
ana_businessanalytics.svc,ana_reportss,,,,sap/byd/odata/ana_businessanalytics.svc/ana_reportss
ana_businessanalytics.svc,codelist_ana_reports_icons,,,,sap/byd/odata/ana_businessanalytics.svc/codelist_ana_reports_icons
ana_businessanalytics.svc,codelists,,,,sap/byd/odata/ana_businessanalytics.svc/codelists
ana_businessanalytics_analytics.svc,RPBPCSCARB_Q0001QueryResults,BPCSCARB,Account Collaboration Data,"Provides the collaboration data of an account, including the business document name and the output channel along with data of the related account, such as the account ID, name, and address.",sap/byd/odata/ana_businessanalytics_analytics.svc/RPBPCSCARB_Q0001QueryResults
ana_businessanalytics_analytics.svc,RPBPCSCONTB_Q0001QueryResults,BPCSCONTB,Account Contact Data,"Provides the contacts of a corporate account, including the contact address information and other contact-specific data along with data of the related account, such as the account ID, name, and address.",sap/byd/odata/ana_businessanalytics_analytics.svc/RPBPCSCONTB_Q0001QueryResults
ana_businessanalytics_analytics.svc,RPBPCSFINB_Q0001QueryResults,BPCSFINB,Account Financial Data,"Provides the financial data of an account, including the bank data, payment data, and tax data along with data of the related account, such as the account ID, name, and address.",sap/byd/odata/ana_businessanalytics_analytics.svc/RPBPCSFINB_Q0001QueryResults
ana_businessanalytics_analytics.svc,RPBPCSRSPB_Q0001QueryResults,BPCSRSPB,Account Responsibility Data,"Provides the employees directly responsible for an account, including the employee ID, name, address, and the party role along with data of the related account, such as the account ID, name, and address.",sap/byd/odata/ana_businessanalytics_analytics.svc/RPBPCSRSPB_Q0001QueryResults
ana_businessanalytics_analytics.svc,RPBPCSRSPEMPTERM_Q0001QueryResults,BPCSRSPEMPTERM,Acc Term Empl,Account with terminated employee responsible,sap/byd/odata/ana_businessanalytics_analytics.svc/RPBPCSRSPEMPTERM_Q0001QueryResults
ana_businessanalytics_analytics.svc,RPBPSP_PRD_CAT_LIFE_Q00001QueryResults,BPSP_PRD_CAT_LIFE,Supplier Product Category Lifecycle,"Provides details of supplier product category lifecycle data, such as product category, enagement status, market segementation and validity periods.",sap/byd/odata/ana_businessanalytics_analytics.svc/RPBPSP_PRD_CAT_LIFE_Q00001QueryResults
ana_businessanalytics_analytics.svc,RPBUPAADDRESSSNAPSHOT_Q0001QueryResults,BUPAADDRESSSNAPSHOT,,,sap/byd/odata/ana_businessanalytics_analytics.svc/RPBUPAADDRESSSNAPSHOT_Q0001QueryResults
ana_businessanalytics_analytics.svc,RPBUPABANKDETAILS_Q0001QueryResults,BUPABANKDETAILS,,,sap/byd/odata/ana_businessanalytics_analytics.svc/RPBUPABANKDETAILS_Q0001QueryResults
ana_businessanalytics_analytics.svc,RPBUPAIDENTIFICATION_Q0001QueryResults,BUPAIDENTIFICATION,,,sap/byd/odata/ana_businessanalytics_analytics.svc/RPBUPAIDENTIFICATION_Q0001QueryResults
ana_businessanalytics_analytics.svc,RPBUPAMARKETINGCNSNT_Q0001QueryResults,BUPAMARKETINGCNSNT,,,sap/byd/odata/ana_businessanalytics_analytics.svc/RPBUPAMARKETINGCNSNT_Q0001QueryResults
ana_businessanalytics_analytics.svc,RPBUPAPAYCARDDETAILS_Q0001QueryResults,BUPAPAYCARDDETAILS,,,sap/byd/odata/ana_businessanalytics_analytics.svc/RPBUPAPAYCARDDETAILS_Q0001QueryResults
ana_businessanalytics_analytics.svc,RPBUPAPERSNDISCLOSURE_Q0001QueryResults,BUPAPERSNDISCLOSURE,,,sap/byd/odata/ana_businessanalytics_analytics.svc/RPBUPAPERSNDISCLOSURE_Q0001QueryResults
ana_businessanalytics_analytics.svc,RPBUPARELATIONSHIPS_Q0001QueryResults,BUPARELATIONSHIPS,,,sap/byd/odata/ana_businessanalytics_analytics.svc/RPBUPARELATIONSHIPS_Q0001QueryResults
ana_businessanalytics_analytics.svc,RPBUPAROLE_Q0001QueryResults,BUPAROLE,,,sap/byd/odata/ana_businessanalytics_analytics.svc/RPBUPAROLE_Q0001QueryResults
ana_businessanalytics_analytics.svc,RPBUPASALESARRAGEMNT_Q0001QueryResults,BUPASALESARRAGEMNT,,,sap/byd/odata/ana_businessanalytics_analytics.svc/RPBUPASALESARRAGEMNT_Q0001QueryResults
ana_businessanalytics_analytics.svc,RPBUPASUPPLIERCOLLB01_Q0001QueryResults,BUPASUPPLIERCOLLB01,Supplier Collaboration Data,"Provides the collaboration data of a supplier, including data of the related supplier, such as the account ID, name, and address.",sap/byd/odata/ana_businessanalytics_analytics.svc/RPBUPASUPPLIERCOLLB01_Q0001QueryResults
ana_businessanalytics_analytics.svc,RPBUPATAXNUMBERS_Q0001QueryResults,BUPATAXNUMBERS,,,sap/byd/odata/ana_businessanalytics_analytics.svc/RPBUPATAXNUMBERS_Q0001QueryResults
ana_businessanalytics_analytics.svc,RPBUPCSD_Q0001QueryResults,BUPCSD,,,sap/byd/odata/ana_businessanalytics_analytics.svc/RPBUPCSD_Q0001QueryResults
ana_businessanalytics_analytics.svc,RPBUPSPP_Q0001QueryResults,BUPSPP,,,sap/byd/odata/ana_businessanalytics_analytics.svc/RPBUPSPP_Q0001QueryResults
ana_businessanalytics_analytics.svc,RPBUPSPP_Q0002QueryResults,BUPSPP,,,sap/byd/odata/ana_businessanalytics_analytics.svc/RPBUPSPP_Q0002QueryResults
ana_businessanalytics_analytics.svc,RPCCAB01_Q001QueryResults,CCAB01,User - Current Status Details,"Provides data about the current status of users, including assigned work center, work center views, validity dates, and whether the user is inactive.",sap/byd/odata/ana_businessanalytics_analytics.svc/RPCCAB01_Q001QueryResults
ana_businessanalytics_analytics.svc,RPCCAB01_Q002QueryResults,CCAB01,User - Current Status Details,"Provides data about the current status of users, including assigned work center, work center views, validity dates, and whether the user is inactive.",sap/byd/odata/ana_businessanalytics_analytics.svc/RPCCAB01_Q002QueryResults
ana_businessanalytics_analytics.svc,RPCCAB01_Q003QueryResults,CCAB01,User - Current Status Details,"Provides data about the current status of users, including assigned work center, work center views, validity dates, and whether the user is inactive.",sap/byd/odata/ana_businessanalytics_analytics.svc/RPCCAB01_Q003QueryResults
ana_businessanalytics_analytics.svc,RPCCAB02_Q001QueryResults,CCAB02,User - Activation Change Documents,"Provides data about the activation change documents for users, including technical ID, whether the user is a technical user or locked, and validity dates.",sap/byd/odata/ana_businessanalytics_analytics.svc/RPCCAB02_Q001QueryResults
ana_businessanalytics_analytics.svc,RPCCAB03_Q001QueryResults,CCAB03,User - Access Rights Change Documents,"Provides data about the access rights change documents for users, including changes to the assignment of work centers, work center views, and access rights.",sap/byd/odata/ana_businessanalytics_analytics.svc/RPCCAB03_Q001QueryResults
ana_businessanalytics_analytics.svc,RPCCABUSINESS_ROLEQueryResults,,,,sap/byd/odata/ana_businessanalytics_analytics.svc/RPCCABUSINESS_ROLEQueryResults
ana_businessanalytics_analytics.svc,RPCCAKTPU01_Q002QueryResults,CCAKTPU01,Knowledge Transfer Learning Data,Provides data about which learning modules employees have passed.,sap/byd/odata/ana_businessanalytics_analytics.svc/RPCCAKTPU01_Q002QueryResults
ana_businessanalytics_analytics.svc,RPCCAKTPU01_Q003QueryResults,CCAKTPU01,Knowledge Transfer Learning Data,Provides data about which learning modules employees have passed.,sap/byd/odata/ana_businessanalytics_analytics.svc/RPCCAKTPU01_Q003QueryResults
ana_businessanalytics_analytics.svc,RPCCAKTPU01_Q004QueryResults,CCAKTPU01,Knowledge Transfer Learning Data,Provides data about which learning modules employees have passed.,sap/byd/odata/ana_businessanalytics_analytics.svc/RPCCAKTPU01_Q004QueryResults
ana_businessanalytics_analytics.svc,RPCCARSODCONFLICTSQueryResults,,,,sap/byd/odata/ana_businessanalytics_analytics.svc/RPCCARSODCONFLICTSQueryResults
ana_businessanalytics_analytics.svc,RPCCARURV01_Q001QueryResults,CCARURV01,Report Assignment Details,"Shows the history of the assignment of reports to work centers, including change data, assignment details, and whether access to reports is restricted.",sap/byd/odata/ana_businessanalytics_analytics.svc/RPCCARURV01_Q001QueryResults
ana_businessanalytics_analytics.svc,RPCCARUSRLOGQueryResults,,,,sap/byd/odata/ana_businessanalytics_analytics.svc/RPCCARUSRLOGQueryResults
ana_businessanalytics_analytics.svc,RPCC_USER_BR_ASSGN_Q0001QueryResults,CC_USER_BR_ASSGN,,,sap/byd/odata/ana_businessanalytics_analytics.svc/RPCC_USER_BR_ASSGN_Q0001QueryResults
ana_businessanalytics_analytics.svc,RPCC_VM1_Q0001QueryResults,CC_VM1,,,sap/byd/odata/ana_businessanalytics_analytics.svc/RPCC_VM1_Q0001QueryResults
ana_businessanalytics_analytics.svc,RPCC_VM1_Q0002QueryResults,CC_VM1,,,sap/byd/odata/ana_businessanalytics_analytics.svc/RPCC_VM1_Q0002QueryResults
ana_businessanalytics_analytics.svc,RPCOMUSGB01QueryResults,,,,sap/byd/odata/ana_businessanalytics_analytics.svc/RPCOMUSGB01QueryResults
ana_businessanalytics_analytics.svc,RPCONSGTU01_Q0001QueryResults,CONSGTU01,Customer Consignment Report,"Provides a comprehensive view of the customer consignment quantities, which are open for fill-up, delivered, open for invoicing, invoiced, returned, etc.",sap/byd/odata/ana_businessanalytics_analytics.svc/RPCONSGTU01_Q0001QueryResults
ana_businessanalytics_analytics.svc,RPCRMACTU_Q0001QueryResults,CRMACTU,All Activities,Contains all types of activities. It allows you to analyze number and usage of all six activity types.,sap/byd/odata/ana_businessanalytics_analytics.svc/RPCRMACTU_Q0001QueryResults
ana_businessanalytics_analytics.svc,RPCRMCCOHHB_Q0001QueryResults,CRMCCOHHB,,,sap/byd/odata/ana_businessanalytics_analytics.svc/RPCRMCCOHHB_Q0001QueryResults
ana_businessanalytics_analytics.svc,RPCRMCCOIB01_Q0001QueryResults,CRMCCOIB01,Customer Contract Item,Contains data on the customer contract items.,sap/byd/odata/ana_businessanalytics_analytics.svc/RPCRMCCOIB01_Q0001QueryResults
ana_businessanalytics_analytics.svc,RPCRMCCOIB_Q0001QueryResults,CRMCCOIB,Customer Contract Item,Contains data on the customer contract items.,sap/byd/odata/ana_businessanalytics_analytics.svc/RPCRMCCOIB_Q0001QueryResults
ana_businessanalytics_analytics.svc,RPCRMCCOIPATCB_Q0001QueryResults,CRMCCOIPATCB,Customer Contract Item with Price Components,"Contains data on the customer contract items , along with details about the price components like price, discount, freight, surcharge, goodwill, warranty, quality loss fee, cost estimate, profit margin. also provides information like is the price component is manullay changed or automatically determined, what prices are proposed by the system and which is the active price, base value of each price component calculation for price, discount, freight, surcharge. Calculation of total discount , total tax value .",sap/byd/odata/ana_businessanalytics_analytics.svc/RPCRMCCOIPATCB_Q0001QueryResults
ana_businessanalytics_analytics.svc,RPCRMCIVIB01_Q0001QueryResults,CRMCIVIB01,,,sap/byd/odata/ana_businessanalytics_analytics.svc/RPCRMCIVIB01_Q0001QueryResults
ana_businessanalytics_analytics.svc,RPCRMCIVIB_MQ0001QueryResults,CRMCIVIB,Customer Invoice Item,"Contains all customer invoice items. It provides you with information on the products, quantities, gross amounts, net amounts, and tax amounts.",sap/byd/odata/ana_businessanalytics_analytics.svc/RPCRMCIVIB_MQ0001QueryResults
ana_businessanalytics_analytics.svc,RPCRMCIVIB_Q0001QueryResults,CRMCIVIB,Customer Invoice Item,"Contains all customer invoice items. It provides you with information on the products, quantities, gross amounts, net amounts, and tax amounts.",sap/byd/odata/ana_businessanalytics_analytics.svc/RPCRMCIVIB_Q0001QueryResults
ana_businessanalytics_analytics.svc,RPCRMCIVIB_Q0002QueryResults,CRMCIVIB,Customer Invoice Item,"Contains all customer invoice items. It provides you with information on the products, quantities, gross amounts, net amounts, and tax amounts.",sap/byd/odata/ana_businessanalytics_analytics.svc/RPCRMCIVIB_Q0002QueryResults
ana_businessanalytics_analytics.svc,RPCRMCIVIPATCB_Q0001QueryResults,CRMCIVIPATCB,Customer Invoice Item with Price Components,"Contains data on the quantities and values of customer invoice items. It allows you to analyze the development and distribution of sales quote items across organizational units , along with details about the price components like price, discount, freight, surcharge, goodwill, warranty, quality loss fee, cost estimate, profit margin. also provides information like is the price component is manullay changed or automatically determined, what prices are proposed by the system and which is the active price, base value of each price component calculation for price, discount, freight, surcharge. Calculation of total discount , total tax value .",sap/byd/odata/ana_businessanalytics_analytics.svc/RPCRMCIVIPATCB_Q0001QueryResults
ana_businessanalytics_analytics.svc,RPCRMCQTIB01_Q0001QueryResults,CRMCQTIB01,,,sap/byd/odata/ana_businessanalytics_analytics.svc/RPCRMCQTIB01_Q0001QueryResults
ana_businessanalytics_analytics.svc,RPCRMCQTIB_MQ0001QueryResults,CRMCQTIB,Sales Quote Item,Contains data on the quantities and values of sales quote items. It allows you to analyze the distribution of sales quote items across organizational units.,sap/byd/odata/ana_businessanalytics_analytics.svc/RPCRMCQTIB_MQ0001QueryResults
ana_businessanalytics_analytics.svc,RPCRMCQTIB_Q0001QueryResults,CRMCQTIB,Sales Quote Item,Contains data on the quantities and values of sales quote items. It allows you to analyze the distribution of sales quote items across organizational units.,sap/byd/odata/ana_businessanalytics_analytics.svc/RPCRMCQTIB_Q0001QueryResults
ana_businessanalytics_analytics.svc,RPCRMCQTIPATCB_Q0001QueryResults,CRMCQTIPATCB,Sales Quote Item with Price Components,"Contains data on the quantities and values of sales quote items. It allows you to analyze the development and distribution of sales quote items across organizational units , along with details about the price components like price, discount, freight, surcharge, goodwill, warranty, quality loss fee, cost estimate, profit margin. also provides information like is the price component is manullay changed or automatically determined, what prices are proposed by the system and which is the active price, base value of each price component calculation for price, discount, freight, surcharge. Calculation of total discount , total tax value .",sap/byd/odata/ana_businessanalytics_analytics.svc/RPCRMCQTIPATCB_Q0001QueryResults
ana_businessanalytics_analytics.svc,RPCRMCRTI_Q0001QueryResults,CRMCRTI,,,sap/byd/odata/ana_businessanalytics_analytics.svc/RPCRMCRTI_Q0001QueryResults
ana_businessanalytics_analytics.svc,RPCRMCUCOISCU_Q0001QueryResults,CRMCUCOISCU,Customer Contract Item with Invoice Schedule Items,Contains all customer contract items with corresponding invoice schedule items. It allows you to see the planned revenue for each date specified in an invoice schedule.,sap/byd/odata/ana_businessanalytics_analytics.svc/RPCRMCUCOISCU_Q0001QueryResults
ana_businessanalytics_analytics.svc,RPCRMLEAHB01_Q0001QueryResults,CRMLEAHB01,Lead Extended,"Contains all leads. It allows you to analyze leads by various criteria such as by category, by status or by origin.In contrast to the Lead data source it shows inconsistent leads and provides additional parties as characteristic.",sap/byd/odata/ana_businessanalytics_analytics.svc/RPCRMLEAHB01_Q0001QueryResults
ana_businessanalytics_analytics.svc,RPCRMLEAHB_MQ0001QueryResults,CRMLEAHB,Lead,"Contains all leads. It allows you to analyze leads by various criteria such as by category, by status or by origin.",sap/byd/odata/ana_businessanalytics_analytics.svc/RPCRMLEAHB_MQ0001QueryResults
ana_businessanalytics_analytics.svc,RPCRMLEAHB_Q0001QueryResults,CRMLEAHB,Lead,"Contains all leads. It allows you to analyze leads by various criteria such as by category, by status or by origin.",sap/byd/odata/ana_businessanalytics_analytics.svc/RPCRMLEAHB_Q0001QueryResults
ana_businessanalytics_analytics.svc,RPCRMLEFU_MQ0001QueryResults,CRMLEFU,Lead Funnel,"Contains all leads and their related objects. It allows you to analyze all opportunities, sales quotes and sales orders that originate, either directly or indirectly, from these leads.",sap/byd/odata/ana_businessanalytics_analytics.svc/RPCRMLEFU_MQ0001QueryResults
ana_businessanalytics_analytics.svc,RPCRMLEFU_Q0001QueryResults,CRMLEFU,Lead Funnel,"Contains all leads and their related objects. It allows you to analyze all opportunities, sales quotes and sales orders that originate, either directly or indirectly, from these leads.",sap/byd/odata/ana_businessanalytics_analytics.svc/RPCRMLEFU_Q0001QueryResults
ana_businessanalytics_analytics.svc,RPCRMOPFU_MQ0001QueryResults,CRMOPFU,Opportunity Funnel,"Contains all opportunities and their related objects. It allows you to analyze all sales quotes and sales orders that originate, either directly or indirectly, from these opportunities.",sap/byd/odata/ana_businessanalytics_analytics.svc/RPCRMOPFU_MQ0001QueryResults
ana_businessanalytics_analytics.svc,RPCRMOPFU_Q0001QueryResults,CRMOPFU,Opportunity Funnel,"Contains all opportunities and their related objects. It allows you to analyze all sales quotes and sales orders that originate, either directly or indirectly, from these opportunities.",sap/byd/odata/ana_businessanalytics_analytics.svc/RPCRMOPFU_Q0001QueryResults
ana_businessanalytics_analytics.svc,RPCRMOPPU01_Q0001QueryResults,CRMOPPU01,Opportunity Header and Item Extended,"Contains all opportunities with their header and item data. It allows you to analyze opportunities by header and item data such as sales cycle, sales phase, expected value, opportunity items or net values.In contrast to the Opportunity Header and Item data source it shows inconsistent opportunities and provides additional parties as characteristic.",sap/byd/odata/ana_businessanalytics_analytics.svc/RPCRMOPPU01_Q0001QueryResults
ana_businessanalytics_analytics.svc,RPCRMOPPU_MQ0001QueryResults,CRMOPPU,Opportunity Header and Item,"Contains all opportunities with their header and item data. It allows you to analyze opportunities by header and item data such as sales cycle, sales phase, expected value, opportunity items or net values.",sap/byd/odata/ana_businessanalytics_analytics.svc/RPCRMOPPU_MQ0001QueryResults
ana_businessanalytics_analytics.svc,RPCRMOPPU_MQ0002QueryResults,CRMOPPU,Opportunity Header and Item,"Contains all opportunities with their header and item data. It allows you to analyze opportunities by header and item data such as sales cycle, sales phase, expected value, opportunity items or net values.",sap/byd/odata/ana_businessanalytics_analytics.svc/RPCRMOPPU_MQ0002QueryResults
ana_businessanalytics_analytics.svc,RPCRMOPPU_Q0001QueryResults,CRMOPPU,Opportunity Header and Item,"Contains all opportunities with their header and item data. It allows you to analyze opportunities by header and item data such as sales cycle, sales phase, expected value, opportunity items or net values.",sap/byd/odata/ana_businessanalytics_analytics.svc/RPCRMOPPU_Q0001QueryResults
ana_businessanalytics_analytics.svc,RPCRMOPPU_Q0002QueryResults,CRMOPPU,Opportunity Header and Item,"Contains all opportunities with their header and item data. It allows you to analyze opportunities by header and item data such as sales cycle, sales phase, expected value, opportunity items or net values.",sap/byd/odata/ana_businessanalytics_analytics.svc/RPCRMOPPU_Q0002QueryResults
ana_businessanalytics_analytics.svc,RPCRMOPPU_Q0003QueryResults,CRMOPPU,Opportunity Header and Item,"Contains all opportunities with their header and item data. It allows you to analyze opportunities by header and item data such as sales cycle, sales phase, expected value, opportunity items or net values.",sap/byd/odata/ana_businessanalytics_analytics.svc/RPCRMOPPU_Q0003QueryResults
ana_businessanalytics_analytics.svc,RPCRMOPQU_MQ0001QueryResults,CRMOPQU,Sales Analysis Pipeline,Contains all opportunities and quotes. It allows you to analyze opportunities and sales quotes by various criteria or key figures.,sap/byd/odata/ana_businessanalytics_analytics.svc/RPCRMOPQU_MQ0001QueryResults
ana_businessanalytics_analytics.svc,RPCRMOPQU_Q0001QueryResults,CRMOPQU,Sales Analysis Pipeline,Contains all opportunities and quotes. It allows you to analyze opportunities and sales quotes by various criteria or key figures.,sap/byd/odata/ana_businessanalytics_analytics.svc/RPCRMOPQU_Q0001QueryResults
ana_businessanalytics_analytics.svc,RPCRMPOSTVBQ0002QueryResults,,,,sap/byd/odata/ana_businessanalytics_analytics.svc/RPCRMPOSTVBQ0002QueryResults
ana_businessanalytics_analytics.svc,RPCRMPRC_CNT_REPORTQueryResults,,,,sap/byd/odata/ana_businessanalytics_analytics.svc/RPCRMPRC_CNT_REPORTQueryResults
ana_businessanalytics_analytics.svc,RPCRMQUFU_MQ0001QueryResults,CRMQUFU,Sales Quote Funnel,Contains data on the development of sales quotes. It allows you to analyze and monitor the progress of sales quotes across organizational units.,sap/byd/odata/ana_businessanalytics_analytics.svc/RPCRMQUFU_MQ0001QueryResults
ana_businessanalytics_analytics.svc,RPCRMQUFU_Q0001QueryResults,CRMQUFU,Sales Quote Funnel,Contains data on the development of sales quotes. It allows you to analyze and monitor the progress of sales quotes across organizational units.,sap/byd/odata/ana_businessanalytics_analytics.svc/RPCRMQUFU_Q0001QueryResults
ana_businessanalytics_analytics.svc,RPCRMRVFU_Q0001QueryResults,CRMRVFU,Revenue Forecast Data,Shows the revenue from various business transaction documents including opportunities.,sap/byd/odata/ana_businessanalytics_analytics.svc/RPCRMRVFU_Q0001QueryResults
ana_businessanalytics_analytics.svc,RPCRMSCFIB01_Q0001QueryResults,CRMSCFIB01,,,sap/byd/odata/ana_businessanalytics_analytics.svc/RPCRMSCFIB01_Q0001QueryResults
ana_businessanalytics_analytics.svc,RPCRMSCU_Q0001QueryResults,CRMSCU,Used Service Categories,"Contains all parameters and values of service categories. It allows you to analyze how often a certain service category has been used in service processes, for example in service requests, service orders and in the knowledge base.",sap/byd/odata/ana_businessanalytics_analytics.svc/RPCRMSCU_Q0001QueryResults
ana_businessanalytics_analytics.svc,RPCRMSHSCIB_Q0001QueryResults,CRMSHSCIB,Service Order Header & Service Confirmation Item,Contains service confirmations for service items originating from service orders.,sap/byd/odata/ana_businessanalytics_analytics.svc/RPCRMSHSCIB_Q0001QueryResults
ana_businessanalytics_analytics.svc,RPCRMSLOIB01_Q0001QueryResults,CRMSLOIB01,Sales Order Item-Extended,Contains data on the quantities and values of sales order items. It allows you to analyze the development and distribution of sales order items across organizational units.,sap/byd/odata/ana_businessanalytics_analytics.svc/RPCRMSLOIB01_Q0001QueryResults
ana_businessanalytics_analytics.svc,RPCRMSLOIB_MMCNQ0001QueryResults,,,,sap/byd/odata/ana_businessanalytics_analytics.svc/RPCRMSLOIB_MMCNQ0001QueryResults
ana_businessanalytics_analytics.svc,RPCRMSLOIB_MQ0001QueryResults,CRMSLOIB,Sales Order Item,Contains data on the quantities and values of sales order items. It allows you to analyze the development and distribution of sales order items across organizational units.,sap/byd/odata/ana_businessanalytics_analytics.svc/RPCRMSLOIB_MQ0001QueryResults
ana_businessanalytics_analytics.svc,RPCRMSLOIB_Q0001QueryResults,CRMSLOIB,Sales Order Item,Contains data on the quantities and values of sales order items. It allows you to analyze the development and distribution of sales order items across organizational units.,sap/byd/odata/ana_businessanalytics_analytics.svc/RPCRMSLOIB_Q0001QueryResults
ana_businessanalytics_analytics.svc,RPCRMSLOIPATCB_Q0001QueryResults,CRMSLOIPATCB,Sales Order Item with Price Components,"Contains data on the quantities and values of sales order items. It allows you to analyze the development and distribution of sales order items across organizational units , along with details about the price components like price, discount, freight, surcharge, goodwill, warranty, quality loss fee, cost estimate, profit margin. also provides information like is the price component is manullay changed or automatically determined, what prices are proposed by the system and which is the active price, base value of each price component calculation for price, discount, freight, surcharge. Calculation of total discount , total tax value .",sap/byd/odata/ana_businessanalytics_analytics.svc/RPCRMSLOIPATCB_Q0001QueryResults
ana_businessanalytics_analytics.svc,RPCRMSLSCIB_Q0001QueryResults,CRMSLSCIB,Sales Order Item & Service Confirmation Item,Contains service confirmations for service items originating from sales orders. It helps you to analyze the ordered and the confirmed quantities.,sap/byd/odata/ana_businessanalytics_analytics.svc/RPCRMSLSCIB_Q0001QueryResults
ana_businessanalytics_analytics.svc,RPCRMSOCRTU_MQ0001QueryResults,CRMSOCRTU,Customer Returns,,sap/byd/odata/ana_businessanalytics_analytics.svc/RPCRMSOCRTU_MQ0001QueryResults
ana_businessanalytics_analytics.svc,RPCRMSOCRTU_Q0001QueryResults,CRMSOCRTU,Customer Returns,,sap/byd/odata/ana_businessanalytics_analytics.svc/RPCRMSOCRTU_Q0001QueryResults
ana_businessanalytics_analytics.svc,RPCRMSOCU01_Q0001QueryResults,CRMSOCU01,Service Order and Service Confirmation,Contains service order and service confirmation header and item data. It helps you to track the ordered and the confirmed  quantities and due date compliance.,sap/byd/odata/ana_businessanalytics_analytics.svc/RPCRMSOCU01_Q0001QueryResults
ana_businessanalytics_analytics.svc,RPCRMSORHB_Q0001QueryResults,CRMSORHB,Service Order Header,"Contains values of service orders in total. It allows you to analyze status, workload and responsibility for the organizational units and to calculate due date compliance and usage of service categories and warranties.",sap/byd/odata/ana_businessanalytics_analytics.svc/RPCRMSORHB_Q0001QueryResults
ana_businessanalytics_analytics.svc,RPCRMSORHB_Q0002QueryResults,CRMSORHB,Service Order Header,"Contains values of service orders in total. It allows you to analyze status, workload and responsibility for the organizational units and to calculate due date compliance and usage of service categories and warranties.",sap/byd/odata/ana_businessanalytics_analytics.svc/RPCRMSORHB_Q0002QueryResults
ana_businessanalytics_analytics.svc,RPCRMSORHB_Q0003QueryResults,CRMSORHB,Service Order Header,"Contains values of service orders in total. It allows you to analyze status, workload and responsibility for the organizational units and to calculate due date compliance and usage of service categories and warranties.",sap/byd/odata/ana_businessanalytics_analytics.svc/RPCRMSORHB_Q0003QueryResults
ana_businessanalytics_analytics.svc,RPCRMSORHB_Q0004QueryResults,CRMSORHB,Service Order Header,"Contains values of service orders in total. It allows you to analyze status, workload and responsibility for the organizational units and to calculate due date compliance and usage of service categories and warranties.",sap/byd/odata/ana_businessanalytics_analytics.svc/RPCRMSORHB_Q0004QueryResults
ana_businessanalytics_analytics.svc,RPCRMSORHB_Q0005QueryResults,CRMSORHB,Service Order Header,"Contains values of service orders in total. It allows you to analyze status, workload and responsibility for the organizational units and to calculate due date compliance and usage of service categories and warranties.",sap/byd/odata/ana_businessanalytics_analytics.svc/RPCRMSORHB_Q0005QueryResults
ana_businessanalytics_analytics.svc,RPCRMSORHB_Q0007QueryResults,CRMSORHB,Service Order Header,"Contains values of service orders in total. It allows you to analyze status, workload and responsibility for the organizational units and to calculate due date compliance and usage of service categories and warranties.",sap/byd/odata/ana_businessanalytics_analytics.svc/RPCRMSORHB_Q0007QueryResults
ana_businessanalytics_analytics.svc,RPCRMSORHHB_Q0001QueryResults,CRMSORHHB,,,sap/byd/odata/ana_businessanalytics_analytics.svc/RPCRMSORHHB_Q0001QueryResults
ana_businessanalytics_analytics.svc,RPCRMSORHHB_Q0002QueryResults,CRMSORHHB,,,sap/byd/odata/ana_businessanalytics_analytics.svc/RPCRMSORHHB_Q0002QueryResults
ana_businessanalytics_analytics.svc,RPCRMSORIB01_Q0001QueryResults,CRMSORIB01,,,sap/byd/odata/ana_businessanalytics_analytics.svc/RPCRMSORIB01_Q0001QueryResults
ana_businessanalytics_analytics.svc,RPCRMSRQHB_Q0001QueryResults,CRMSRQHB,Service Request,"Contains all service requests. It allows you to analyze the service requests, their usage, and all relevant informations.",sap/byd/odata/ana_businessanalytics_analytics.svc/RPCRMSRQHB_Q0001QueryResults
ana_businessanalytics_analytics.svc,RPCRMSRQHB_Q0002QueryResults,CRMSRQHB,Service Request,"Contains all service requests. It allows you to analyze the service requests, their usage, and all relevant informations.",sap/byd/odata/ana_businessanalytics_analytics.svc/RPCRMSRQHB_Q0002QueryResults
ana_businessanalytics_analytics.svc,RPCRMSRQHB_Q0003QueryResults,CRMSRQHB,Service Request,"Contains all service requests. It allows you to analyze the service requests, their usage, and all relevant informations.",sap/byd/odata/ana_businessanalytics_analytics.svc/RPCRMSRQHB_Q0003QueryResults
ana_businessanalytics_analytics.svc,RPCRMSRQHB_Q0005QueryResults,CRMSRQHB,Service Request,"Contains all service requests. It allows you to analyze the service requests, their usage, and all relevant informations.",sap/byd/odata/ana_businessanalytics_analytics.svc/RPCRMSRQHB_Q0005QueryResults
ana_businessanalytics_analytics.svc,RPCRMSRQHB_Q0006QueryResults,CRMSRQHB,Service Request,"Contains all service requests. It allows you to analyze the service requests, their usage, and all relevant informations.",sap/byd/odata/ana_businessanalytics_analytics.svc/RPCRMSRQHB_Q0006QueryResults
ana_businessanalytics_analytics.svc,RPCRMSRQHB_Q0007QueryResults,CRMSRQHB,Service Request,"Contains all service requests. It allows you to analyze the service requests, their usage, and all relevant informations.",sap/byd/odata/ana_businessanalytics_analytics.svc/RPCRMSRQHB_Q0007QueryResults
ana_businessanalytics_analytics.svc,RPCRMSRQHB_Q0008QueryResults,CRMSRQHB,Service Request,"Contains all service requests. It allows you to analyze the service requests, their usage, and all relevant informations.",sap/byd/odata/ana_businessanalytics_analytics.svc/RPCRMSRQHB_Q0008QueryResults
ana_businessanalytics_analytics.svc,RPCRMSRQHB_Q0009QueryResults,CRMSRQHB,Service Request,"Contains all service requests. It allows you to analyze the service requests, their usage, and all relevant informations.",sap/byd/odata/ana_businessanalytics_analytics.svc/RPCRMSRQHB_Q0009QueryResults
ana_businessanalytics_analytics.svc,RPCRMSRQHB_Q0010QueryResults,CRMSRQHB,Service Request,"Contains all service requests. It allows you to analyze the service requests, their usage, and all relevant informations.",sap/byd/odata/ana_businessanalytics_analytics.svc/RPCRMSRQHB_Q0010QueryResults
ana_businessanalytics_analytics.svc,RPCRMSRQHB_Q0019QueryResults,CRMSRQHB,Service Request,"Contains all service requests. It allows you to analyze the service requests, their usage, and all relevant informations.",sap/byd/odata/ana_businessanalytics_analytics.svc/RPCRMSRQHB_Q0019QueryResults
ana_businessanalytics_analytics.svc,RPCRMSRQHHB_Q0001QueryResults,CRMSRQHHB,Service Request History,Contains historical data on the quantities and values of service requests.,sap/byd/odata/ana_businessanalytics_analytics.svc/RPCRMSRQHHB_Q0001QueryResults
ana_businessanalytics_analytics.svc,RPCRMSRQHHB_Q0002QueryResults,CRMSRQHHB,Service Request History,Contains historical data on the quantities and values of service requests.,sap/byd/odata/ana_businessanalytics_analytics.svc/RPCRMSRQHHB_Q0002QueryResults
ana_businessanalytics_analytics.svc,RPCRMSRQHHB_Q0003QueryResults,CRMSRQHHB,Service Request History,Contains historical data on the quantities and values of service requests.,sap/byd/odata/ana_businessanalytics_analytics.svc/RPCRMSRQHHB_Q0003QueryResults
ana_businessanalytics_analytics.svc,RPCRMSRQHHB_Q0004QueryResults,CRMSRQHHB,Service Request History,Contains historical data on the quantities and values of service requests.,sap/byd/odata/ana_businessanalytics_analytics.svc/RPCRMSRQHHB_Q0004QueryResults
ana_businessanalytics_analytics.svc,RPCRMSRQHHB_Q0005QueryResults,CRMSRQHHB,Service Request History,Contains historical data on the quantities and values of service requests.,sap/byd/odata/ana_businessanalytics_analytics.svc/RPCRMSRQHHB_Q0005QueryResults
ana_businessanalytics_analytics.svc,RPCRMSRQHHB_Q0006QueryResults,CRMSRQHHB,Service Request History,Contains historical data on the quantities and values of service requests.,sap/byd/odata/ana_businessanalytics_analytics.svc/RPCRMSRQHHB_Q0006QueryResults
ana_businessanalytics_analytics.svc,RPCRMSRSOCU_Q0001QueryResults,CRMSRSOCU,"Service Order, Sales Order & Service Confirmation Item","Contains service confirmations for service items originating either from sales orders or service orders. It helps you to track the ordered, the confirmed and the invoiced quantities.",sap/byd/odata/ana_businessanalytics_analytics.svc/RPCRMSRSOCU_Q0001QueryResults
ana_businessanalytics_analytics.svc,RPCRMSTPP_Q0001QueryResults,CRMSTPP,Sales Target Setting,"Enables managers to enter and change sales targets with Excel. If this report is opened with a browser, sales targets can be displayed but not changed.",sap/byd/odata/ana_businessanalytics_analytics.svc/RPCRMSTPP_Q0001QueryResults
ana_businessanalytics_analytics.svc,RPFINCACU01_Q0001QueryResults,FINCACU01,Cost Center - Line Items,Provides details about the overhead costs incurred by a particular cost center. It is possible to see the costs of multiple cost centers at the same time as well. Aggregates information from the following Data Source: Overhead Costs.,sap/byd/odata/ana_businessanalytics_analytics.svc/RPFINCACU01_Q0001QueryResults
ana_businessanalytics_analytics.svc,RPFINCACU01_Q0002QueryResults,FINCACU01,Cost Center - Line Items,Provides details about the overhead costs incurred by a particular cost center. It is possible to see the costs of multiple cost centers at the same time as well. Aggregates information from the following Data Source: Overhead Costs.,sap/byd/odata/ana_businessanalytics_analytics.svc/RPFINCACU01_Q0002QueryResults
ana_businessanalytics_analytics.svc,RPFINCACU01_Q0003QueryResults,FINCACU01,Cost Center - Line Items,Provides details about the overhead costs incurred by a particular cost center. It is possible to see the costs of multiple cost centers at the same time as well. Aggregates information from the following Data Source: Overhead Costs.,sap/byd/odata/ana_businessanalytics_analytics.svc/RPFINCACU01_Q0003QueryResults
ana_businessanalytics_analytics.svc,RPFINCACU01_Q0004QueryResults,FINCACU01,Cost Center - Line Items,Provides details about the overhead costs incurred by a particular cost center. It is possible to see the costs of multiple cost centers at the same time as well. Aggregates information from the following Data Source: Overhead Costs.,sap/byd/odata/ana_businessanalytics_analytics.svc/RPFINCACU01_Q0004QueryResults
ana_businessanalytics_analytics.svc,RPFINCACU02_Q0001QueryResults,FINCACU02,Project Line Items,"Provides details about the costs incurred by a project and the revenues posted against it. These include postings such as time recordings, expense recordings, supplier invoices, or overhead charges. Aggregates information from the following Data Sources: Overhead Costs; Other Direct Costs; Sales Ledger Line Items.",sap/byd/odata/ana_businessanalytics_analytics.svc/RPFINCACU02_Q0001QueryResults
ana_businessanalytics_analytics.svc,RPFINCACU03_Q0001QueryResults,FINCACU03,Project Plan Values,Provides details about the estimated costs for a single project based on the planned quantities for the project work plus the planned expenses. It also indicates the error status of the cost estimate. Aggregates information from the following Data Sources: Cost Estimates of Services; Cost Estimates of Overheads; Cost Estimates of Expenses.,sap/byd/odata/ana_businessanalytics_analytics.svc/RPFINCACU03_Q0001QueryResults
ana_businessanalytics_analytics.svc,RPFINCACU04_Q0001QueryResults,FINCACU04,Project Cost and Revenue - Aggregated,"Provides aggregated details about planned costs, actual costs, actual revenues, and deviations for multiple projects or a single project by project task. Also provides a breakdown by the G/L account of origin. Aggregates information from the following Data Sources: Cost Estimates of Services; Cost Estimates of Overheads; Cost Estimates of Expenses; Overhead Costs; Other Direct Costs; Sales Ledger Line Items.",sap/byd/odata/ana_businessanalytics_analytics.svc/RPFINCACU04_Q0001QueryResults
ana_businessanalytics_analytics.svc,RPFINCACU04_Q0002QueryResults,FINCACU04,Project Cost and Revenue - Aggregated,"Provides aggregated details about planned costs, actual costs, actual revenues, and deviations for multiple projects or a single project by project task. Also provides a breakdown by the G/L account of origin. Aggregates information from the following Data Sources: Cost Estimates of Services; Cost Estimates of Overheads; Cost Estimates of Expenses; Overhead Costs; Other Direct Costs; Sales Ledger Line Items.",sap/byd/odata/ana_businessanalytics_analytics.svc/RPFINCACU04_Q0002QueryResults
ana_businessanalytics_analytics.svc,RPFINCACU04_Q0003QueryResults,FINCACU04,Project Cost and Revenue - Aggregated,"Provides aggregated details about planned costs, actual costs, actual revenues, and deviations for multiple projects or a single project by project task. Also provides a breakdown by the G/L account of origin. Aggregates information from the following Data Sources: Cost Estimates of Services; Cost Estimates of Overheads; Cost Estimates of Expenses; Overhead Costs; Other Direct Costs; Sales Ledger Line Items.",sap/byd/odata/ana_businessanalytics_analytics.svc/RPFINCACU04_Q0003QueryResults
ana_businessanalytics_analytics.svc,RPFINCACU04_Q0004QueryResults,FINCACU04,Project Cost and Revenue - Aggregated,"Provides aggregated details about planned costs, actual costs, actual revenues, and deviations for multiple projects or a single project by project task. Also provides a breakdown by the G/L account of origin. Aggregates information from the following Data Sources: Cost Estimates of Services; Cost Estimates of Overheads; Cost Estimates of Expenses; Overhead Costs; Other Direct Costs; Sales Ledger Line Items.",sap/byd/odata/ana_businessanalytics_analytics.svc/RPFINCACU04_Q0004QueryResults
ana_businessanalytics_analytics.svc,RPFINCACU04_Q0005QueryResults,FINCACU04,Project Cost and Revenue - Aggregated,"Provides aggregated details about planned costs, actual costs, actual revenues, and deviations for multiple projects or a single project by project task. Also provides a breakdown by the G/L account of origin. Aggregates information from the following Data Sources: Cost Estimates of Services; Cost Estimates of Overheads; Cost Estimates of Expenses; Overhead Costs; Other Direct Costs; Sales Ledger Line Items.",sap/byd/odata/ana_businessanalytics_analytics.svc/RPFINCACU04_Q0005QueryResults
ana_businessanalytics_analytics.svc,RPFINCACU04_Q0006QueryResults,FINCACU04,Project Cost and Revenue - Aggregated,"Provides aggregated details about planned costs, actual costs, actual revenues, and deviations for multiple projects or a single project by project task. Also provides a breakdown by the G/L account of origin. Aggregates information from the following Data Sources: Cost Estimates of Services; Cost Estimates of Overheads; Cost Estimates of Expenses; Overhead Costs; Other Direct Costs; Sales Ledger Line Items.",sap/byd/odata/ana_businessanalytics_analytics.svc/RPFINCACU04_Q0006QueryResults
ana_businessanalytics_analytics.svc,RPFINCACU05_Q0001QueryResults,FINCACU05,Cost Center Master Data,Provides a list of the available cost centers from the master data. Also provides details about the sales area to which a cost center is linked. Aggregates information from the following Data Source: Master Data - Cost Centers.,sap/byd/odata/ana_businessanalytics_analytics.svc/RPFINCACU05_Q0001QueryResults
ana_businessanalytics_analytics.svc,RPFINCACU06_Q0001QueryResults,FINCACU06,Cost Center - Plan/Actual Comparison,Provides details about the overhead costs incurred by a particular cost center. There is a provision to see the costs of multiple cost centers at the same time as well. Aggregates information from the following Data Source: Overhead Costs.,sap/byd/odata/ana_businessanalytics_analytics.svc/RPFINCACU06_Q0001QueryResults
ana_businessanalytics_analytics.svc,RPFINCACU06_Q0002QueryResults,FINCACU06,Cost Center - Plan/Actual Comparison,Provides details about the overhead costs incurred by a particular cost center. There is a provision to see the costs of multiple cost centers at the same time as well. Aggregates information from the following Data Source: Overhead Costs.,sap/byd/odata/ana_businessanalytics_analytics.svc/RPFINCACU06_Q0002QueryResults
ana_businessanalytics_analytics.svc,RPFINCACU06_Q0003QueryResults,FINCACU06,Cost Center - Plan/Actual Comparison,Provides details about the overhead costs incurred by a particular cost center. There is a provision to see the costs of multiple cost centers at the same time as well. Aggregates information from the following Data Source: Overhead Costs.,sap/byd/odata/ana_businessanalytics_analytics.svc/RPFINCACU06_Q0003QueryResults
ana_businessanalytics_analytics.svc,RPFINCACU06_Q0004QueryResults,FINCACU06,Cost Center - Plan/Actual Comparison,Provides details about the overhead costs incurred by a particular cost center. There is a provision to see the costs of multiple cost centers at the same time as well. Aggregates information from the following Data Source: Overhead Costs.,sap/byd/odata/ana_businessanalytics_analytics.svc/RPFINCACU06_Q0004QueryResults
ana_businessanalytics_analytics.svc,RPFINCACU06_Q0006QueryResults,FINCACU06,Cost Center - Plan/Actual Comparison,Provides details about the overhead costs incurred by a particular cost center. There is a provision to see the costs of multiple cost centers at the same time as well. Aggregates information from the following Data Source: Overhead Costs.,sap/byd/odata/ana_businessanalytics_analytics.svc/RPFINCACU06_Q0006QueryResults
ana_businessanalytics_analytics.svc,RPFINCACU06_Q0007QueryResults,FINCACU06,Cost Center - Plan/Actual Comparison,Provides details about the overhead costs incurred by a particular cost center. There is a provision to see the costs of multiple cost centers at the same time as well. Aggregates information from the following Data Source: Overhead Costs.,sap/byd/odata/ana_businessanalytics_analytics.svc/RPFINCACU06_Q0007QueryResults
ana_businessanalytics_analytics.svc,RPFINCACU16_Q0004QueryResults,FINCACU16,Cost Centers - Plan/Actual/Forecast,"Provides details about the overhead costs incurred by cost centers. Aggregates information from data sources for actual costs, plan and forecast values.",sap/byd/odata/ana_businessanalytics_analytics.svc/RPFINCACU16_Q0004QueryResults
ana_businessanalytics_analytics.svc,RPFINCACU16_Q0006QueryResults,FINCACU16,Cost Centers - Plan/Actual/Forecast,"Provides details about the overhead costs incurred by cost centers. Aggregates information from data sources for actual costs, plan and forecast values.",sap/byd/odata/ana_businessanalytics_analytics.svc/RPFINCACU16_Q0006QueryResults
ana_businessanalytics_analytics.svc,RPFINCACU16_Q0007QueryResults,FINCACU16,Cost Centers - Plan/Actual/Forecast,"Provides details about the overhead costs incurred by cost centers. Aggregates information from data sources for actual costs, plan and forecast values.",sap/byd/odata/ana_businessanalytics_analytics.svc/RPFINCACU16_Q0007QueryResults
ana_businessanalytics_analytics.svc,RPFINCACU16_Q0008QueryResults,FINCACU16,Cost Centers - Plan/Actual/Forecast,"Provides details about the overhead costs incurred by cost centers. Aggregates information from data sources for actual costs, plan and forecast values.",sap/byd/odata/ana_businessanalytics_analytics.svc/RPFINCACU16_Q0008QueryResults
ana_businessanalytics_analytics.svc,RPFINCACU16_Q0009QueryResults,FINCACU16,Cost Centers - Plan/Actual/Forecast,"Provides details about the overhead costs incurred by cost centers. Aggregates information from data sources for actual costs, plan and forecast values.",sap/byd/odata/ana_businessanalytics_analytics.svc/RPFINCACU16_Q0009QueryResults
ana_businessanalytics_analytics.svc,RPFINCACU16_Q0010QueryResults,FINCACU16,Cost Centers - Plan/Actual/Forecast,"Provides details about the overhead costs incurred by cost centers. Aggregates information from data sources for actual costs, plan and forecast values.",sap/byd/odata/ana_businessanalytics_analytics.svc/RPFINCACU16_Q0010QueryResults
ana_businessanalytics_analytics.svc,RPFINCACU17_Q0001QueryResults,FINCACU17,Financial Plan Details,"Provides financial plan data related to cost centers, income statement or balance sheet.",sap/byd/odata/ana_businessanalytics_analytics.svc/RPFINCACU17_Q0001QueryResults
ana_businessanalytics_analytics.svc,RPFINCACU17_QICP0001QueryResults,FINCACU17,Financial Plan Details,"Provides financial plan data related to cost centers, income statement or balance sheet.",sap/byd/odata/ana_businessanalytics_analytics.svc/RPFINCACU17_QICP0001QueryResults
ana_businessanalytics_analytics.svc,RPFINCACU18_Q0001QueryResults,FINCACU18,,,sap/byd/odata/ana_businessanalytics_analytics.svc/RPFINCACU18_Q0001QueryResults
ana_businessanalytics_analytics.svc,RPFINCACU19_Q0002QueryResults,FINCACU19,Planning Object - Budget Monitoring,Planning Object - Budget Monitoring,sap/byd/odata/ana_businessanalytics_analytics.svc/RPFINCACU19_Q0002QueryResults
ana_businessanalytics_analytics.svc,RPFINCACU19_Q0003QueryResults,FINCACU19,Planning Object - Budget Monitoring,Planning Object - Budget Monitoring,sap/byd/odata/ana_businessanalytics_analytics.svc/RPFINCACU19_Q0003QueryResults
ana_businessanalytics_analytics.svc,RPFINCACU20_Q0001QueryResults,FINCACU20,Financial Budget Snapshot,Financial Budget Snapshot,sap/byd/odata/ana_businessanalytics_analytics.svc/RPFINCACU20_Q0001QueryResults
ana_businessanalytics_analytics.svc,RPFINCACU80_Q0001QueryResults,FINCACU80,Revenue Recognition Run Log Section,,sap/byd/odata/ana_businessanalytics_analytics.svc/RPFINCACU80_Q0001QueryResults
ana_businessanalytics_analytics.svc,RPFINCOBU01_Q0001QueryResults,FINCOBU01,Free Cost Object Master Data,"Provides all free cost object master data information such as the following: cost object type, time-dependent organizational assignments to profit centers, to segments and to functional areas, time-dependent assignment to parent cost objects and market segment data.
Aggregates information from the following Data Sources: Free Cost Object Master Data.",sap/byd/odata/ana_businessanalytics_analytics.svc/RPFINCOBU01_Q0001QueryResults
ana_businessanalytics_analytics.svc,RPFINCOBU02_Q0001QueryResults,FINCOBU02,Free Cost Object - Line Items,"Provides details about the costs incurred by a Free Cost Object and the revenues posted against it. These include postings such as time
recordings, expense recordings, supplier invoices, or settlements. Aggregates information from the following Data Sources: Other Direct
Costs; Sales Ledger Line Items.",sap/byd/odata/ana_businessanalytics_analytics.svc/RPFINCOBU02_Q0001QueryResults
ana_businessanalytics_analytics.svc,RPFINDUEMMCU01_MMCQ0002QueryResults,,,,sap/byd/odata/ana_businessanalytics_analytics.svc/RPFINDUEMMCU01_MMCQ0002QueryResults
ana_businessanalytics_analytics.svc,RPFINDUEU01_Q0001QueryResults,FINDUEU01,Dunning History By Customer,Provides a detailed dunning history of all overdue payment items for each customer. The aggregated dunning amount and the overdue days are shown for each customer. Aggregates information from the following Data Sources: Dunning Header Details; Dunning Items. This data source forms the basis for the following key report: Dunning History by Customer.,sap/byd/odata/ana_businessanalytics_analytics.svc/RPFINDUEU01_Q0001QueryResults
ana_businessanalytics_analytics.svc,RPFINDUEU01_Q0002QueryResults,FINDUEU01,Dunning History By Customer,Provides a detailed dunning history of all overdue payment items for each customer. The aggregated dunning amount and the overdue days are shown for each customer. Aggregates information from the following Data Sources: Dunning Header Details; Dunning Items. This data source forms the basis for the following key report: Dunning History by Customer.,sap/byd/odata/ana_businessanalytics_analytics.svc/RPFINDUEU01_Q0002QueryResults
ana_businessanalytics_analytics.svc,RPFINDUEU02_Q0001QueryResults,FINDUEU02,,,sap/byd/odata/ana_businessanalytics_analytics.svc/RPFINDUEU02_Q0001QueryResults
ana_businessanalytics_analytics.svc,RPFINDUEU02_Q0002QueryResults,FINDUEU02,,,sap/byd/odata/ana_businessanalytics_analytics.svc/RPFINDUEU02_Q0002QueryResults
ana_businessanalytics_analytics.svc,RPFINDUEU03_Q0001QueryResults,FINDUEU03,Dunning Statistics,"Provides total receivable and overdue receivable amount for a customer, total items, and the amount sent to the legal department. It also provides the percentage of the open receivable amount which is dunned and the percentage of the dunning amount sent to the legal department. Aggregates information from the following Data Sources: Dunning Items; AP/AR Details. This data source forms the basis for the following key reports: Dunning Statistics; Current Dunning Statistics.",sap/byd/odata/ana_businessanalytics_analytics.svc/RPFINDUEU03_Q0001QueryResults
ana_businessanalytics_analytics.svc,RPFINDUEU03_QICP0002QueryResults,FINDUEU03,Dunning Statistics,"Provides total receivable and overdue receivable amount for a customer, total items, and the amount sent to the legal department. It also provides the percentage of the open receivable amount which is dunned and the percentage of the dunning amount sent to the legal department. Aggregates information from the following Data Sources: Dunning Items; AP/AR Details. This data source forms the basis for the following key reports: Dunning Statistics; Current Dunning Statistics.",sap/byd/odata/ana_businessanalytics_analytics.svc/RPFINDUEU03_QICP0002QueryResults
ana_businessanalytics_analytics.svc,RPFINDUEU04_Q0003QueryResults,FINDUEU04,Trade Receivables Payables Register,"Provides information about the document amount, the payment amount, and cash discounts of the trade receivables and payables resulting from the business transactions of a company. Aggregates information from the following Data Sources: AP/AR Details, Dunning Items, Reset Clearing Adjustment amount. This data source forms the basis for the following key reports: Open Item List - Suppliers/Customers; Details Item List -Suppliers/Customers; Aging List -Suppliers/Customers; Forecast List -Suppliers/Customers; Payment Statistics -Suppliers/Customers.",sap/byd/odata/ana_businessanalytics_analytics.svc/RPFINDUEU04_Q0003QueryResults
ana_businessanalytics_analytics.svc,RPFINDUEU04_Q0004QueryResults,FINDUEU04,Trade Receivables Payables Register,"Provides information about the document amount, the payment amount, and cash discounts of the trade receivables and payables resulting from the business transactions of a company. Aggregates information from the following Data Sources: AP/AR Details, Dunning Items, Reset Clearing Adjustment amount. This data source forms the basis for the following key reports: Open Item List - Suppliers/Customers; Details Item List -Suppliers/Customers; Aging List -Suppliers/Customers; Forecast List -Suppliers/Customers; Payment Statistics -Suppliers/Customers.",sap/byd/odata/ana_businessanalytics_analytics.svc/RPFINDUEU04_Q0004QueryResults
ana_businessanalytics_analytics.svc,RPFINDUEU04_Q0005QueryResults,FINDUEU04,Trade Receivables Payables Register,"Provides information about the document amount, the payment amount, and cash discounts of the trade receivables and payables resulting from the business transactions of a company. Aggregates information from the following Data Sources: AP/AR Details, Dunning Items, Reset Clearing Adjustment amount. This data source forms the basis for the following key reports: Open Item List - Suppliers/Customers; Details Item List -Suppliers/Customers; Aging List -Suppliers/Customers; Forecast List -Suppliers/Customers; Payment Statistics -Suppliers/Customers.",sap/byd/odata/ana_businessanalytics_analytics.svc/RPFINDUEU04_Q0005QueryResults
ana_businessanalytics_analytics.svc,RPFINDUEU04_Q0006QueryResults,FINDUEU04,Trade Receivables Payables Register,"Provides information about the document amount, the payment amount, and cash discounts of the trade receivables and payables resulting from the business transactions of a company. Aggregates information from the following Data Sources: AP/AR Details, Dunning Items, Reset Clearing Adjustment amount. This data source forms the basis for the following key reports: Open Item List - Suppliers/Customers; Details Item List -Suppliers/Customers; Aging List -Suppliers/Customers; Forecast List -Suppliers/Customers; Payment Statistics -Suppliers/Customers.",sap/byd/odata/ana_businessanalytics_analytics.svc/RPFINDUEU04_Q0006QueryResults
ana_businessanalytics_analytics.svc,RPFINDUEU04_Q0007QueryResults,FINDUEU04,Trade Receivables Payables Register,"Provides information about the document amount, the payment amount, and cash discounts of the trade receivables and payables resulting from the business transactions of a company. Aggregates information from the following Data Sources: AP/AR Details, Dunning Items, Reset Clearing Adjustment amount. This data source forms the basis for the following key reports: Open Item List - Suppliers/Customers; Details Item List -Suppliers/Customers; Aging List -Suppliers/Customers; Forecast List -Suppliers/Customers; Payment Statistics -Suppliers/Customers.",sap/byd/odata/ana_businessanalytics_analytics.svc/RPFINDUEU04_Q0007QueryResults
ana_businessanalytics_analytics.svc,RPFINDUEU04_Q0008QueryResults,FINDUEU04,Trade Receivables Payables Register,"Provides information about the document amount, the payment amount, and cash discounts of the trade receivables and payables resulting from the business transactions of a company. Aggregates information from the following Data Sources: AP/AR Details, Dunning Items, Reset Clearing Adjustment amount. This data source forms the basis for the following key reports: Open Item List - Suppliers/Customers; Details Item List -Suppliers/Customers; Aging List -Suppliers/Customers; Forecast List -Suppliers/Customers; Payment Statistics -Suppliers/Customers.",sap/byd/odata/ana_businessanalytics_analytics.svc/RPFINDUEU04_Q0008QueryResults
ana_businessanalytics_analytics.svc,RPFINDUEU04_Q0009QueryResults,FINDUEU04,Trade Receivables Payables Register,"Provides information about the document amount, the payment amount, and cash discounts of the trade receivables and payables resulting from the business transactions of a company. Aggregates information from the following Data Sources: AP/AR Details, Dunning Items, Reset Clearing Adjustment amount. This data source forms the basis for the following key reports: Open Item List - Suppliers/Customers; Details Item List -Suppliers/Customers; Aging List -Suppliers/Customers; Forecast List -Suppliers/Customers; Payment Statistics -Suppliers/Customers.",sap/byd/odata/ana_businessanalytics_analytics.svc/RPFINDUEU04_Q0009QueryResults
ana_businessanalytics_analytics.svc,RPFINDUEU04_Q0010QueryResults,FINDUEU04,Trade Receivables Payables Register,"Provides information about the document amount, the payment amount, and cash discounts of the trade receivables and payables resulting from the business transactions of a company. Aggregates information from the following Data Sources: AP/AR Details, Dunning Items, Reset Clearing Adjustment amount. This data source forms the basis for the following key reports: Open Item List - Suppliers/Customers; Details Item List -Suppliers/Customers; Aging List -Suppliers/Customers; Forecast List -Suppliers/Customers; Payment Statistics -Suppliers/Customers.",sap/byd/odata/ana_businessanalytics_analytics.svc/RPFINDUEU04_Q0010QueryResults
ana_businessanalytics_analytics.svc,RPFINDUEU04_Q0014QueryResults,FINDUEU04,Trade Receivables Payables Register,"Provides information about the document amount, the payment amount, and cash discounts of the trade receivables and payables resulting from the business transactions of a company. Aggregates information from the following Data Sources: AP/AR Details, Dunning Items, Reset Clearing Adjustment amount. This data source forms the basis for the following key reports: Open Item List - Suppliers/Customers; Details Item List -Suppliers/Customers; Aging List -Suppliers/Customers; Forecast List -Suppliers/Customers; Payment Statistics -Suppliers/Customers.",sap/byd/odata/ana_businessanalytics_analytics.svc/RPFINDUEU04_Q0014QueryResults
ana_businessanalytics_analytics.svc,RPFINDUEU04_Q0015QueryResults,FINDUEU04,Trade Receivables Payables Register,"Provides information about the document amount, the payment amount, and cash discounts of the trade receivables and payables resulting from the business transactions of a company. Aggregates information from the following Data Sources: AP/AR Details, Dunning Items, Reset Clearing Adjustment amount. This data source forms the basis for the following key reports: Open Item List - Suppliers/Customers; Details Item List -Suppliers/Customers; Aging List -Suppliers/Customers; Forecast List -Suppliers/Customers; Payment Statistics -Suppliers/Customers.",sap/byd/odata/ana_businessanalytics_analytics.svc/RPFINDUEU04_Q0015QueryResults
ana_businessanalytics_analytics.svc,RPFINDUEU04_QICP0001QueryResults,FINDUEU04,Trade Receivables Payables Register,"Provides information about the document amount, the payment amount, and cash discounts of the trade receivables and payables resulting from the business transactions of a company. Aggregates information from the following Data Sources: AP/AR Details, Dunning Items, Reset Clearing Adjustment amount. This data source forms the basis for the following key reports: Open Item List - Suppliers/Customers; Details Item List -Suppliers/Customers; Aging List -Suppliers/Customers; Forecast List -Suppliers/Customers; Payment Statistics -Suppliers/Customers.",sap/byd/odata/ana_businessanalytics_analytics.svc/RPFINDUEU04_QICP0001QueryResults
ana_businessanalytics_analytics.svc,RPFINDUEU04_QICP0004QueryResults,FINDUEU04,Trade Receivables Payables Register,"Provides information about the document amount, the payment amount, and cash discounts of the trade receivables and payables resulting from the business transactions of a company. Aggregates information from the following Data Sources: AP/AR Details, Dunning Items, Reset Clearing Adjustment amount. This data source forms the basis for the following key reports: Open Item List - Suppliers/Customers; Details Item List -Suppliers/Customers; Aging List -Suppliers/Customers; Forecast List -Suppliers/Customers; Payment Statistics -Suppliers/Customers.",sap/byd/odata/ana_businessanalytics_analytics.svc/RPFINDUEU04_QICP0004QueryResults
ana_businessanalytics_analytics.svc,RPFINDUEU04_QICP0006QueryResults,FINDUEU04,Trade Receivables Payables Register,"Provides information about the document amount, the payment amount, and cash discounts of the trade receivables and payables resulting from the business transactions of a company. Aggregates information from the following Data Sources: AP/AR Details, Dunning Items, Reset Clearing Adjustment amount. This data source forms the basis for the following key reports: Open Item List - Suppliers/Customers; Details Item List -Suppliers/Customers; Aging List -Suppliers/Customers; Forecast List -Suppliers/Customers; Payment Statistics -Suppliers/Customers.",sap/byd/odata/ana_businessanalytics_analytics.svc/RPFINDUEU04_QICP0006QueryResults
ana_businessanalytics_analytics.svc,RPFINDUEU04_QICP0008QueryResults,FINDUEU04,Trade Receivables Payables Register,"Provides information about the document amount, the payment amount, and cash discounts of the trade receivables and payables resulting from the business transactions of a company. Aggregates information from the following Data Sources: AP/AR Details, Dunning Items, Reset Clearing Adjustment amount. This data source forms the basis for the following key reports: Open Item List - Suppliers/Customers; Details Item List -Suppliers/Customers; Aging List -Suppliers/Customers; Forecast List -Suppliers/Customers; Payment Statistics -Suppliers/Customers.",sap/byd/odata/ana_businessanalytics_analytics.svc/RPFINDUEU04_QICP0008QueryResults
ana_businessanalytics_analytics.svc,RPFINDUEU04_QICP0012QueryResults,FINDUEU04,Trade Receivables Payables Register,"Provides information about the document amount, the payment amount, and cash discounts of the trade receivables and payables resulting from the business transactions of a company. Aggregates information from the following Data Sources: AP/AR Details, Dunning Items, Reset Clearing Adjustment amount. This data source forms the basis for the following key reports: Open Item List - Suppliers/Customers; Details Item List -Suppliers/Customers; Aging List -Suppliers/Customers; Forecast List -Suppliers/Customers; Payment Statistics -Suppliers/Customers.",sap/byd/odata/ana_businessanalytics_analytics.svc/RPFINDUEU04_QICP0012QueryResults
ana_businessanalytics_analytics.svc,RPFINDUEU05_Q0001QueryResults,FINDUEU05,Dunning History By Documents,"Provides a detailed dunning history of all overdue payment items. This information is provided at the document level, showing the number of times dunned and the dates the overdue payment was dunned. It also provides information pertaining to dunning fees incurred. Aggregates information from the following Data Sources: Dunning Header Details, Dunning Items. This data source forms the basis for the following key  report: Dunning History By Documents.",sap/byd/odata/ana_businessanalytics_analytics.svc/RPFINDUEU05_Q0001QueryResults
ana_businessanalytics_analytics.svc,RPFINDUEU09_Q0001QueryResults,FINDUEU09,FINDUEU09,,sap/byd/odata/ana_businessanalytics_analytics.svc/RPFINDUEU09_Q0001QueryResults
ana_businessanalytics_analytics.svc,RPFINDUEU10_Q0001QueryResults,FINDUEU10,,,sap/byd/odata/ana_businessanalytics_analytics.svc/RPFINDUEU10_Q0001QueryResults
ana_businessanalytics_analytics.svc,RPFINENCU01_Q0001QueryResults,FINENCU01,Encumbrance - Line Items,Shows all Encumbrance Lines.,sap/byd/odata/ana_businessanalytics_analytics.svc/RPFINENCU01_Q0001QueryResults
ana_businessanalytics_analytics.svc,RPFINERMU01_Q0001QueryResults,FINERMU01,Expense and Reimbursement Details,"Provides detailed information about expenses and reimbursement rates. Shows the expense amounts, net expense amounts, and VAT amounts, as well as the reimbursement amounts and prepaid amounts. 

Aggregates information from the following Data Sources: Expense Report Information; Expenses and Expense Amounts; Reimbursement Rates. 

This data source forms the basis for the following key reports: Expense Reports - Expenses and Reimbursements; Expense Reports - Input VAT Refund.",sap/byd/odata/ana_businessanalytics_analytics.svc/RPFINERMU01_Q0001QueryResults
ana_businessanalytics_analytics.svc,RPFINERMU01_Q0001_IT1QueryResults,FINERMU01,Expense and Reimbursement Details,"Provides detailed information about expenses and reimbursement rates. Shows the expense amounts, net expense amounts, and VAT amounts, as well as the reimbursement amounts and prepaid amounts. 

Aggregates information from the following Data Sources: Expense Report Information; Expenses and Expense Amounts; Reimbursement Rates. 

This data source forms the basis for the following key reports: Expense Reports - Expenses and Reimbursements; Expense Reports - Input VAT Refund.",sap/byd/odata/ana_businessanalytics_analytics.svc/RPFINERMU01_Q0001_IT1QueryResults
ana_businessanalytics_analytics.svc,RPFINERMU01_Q0002QueryResults,FINERMU01,Expense and Reimbursement Details,"Provides detailed information about expenses and reimbursement rates. Shows the expense amounts, net expense amounts, and VAT amounts, as well as the reimbursement amounts and prepaid amounts. 

Aggregates information from the following Data Sources: Expense Report Information; Expenses and Expense Amounts; Reimbursement Rates. 

This data source forms the basis for the following key reports: Expense Reports - Expenses and Reimbursements; Expense Reports - Input VAT Refund.",sap/byd/odata/ana_businessanalytics_analytics.svc/RPFINERMU01_Q0002QueryResults
ana_businessanalytics_analytics.svc,RPFINERMU02_Q0001QueryResults,FINERMU02,Aggregated Tax Details view including Municipality Travel Information in Austria,"Provides detailed information about amounts which are relevant for tax purposes (such as in payroll). Items shown include taxable benefits, amounts taxable at flat rates, income-related expenses, and tax-exempt meals per diems. 

Aggregates information from the following Data Sources:  Expense Report Information; Expenses and Expense Amounts; Reimbursement Rates. 

This data source forms the basis for the following key report: Expense Reports - Taxable and Tax-Exempt Amounts for Payroll.",sap/byd/odata/ana_businessanalytics_analytics.svc/RPFINERMU02_Q0001QueryResults
ana_businessanalytics_analytics.svc,RPFINERMU03_Q0001QueryResults,FINERMU03,Allocated Expenses,"Provides detailed information about the cost assignments of the posted amounts of expense reports. Possible assignments are to cost centers, project tasks, sales orders, and service orders. 

Aggregates information from the following Data Sources: Expenses and Expense Amounts; Reimbursement Rates. 

This data source forms the basis for the following key report: Expense Reports by Cost Object.",sap/byd/odata/ana_businessanalytics_analytics.svc/RPFINERMU03_Q0001QueryResults
ana_businessanalytics_analytics.svc,RPFINERMU04_Q0001QueryResults,FINERMU04,Additional Destination,"Provides detailed information about the additional destinations of an expense report for a business trip. 

Aggregates information from the following Data Sources: Information About Expense Reports and Their Additional Destinations. 

This data source forms the basis for the following key report: Expense Reports - Additional Destination.",sap/byd/odata/ana_businessanalytics_analytics.svc/RPFINERMU04_Q0001QueryResults
ana_businessanalytics_analytics.svc,RPFINERMU05_Q0001QueryResults,FINERMU05,,,sap/byd/odata/ana_businessanalytics_analytics.svc/RPFINERMU05_Q0001QueryResults
ana_businessanalytics_analytics.svc,RPFINFADETU_Q0001QueryResults,FINFADETU,Functional Area Determination,Default Functional Area,sap/byd/odata/ana_businessanalytics_analytics.svc/RPFINFADETU_Q0001QueryResults
ana_businessanalytics_analytics.svc,RPFINFAFSTU_Q0001QueryResults,FINFAFSTU,Missing Scheme Assignments – Functional Area,Missing Scheme Assignments – Functional Area,sap/byd/odata/ana_businessanalytics_analytics.svc/RPFINFAFSTU_Q0001QueryResults
ana_businessanalytics_analytics.svc,RPFINFCDU02_Q0001QueryResults,FINFCDU02,Forecast Document Items,Forecast Document Items,sap/byd/odata/ana_businessanalytics_analytics.svc/RPFINFCDU02_Q0001QueryResults
ana_businessanalytics_analytics.svc,RPFINFXAU01_Q0001QueryResults,FINFXAU01,Fixed Assets Values,"Provides data for period-based balances and totals for fixed assets aggregated by combinations of line item type and fixed asset movement category. The values displayed are based on accumulated acquisition costs at the beginning of the fiscal year, acquisition costs of the current fiscal year, or net book values for all sets of books and valuation views. 

Aggregates information from the following Data Sources: Fixed assets period-based totals and balances aggregated by line item type and movement category. 

This data source forms the basis for the following key reports: Schedule of Fixed Assets; Depreciation.",sap/byd/odata/ana_businessanalytics_analytics.svc/RPFINFXAU01_Q0001QueryResults
ana_businessanalytics_analytics.svc,RPFINFXAU01_Q0002QueryResults,FINFXAU01,Fixed Assets Values,"Provides data for period-based balances and totals for fixed assets aggregated by combinations of line item type and fixed asset movement category. The values displayed are based on accumulated acquisition costs at the beginning of the fiscal year, acquisition costs of the current fiscal year, or net book values for all sets of books and valuation views. 

Aggregates information from the following Data Sources: Fixed assets period-based totals and balances aggregated by line item type and movement category. 

This data source forms the basis for the following key reports: Schedule of Fixed Assets; Depreciation.",sap/byd/odata/ana_businessanalytics_analytics.svc/RPFINFXAU01_Q0002QueryResults
ana_businessanalytics_analytics.svc,RPFINFXAU01_Q0003QueryResults,FINFXAU01,Fixed Assets Values,"Provides data for period-based balances and totals for fixed assets aggregated by combinations of line item type and fixed asset movement category. The values displayed are based on accumulated acquisition costs at the beginning of the fiscal year, acquisition costs of the current fiscal year, or net book values for all sets of books and valuation views. 

Aggregates information from the following Data Sources: Fixed assets period-based totals and balances aggregated by line item type and movement category. 

This data source forms the basis for the following key reports: Schedule of Fixed Assets; Depreciation.",sap/byd/odata/ana_businessanalytics_analytics.svc/RPFINFXAU01_Q0003QueryResults
ana_businessanalytics_analytics.svc,RPFINFXAU01_Q0004QueryResults,FINFXAU01,Fixed Assets Values,"Provides data for period-based balances and totals for fixed assets aggregated by combinations of line item type and fixed asset movement category. The values displayed are based on accumulated acquisition costs at the beginning of the fiscal year, acquisition costs of the current fiscal year, or net book values for all sets of books and valuation views. 

Aggregates information from the following Data Sources: Fixed assets period-based totals and balances aggregated by line item type and movement category. 

This data source forms the basis for the following key reports: Schedule of Fixed Assets; Depreciation.",sap/byd/odata/ana_businessanalytics_analytics.svc/RPFINFXAU01_Q0004QueryResults
ana_businessanalytics_analytics.svc,RPFINFXAU01_QICP0001QueryResults,FINFXAU01,Fixed Assets Values,"Provides data for period-based balances and totals for fixed assets aggregated by combinations of line item type and fixed asset movement category. The values displayed are based on accumulated acquisition costs at the beginning of the fiscal year, acquisition costs of the current fiscal year, or net book values for all sets of books and valuation views. 

Aggregates information from the following Data Sources: Fixed assets period-based totals and balances aggregated by line item type and movement category. 

This data source forms the basis for the following key reports: Schedule of Fixed Assets; Depreciation.",sap/byd/odata/ana_businessanalytics_analytics.svc/RPFINFXAU01_QICP0001QueryResults
ana_businessanalytics_analytics.svc,RPFINFXAU02_Q0001QueryResults,FINFXAU02,Fixed Assets and Individual Materials Values,"Provides transactional data for individual materials and their assigned fixed assets. Data for acquisitions, retirements, and individual material transfers is aggregated into period-based balances and totals for each set of books and valuation view. 

Aggregates information from the following Data Sources: Periodically-calculated fixed asset value totals and balances, Periodically-calculated individual material totals and balances. 

This data source forms the basis for the following key report: Fixed Assets - Inventory List.",sap/byd/odata/ana_businessanalytics_analytics.svc/RPFINFXAU02_Q0001QueryResults
ana_businessanalytics_analytics.svc,RPFINFXAU03_Q0001QueryResults,FINFXAU03,Fixed Assets Line Items,"Provides data for the line items of your fixed assets for each set of books and valuation view including fixed asset-specific line item data and, depending on the valuation view, G/L journal entry information. 

Aggregates information from the following Data Source: Fixed Assets Line Items. 

This data source forms the basis for the following key report: Fixed Assets - Line Items.",sap/byd/odata/ana_businessanalytics_analytics.svc/RPFINFXAU03_Q0001QueryResults
ana_businessanalytics_analytics.svc,RPFINFXAU04_Q0001QueryResults,FINFXAU04,Fixed Assets Master Data,"Provides all fixed asset master data information such as the following: fixed asset class, time-dependent organizational assignments to cost centers, profit centers and segments, life cycle data such as initial acquisition date or capitalization date, valuation parameters such as depreciation methods or useful life, and information about assigned individual materials. 

Aggregates information from the following Data Sources: Fixed Assets Master Data. 

This data source forms the basis for the following key report: Fixed Assets - Master Data",sap/byd/odata/ana_businessanalytics_analytics.svc/RPFINFXAU04_Q0001QueryResults
ana_businessanalytics_analytics.svc,RPFINFXAU05_Q0001QueryResults,FINFXAU05,Fixed Assets Account Balances,"Provides data for the balances and totals of your fixed asset accounts in company currency. The account movements are shown using the closing balance and current totals in the selected fiscal periods. 

Aggregates information from the following Data Sources: Fixed assets period-based totals and balances aggregated by line item type, G/L account, posted profit center and posted segment, and G/L-relevant information. 

This data source forms the basis for the following key report: Fixed Assets - Trial Balance.",sap/byd/odata/ana_businessanalytics_analytics.svc/RPFINFXAU05_Q0001QueryResults
ana_businessanalytics_analytics.svc,RPFINGLAMMCU01_MMCQ0001QueryResults,,,,sap/byd/odata/ana_businessanalytics_analytics.svc/RPFINGLAMMCU01_MMCQ0001QueryResults
ana_businessanalytics_analytics.svc,RPFINGLAU01_Q0001QueryResults,FINGLAU01,G/L Account Period Totals / Balances,"Provides data for the balances and totals of your individual G/L accounts and G/L account types in company currency and line item currency. The account movements are shown using the opening balance, the credit and debit, and the closing balance in the selected fiscal periods. Aggregates information from the following Data Sources: Business Configuration (Chart of Accounts); General Ledger (General Ledger Account Totals and Balances). This data source forms the basis for the following key reports: Trial Balance; Trial Balance - Two Years; Balances on Favorite Accounts; Schedule of Changes; Balance Audit Trail.",sap/byd/odata/ana_businessanalytics_analytics.svc/RPFINGLAU01_Q0001QueryResults
ana_businessanalytics_analytics.svc,RPFINGLAU01_Q0002QueryResults,FINGLAU01,G/L Account Period Totals / Balances,"Provides data for the balances and totals of your individual G/L accounts and G/L account types in company currency and line item currency. The account movements are shown using the opening balance, the credit and debit, and the closing balance in the selected fiscal periods. Aggregates information from the following Data Sources: Business Configuration (Chart of Accounts); General Ledger (General Ledger Account Totals and Balances). This data source forms the basis for the following key reports: Trial Balance; Trial Balance - Two Years; Balances on Favorite Accounts; Schedule of Changes; Balance Audit Trail.",sap/byd/odata/ana_businessanalytics_analytics.svc/RPFINGLAU01_Q0002QueryResults
ana_businessanalytics_analytics.svc,RPFINGLAU01_Q0003QueryResults,FINGLAU01,G/L Account Period Totals / Balances,"Provides data for the balances and totals of your individual G/L accounts and G/L account types in company currency and line item currency. The account movements are shown using the opening balance, the credit and debit, and the closing balance in the selected fiscal periods. Aggregates information from the following Data Sources: Business Configuration (Chart of Accounts); General Ledger (General Ledger Account Totals and Balances). This data source forms the basis for the following key reports: Trial Balance; Trial Balance - Two Years; Balances on Favorite Accounts; Schedule of Changes; Balance Audit Trail.",sap/byd/odata/ana_businessanalytics_analytics.svc/RPFINGLAU01_Q0003QueryResults
ana_businessanalytics_analytics.svc,RPFINGLAU01_Q0004QueryResults,FINGLAU01,G/L Account Period Totals / Balances,"Provides data for the balances and totals of your individual G/L accounts and G/L account types in company currency and line item currency. The account movements are shown using the opening balance, the credit and debit, and the closing balance in the selected fiscal periods. Aggregates information from the following Data Sources: Business Configuration (Chart of Accounts); General Ledger (General Ledger Account Totals and Balances). This data source forms the basis for the following key reports: Trial Balance; Trial Balance - Two Years; Balances on Favorite Accounts; Schedule of Changes; Balance Audit Trail.",sap/byd/odata/ana_businessanalytics_analytics.svc/RPFINGLAU01_Q0004QueryResults
ana_businessanalytics_analytics.svc,RPFINGLAU02_Q0001QueryResults,FINGLAU02,G/L Account Items,"Provides data for the line items of your G/L accounts. You can also display the line items of an individual G/L account or multiple G/L accounts. From the line items, you can view the relevant journal entries. You can include different details from the relevant document, such as the cost center, clearing date, or document number of the clearing document. Aggregates information from the following Data Sources: General Ledger (Line Items); Journal Entry (Items and Subledger Extensions); Subledgers, Offsetting Information. This data source forms the basis for the following key reports: G/L Accounts - Line Items; G/L Accounts - Open Items; Balance Audit Trail.",sap/byd/odata/ana_businessanalytics_analytics.svc/RPFINGLAU02_Q0001QueryResults
ana_businessanalytics_analytics.svc,RPFINGLAU02_Q0002QueryResults,FINGLAU02,G/L Account Items,"Provides data for the line items of your G/L accounts. You can also display the line items of an individual G/L account or multiple G/L accounts. From the line items, you can view the relevant journal entries. You can include different details from the relevant document, such as the cost center, clearing date, or document number of the clearing document. Aggregates information from the following Data Sources: General Ledger (Line Items); Journal Entry (Items and Subledger Extensions); Subledgers, Offsetting Information. This data source forms the basis for the following key reports: G/L Accounts - Line Items; G/L Accounts - Open Items; Balance Audit Trail.",sap/byd/odata/ana_businessanalytics_analytics.svc/RPFINGLAU02_Q0002QueryResults
ana_businessanalytics_analytics.svc,RPFINGLAU02_Q0003QueryResults,FINGLAU02,G/L Account Items,"Provides data for the line items of your G/L accounts. You can also display the line items of an individual G/L account or multiple G/L accounts. From the line items, you can view the relevant journal entries. You can include different details from the relevant document, such as the cost center, clearing date, or document number of the clearing document. Aggregates information from the following Data Sources: General Ledger (Line Items); Journal Entry (Items and Subledger Extensions); Subledgers, Offsetting Information. This data source forms the basis for the following key reports: G/L Accounts - Line Items; G/L Accounts - Open Items; Balance Audit Trail.",sap/byd/odata/ana_businessanalytics_analytics.svc/RPFINGLAU02_Q0003QueryResults
ana_businessanalytics_analytics.svc,RPFINGLAU03_Q0001QueryResults,FINGLAU03,Journal Entries,"Provides data for the journal entries that were posted to G/L accounts. The journal entries are recorded in chronological order by document number, document type, and posting date. For each journal entry, the individual line items are also displayed with the accounts to which the entry was posted and the amount in company currency and line item currency. Aggregates information from the following Data Sources: Journal Entry (Items and Subledger Extensions); Subledgers; Offsetting Information. This data source forms the basis for the following key reports: Journal; Journal - Print Layout.",sap/byd/odata/ana_businessanalytics_analytics.svc/RPFINGLAU03_Q0001QueryResults
ana_businessanalytics_analytics.svc,RPFINGLAU04_Q0001QueryResults,FINGLAU04,Financial Statements,"Provides data for the hierarchical display of G/L account balances in company currency based on different reporting structures: balance sheets, profit and loss statements, and cash flow statements. You can choose to analyze data for different fiscal year and accounting period combinations and also compare data for two different fiscal years. Three different types of balance sheet calculations are provided: cumulative, changes in current period and cumulative balance sheet, changes for income statement. Aggregates information from the following Data Sources: Business Configuration (Chart of Accounts, Reporting Structures); General Ledger (General Ledger Account Totals and Balances). This data source forms the basis for the following key reports: Financial Statements; Financial Statements - Two Years; Financial Statements - Print Layout.",sap/byd/odata/ana_businessanalytics_analytics.svc/RPFINGLAU04_Q0001QueryResults
ana_businessanalytics_analytics.svc,RPFINGLAU04_Q0002QueryResults,FINGLAU04,Financial Statements,"Provides data for the hierarchical display of G/L account balances in company currency based on different reporting structures: balance sheets, profit and loss statements, and cash flow statements. You can choose to analyze data for different fiscal year and accounting period combinations and also compare data for two different fiscal years. Three different types of balance sheet calculations are provided: cumulative, changes in current period and cumulative balance sheet, changes for income statement. Aggregates information from the following Data Sources: Business Configuration (Chart of Accounts, Reporting Structures); General Ledger (General Ledger Account Totals and Balances). This data source forms the basis for the following key reports: Financial Statements; Financial Statements - Two Years; Financial Statements - Print Layout.",sap/byd/odata/ana_businessanalytics_analytics.svc/RPFINGLAU04_Q0002QueryResults
ana_businessanalytics_analytics.svc,RPFINGLAU04_Q0004QueryResults,FINGLAU04,Financial Statements,"Provides data for the hierarchical display of G/L account balances in company currency based on different reporting structures: balance sheets, profit and loss statements, and cash flow statements. You can choose to analyze data for different fiscal year and accounting period combinations and also compare data for two different fiscal years. Three different types of balance sheet calculations are provided: cumulative, changes in current period and cumulative balance sheet, changes for income statement. Aggregates information from the following Data Sources: Business Configuration (Chart of Accounts, Reporting Structures); General Ledger (General Ledger Account Totals and Balances). This data source forms the basis for the following key reports: Financial Statements; Financial Statements - Two Years; Financial Statements - Print Layout.",sap/byd/odata/ana_businessanalytics_analytics.svc/RPFINGLAU04_Q0004QueryResults
ana_businessanalytics_analytics.svc,RPFINGLAU04_Q0005QueryResults,FINGLAU04,Financial Statements,"Provides data for the hierarchical display of G/L account balances in company currency based on different reporting structures: balance sheets, profit and loss statements, and cash flow statements. You can choose to analyze data for different fiscal year and accounting period combinations and also compare data for two different fiscal years. Three different types of balance sheet calculations are provided: cumulative, changes in current period and cumulative balance sheet, changes for income statement. Aggregates information from the following Data Sources: Business Configuration (Chart of Accounts, Reporting Structures); General Ledger (General Ledger Account Totals and Balances). This data source forms the basis for the following key reports: Financial Statements; Financial Statements - Two Years; Financial Statements - Print Layout.",sap/byd/odata/ana_businessanalytics_analytics.svc/RPFINGLAU04_Q0005QueryResults
ana_businessanalytics_analytics.svc,RPFINGLAU04_Q0006QueryResults,FINGLAU04,Financial Statements,"Provides data for the hierarchical display of G/L account balances in company currency based on different reporting structures: balance sheets, profit and loss statements, and cash flow statements. You can choose to analyze data for different fiscal year and accounting period combinations and also compare data for two different fiscal years. Three different types of balance sheet calculations are provided: cumulative, changes in current period and cumulative balance sheet, changes for income statement. Aggregates information from the following Data Sources: Business Configuration (Chart of Accounts, Reporting Structures); General Ledger (General Ledger Account Totals and Balances). This data source forms the basis for the following key reports: Financial Statements; Financial Statements - Two Years; Financial Statements - Print Layout.",sap/byd/odata/ana_businessanalytics_analytics.svc/RPFINGLAU04_Q0006QueryResults
ana_businessanalytics_analytics.svc,RPFINGLAU04_Q0007QueryResults,FINGLAU04,Financial Statements,"Provides data for the hierarchical display of G/L account balances in company currency based on different reporting structures: balance sheets, profit and loss statements, and cash flow statements. You can choose to analyze data for different fiscal year and accounting period combinations and also compare data for two different fiscal years. Three different types of balance sheet calculations are provided: cumulative, changes in current period and cumulative balance sheet, changes for income statement. Aggregates information from the following Data Sources: Business Configuration (Chart of Accounts, Reporting Structures); General Ledger (General Ledger Account Totals and Balances). This data source forms the basis for the following key reports: Financial Statements; Financial Statements - Two Years; Financial Statements - Print Layout.",sap/byd/odata/ana_businessanalytics_analytics.svc/RPFINGLAU04_Q0007QueryResults
ana_businessanalytics_analytics.svc,RPFINGLAU06_Q0001QueryResults,FINGLAU06,,,sap/byd/odata/ana_businessanalytics_analytics.svc/RPFINGLAU06_Q0001QueryResults
ana_businessanalytics_analytics.svc,RPFINGLAU07_Q0001QueryResults,FINGLAU07,ARP Ledger Account Balances,"Provides data for the balances and totals of your individual accounts receivables and payables in company currency and line item currency. The account movements are shown using the opening balance, the credit and debit, and the closing balance in the selected fiscal periods. Aggregates information from the following Data Sources: Receivables and Payables (Totals and Balances). This data source forms the basis for the following key reports: Accounts Receivable - Trial Balance, Accounts Payable - Trial Balance.",sap/byd/odata/ana_businessanalytics_analytics.svc/RPFINGLAU07_Q0001QueryResults
ana_businessanalytics_analytics.svc,RPFINGLAU07_Q0002QueryResults,FINGLAU07,ARP Ledger Account Balances,"Provides data for the balances and totals of your individual accounts receivables and payables in company currency and line item currency. The account movements are shown using the opening balance, the credit and debit, and the closing balance in the selected fiscal periods. Aggregates information from the following Data Sources: Receivables and Payables (Totals and Balances). This data source forms the basis for the following key reports: Accounts Receivable - Trial Balance, Accounts Payable - Trial Balance.",sap/byd/odata/ana_businessanalytics_analytics.svc/RPFINGLAU07_Q0002QueryResults
ana_businessanalytics_analytics.svc,RPFINGLAU08_Q0001QueryResults,FINGLAU08,ARP Ledger Account Line Items,"Provides data for the line items of your accounts receivable and accounts payable accounts in company currency, transaction currency, and line item currency. For each line item, the posting date, document type, and document number are shown. Aggregates information from the following Data Sources: Accounts Receivable and Accounts Payable Line Items, Offsetting Information. This data source forms the basis for the following key reports: Accounts Receivable - Line Items; Accounts Payable - Line Items; Accounts Receivable - Open Items; Accounts Payable - Open Items; Accounts Receivable – Balance Audit Trail; Accounts Payable - Balance Audit Trail.",sap/byd/odata/ana_businessanalytics_analytics.svc/RPFINGLAU08_Q0001QueryResults
ana_businessanalytics_analytics.svc,RPFINGLAU08_Q0002QueryResults,FINGLAU08,ARP Ledger Account Line Items,"Provides data for the line items of your accounts receivable and accounts payable accounts in company currency, transaction currency, and line item currency. For each line item, the posting date, document type, and document number are shown. Aggregates information from the following Data Sources: Accounts Receivable and Accounts Payable Line Items, Offsetting Information. This data source forms the basis for the following key reports: Accounts Receivable - Line Items; Accounts Payable - Line Items; Accounts Receivable - Open Items; Accounts Payable - Open Items; Accounts Receivable – Balance Audit Trail; Accounts Payable - Balance Audit Trail.",sap/byd/odata/ana_businessanalytics_analytics.svc/RPFINGLAU08_Q0002QueryResults
ana_businessanalytics_analytics.svc,RPFINGLAU08_Q0003QueryResults,FINGLAU08,ARP Ledger Account Line Items,"Provides data for the line items of your accounts receivable and accounts payable accounts in company currency, transaction currency, and line item currency. For each line item, the posting date, document type, and document number are shown. Aggregates information from the following Data Sources: Accounts Receivable and Accounts Payable Line Items, Offsetting Information. This data source forms the basis for the following key reports: Accounts Receivable - Line Items; Accounts Payable - Line Items; Accounts Receivable - Open Items; Accounts Payable - Open Items; Accounts Receivable – Balance Audit Trail; Accounts Payable - Balance Audit Trail.",sap/byd/odata/ana_businessanalytics_analytics.svc/RPFINGLAU08_Q0003QueryResults
ana_businessanalytics_analytics.svc,RPFINGLAU08_Q0004QueryResults,FINGLAU08,ARP Ledger Account Line Items,"Provides data for the line items of your accounts receivable and accounts payable accounts in company currency, transaction currency, and line item currency. For each line item, the posting date, document type, and document number are shown. Aggregates information from the following Data Sources: Accounts Receivable and Accounts Payable Line Items, Offsetting Information. This data source forms the basis for the following key reports: Accounts Receivable - Line Items; Accounts Payable - Line Items; Accounts Receivable - Open Items; Accounts Payable - Open Items; Accounts Receivable – Balance Audit Trail; Accounts Payable - Balance Audit Trail.",sap/byd/odata/ana_businessanalytics_analytics.svc/RPFINGLAU08_Q0004QueryResults
ana_businessanalytics_analytics.svc,RPFINGLAU09_Q0001QueryResults,FINGLAU09,Cash Ledger Account Balances,"Provides data for the balances and totals of your individual cash ledger accounts in company currency and line item currency. The account movements are shown using the opening balance, the credit and debit, and the closing balance in the selected fiscal periods. Aggregates information from the following Data Source: Cash Ledger Account (Totals and Balances). This data source forms the basis for the following key reports: Cash - Trial Balance; Cash  - Balance Audit Trail.",sap/byd/odata/ana_businessanalytics_analytics.svc/RPFINGLAU09_Q0001QueryResults
ana_businessanalytics_analytics.svc,RPFINGLAU10_Q0001QueryResults,FINGLAU10,Cash Ledger Account Line Items,"Provides data for the balances and line items of your individual G/L accounts and G/L account types in company currency and line item currency. For the individual line items for G/L accounts, you can include additional details such as the cost center. The balance audit trail shows the balance at the start of a specific period and the way in which the balance of the account changed by the end of the period. Aggregates information from the following Data Sources: General Ledger Account Line Items; General Ledger Account Totals and Balances; Offsetting Information. This data source forms the basis for the following key report: Balance Audit Trail.",sap/byd/odata/ana_businessanalytics_analytics.svc/RPFINGLAU10_Q0001QueryResults
ana_businessanalytics_analytics.svc,RPFINGLAU10_Q0002QueryResults,FINGLAU10,Cash Ledger Account Line Items,"Provides data for the balances and line items of your individual G/L accounts and G/L account types in company currency and line item currency. For the individual line items for G/L accounts, you can include additional details such as the cost center. The balance audit trail shows the balance at the start of a specific period and the way in which the balance of the account changed by the end of the period. Aggregates information from the following Data Sources: General Ledger Account Line Items; General Ledger Account Totals and Balances; Offsetting Information. This data source forms the basis for the following key report: Balance Audit Trail.",sap/byd/odata/ana_businessanalytics_analytics.svc/RPFINGLAU10_Q0002QueryResults
ana_businessanalytics_analytics.svc,RPFINGLAU11_Q0001QueryResults,FINGLAU11,G/L Balance Audit Trail,"Provides data for the balances and line items of your individual G/L accounts and G/L account types in company currency and line item currency. For the individual line items for G/L accounts, you can include additional details such as the cost center. 
The balance audit trail shows the balance at the start of a specific period and the way in which the balance of the account changed by the end of the period. Aggregates information from the following Data Sources: General Ledger Account Line Items; General Ledger Account Totals and Balances; Offsetting Information. This data source forms the basis for the following key report: Balance Audit Trail.",sap/byd/odata/ana_businessanalytics_analytics.svc/RPFINGLAU11_Q0001QueryResults
ana_businessanalytics_analytics.svc,RPFINGLAU12_Q0001QueryResults,FINGLAU12,ARP Balance Audit Trail,"Provides data for the balances and line items of your individual accounts receivable and accounts payable accounts in company currency and line item currency. For the individual line items for accounts receivable and accounts payable, you can include additional details such as the cost center. The balance audit trail shows the balance at the start of a specific period and the way in which the balance of the account changed by the end of the period. Aggregates information from the following Data Sources: Accounts Receivables / Accounts Payables Ledger Account Line Items; Accounts Receivables / Accounts Payables Ledger Account Totals and Balances; Offsetting Information. This data source forms the basis for the following key reports: Accounts Receivable Balance Audit Trail; Accounts Payable Balance Audit Trail.",sap/byd/odata/ana_businessanalytics_analytics.svc/RPFINGLAU12_Q0001QueryResults
ana_businessanalytics_analytics.svc,RPFINGLAU12_Q0002QueryResults,FINGLAU12,ARP Balance Audit Trail,"Provides data for the balances and line items of your individual accounts receivable and accounts payable accounts in company currency and line item currency. For the individual line items for accounts receivable and accounts payable, you can include additional details such as the cost center. The balance audit trail shows the balance at the start of a specific period and the way in which the balance of the account changed by the end of the period. Aggregates information from the following Data Sources: Accounts Receivables / Accounts Payables Ledger Account Line Items; Accounts Receivables / Accounts Payables Ledger Account Totals and Balances; Offsetting Information. This data source forms the basis for the following key reports: Accounts Receivable Balance Audit Trail; Accounts Payable Balance Audit Trail.",sap/byd/odata/ana_businessanalytics_analytics.svc/RPFINGLAU12_Q0002QueryResults
ana_businessanalytics_analytics.svc,RPFINGLAU13_Q0001QueryResults,FINGLAU13,Cash Balance Audit Trail,"Provides data for the balances and line items of your individual cash ledger accounts  in company currency and line item currency. For the individual line items for  cash ledger accounts, you can include additional details such as the profit center. The balance audit trail shows the balance at the start of a specific period and the way in which the balance of the account changed by the end of the period. Aggregates information from the following Data Sources: Cash Ledger Account Line Items; Cash Ledger Account Totals and Balances; Offsetting Information. This data source forms the basis for the following key report: Cash Ledger Account Balance Audit Trail.",sap/byd/odata/ana_businessanalytics_analytics.svc/RPFINGLAU13_Q0001QueryResults
ana_businessanalytics_analytics.svc,RPFINGLAU15_Q0001QueryResults,FINGLAU15,Recurring Journal Entries,"Provides data for recurring journal entry vouchers existing in the system. Data about total recurring amount of recurring journal entry voucher as well as individual recurring amounts of related journal entry vouchers are provided along with further details about the items of individual journal entry vouchers , such as , G/L Account, posting status, partner information, etc.",sap/byd/odata/ana_businessanalytics_analytics.svc/RPFINGLAU15_Q0001QueryResults
ana_businessanalytics_analytics.svc,RPFINGLAU17_Q0001QueryResults,FINGLAU17,G/L Account Master Data,"Provides data for general ledger master data attributes and also for hierarchical display of general ledger account assignments based on different reporting structures: balance sheet, income statements, cash flow statements. Aggregates information from the following Data Sources: Business Configuration (Chart of Accounts); General Ledger (General Ledger Account Totals and Balances). This data source forms the basis for the following key report: Financial Reporting Structure for G/L Accounts.",sap/byd/odata/ana_businessanalytics_analytics.svc/RPFINGLAU17_Q0001QueryResults
ana_businessanalytics_analytics.svc,RPFINGLAU25_Q0008QueryResults,FINGLAU25,Financial Statements - Plan/Actual/Forecast,"Provides details about the balance sheet, income statement and cash flow statement for a fiscal year. Aggregates information from data sources for actual, plan and forecast values.",sap/byd/odata/ana_businessanalytics_analytics.svc/RPFINGLAU25_Q0008QueryResults
ana_businessanalytics_analytics.svc,RPFINGLAU25_Q0010QueryResults,FINGLAU25,Financial Statements - Plan/Actual/Forecast,"Provides details about the balance sheet, income statement and cash flow statement for a fiscal year. Aggregates information from data sources for actual, plan and forecast values.",sap/byd/odata/ana_businessanalytics_analytics.svc/RPFINGLAU25_Q0010QueryResults
ana_businessanalytics_analytics.svc,RPFINGLAU25_Q0011QueryResults,FINGLAU25,Financial Statements - Plan/Actual/Forecast,"Provides details about the balance sheet, income statement and cash flow statement for a fiscal year. Aggregates information from data sources for actual, plan and forecast values.",sap/byd/odata/ana_businessanalytics_analytics.svc/RPFINGLAU25_Q0011QueryResults
ana_businessanalytics_analytics.svc,RPFINGLAU25_Q0012QueryResults,FINGLAU25,Financial Statements - Plan/Actual/Forecast,"Provides details about the balance sheet, income statement and cash flow statement for a fiscal year. Aggregates information from data sources for actual, plan and forecast values.",sap/byd/odata/ana_businessanalytics_analytics.svc/RPFINGLAU25_Q0012QueryResults
ana_businessanalytics_analytics.svc,RPFINGLAU29_Q0001QueryResults,FINGLAU29,Accounting And Trade Receivables Payables Register,,sap/byd/odata/ana_businessanalytics_analytics.svc/RPFINGLAU29_Q0001QueryResults
ana_businessanalytics_analytics.svc,RPFININVU01_Q0001QueryResults,FININVU01,Material Ledger Account Line Items,"Provides data that is used in reports for viewing detailed information on the line items posted to the material ledger account. Aggregates information from the following Data Sources: Material Ledger Account (Line Item, Offset Accounts); Material Valuation Data. This data source forms the basis for the following key report: Material Inventories - Line Items Report.",sap/byd/odata/ana_businessanalytics_analytics.svc/RPFININVU01_Q0001QueryResults
ana_businessanalytics_analytics.svc,RPFININVU02_Q0001QueryResults,FININVU02,Production Ledger Account Line Items,"Provides line item data used in reports for viewing detailed information on the WIP postings in the production ledger account. Aggregates information from the following Data Sources: Production Ledger Account (Line Item, Offset Accounts); Financial Accounting View of Production Document (Item). This data source forms the basis for the following key reports: Production Lot - Line Items; Production Variances; Production Information for Income Statement by Nature of Expense.",sap/byd/odata/ana_businessanalytics_analytics.svc/RPFININVU02_Q0001QueryResults
ana_businessanalytics_analytics.svc,RPFININVU02_Q0002QueryResults,FININVU02,Production Ledger Account Line Items,"Provides line item data used in reports for viewing detailed information on the WIP postings in the production ledger account. Aggregates information from the following Data Sources: Production Ledger Account (Line Item, Offset Accounts); Financial Accounting View of Production Document (Item). This data source forms the basis for the following key reports: Production Lot - Line Items; Production Variances; Production Information for Income Statement by Nature of Expense.",sap/byd/odata/ana_businessanalytics_analytics.svc/RPFININVU02_Q0002QueryResults
ana_businessanalytics_analytics.svc,RPFININVU02_Q0003QueryResults,FININVU02,Production Ledger Account Line Items,"Provides line item data used in reports for viewing detailed information on the WIP postings in the production ledger account. Aggregates information from the following Data Sources: Production Ledger Account (Line Item, Offset Accounts); Financial Accounting View of Production Document (Item). This data source forms the basis for the following key reports: Production Lot - Line Items; Production Variances; Production Information for Income Statement by Nature of Expense.",sap/byd/odata/ana_businessanalytics_analytics.svc/RPFININVU02_Q0003QueryResults
ana_businessanalytics_analytics.svc,RPFININVU03_Q0001QueryResults,FININVU03,Purchase Ledger Account Line Items,"Provides line item information on postings to the goods receipt/invoice receipt clearing accounts (Unbilled Payables and Purchase in Transit). Aggregates information from the following Data Sources: Purchase Ledger Account (Clearing, Line Item, Offset Accounts); Financial Accounting View of Purchasing Document (Item). This data source forms the basis for the following key report: GR/IR Inventories - Balance Summary.",sap/byd/odata/ana_businessanalytics_analytics.svc/RPFININVU03_Q0001QueryResults
ana_businessanalytics_analytics.svc,RPFININVU03_Q0002QueryResults,FININVU03,Purchase Ledger Account Line Items,"Provides line item information on postings to the goods receipt/invoice receipt clearing accounts (Unbilled Payables and Purchase in Transit). Aggregates information from the following Data Sources: Purchase Ledger Account (Clearing, Line Item, Offset Accounts); Financial Accounting View of Purchasing Document (Item). This data source forms the basis for the following key report: GR/IR Inventories - Balance Summary.",sap/byd/odata/ana_businessanalytics_analytics.svc/RPFININVU03_Q0002QueryResults
ana_businessanalytics_analytics.svc,RPFININVU03_Q0003QueryResults,FININVU03,Purchase Ledger Account Line Items,"Provides line item information on postings to the goods receipt/invoice receipt clearing accounts (Unbilled Payables and Purchase in Transit). Aggregates information from the following Data Sources: Purchase Ledger Account (Clearing, Line Item, Offset Accounts); Financial Accounting View of Purchasing Document (Item). This data source forms the basis for the following key report: GR/IR Inventories - Balance Summary.",sap/byd/odata/ana_businessanalytics_analytics.svc/RPFININVU03_Q0003QueryResults
ana_businessanalytics_analytics.svc,RPFININVU04_Q0001QueryResults,FININVU04,Material Ledger Account Aggregated,"Provides aggregated information on the quantities and values of material inventories. Aggregates information from the following Data Sources: Material Ledger Account (Line Item, Offset Accounts); Material Valuation Data. This data source forms the basis for the following key reports: Material Inventories - Balance Summary; Material Inventories -  Balance History; Material Inventories -  Rolling Inventory Comparison.",sap/byd/odata/ana_businessanalytics_analytics.svc/RPFININVU04_Q0001QueryResults
ana_businessanalytics_analytics.svc,RPFININVU04_Q0002QueryResults,FININVU04,Material Ledger Account Aggregated,"Provides aggregated information on the quantities and values of material inventories. Aggregates information from the following Data Sources: Material Ledger Account (Line Item, Offset Accounts); Material Valuation Data. This data source forms the basis for the following key reports: Material Inventories - Balance Summary; Material Inventories -  Balance History; Material Inventories -  Rolling Inventory Comparison.",sap/byd/odata/ana_businessanalytics_analytics.svc/RPFININVU04_Q0002QueryResults
ana_businessanalytics_analytics.svc,RPFININVU04_Q0003QueryResults,FININVU04,Material Ledger Account Aggregated,"Provides aggregated information on the quantities and values of material inventories. Aggregates information from the following Data Sources: Material Ledger Account (Line Item, Offset Accounts); Material Valuation Data. This data source forms the basis for the following key reports: Material Inventories - Balance Summary; Material Inventories -  Balance History; Material Inventories -  Rolling Inventory Comparison.",sap/byd/odata/ana_businessanalytics_analytics.svc/RPFININVU04_Q0003QueryResults
ana_businessanalytics_analytics.svc,RPFININVU05_Q0001QueryResults,FININVU05,Production Ledger Account Aggregated Items,"Provides aggregated information on the quantities and values of WIP inventories. Aggregates information from the following Data Sources: Production Ledger Account (Line Item, Offset Accounts); Financial Accounting View of Production Document (Item). This data source forms the basis for the following key reports: WIP Inventories - Balance Summary; WIP Inventories -  Rolling Comparison.",sap/byd/odata/ana_businessanalytics_analytics.svc/RPFININVU05_Q0001QueryResults
ana_businessanalytics_analytics.svc,RPFININVU05_Q0002QueryResults,FININVU05,Production Ledger Account Aggregated Items,"Provides aggregated information on the quantities and values of WIP inventories. Aggregates information from the following Data Sources: Production Ledger Account (Line Item, Offset Accounts); Financial Accounting View of Production Document (Item). This data source forms the basis for the following key reports: WIP Inventories - Balance Summary; WIP Inventories -  Rolling Comparison.",sap/byd/odata/ana_businessanalytics_analytics.svc/RPFININVU05_Q0002QueryResults
ana_businessanalytics_analytics.svc,RPFININVU06_Q0001QueryResults,FININVU06,GRIR Clearing Run Log,"Provides log information on successfully posted items of goods receipt/invoice receipt clearing runs (update runs only). Aggregates information from the following Data Sources: GR/IR Clearing Run (Log, Successfully Calculated Items); Purchase Ledger Account (Clearing). This data source forms the basis for the following key report: Purchase Price Variances.",sap/byd/odata/ana_businessanalytics_analytics.svc/RPFININVU06_Q0001QueryResults
ana_businessanalytics_analytics.svc,RPFININVU07_Q0001QueryResults,FININVU07,Material Valuation Data,"Provides information about material costs in valuated stock for all cost types (valuation cost, standard cost , etc). Aggregates information from the following Data Sources: Material Valuation Data ( Root, Valuation Price ). This data source forms the basis for the following key report: Material Unit Costs Report.",sap/byd/odata/ana_businessanalytics_analytics.svc/RPFININVU07_Q0001QueryResults
ana_businessanalytics_analytics.svc,RPFININVU08_Q0001QueryResults,FININVU08,Material Inventories - Reconciliation,"Provides data used in reports for comparing quantities posted to material inventories in FIN and SCM (reconciliation). Aggregates information from the following Data Sources: Material Ledger Account (Line Item, Offset Accounts); Material Ledger Account Aggregated; SCM Inventory Snapshots; Material Valuation Data (Valuation Price). This data source forms the basis for the following key report: Material Inventories - Reconciliation.",sap/byd/odata/ana_businessanalytics_analytics.svc/RPFININVU08_Q0001QueryResults
ana_businessanalytics_analytics.svc,RPFININVU10_Q0001QueryResults,FININVU10,Material Inventories - Unposted Source Documents,Provides a navigation target for the Material Inventories - Reconciliation report to check whether unposted Source Documents are listed in the General Ledger workcenter that effect the quantity shown in the report.,sap/byd/odata/ana_businessanalytics_analytics.svc/RPFININVU10_Q0001QueryResults
ana_businessanalytics_analytics.svc,RPFININVU12_Q0001QueryResults,FININVU12,Valid Material Cost Components,,sap/byd/odata/ana_businessanalytics_analytics.svc/RPFININVU12_Q0001QueryResults
ana_businessanalytics_analytics.svc,RPFININVU12_Q0002QueryResults,FININVU12,Valid Material Cost Components,,sap/byd/odata/ana_businessanalytics_analytics.svc/RPFININVU12_Q0002QueryResults
ana_businessanalytics_analytics.svc,RPFININVU12_Q0003QueryResults,FININVU12,Valid Material Cost Components,,sap/byd/odata/ana_businessanalytics_analytics.svc/RPFININVU12_Q0003QueryResults
ana_businessanalytics_analytics.svc,RPFININVU14_Q0001QueryResults,FININVU14,Material Ledger Account Aggregated,"Provides aggregated information on the quantities and values of material inventories. Aggregates information from the following Data Sources: Material Ledger Account (Line Item, Offset Accounts); Material Valuation Data. This data source forms the basis for the following key reports: Material Inventories - Balance Summary; Material Inventories -  Balance History; Material Inventories -  Rolling Inventory Comparison.",sap/byd/odata/ana_businessanalytics_analytics.svc/RPFININVU14_Q0001QueryResults
ana_businessanalytics_analytics.svc,RPFININVU14_Q0002QueryResults,FININVU14,Material Ledger Account Aggregated,"Provides aggregated information on the quantities and values of material inventories. Aggregates information from the following Data Sources: Material Ledger Account (Line Item, Offset Accounts); Material Valuation Data. This data source forms the basis for the following key reports: Material Inventories - Balance Summary; Material Inventories -  Balance History; Material Inventories -  Rolling Inventory Comparison.",sap/byd/odata/ana_businessanalytics_analytics.svc/RPFININVU14_Q0002QueryResults
ana_businessanalytics_analytics.svc,RPFININVU15_Q0001QueryResults,FININVU15,Valid Material Actual Cost Components,Valid Material Actual Cost Components,sap/byd/odata/ana_businessanalytics_analytics.svc/RPFININVU15_Q0001QueryResults
ana_businessanalytics_analytics.svc,RPFININVU15_Q0002QueryResults,FININVU15,Valid Material Actual Cost Components,Valid Material Actual Cost Components,sap/byd/odata/ana_businessanalytics_analytics.svc/RPFININVU15_Q0002QueryResults
ana_businessanalytics_analytics.svc,RPFININVU16_Q0001QueryResults,FININVU16,Valid Production Lot Actual Cost,Valid Production Lot Actual Cost,sap/byd/odata/ana_businessanalytics_analytics.svc/RPFININVU16_Q0001QueryResults
ana_businessanalytics_analytics.svc,RPFININVU16_Q0002QueryResults,FININVU16,Valid Production Lot Actual Cost,Valid Production Lot Actual Cost,sap/byd/odata/ana_businessanalytics_analytics.svc/RPFININVU16_Q0002QueryResults
ana_businessanalytics_analytics.svc,RPFININVU17_Q0002QueryResults,FININVU17,Valid Resource Actual Cost Components,Valid Resource Actual Cost Components,sap/byd/odata/ana_businessanalytics_analytics.svc/RPFININVU17_Q0002QueryResults
ana_businessanalytics_analytics.svc,RPFININVU18_Q0001QueryResults,FININVU18,Sales Documents Actual Costing - Cost Breakdown(Item Type),Sales Documents Actual Costing - Cost Breakdown(Item Type),sap/byd/odata/ana_businessanalytics_analytics.svc/RPFININVU18_Q0001QueryResults
ana_businessanalytics_analytics.svc,RPFININVU18_Q0002QueryResults,FININVU18,Sales Documents Actual Costing - Cost Breakdown(Item Type),Sales Documents Actual Costing - Cost Breakdown(Item Type),sap/byd/odata/ana_businessanalytics_analytics.svc/RPFININVU18_Q0002QueryResults
ana_businessanalytics_analytics.svc,RPFININVU19_Q0001QueryResults,FININVU19,Cost Variance,Provides Cost Variance data for production lot .,sap/byd/odata/ana_businessanalytics_analytics.svc/RPFININVU19_Q0001QueryResults
ana_businessanalytics_analytics.svc,RPFININVU20_Q0001QueryResults,FININVU20,,,sap/byd/odata/ana_businessanalytics_analytics.svc/RPFININVU20_Q0001QueryResults
ana_businessanalytics_analytics.svc,RPFINPAYU01_Q0001QueryResults,FINPAYU01,SEPA Mandates,Provides a list of SEPA mandates from the master data. Aggregates information from the following data source: SEPA Mandates Master Data,sap/byd/odata/ana_businessanalytics_analytics.svc/RPFINPAYU01_Q0001QueryResults
ana_businessanalytics_analytics.svc,RPFINPAYU02_Q0001QueryResults,FINPAYU02,Liquidity Forecast,"Provides the details of cash inflows and outflows expected over the medium term in transactional and forecast currency. As a prerequisite, you need to have created a liquidity forecast by scheduling a liquidity forecast run. Aggregates information from the following Data Sources: Due Item Processing (payables, receivables and tax items); Payment Processing (incoming and outgoing payments); Cash Management (forecast planning items). This data source forms the basis for the following key reports: Liquidity Forecast by Payment Method; Liquidity Forecast by Liquidity Level; Key Performance Indicator for Liquidity.",sap/byd/odata/ana_businessanalytics_analytics.svc/RPFINPAYU02_Q0001QueryResults
ana_businessanalytics_analytics.svc,RPFINPAYU02_Q0003QueryResults,FINPAYU02,Liquidity Forecast,"Provides the details of cash inflows and outflows expected over the medium term in transactional and forecast currency. As a prerequisite, you need to have created a liquidity forecast by scheduling a liquidity forecast run. Aggregates information from the following Data Sources: Due Item Processing (payables, receivables and tax items); Payment Processing (incoming and outgoing payments); Cash Management (forecast planning items). This data source forms the basis for the following key reports: Liquidity Forecast by Payment Method; Liquidity Forecast by Liquidity Level; Key Performance Indicator for Liquidity.",sap/byd/odata/ana_businessanalytics_analytics.svc/RPFINPAYU02_Q0003QueryResults
ana_businessanalytics_analytics.svc,RPFINPAYU02_Q0004QueryResults,FINPAYU02,Liquidity Forecast,"Provides the details of cash inflows and outflows expected over the medium term in transactional and forecast currency. As a prerequisite, you need to have created a liquidity forecast by scheduling a liquidity forecast run. Aggregates information from the following Data Sources: Due Item Processing (payables, receivables and tax items); Payment Processing (incoming and outgoing payments); Cash Management (forecast planning items). This data source forms the basis for the following key reports: Liquidity Forecast by Payment Method; Liquidity Forecast by Liquidity Level; Key Performance Indicator for Liquidity.",sap/byd/odata/ana_businessanalytics_analytics.svc/RPFINPAYU02_Q0004QueryResults
ana_businessanalytics_analytics.svc,RPFINPAYU02_Q0005QueryResults,FINPAYU02,Liquidity Forecast,"Provides the details of cash inflows and outflows expected over the medium term in transactional and forecast currency. As a prerequisite, you need to have created a liquidity forecast by scheduling a liquidity forecast run. Aggregates information from the following Data Sources: Due Item Processing (payables, receivables and tax items); Payment Processing (incoming and outgoing payments); Cash Management (forecast planning items). This data source forms the basis for the following key reports: Liquidity Forecast by Payment Method; Liquidity Forecast by Liquidity Level; Key Performance Indicator for Liquidity.",sap/byd/odata/ana_businessanalytics_analytics.svc/RPFINPAYU02_Q0005QueryResults
ana_businessanalytics_analytics.svc,RPFINPAYU02_Q0007QueryResults,FINPAYU02,Liquidity Forecast,"Provides the details of cash inflows and outflows expected over the medium term in transactional and forecast currency. As a prerequisite, you need to have created a liquidity forecast by scheduling a liquidity forecast run. Aggregates information from the following Data Sources: Due Item Processing (payables, receivables and tax items); Payment Processing (incoming and outgoing payments); Cash Management (forecast planning items). This data source forms the basis for the following key reports: Liquidity Forecast by Payment Method; Liquidity Forecast by Liquidity Level; Key Performance Indicator for Liquidity.",sap/byd/odata/ana_businessanalytics_analytics.svc/RPFINPAYU02_Q0007QueryResults
ana_businessanalytics_analytics.svc,RPFINPAYU02_Q0008QueryResults,FINPAYU02,Liquidity Forecast,"Provides the details of cash inflows and outflows expected over the medium term in transactional and forecast currency. As a prerequisite, you need to have created a liquidity forecast by scheduling a liquidity forecast run. Aggregates information from the following Data Sources: Due Item Processing (payables, receivables and tax items); Payment Processing (incoming and outgoing payments); Cash Management (forecast planning items). This data source forms the basis for the following key reports: Liquidity Forecast by Payment Method; Liquidity Forecast by Liquidity Level; Key Performance Indicator for Liquidity.",sap/byd/odata/ana_businessanalytics_analytics.svc/RPFINPAYU02_Q0008QueryResults
ana_businessanalytics_analytics.svc,RPFINPAYU03_Q0001QueryResults,FINPAYU03,Cash Position,"Provides the petty cash balances and the balances and postings for each bank account. The amounts are based on the bank statements plus unconfirmed payments. Aggregates information from the following Data Sources: Due Item Processing (payables, receivables and tax items); Payment Processing (incoming and outgoing payments); Cash Management (forecast planning items). This data source forms the basis for the following key reports: Cash Position by Payment Method; Cash Position by Transaction Source; Cash Position by Transaction Details.",sap/byd/odata/ana_businessanalytics_analytics.svc/RPFINPAYU03_Q0001QueryResults
ana_businessanalytics_analytics.svc,RPFINPAYU03_Q0002QueryResults,FINPAYU03,Cash Position,"Provides the petty cash balances and the balances and postings for each bank account. The amounts are based on the bank statements plus unconfirmed payments. Aggregates information from the following Data Sources: Due Item Processing (payables, receivables and tax items); Payment Processing (incoming and outgoing payments); Cash Management (forecast planning items). This data source forms the basis for the following key reports: Cash Position by Payment Method; Cash Position by Transaction Source; Cash Position by Transaction Details.",sap/byd/odata/ana_businessanalytics_analytics.svc/RPFINPAYU03_Q0002QueryResults
ana_businessanalytics_analytics.svc,RPFINPAYU03_Q0003QueryResults,FINPAYU03,Cash Position,"Provides the petty cash balances and the balances and postings for each bank account. The amounts are based on the bank statements plus unconfirmed payments. Aggregates information from the following Data Sources: Due Item Processing (payables, receivables and tax items); Payment Processing (incoming and outgoing payments); Cash Management (forecast planning items). This data source forms the basis for the following key reports: Cash Position by Payment Method; Cash Position by Transaction Source; Cash Position by Transaction Details.",sap/byd/odata/ana_businessanalytics_analytics.svc/RPFINPAYU03_Q0003QueryResults
ana_businessanalytics_analytics.svc,RPFINPAYU04_Q0001QueryResults,FINPAYU04,,,sap/byd/odata/ana_businessanalytics_analytics.svc/RPFINPAYU04_Q0001QueryResults
ana_businessanalytics_analytics.svc,RPFINPAYU04_Q0002QueryResults,FINPAYU04,,,sap/byd/odata/ana_businessanalytics_analytics.svc/RPFINPAYU04_Q0002QueryResults
ana_businessanalytics_analytics.svc,RPFINPAYU05_Q0001QueryResults,FINPAYU05,Checkbook Register,Shows how each check number of a check lot has been used.,sap/byd/odata/ana_businessanalytics_analytics.svc/RPFINPAYU05_Q0001QueryResults
ana_businessanalytics_analytics.svc,RPFINPAYU07_Q0001QueryResults,FINPAYU07,FINPAYU07,,sap/byd/odata/ana_businessanalytics_analytics.svc/RPFINPAYU07_Q0001QueryResults
ana_businessanalytics_analytics.svc,RPFINPCFSTU_Q0001QueryResults,FINPCFSTU,Missing Scheme Assignments – Price Components,Missing Scheme Assignments – Price Components,sap/byd/odata/ana_businessanalytics_analytics.svc/RPFINPCFSTU_Q0001QueryResults
ana_businessanalytics_analytics.svc,RPFINPRFMMCU40_MMCQ0003QueryResults,,,,sap/byd/odata/ana_businessanalytics_analytics.svc/RPFINPRFMMCU40_MMCQ0003QueryResults
ana_businessanalytics_analytics.svc,RPFINPRFMMCU40_MMCQ0004QueryResults,,,,sap/byd/odata/ana_businessanalytics_analytics.svc/RPFINPRFMMCU40_MMCQ0004QueryResults
ana_businessanalytics_analytics.svc,RPFINPRFU24_Q0001QueryResults,FINPRFU24,Sales Ledger Line Items,"Shows the revenues and the cost of goods manufactured posted to the Sales Ledger Account business object. This also contains the accrual items from sales transactions, together with their offsetting postings. This serves as the data basis for earned profit. Aggregates information from the following Data Source: Profitability: Sales Ledger Line Items.",sap/byd/odata/ana_businessanalytics_analytics.svc/RPFINPRFU24_Q0001QueryResults
ana_businessanalytics_analytics.svc,RPFINPRFU24_Q0002QueryResults,FINPRFU24,Sales Ledger Line Items,"Shows the revenues and the cost of goods manufactured posted to the Sales Ledger Account business object. This also contains the accrual items from sales transactions, together with their offsetting postings. This serves as the data basis for earned profit. Aggregates information from the following Data Source: Profitability: Sales Ledger Line Items.",sap/byd/odata/ana_businessanalytics_analytics.svc/RPFINPRFU24_Q0002QueryResults
ana_businessanalytics_analytics.svc,RPFINPRFU24_Q0004QueryResults,FINPRFU24,Sales Ledger Line Items,"Shows the revenues and the cost of goods manufactured posted to the Sales Ledger Account business object. This also contains the accrual items from sales transactions, together with their offsetting postings. This serves as the data basis for earned profit. Aggregates information from the following Data Source: Profitability: Sales Ledger Line Items.",sap/byd/odata/ana_businessanalytics_analytics.svc/RPFINPRFU24_Q0004QueryResults
ana_businessanalytics_analytics.svc,RPFINPRFU30_Q0001QueryResults,FINPRFU30,Profitability Management,"Provides profit data for analysis by multiple market segments such as all customers in a particular region and customer group. You can choose to analyze profit by detailed attributes such as sales documents, GL accounts, and journal entry IDs. Three methods are supported to calculate the profit, which are based on financial accounting data (for earned profit), or sales documents (for order or invoice profit). Aggregates information from the following Data Sources: Profitability: Order Profit; Profitability: Invoice Profit; Profitability: Earned Profit. This data source forms the basis for the following key reports: Profit Detail by Contribution Margin Scheme; Profit Overview by Key Figure; Key Performance Indicators, and Dashboards based on Profitability.",sap/byd/odata/ana_businessanalytics_analytics.svc/RPFINPRFU30_Q0001QueryResults
ana_businessanalytics_analytics.svc,RPFINPRFU30_Q0002QueryResults,FINPRFU30,Profitability Management,"Provides profit data for analysis by multiple market segments such as all customers in a particular region and customer group. You can choose to analyze profit by detailed attributes such as sales documents, GL accounts, and journal entry IDs. Three methods are supported to calculate the profit, which are based on financial accounting data (for earned profit), or sales documents (for order or invoice profit). Aggregates information from the following Data Sources: Profitability: Order Profit; Profitability: Invoice Profit; Profitability: Earned Profit. This data source forms the basis for the following key reports: Profit Detail by Contribution Margin Scheme; Profit Overview by Key Figure; Key Performance Indicators, and Dashboards based on Profitability.",sap/byd/odata/ana_businessanalytics_analytics.svc/RPFINPRFU30_Q0002QueryResults
ana_businessanalytics_analytics.svc,RPFINPRFU30_Q0003QueryResults,FINPRFU30,Profitability Management,"Provides profit data for analysis by multiple market segments such as all customers in a particular region and customer group. You can choose to analyze profit by detailed attributes such as sales documents, GL accounts, and journal entry IDs. Three methods are supported to calculate the profit, which are based on financial accounting data (for earned profit), or sales documents (for order or invoice profit). Aggregates information from the following Data Sources: Profitability: Order Profit; Profitability: Invoice Profit; Profitability: Earned Profit. This data source forms the basis for the following key reports: Profit Detail by Contribution Margin Scheme; Profit Overview by Key Figure; Key Performance Indicators, and Dashboards based on Profitability.",sap/byd/odata/ana_businessanalytics_analytics.svc/RPFINPRFU30_Q0003QueryResults
ana_businessanalytics_analytics.svc,RPFINPRFU30_Q0004QueryResults,FINPRFU30,Profitability Management,"Provides profit data for analysis by multiple market segments such as all customers in a particular region and customer group. You can choose to analyze profit by detailed attributes such as sales documents, GL accounts, and journal entry IDs. Three methods are supported to calculate the profit, which are based on financial accounting data (for earned profit), or sales documents (for order or invoice profit). Aggregates information from the following Data Sources: Profitability: Order Profit; Profitability: Invoice Profit; Profitability: Earned Profit. This data source forms the basis for the following key reports: Profit Detail by Contribution Margin Scheme; Profit Overview by Key Figure; Key Performance Indicators, and Dashboards based on Profitability.",sap/byd/odata/ana_businessanalytics_analytics.svc/RPFINPRFU30_Q0004QueryResults
ana_businessanalytics_analytics.svc,RPFINPRFU30_Q0006QueryResults,FINPRFU30,Profitability Management,"Provides profit data for analysis by multiple market segments such as all customers in a particular region and customer group. You can choose to analyze profit by detailed attributes such as sales documents, GL accounts, and journal entry IDs. Three methods are supported to calculate the profit, which are based on financial accounting data (for earned profit), or sales documents (for order or invoice profit). Aggregates information from the following Data Sources: Profitability: Order Profit; Profitability: Invoice Profit; Profitability: Earned Profit. This data source forms the basis for the following key reports: Profit Detail by Contribution Margin Scheme; Profit Overview by Key Figure; Key Performance Indicators, and Dashboards based on Profitability.",sap/byd/odata/ana_businessanalytics_analytics.svc/RPFINPRFU30_Q0006QueryResults
ana_businessanalytics_analytics.svc,RPFINPRFU30_Q0007QueryResults,FINPRFU30,Profitability Management,"Provides profit data for analysis by multiple market segments such as all customers in a particular region and customer group. You can choose to analyze profit by detailed attributes such as sales documents, GL accounts, and journal entry IDs. Three methods are supported to calculate the profit, which are based on financial accounting data (for earned profit), or sales documents (for order or invoice profit). Aggregates information from the following Data Sources: Profitability: Order Profit; Profitability: Invoice Profit; Profitability: Earned Profit. This data source forms the basis for the following key reports: Profit Detail by Contribution Margin Scheme; Profit Overview by Key Figure; Key Performance Indicators, and Dashboards based on Profitability.",sap/byd/odata/ana_businessanalytics_analytics.svc/RPFINPRFU30_Q0007QueryResults
ana_businessanalytics_analytics.svc,RPFINPRFU50_Q0001QueryResults,FINPRFU50,Enhanced Contribution Margin,Enhanced Contribution Margin,sap/byd/odata/ana_businessanalytics_analytics.svc/RPFINPRFU50_Q0001QueryResults
ana_businessanalytics_analytics.svc,RPFINTAXU01_Q0001QueryResults,FINTAXU01,,,sap/byd/odata/ana_businessanalytics_analytics.svc/RPFINTAXU01_Q0001QueryResults
ana_businessanalytics_analytics.svc,RPFINTAXU01_Q0002QueryResults,FINTAXU01,,,sap/byd/odata/ana_businessanalytics_analytics.svc/RPFINTAXU01_Q0002QueryResults
ana_businessanalytics_analytics.svc,RPFINTAXU02_Q0001QueryResults,FINTAXU02,,,sap/byd/odata/ana_businessanalytics_analytics.svc/RPFINTAXU02_Q0001QueryResults
ana_businessanalytics_analytics.svc,RPFINTAXU02_Q0002QueryResults,FINTAXU02,,,sap/byd/odata/ana_businessanalytics_analytics.svc/RPFINTAXU02_Q0002QueryResults
ana_businessanalytics_analytics.svc,RPFINTAXU03_Q0001QueryResults,FINTAXU03,Tax Ledger Account Balances,Provides balances from tax ledger accounts.,sap/byd/odata/ana_businessanalytics_analytics.svc/RPFINTAXU03_Q0001QueryResults
ana_businessanalytics_analytics.svc,RPFINTAXU04_Q0001QueryResults,FINTAXU04,Tax Ledger Account Ledger Account Line Items,Provides line items from tax ledger accounts.,sap/byd/odata/ana_businessanalytics_analytics.svc/RPFINTAXU04_Q0001QueryResults
ana_businessanalytics_analytics.svc,RPFINTAXU04_Q0002QueryResults,FINTAXU04,Tax Ledger Account Ledger Account Line Items,Provides line items from tax ledger accounts.,sap/byd/odata/ana_businessanalytics_analytics.svc/RPFINTAXU04_Q0002QueryResults
ana_businessanalytics_analytics.svc,RPFINTAXU05_Q0001QueryResults,FINTAXU05,Tax Balance Audit Trail,Shows the opening and closing balance and the line items for each tax account.,sap/byd/odata/ana_businessanalytics_analytics.svc/RPFINTAXU05_Q0001QueryResults
ana_businessanalytics_analytics.svc,RPFINTAXU06_Q0001QueryResults,FINTAXU06,,,sap/byd/odata/ana_businessanalytics_analytics.svc/RPFINTAXU06_Q0001QueryResults
ana_businessanalytics_analytics.svc,RPFINTAXU07_Q0001QueryResults,FINTAXU07,,,sap/byd/odata/ana_businessanalytics_analytics.svc/RPFINTAXU07_Q0001QueryResults
ana_businessanalytics_analytics.svc,RPFINTAXU08_Q0001QueryResults,FINTAXU08,WH Tax Details,Provides withholding tax line items from the tax register.,sap/byd/odata/ana_businessanalytics_analytics.svc/RPFINTAXU08_Q0001QueryResults
ana_businessanalytics_analytics.svc,RPFINTAXU09_Q0001QueryResults,FINTAXU09,VAT / Sales Tax Details,Provides line items for VAT or sales tax from the tax register.,sap/byd/odata/ana_businessanalytics_analytics.svc/RPFINTAXU09_Q0001QueryResults
ana_businessanalytics_analytics.svc,RPFINTAXU09_Q0002QueryResults,FINTAXU09,VAT / Sales Tax Details,Provides line items for VAT or sales tax from the tax register.,sap/byd/odata/ana_businessanalytics_analytics.svc/RPFINTAXU09_Q0002QueryResults
ana_businessanalytics_analytics.svc,RPFINTAXU09_Q0003QueryResults,FINTAXU09,VAT / Sales Tax Details,Provides line items for VAT or sales tax from the tax register.,sap/byd/odata/ana_businessanalytics_analytics.svc/RPFINTAXU09_Q0003QueryResults
ana_businessanalytics_analytics.svc,RPFINTAXU10_Q0001QueryResults,FINTAXU10,Data Source for all VAT / Sales Tax Items with Journal Entry Details,"Provides data for VAT and sales tax items in the tax register including additional journal entry details. You can display the tax attributes for each source document, for example tax code or tax rate, and amounts such as base, deductible and non deductible tax amount. The data source also includes the G/L accounts to which the costs or revenues and taxes are posted as well as further journal entry details. Company, set of books, and kind of date (tax due date or posting date) are mandatory variables for this data source. The tax countries/regions Canada, India, and Mexico are not supported. For more information see the documentation of the report: All VAT / Sales Tax Items with Journal Entry Details",sap/byd/odata/ana_businessanalytics_analytics.svc/RPFINTAXU10_Q0001QueryResults
ana_businessanalytics_analytics.svc,RPFND_SUP_FINDATA_Q0001QueryResults,FND_SUP_FINDATA,Supplier Payment Data,Provides the payment data of a supplier.,sap/byd/odata/ana_businessanalytics_analytics.svc/RPFND_SUP_FINDATA_Q0001QueryResults
ana_businessanalytics_analytics.svc,RPGLOCIU01_Q0001QueryResults,GLOCIU01,Customer Invoice Item with Tax Details,"Contains all customer invoice items which are not released and in approval status. It provides you with information on the products, quantities, gross amounts, net amounts, tax amounts.",sap/byd/odata/ana_businessanalytics_analytics.svc/RPGLOCIU01_Q0001QueryResults
ana_businessanalytics_analytics.svc,RPGLOCOSTAJ_Q0003QueryResults,GLOCOSTAJ,Cost Auditing,Contains all relevent data for the Cost Auditing report which is specific to the country/region India,sap/byd/odata/ana_businessanalytics_analytics.svc/RPGLOCOSTAJ_Q0003QueryResults
ana_businessanalytics_analytics.svc,RPGLOCOSTAU_Q0003QueryResults,GLOCOSTAU,Cost Auditing,Contains all relevent data for the Cost Auditing report which is specific to the country/region India,sap/byd/odata/ana_businessanalytics_analytics.svc/RPGLOCOSTAU_Q0003QueryResults
ana_businessanalytics_analytics.svc,RPGLOFINFXAU01_Q0004QueryResults,GLOFINFXAU01,,,sap/byd/odata/ana_businessanalytics_analytics.svc/RPGLOFINFXAU01_Q0004QueryResults
ana_businessanalytics_analytics.svc,RPGLOFININVWHB_Q0001QueryResults,GLOFININVWHB,,,sap/byd/odata/ana_businessanalytics_analytics.svc/RPGLOFININVWHB_Q0001QueryResults
ana_businessanalytics_analytics.svc,RPGLOFININVWMAP_Q0001QueryResults,GLOFININVWMAP,,,sap/byd/odata/ana_businessanalytics_analytics.svc/RPGLOFININVWMAP_Q0001QueryResults
ana_businessanalytics_analytics.svc,RPGLOFINU01_Q0001QueryResults,GLOFINU01,Accounts Receivable - Pledging of Open Items,"Shows all open items that are pledged as collateral, which can be particular open items or if the customer account is pledged, all open items of this customer.",sap/byd/odata/ana_businessanalytics_analytics.svc/RPGLOFINU01_Q0001QueryResults
ana_businessanalytics_analytics.svc,RPGLOFINU01_Q0001_MOBQueryResults,GLOFINU01,Accounts Receivable - Pledging of Open Items,"Shows all open items that are pledged as collateral, which can be particular open items or if the customer account is pledged, all open items of this customer.",sap/byd/odata/ana_businessanalytics_analytics.svc/RPGLOFINU01_Q0001_MOBQueryResults
ana_businessanalytics_analytics.svc,RPGLOFXAU01_Q0007QueryResults,GLOFXAU01,Asset Register Italy,Asset Register Italy,sap/byd/odata/ana_businessanalytics_analytics.svc/RPGLOFXAU01_Q0007QueryResults
ana_businessanalytics_analytics.svc,RPGLOHCMEPAAU_Q001QueryResults,GLOHCMEPAAU,,,sap/byd/odata/ana_businessanalytics_analytics.svc/RPGLOHCMEPAAU_Q001QueryResults
ana_businessanalytics_analytics.svc,RPGLOHCMESAAT_Q001QueryResults,GLOHCMESAAT,,,sap/byd/odata/ana_businessanalytics_analytics.svc/RPGLOHCMESAAT_Q001QueryResults
ana_businessanalytics_analytics.svc,RPGLOHCMESACH_Q001QueryResults,GLOHCMESACH,,,sap/byd/odata/ana_businessanalytics_analytics.svc/RPGLOHCMESACH_Q001QueryResults
ana_businessanalytics_analytics.svc,RPGLOHCMESACN_Q001QueryResults,GLOHCMESACN,,,sap/byd/odata/ana_businessanalytics_analytics.svc/RPGLOHCMESACN_Q001QueryResults
ana_businessanalytics_analytics.svc,RPGLOHCMESAFR_Q001QueryResults,GLOHCMESAFR,,,sap/byd/odata/ana_businessanalytics_analytics.svc/RPGLOHCMESAFR_Q001QueryResults
ana_businessanalytics_analytics.svc,RPGLOHCMESAGB_Q001QueryResults,GLOHCMESAGB,,,sap/byd/odata/ana_businessanalytics_analytics.svc/RPGLOHCMESAGB_Q001QueryResults
ana_businessanalytics_analytics.svc,RPGLOHCMESAIN_Q001QueryResults,GLOHCMESAIN,,,sap/byd/odata/ana_businessanalytics_analytics.svc/RPGLOHCMESAIN_Q001QueryResults
ana_businessanalytics_analytics.svc,RPGLOHCMESAMX_Q001QueryResults,GLOHCMESAMX,,,sap/byd/odata/ana_businessanalytics_analytics.svc/RPGLOHCMESAMX_Q001QueryResults
ana_businessanalytics_analytics.svc,RPGLOHCMETAAT_Q001QueryResults,GLOHCMETAAT,,,sap/byd/odata/ana_businessanalytics_analytics.svc/RPGLOHCMETAAT_Q001QueryResults
ana_businessanalytics_analytics.svc,RPGLOHCMETAAU_Q001QueryResults,GLOHCMETAAU,,,sap/byd/odata/ana_businessanalytics_analytics.svc/RPGLOHCMETAAU_Q001QueryResults
ana_businessanalytics_analytics.svc,RPGLOHCMETACA_Q001QueryResults,GLOHCMETACA,,,sap/byd/odata/ana_businessanalytics_analytics.svc/RPGLOHCMETACA_Q001QueryResults
ana_businessanalytics_analytics.svc,RPGLOHCMETACH_Q001QueryResults,GLOHCMETACH,,,sap/byd/odata/ana_businessanalytics_analytics.svc/RPGLOHCMETACH_Q001QueryResults
ana_businessanalytics_analytics.svc,RPGLOHCMETACN_Q001QueryResults,GLOHCMETACN,,,sap/byd/odata/ana_businessanalytics_analytics.svc/RPGLOHCMETACN_Q001QueryResults
ana_businessanalytics_analytics.svc,RPGLOHCMETAGB_Q001QueryResults,GLOHCMETAGB,,,sap/byd/odata/ana_businessanalytics_analytics.svc/RPGLOHCMETAGB_Q001QueryResults
ana_businessanalytics_analytics.svc,RPGLOHCMETAIN_Q001QueryResults,GLOHCMETAIN,,,sap/byd/odata/ana_businessanalytics_analytics.svc/RPGLOHCMETAIN_Q001QueryResults
ana_businessanalytics_analytics.svc,RPGLOHCMETANL_Q001QueryResults,GLOHCMETANL,,,sap/byd/odata/ana_businessanalytics_analytics.svc/RPGLOHCMETANL_Q001QueryResults
ana_businessanalytics_analytics.svc,RPGLOHCMPAEMPNLHIR_Q002QueryResults,GLOHCMPAEMPNLHIR,,,sap/byd/odata/ana_businessanalytics_analytics.svc/RPGLOHCMPAEMPNLHIR_Q002QueryResults
ana_businessanalytics_analytics.svc,RPGLOTAXB01_Q0001QueryResults,GLOTAXB01,Taxes - Product Tax Details,Product Tax Details - Taxes Data Source,sap/byd/odata/ana_businessanalytics_analytics.svc/RPGLOTAXB01_Q0001QueryResults
ana_businessanalytics_analytics.svc,RPGLOTAXB08_Q0001QueryResults,GLOTAXB08,Taxes - Excise Annexure 10,Taxes - Excise Annexure 10,sap/byd/odata/ana_businessanalytics_analytics.svc/RPGLOTAXB08_Q0001QueryResults
ana_businessanalytics_analytics.svc,RPGLOTAXB09_Q0001QueryResults,GLOTAXB09,Taxes - Product Tax Details,Product Tax Details - Taxes Data Source,sap/byd/odata/ana_businessanalytics_analytics.svc/RPGLOTAXB09_Q0001QueryResults
ana_businessanalytics_analytics.svc,RPGLOTAXB11_Q0001QueryResults,GLOTAXB11,Taxes - Supplier Invoice Details,Taxes - Supplier Invoice Details,sap/byd/odata/ana_businessanalytics_analytics.svc/RPGLOTAXB11_Q0001QueryResults
ana_businessanalytics_analytics.svc,RPGLOTAXB13_Q0001QueryResults,GLOTAXB13,Sales Register - India,Sales Register - India,sap/byd/odata/ana_businessanalytics_analytics.svc/RPGLOTAXB13_Q0001QueryResults
ana_businessanalytics_analytics.svc,RPGLOTAXB15_Q0001QueryResults,GLOTAXB15,ER5 Report,,sap/byd/odata/ana_businessanalytics_analytics.svc/RPGLOTAXB15_Q0001QueryResults
ana_businessanalytics_analytics.svc,RPGLOTAXU03_Q0001QueryResults,GLOTAXU03,RG1: Excise Register - India,Shows an overview of the RG1 Indian excise register for the selected period,sap/byd/odata/ana_businessanalytics_analytics.svc/RPGLOTAXU03_Q0001QueryResults
ana_businessanalytics_analytics.svc,RPGLOTAXU03_Q0002QueryResults,GLOTAXU03,RG1: Excise Register - India,Shows an overview of the RG1 Indian excise register for the selected period,sap/byd/odata/ana_businessanalytics_analytics.svc/RPGLOTAXU03_Q0002QueryResults
ana_businessanalytics_analytics.svc,RPGLOTAXU05_Q0001QueryResults,GLOTAXU05,GLOTAXU05,,sap/byd/odata/ana_businessanalytics_analytics.svc/RPGLOTAXU05_Q0001QueryResults
ana_businessanalytics_analytics.svc,RPGLO_FINDUEU04_Q0001QueryResults,GLO_FINDUEU04,,,sap/byd/odata/ana_businessanalytics_analytics.svc/RPGLO_FINDUEU04_Q0001QueryResults
ana_businessanalytics_analytics.svc,RPGLO_FINDUEU04_Q0002QueryResults,GLO_FINDUEU04,,,sap/byd/odata/ana_businessanalytics_analytics.svc/RPGLO_FINDUEU04_Q0002QueryResults
ana_businessanalytics_analytics.svc,RPGLO_FINPLU01_Q0004QueryResults,GLO_FINPLU01,,,sap/byd/odata/ana_businessanalytics_analytics.svc/RPGLO_FINPLU01_Q0004QueryResults
ana_businessanalytics_analytics.svc,RPGLO_FINPLU01_Q0005QueryResults,GLO_FINPLU01,,,sap/byd/odata/ana_businessanalytics_analytics.svc/RPGLO_FINPLU01_Q0005QueryResults
ana_businessanalytics_analytics.svc,RPGLO_FINPLU01_Q002QueryResults,GLO_FINPLU01,,,sap/byd/odata/ana_businessanalytics_analytics.svc/RPGLO_FINPLU01_Q002QueryResults
ana_businessanalytics_analytics.svc,RPGLO_FINPLU01_Q003QueryResults,GLO_FINPLU01,,,sap/byd/odata/ana_businessanalytics_analytics.svc/RPGLO_FINPLU01_Q003QueryResults
ana_businessanalytics_analytics.svc,RPHCMCMPB01_Q0002QueryResults,HCMCMPB01,Compensation Component Details,"Provides an overview of all the Employees for a selected Compensation Component ID. Also provides information on Compensation Amount, and other compensation component related details.",sap/byd/odata/ana_businessanalytics_analytics.svc/RPHCMCMPB01_Q0002QueryResults
ana_businessanalytics_analytics.svc,RPHCMCMPB_Q0001QueryResults,HCMCMPB,Compensation Details,"Provides information on employee compensation details such as Compensation Component ID, Compensation Component Amount, Compensation Structure ID, Grade ID and other related details.",sap/byd/odata/ana_businessanalytics_analytics.svc/RPHCMCMPB_Q0001QueryResults
ana_businessanalytics_analytics.svc,RPHCMMDRC01_Q0001QueryResults,HCMMDRC01,Comparison of Employee Data in ByD and EC,Provides comparison of employee’s data in ByDesign and Employee Central systems.,sap/byd/odata/ana_businessanalytics_analytics.svc/RPHCMMDRC01_Q0001QueryResults
ana_businessanalytics_analytics.svc,RPHCMPAB01_Q0001QueryResults,HCMPAB01,Headcount,"Provides information on employee headcount, FTE, age and length of service.",sap/byd/odata/ana_businessanalytics_analytics.svc/RPHCMPAB01_Q0001QueryResults
ana_businessanalytics_analytics.svc,RPHCMPAB01_Q0002QueryResults,HCMPAB01,Headcount,"Provides information on employee headcount, FTE, age and length of service.",sap/byd/odata/ana_businessanalytics_analytics.svc/RPHCMPAB01_Q0002QueryResults
ana_businessanalytics_analytics.svc,RPHCMPAB01_Q0003QueryResults,HCMPAB01,Headcount,"Provides information on employee headcount, FTE, age and length of service.",sap/byd/odata/ana_businessanalytics_analytics.svc/RPHCMPAB01_Q0003QueryResults
ana_businessanalytics_analytics.svc,RPHCMPAB01_Q0005QueryResults,HCMPAB01,Headcount,"Provides information on employee headcount, FTE, age and length of service.",sap/byd/odata/ana_businessanalytics_analytics.svc/RPHCMPAB01_Q0005QueryResults
ana_businessanalytics_analytics.svc,RPHCMPAB01_Q0006QueryResults,HCMPAB01,Headcount,"Provides information on employee headcount, FTE, age and length of service.",sap/byd/odata/ana_businessanalytics_analytics.svc/RPHCMPAB01_Q0006QueryResults
ana_businessanalytics_analytics.svc,RPHCMPAB01_Q1001QueryResults,HCMPAB01,Headcount,"Provides information on employee headcount, FTE, age and length of service.",sap/byd/odata/ana_businessanalytics_analytics.svc/RPHCMPAB01_Q1001QueryResults
ana_businessanalytics_analytics.svc,RPHCMPAB01_Q2001QueryResults,HCMPAB01,Headcount,"Provides information on employee headcount, FTE, age and length of service.",sap/byd/odata/ana_businessanalytics_analytics.svc/RPHCMPAB01_Q2001QueryResults
ana_businessanalytics_analytics.svc,RPHCMPAB01_Q9001QueryResults,HCMPAB01,Headcount,"Provides information on employee headcount, FTE, age and length of service.",sap/byd/odata/ana_businessanalytics_analytics.svc/RPHCMPAB01_Q9001QueryResults
ana_businessanalytics_analytics.svc,RPHCMPAB01_Q9002QueryResults,HCMPAB01,Headcount,"Provides information on employee headcount, FTE, age and length of service.",sap/byd/odata/ana_businessanalytics_analytics.svc/RPHCMPAB01_Q9002QueryResults
ana_businessanalytics_analytics.svc,RPHCMPAB01_Q9003QueryResults,HCMPAB01,Headcount,"Provides information on employee headcount, FTE, age and length of service.",sap/byd/odata/ana_businessanalytics_analytics.svc/RPHCMPAB01_Q9003QueryResults
ana_businessanalytics_analytics.svc,RPHCMPAB07_Q0001QueryResults,HCMPAB07,,,sap/byd/odata/ana_businessanalytics_analytics.svc/RPHCMPAB07_Q0001QueryResults
ana_businessanalytics_analytics.svc,RPHCMPAB08_Q0001QueryResults,HCMPAB08,Internal Employee Details,"Provides an overview of employee’s data (Biographical Data, Private Contact Data, Workplace Contact Data, Work Agreement data, Org Assignment Data, Payment Info)",sap/byd/odata/ana_businessanalytics_analytics.svc/RPHCMPAB08_Q0001QueryResults
ana_businessanalytics_analytics.svc,RPHCMPAB09_Q0001QueryResults,HCMPAB09,,,sap/byd/odata/ana_businessanalytics_analytics.svc/RPHCMPAB09_Q0001QueryResults
ana_businessanalytics_analytics.svc,RPHCMPAB10_Q0001QueryResults,HCMPAB10,,,sap/byd/odata/ana_businessanalytics_analytics.svc/RPHCMPAB10_Q0001QueryResults
ana_businessanalytics_analytics.svc,RPHCMPAU01_Q0003QueryResults,HCMPAU01,Employee Turnover,"Provides the number of employees entering, leaving, or transferring within the company.",sap/byd/odata/ana_businessanalytics_analytics.svc/RPHCMPAU01_Q0003QueryResults
ana_businessanalytics_analytics.svc,RPHCMPAU01_Q0004QueryResults,HCMPAU01,Employee Turnover,"Provides the number of employees entering, leaving, or transferring within the company.",sap/byd/odata/ana_businessanalytics_analytics.svc/RPHCMPAU01_Q0004QueryResults
ana_businessanalytics_analytics.svc,RPHCMPAU01_Q0006QueryResults,HCMPAU01,Employee Turnover,"Provides the number of employees entering, leaving, or transferring within the company.",sap/byd/odata/ana_businessanalytics_analytics.svc/RPHCMPAU01_Q0006QueryResults
ana_businessanalytics_analytics.svc,RPHCMPAU01_Q1001QueryResults,HCMPAU01,Employee Turnover,"Provides the number of employees entering, leaving, or transferring within the company.",sap/byd/odata/ana_businessanalytics_analytics.svc/RPHCMPAU01_Q1001QueryResults
ana_businessanalytics_analytics.svc,RPHCMPAU01_Q9003QueryResults,HCMPAU01,Employee Turnover,"Provides the number of employees entering, leaving, or transferring within the company.",sap/byd/odata/ana_businessanalytics_analytics.svc/RPHCMPAU01_Q9003QueryResults
ana_businessanalytics_analytics.svc,RPHCMPAU01_Q9004QueryResults,HCMPAU01,Employee Turnover,"Provides the number of employees entering, leaving, or transferring within the company.",sap/byd/odata/ana_businessanalytics_analytics.svc/RPHCMPAU01_Q9004QueryResults
ana_businessanalytics_analytics.svc,RPHCMPAV01_Q0001QueryResults,HCMPAV01,Internal Employee Changes,"Provides information on change history of employee master data such as employee's Biographical Data, Private Contact Data, Payment Information and Organizational Assignment.",sap/byd/odata/ana_businessanalytics_analytics.svc/RPHCMPAV01_Q0001QueryResults
ana_businessanalytics_analytics.svc,RPHCMPYPB01_Q0001QueryResults,HCMPYPB01,,,sap/byd/odata/ana_businessanalytics_analytics.svc/RPHCMPYPB01_Q0001QueryResults
ana_businessanalytics_analytics.svc,RPHCMRPMU01_Q1001QueryResults,HCMRPMU01,Forecasted Utilization,"Provides visualization into the future on Forecasted Utilization of resources relevant for Resource Management, within a set period of time. Compares the commitments derived from the Scheduled Work and Absences of relevant resources assigned within a Company or a given Reporting Line Unit, with the Gross Capacity (planned working time) of these resources.",sap/byd/odata/ana_businessanalytics_analytics.svc/RPHCMRPMU01_Q1001QueryResults
ana_businessanalytics_analytics.svc,RPHCMTLMB07_Q0001QueryResults,HCMTLMB07,Employee Recorded Times,Provides information on recorded employee times,sap/byd/odata/ana_businessanalytics_analytics.svc/RPHCMTLMB07_Q0001QueryResults
ana_businessanalytics_analytics.svc,RPHCMTLMB13_Q0001QueryResults,HCMTLMB13,Employee Time Profile,"Provides an overview of employee time profile with basic data and work schedule information, such as time recording profile, time recording method, hire date, termination date, work schedule category and assigned time models.",sap/byd/odata/ana_businessanalytics_analytics.svc/RPHCMTLMB13_Q0001QueryResults
ana_businessanalytics_analytics.svc,RPHCMTLMB15_Q0001QueryResults,HCMTLMB15,,,sap/byd/odata/ana_businessanalytics_analytics.svc/RPHCMTLMB15_Q0001QueryResults
ana_businessanalytics_analytics.svc,RPHCMTLMU01_Q0002QueryResults,HCMTLMU01,Employee Times,Provides information on planned and recorded employee times.,sap/byd/odata/ana_businessanalytics_analytics.svc/RPHCMTLMU01_Q0002QueryResults
ana_businessanalytics_analytics.svc,RPHCMTLMU01_Q0003QueryResults,HCMTLMU01,Employee Times,Provides information on planned and recorded employee times.,sap/byd/odata/ana_businessanalytics_analytics.svc/RPHCMTLMU01_Q0003QueryResults
ana_businessanalytics_analytics.svc,RPHCMTLMU01_Q0004QueryResults,HCMTLMU01,Employee Times,Provides information on planned and recorded employee times.,sap/byd/odata/ana_businessanalytics_analytics.svc/RPHCMTLMU01_Q0004QueryResults
ana_businessanalytics_analytics.svc,RPHCMTLMU01_Q0007QueryResults,HCMTLMU01,Employee Times,Provides information on planned and recorded employee times.,sap/byd/odata/ana_businessanalytics_analytics.svc/RPHCMTLMU01_Q0007QueryResults
ana_businessanalytics_analytics.svc,RPHCMTLMU01_Q0010QueryResults,HCMTLMU01,Employee Times,Provides information on planned and recorded employee times.,sap/byd/odata/ana_businessanalytics_analytics.svc/RPHCMTLMU01_Q0010QueryResults
ana_businessanalytics_analytics.svc,RPHCMTLMU01_Q0011QueryResults,HCMTLMU01,Employee Times,Provides information on planned and recorded employee times.,sap/byd/odata/ana_businessanalytics_analytics.svc/RPHCMTLMU01_Q0011QueryResults
ana_businessanalytics_analytics.svc,RPHCMTLMU01_Q0013QueryResults,HCMTLMU01,Employee Times,Provides information on planned and recorded employee times.,sap/byd/odata/ana_businessanalytics_analytics.svc/RPHCMTLMU01_Q0013QueryResults
ana_businessanalytics_analytics.svc,RPHCMTLMU01_Q9002QueryResults,HCMTLMU01,Employee Times,Provides information on planned and recorded employee times.,sap/byd/odata/ana_businessanalytics_analytics.svc/RPHCMTLMU01_Q9002QueryResults
ana_businessanalytics_analytics.svc,RPHCMTLMU01_Q9003QueryResults,HCMTLMU01,Employee Times,Provides information on planned and recorded employee times.,sap/byd/odata/ana_businessanalytics_analytics.svc/RPHCMTLMU01_Q9003QueryResults
ana_businessanalytics_analytics.svc,RPHCMTLMU01_Q9004QueryResults,HCMTLMU01,Employee Times,Provides information on planned and recorded employee times.,sap/byd/odata/ana_businessanalytics_analytics.svc/RPHCMTLMU01_Q9004QueryResults
ana_businessanalytics_analytics.svc,RPHCMTLMU01_Q9007QueryResults,HCMTLMU01,Employee Times,Provides information on planned and recorded employee times.,sap/byd/odata/ana_businessanalytics_analytics.svc/RPHCMTLMU01_Q9007QueryResults
ana_businessanalytics_analytics.svc,RPHCMTLMU01_Q9501QueryResults,HCMTLMU01,Employee Times,Provides information on planned and recorded employee times.,sap/byd/odata/ana_businessanalytics_analytics.svc/RPHCMTLMU01_Q9501QueryResults
ana_businessanalytics_analytics.svc,RPHCMTLMU01_Q9502QueryResults,HCMTLMU01,Employee Times,Provides information on planned and recorded employee times.,sap/byd/odata/ana_businessanalytics_analytics.svc/RPHCMTLMU01_Q9502QueryResults
ana_businessanalytics_analytics.svc,RPHCMTLMU01_Q9503QueryResults,HCMTLMU01,Employee Times,Provides information on planned and recorded employee times.,sap/byd/odata/ana_businessanalytics_analytics.svc/RPHCMTLMU01_Q9503QueryResults
ana_businessanalytics_analytics.svc,RPHCMTLMU01_Q9504QueryResults,HCMTLMU01,Employee Times,Provides information on planned and recorded employee times.,sap/byd/odata/ana_businessanalytics_analytics.svc/RPHCMTLMU01_Q9504QueryResults
ana_businessanalytics_analytics.svc,RPHCMTLMU01_Q9505QueryResults,HCMTLMU01,Employee Times,Provides information on planned and recorded employee times.,sap/byd/odata/ana_businessanalytics_analytics.svc/RPHCMTLMU01_Q9505QueryResults
ana_businessanalytics_analytics.svc,RPHCMTLMU01_Q9506QueryResults,HCMTLMU01,Employee Times,Provides information on planned and recorded employee times.,sap/byd/odata/ana_businessanalytics_analytics.svc/RPHCMTLMU01_Q9506QueryResults
ana_businessanalytics_analytics.svc,RPHCMTLMU02_Q0001QueryResults,HCMTLMU02,Employee Time Accounts,Provides information on the balances of employee time accounts.,sap/byd/odata/ana_businessanalytics_analytics.svc/RPHCMTLMU02_Q0001QueryResults
ana_businessanalytics_analytics.svc,RPHCMTLMU02_Q0002QueryResults,HCMTLMU02,Employee Time Accounts,Provides information on the balances of employee time accounts.,sap/byd/odata/ana_businessanalytics_analytics.svc/RPHCMTLMU02_Q0002QueryResults
ana_businessanalytics_analytics.svc,RPHCMTLMU02_Q0003QueryResults,HCMTLMU02,Employee Time Accounts,Provides information on the balances of employee time accounts.,sap/byd/odata/ana_businessanalytics_analytics.svc/RPHCMTLMU02_Q0003QueryResults
ana_businessanalytics_analytics.svc,RPHCMTLMU02_Q0004QueryResults,HCMTLMU02,Employee Time Accounts,Provides information on the balances of employee time accounts.,sap/byd/odata/ana_businessanalytics_analytics.svc/RPHCMTLMU02_Q0004QueryResults
ana_businessanalytics_analytics.svc,RPHCMTLMU02_Q9001QueryResults,HCMTLMU02,Employee Time Accounts,Provides information on the balances of employee time accounts.,sap/byd/odata/ana_businessanalytics_analytics.svc/RPHCMTLMU02_Q9001QueryResults
ana_businessanalytics_analytics.svc,RPHCMTLMU02_Q9002QueryResults,HCMTLMU02,Employee Time Accounts,Provides information on the balances of employee time accounts.,sap/byd/odata/ana_businessanalytics_analytics.svc/RPHCMTLMU02_Q9002QueryResults
ana_businessanalytics_analytics.svc,RPHCMTLMU02_Q9003QueryResults,HCMTLMU02,Employee Time Accounts,Provides information on the balances of employee time accounts.,sap/byd/odata/ana_businessanalytics_analytics.svc/RPHCMTLMU02_Q9003QueryResults
ana_businessanalytics_analytics.svc,RPHCMTLMU02_Q9004QueryResults,HCMTLMU02,Employee Time Accounts,Provides information on the balances of employee time accounts.,sap/byd/odata/ana_businessanalytics_analytics.svc/RPHCMTLMU02_Q9004QueryResults
ana_businessanalytics_analytics.svc,RPHCMTLMU06_Q0001QueryResults,HCMTLMU06,Employee Time Account Postings with Corresponding calendar quantity,Employee Time Account Postings with Corresponding calendar quantity,sap/byd/odata/ana_businessanalytics_analytics.svc/RPHCMTLMU06_Q0001QueryResults
ana_businessanalytics_analytics.svc,RPILMRETV01_Q0001QueryResults,ILMRETV01,,,sap/byd/odata/ana_businessanalytics_analytics.svc/RPILMRETV01_Q0001QueryResults
ana_businessanalytics_analytics.svc,RPILMSUPPLIERPERSONQ0001QueryResults,,,,sap/byd/odata/ana_businessanalytics_analytics.svc/RPILMSUPPLIERPERSONQ0001QueryResults
ana_businessanalytics_analytics.svc,RPMATERIAL_Q0001QueryResults,MATERIAL,Material Master Data,"Provides material master data, including identification, description, quantity, product category, and system administration data.",sap/byd/odata/ana_businessanalytics_analytics.svc/RPMATERIAL_Q0001QueryResults
ana_businessanalytics_analytics.svc,RPMATERIAL_Q0002QueryResults,MATERIAL,Material Master Data,"Provides material master data, including identification, description, quantity, product category, and system administration data.",sap/byd/odata/ana_businessanalytics_analytics.svc/RPMATERIAL_Q0002QueryResults
ana_businessanalytics_analytics.svc,RPPLMQDFU01_Q0001QueryResults,PLMQDFU01,Defect Analysis,"Provides data for the analysis of defects, including the inspection ID, customer, product category, and the number of internally caused defects.",sap/byd/odata/ana_businessanalytics_analytics.svc/RPPLMQDFU01_Q0001QueryResults
ana_businessanalytics_analytics.svc,RPPLMQINU01_Q0001QueryResults,PLMQINU01,Inspection Analysis,"Provides data for the analysis of inspections, including the inspection decision, product category, and the inspector.",sap/byd/odata/ana_businessanalytics_analytics.svc/RPPLMQINU01_Q0001QueryResults
ana_businessanalytics_analytics.svc,RPPLMQINU01_Q0002QueryResults,PLMQINU01,Inspection Analysis,"Provides data for the analysis of inspections, including the inspection decision, product category, and the inspector.",sap/byd/odata/ana_businessanalytics_analytics.svc/RPPLMQINU01_Q0002QueryResults
ana_businessanalytics_analytics.svc,RPPROCPEL_U01_Q0001QueryResults,PROCPEL_U01,,,sap/byd/odata/ana_businessanalytics_analytics.svc/RPPROCPEL_U01_Q0001QueryResults
ana_businessanalytics_analytics.svc,RPPROCPIR_U01_Q0001QueryResults,PROCPIR_U01,,,sap/byd/odata/ana_businessanalytics_analytics.svc/RPPROCPIR_U01_Q0001QueryResults
ana_businessanalytics_analytics.svc,RPPROCPIR_U02_Q0001QueryResults,PROCPIR_U02,,,sap/byd/odata/ana_businessanalytics_analytics.svc/RPPROCPIR_U02_Q0001QueryResults
ana_businessanalytics_analytics.svc,RPPROCPIR_U03_Q0001QueryResults,PROCPIR_U03,,,sap/byd/odata/ana_businessanalytics_analytics.svc/RPPROCPIR_U03_Q0001QueryResults
ana_businessanalytics_analytics.svc,RPPROCPIU03_Q0001QueryResults,PROCPIU03,Revenue Contribution,"Provides information on quantities, amounts, revenue contribution, and work progress, based on project time and expenses.",sap/byd/odata/ana_businessanalytics_analytics.svc/RPPROCPIU03_Q0001QueryResults
ana_businessanalytics_analytics.svc,RPPROCPIU03_Q0002QueryResults,PROCPIU03,Revenue Contribution,"Provides information on quantities, amounts, revenue contribution, and work progress, based on project time and expenses.",sap/byd/odata/ana_businessanalytics_analytics.svc/RPPROCPIU03_Q0002QueryResults
ana_businessanalytics_analytics.svc,RPPRODUCT_Q0001QueryResults,PRODUCT,Product Master Data,"Provides product master data, including identification, description, quantity, product category, and system administration data.",sap/byd/odata/ana_businessanalytics_analytics.svc/RPPRODUCT_Q0001QueryResults
ana_businessanalytics_analytics.svc,RPPROPBL_B02_Q0001QueryResults,PROPBL_B02,,,sap/byd/odata/ana_businessanalytics_analytics.svc/RPPROPBL_B02_Q0001QueryResults
ana_businessanalytics_analytics.svc,RPPROPBL_U01_Q0001QueryResults,PROPBL_U01,,,sap/byd/odata/ana_businessanalytics_analytics.svc/RPPROPBL_U01_Q0001QueryResults
ana_businessanalytics_analytics.svc,RPPROPBL_U02_Q0001QueryResults,PROPBL_U02,,,sap/byd/odata/ana_businessanalytics_analytics.svc/RPPROPBL_U02_Q0001QueryResults
ana_businessanalytics_analytics.svc,RPPROPERRB01_Q0001QueryResults,PROPERRB01,Project Expense Reassignment,Provides an overview of expenses reassignment,sap/byd/odata/ana_businessanalytics_analytics.svc/RPPROPERRB01_Q0001QueryResults
ana_businessanalytics_analytics.svc,RPPROPPR_B01_Q0001QueryResults,PROPPR_B01,Project Purchase Request,Provides Project Purchase Request Data,sap/byd/odata/ana_businessanalytics_analytics.svc/RPPROPPR_B01_Q0001QueryResults
ana_businessanalytics_analytics.svc,RPPROPPR_U02_Q0001QueryResults,PROPPR_U02,,,sap/byd/odata/ana_businessanalytics_analytics.svc/RPPROPPR_U02_Q0001QueryResults
ana_businessanalytics_analytics.svc,RPPROPRJU01_Q0001QueryResults,PROPRJU01,Project Snapshots,Provides all relevant snapshot-related data.,sap/byd/odata/ana_businessanalytics_analytics.svc/RPPROPRJU01_Q0001QueryResults
ana_businessanalytics_analytics.svc,RPPROPRJU04_Q0001QueryResults,PROPRJU04,"Projects, Baselines: Tasks and Staffing","Provides task-related data (including phases, tasks, and milestones) and staffing data for projects and baselines.",sap/byd/odata/ana_businessanalytics_analytics.svc/RPPROPRJU04_Q0001QueryResults
ana_businessanalytics_analytics.svc,RPPROPRJU04_Q0002QueryResults,PROPRJU04,"Projects, Baselines: Tasks and Staffing","Provides task-related data (including phases, tasks, and milestones) and staffing data for projects and baselines.",sap/byd/odata/ana_businessanalytics_analytics.svc/RPPROPRJU04_Q0002QueryResults
ana_businessanalytics_analytics.svc,RPPROPRJU04_Q0003QueryResults,PROPRJU04,"Projects, Baselines: Tasks and Staffing","Provides task-related data (including phases, tasks, and milestones) and staffing data for projects and baselines.",sap/byd/odata/ana_businessanalytics_analytics.svc/RPPROPRJU04_Q0003QueryResults
ana_businessanalytics_analytics.svc,RPPROPRJU04_Q0004QueryResults,PROPRJU04,"Projects, Baselines: Tasks and Staffing","Provides task-related data (including phases, tasks, and milestones) and staffing data for projects and baselines.",sap/byd/odata/ana_businessanalytics_analytics.svc/RPPROPRJU04_Q0004QueryResults
ana_businessanalytics_analytics.svc,RPPROPRJU04_Q0005QueryResults,PROPRJU04,"Projects, Baselines: Tasks and Staffing","Provides task-related data (including phases, tasks, and milestones) and staffing data for projects and baselines.",sap/byd/odata/ana_businessanalytics_analytics.svc/RPPROPRJU04_Q0005QueryResults
ana_businessanalytics_analytics.svc,RPPROPRJU04_Q0006QueryResults,PROPRJU04,"Projects, Baselines: Tasks and Staffing","Provides task-related data (including phases, tasks, and milestones) and staffing data for projects and baselines.",sap/byd/odata/ana_businessanalytics_analytics.svc/RPPROPRJU04_Q0006QueryResults
ana_businessanalytics_analytics.svc,RPPROPRJU04_Q0010QueryResults,PROPRJU04,"Projects, Baselines: Tasks and Staffing","Provides task-related data (including phases, tasks, and milestones) and staffing data for projects and baselines.",sap/byd/odata/ana_businessanalytics_analytics.svc/RPPROPRJU04_Q0010QueryResults
ana_businessanalytics_analytics.svc,RPPROPRJU05_Q0001QueryResults,PROPRJU05,"Projects, Baselines, and Snapshots","Provides all relevant data for tasks, staffing, and confirmations of projects, baselines, and snapshots.",sap/byd/odata/ana_businessanalytics_analytics.svc/RPPROPRJU05_Q0001QueryResults
ana_businessanalytics_analytics.svc,RPPROPRJU05_Q0002QueryResults,PROPRJU05,"Projects, Baselines, and Snapshots","Provides all relevant data for tasks, staffing, and confirmations of projects, baselines, and snapshots.",sap/byd/odata/ana_businessanalytics_analytics.svc/RPPROPRJU05_Q0002QueryResults
ana_businessanalytics_analytics.svc,RPPROPRJU05_Q0003QueryResults,PROPRJU05,"Projects, Baselines, and Snapshots","Provides all relevant data for tasks, staffing, and confirmations of projects, baselines, and snapshots.",sap/byd/odata/ana_businessanalytics_analytics.svc/RPPROPRJU05_Q0003QueryResults
ana_businessanalytics_analytics.svc,RPPROPRJU05_Q0004QueryResults,PROPRJU05,"Projects, Baselines, and Snapshots","Provides all relevant data for tasks, staffing, and confirmations of projects, baselines, and snapshots.",sap/byd/odata/ana_businessanalytics_analytics.svc/RPPROPRJU05_Q0004QueryResults
ana_businessanalytics_analytics.svc,RPPROPRJU05_Q0005QueryResults,PROPRJU05,"Projects, Baselines, and Snapshots","Provides all relevant data for tasks, staffing, and confirmations of projects, baselines, and snapshots.",sap/byd/odata/ana_businessanalytics_analytics.svc/RPPROPRJU05_Q0005QueryResults
ana_businessanalytics_analytics.svc,RPPROPRJU05_Q0006QueryResults,PROPRJU05,"Projects, Baselines, and Snapshots","Provides all relevant data for tasks, staffing, and confirmations of projects, baselines, and snapshots.",sap/byd/odata/ana_businessanalytics_analytics.svc/RPPROPRJU05_Q0006QueryResults
ana_businessanalytics_analytics.svc,RPPROPRJU05_Q0007QueryResults,PROPRJU05,"Projects, Baselines, and Snapshots","Provides all relevant data for tasks, staffing, and confirmations of projects, baselines, and snapshots.",sap/byd/odata/ana_businessanalytics_analytics.svc/RPPROPRJU05_Q0007QueryResults
ana_businessanalytics_analytics.svc,RPPROPRJU06_Q0001QueryResults,PROPRJU06,,,sap/byd/odata/ana_businessanalytics_analytics.svc/RPPROPRJU06_Q0001QueryResults
ana_businessanalytics_analytics.svc,RPPROPRJU08_Q0001QueryResults,PROPRJU08,,,sap/byd/odata/ana_businessanalytics_analytics.svc/RPPROPRJU08_Q0001QueryResults
ana_businessanalytics_analytics.svc,RPPROPRJ_B02_Q0001QueryResults,PROPRJ_B02,,,sap/byd/odata/ana_businessanalytics_analytics.svc/RPPROPRJ_B02_Q0001QueryResults
ana_businessanalytics_analytics.svc,RPPROPRJ_U01_Q0001QueryResults,PROPRJ_U01,Project Snapshots,Provides all relevant snapshot-related data.,sap/byd/odata/ana_businessanalytics_analytics.svc/RPPROPRJ_U01_Q0001QueryResults
ana_businessanalytics_analytics.svc,RPPROPRJ_U02_Q0001QueryResults,PROPRJ_U02,Projects,Provides all relevant project-related data.,sap/byd/odata/ana_businessanalytics_analytics.svc/RPPROPRJ_U02_Q0001QueryResults
ana_businessanalytics_analytics.svc,RPPROPSCR_U01_Q0001QueryResults,PROPSCR_U01,,,sap/byd/odata/ana_businessanalytics_analytics.svc/RPPROPSCR_U01_Q0001QueryResults
ana_businessanalytics_analytics.svc,RPPROPSN_B02_Q0001QueryResults,PROPSN_B02,,,sap/byd/odata/ana_businessanalytics_analytics.svc/RPPROPSN_B02_Q0001QueryResults
ana_businessanalytics_analytics.svc,RPPROPSN_U01_Q0001QueryResults,PROPSN_U01,,,sap/byd/odata/ana_businessanalytics_analytics.svc/RPPROPSN_U01_Q0001QueryResults
ana_businessanalytics_analytics.svc,RPPROPSN_U02_Q0001QueryResults,PROPSN_U02,,,sap/byd/odata/ana_businessanalytics_analytics.svc/RPPROPSN_U02_Q0001QueryResults
ana_businessanalytics_analytics.svc,RPPROPSO_B01_Q0001QueryResults,PROPSO_B01,,,sap/byd/odata/ana_businessanalytics_analytics.svc/RPPROPSO_B01_Q0001QueryResults
ana_businessanalytics_analytics.svc,RPPROPSO_B03_Q0001QueryResults,PROPSO_B03,,,sap/byd/odata/ana_businessanalytics_analytics.svc/RPPROPSO_B03_Q0001QueryResults
ana_businessanalytics_analytics.svc,RPPROPSO_U02_Q0001QueryResults,PROPSO_U02,,,sap/byd/odata/ana_businessanalytics_analytics.svc/RPPROPSO_U02_Q0001QueryResults
ana_businessanalytics_analytics.svc,RPPROPTP_B01_Q0001QueryResults,PROPTP_B01,,,sap/byd/odata/ana_businessanalytics_analytics.svc/RPPROPTP_B01_Q0001QueryResults
ana_businessanalytics_analytics.svc,RPSCMCDU01_Q0001QueryResults,SCMCDU01,Customer Demand Details,"Provides the details of all customer demands from various sources like sales order, service order, stock transfer order & project stock order.",sap/byd/odata/ana_businessanalytics_analytics.svc/RPSCMCDU01_Q0001QueryResults
ana_businessanalytics_analytics.svc,RPSCMCFJU01_Q0001QueryResults,SCMCFJU01,Confirmation Journal,"Provides transaction data related to inventory changes and inventory movements, including goods issues/receipts/movements. It also shows changes to inventory as a result of confirmed warehouse and production tasks.",sap/byd/odata/ana_businessanalytics_analytics.svc/RPSCMCFJU01_Q0001QueryResults
ana_businessanalytics_analytics.svc,RPSCMCIDB03_Q0001QueryResults,SCMCIDB03,Inbound Delivery Item Details,"Provides transaction data of inbound delivery documents, including product items, quantities, identified stock, product requirement specifications and status information.",sap/byd/odata/ana_businessanalytics_analytics.svc/RPSCMCIDB03_Q0001QueryResults
ana_businessanalytics_analytics.svc,RPSCMINBU01_Q0001QueryResults,SCMINBU01,,,sap/byd/odata/ana_businessanalytics_analytics.svc/RPSCMINBU01_Q0001QueryResults
ana_businessanalytics_analytics.svc,RPSCMINBU02_Q0001QueryResults,SCMINBU02,,,sap/byd/odata/ana_businessanalytics_analytics.svc/RPSCMINBU02_Q0001QueryResults
ana_businessanalytics_analytics.svc,RPSCMINBU03_Q0001QueryResults,SCMINBU03,Inventory Balance,The Inventory Balance report provides details of the user’s opening and ending balance of inventory at a location and logistics area. It also shows details of incoming and outgoing inventory over a defined period of time.,sap/byd/odata/ana_businessanalytics_analytics.svc/RPSCMINBU03_Q0001QueryResults
ana_businessanalytics_analytics.svc,RPSCMINBU04_Q0001QueryResults,SCMINBU04,Inventory Balance Details,Shows details of confirmations relating to inventory over a given period of time.,sap/byd/odata/ana_businessanalytics_analytics.svc/RPSCMINBU04_Q0001QueryResults
ana_businessanalytics_analytics.svc,RPSCMINVAGV04_Q0001QueryResults,SCMINVAGV04,Inventory Ageing,,sap/byd/odata/ana_businessanalytics_analytics.svc/RPSCMINVAGV04_Q0001QueryResults
ana_businessanalytics_analytics.svc,RPSCMINVAGV05_Q0001QueryResults,SCMINVAGV05,Inventory Ageing for Predelivered Stock,,sap/byd/odata/ana_businessanalytics_analytics.svc/RPSCMINVAGV05_Q0001QueryResults
ana_businessanalytics_analytics.svc,RPSCMINVV02_Q0001QueryResults,SCMINVV02,Stock Overview,,sap/byd/odata/ana_businessanalytics_analytics.svc/RPSCMINVV02_Q0001QueryResults
ana_businessanalytics_analytics.svc,RPSCMOBDB04_Q0001QueryResults,SCMOBDB04,Outbound Delivery Item Party Details,Outbound Delivery Item Party Details,sap/byd/odata/ana_businessanalytics_analytics.svc/RPSCMOBDB04_Q0001QueryResults
ana_businessanalytics_analytics.svc,RPSCMODPB01_OTIFQueryResults,,,,sap/byd/odata/ana_businessanalytics_analytics.svc/RPSCMODPB01_OTIFQueryResults
ana_businessanalytics_analytics.svc,RPSCMODPB01_Q0001QueryResults,SCMODPB01,Outbound Delivery Performance Details,"Provides transaction data of outbound delivery documents, including order ID, product, account, sales unit, and ship-from site ID.",sap/byd/odata/ana_businessanalytics_analytics.svc/RPSCMODPB01_Q0001QueryResults
ana_businessanalytics_analytics.svc,RPSCMODPB01_Q0002QueryResults,SCMODPB01,Outbound Delivery Performance Details,"Provides transaction data of outbound delivery documents, including order ID, product, account, sales unit, and ship-from site ID.",sap/byd/odata/ana_businessanalytics_analytics.svc/RPSCMODPB01_Q0002QueryResults
ana_businessanalytics_analytics.svc,RPSCMODPB01_Q0003QueryResults,SCMODPB01,Outbound Delivery Performance Details,"Provides transaction data of outbound delivery documents, including order ID, product, account, sales unit, and ship-from site ID.",sap/byd/odata/ana_businessanalytics_analytics.svc/RPSCMODPB01_Q0003QueryResults
ana_businessanalytics_analytics.svc,RPSCMODPB01_Q0004QueryResults,SCMODPB01,Outbound Delivery Performance Details,"Provides transaction data of outbound delivery documents, including order ID, product, account, sales unit, and ship-from site ID.",sap/byd/odata/ana_businessanalytics_analytics.svc/RPSCMODPB01_Q0004QueryResults
ana_businessanalytics_analytics.svc,RPSCMODPB01_Q0005QueryResults,SCMODPB01,Outbound Delivery Performance Details,"Provides transaction data of outbound delivery documents, including order ID, product, account, sales unit, and ship-from site ID.",sap/byd/odata/ana_businessanalytics_analytics.svc/RPSCMODPB01_Q0005QueryResults
ana_businessanalytics_analytics.svc,RPSCMODPB01_Q0008QueryResults,SCMODPB01,Outbound Delivery Performance Details,"Provides transaction data of outbound delivery documents, including order ID, product, account, sales unit, and ship-from site ID.",sap/byd/odata/ana_businessanalytics_analytics.svc/RPSCMODPB01_Q0008QueryResults
ana_businessanalytics_analytics.svc,RPSCMODPB01_Q0010QueryResults,SCMODPB01,Outbound Delivery Performance Details,"Provides transaction data of outbound delivery documents, including order ID, product, account, sales unit, and ship-from site ID.",sap/byd/odata/ana_businessanalytics_analytics.svc/RPSCMODPB01_Q0010QueryResults
ana_businessanalytics_analytics.svc,RPSCMODPB01_Q0020QueryResults,SCMODPB01,Outbound Delivery Performance Details,"Provides transaction data of outbound delivery documents, including order ID, product, account, sales unit, and ship-from site ID.",sap/byd/odata/ana_businessanalytics_analytics.svc/RPSCMODPB01_Q0020QueryResults
ana_businessanalytics_analytics.svc,RPSCMPIV01_Q0001QueryResults,SCMPIV01,Physical Inventory Count Items,,sap/byd/odata/ana_businessanalytics_analytics.svc/RPSCMPIV01_Q0001QueryResults
ana_businessanalytics_analytics.svc,RPSCMPOHDROPU01_Q0001QueryResults,SCMPOHDROPU01,Production Order By Header Output Products,,sap/byd/odata/ana_businessanalytics_analytics.svc/RPSCMPOHDROPU01_Q0001QueryResults
ana_businessanalytics_analytics.svc,RPSCMPOHDROPU02_Q0001QueryResults,SCMPOHDROPU02,Production Orders/Lot: Dates and Quantities,Production Orders/Lot: Dates and Quantities,sap/byd/odata/ana_businessanalytics_analytics.svc/RPSCMPOHDROPU02_Q0001QueryResults
ana_businessanalytics_analytics.svc,RPSCMPPTU01_Q0001QueryResults,SCMPPTU01,Production Processing Times,Provides transaction data of planned and actual processing times of production orders.,sap/byd/odata/ana_businessanalytics_analytics.svc/RPSCMPPTU01_Q0001QueryResults
ana_businessanalytics_analytics.svc,RPSCMPRFU01_Q0001QueryResults,SCMPRFU01,Production Request Fulfillment,"Provides transaction data of production request fulfillment, including planned and actual quantities, and dates.",sap/byd/odata/ana_businessanalytics_analytics.svc/RPSCMPRFU01_Q0001QueryResults
ana_businessanalytics_analytics.svc,RPSCMPRFU01_Q0002QueryResults,SCMPRFU01,Production Request Fulfillment,"Provides transaction data of production request fulfillment, including planned and actual quantities, and dates.",sap/byd/odata/ana_businessanalytics_analytics.svc/RPSCMPRFU01_Q0002QueryResults
ana_businessanalytics_analytics.svc,RPSCMYASU01_Q0001QueryResults,SCMYASU01,Yield & Scrap,Provides transaction data of planned and actual scrap of production orders.,sap/byd/odata/ana_businessanalytics_analytics.svc/RPSCMYASU01_Q0001QueryResults
ana_businessanalytics_analytics.svc,RPSCMYASU01_Q0002QueryResults,SCMYASU01,Yield & Scrap,Provides transaction data of planned and actual scrap of production orders.,sap/byd/odata/ana_businessanalytics_analytics.svc/RPSCMYASU01_Q0002QueryResults
ana_businessanalytics_analytics.svc,RPSERVICE_Q0001QueryResults,SERVICE,Service Master Data,"Provides service master data, including identification, description, quantity, product category, and system administration data.",sap/byd/odata/ana_businessanalytics_analytics.svc/RPSERVICE_Q0001QueryResults
ana_businessanalytics_analytics.svc,RPSERVICE_Q0002QueryResults,SERVICE,Service Master Data,"Provides service master data, including identification, description, quantity, product category, and system administration data.",sap/byd/odata/ana_businessanalytics_analytics.svc/RPSERVICE_Q0002QueryResults
ana_businessanalytics_analytics.svc,RPSRMCT_B03_Q0001QueryResults,SRMCT_B03,Purchasing Contract Item Release,"Provides transaction data of released items in a purchasing contract, including contract details, supplier information, contract item details, value, quantity, and status.",sap/byd/odata/ana_businessanalytics_analytics.svc/RPSRMCT_B03_Q0001QueryResults
ana_businessanalytics_analytics.svc,RPSRMCT_B04_Q0001QueryResults,SRMCT_B04,,,sap/byd/odata/ana_businessanalytics_analytics.svc/RPSRMCT_B04_Q0001QueryResults
ana_businessanalytics_analytics.svc,RPSRMCT_U01_Q0001QueryResults,SRMCT_U01,Purchasing Contract Analysis,"Provides transaction data of items in a purchasing contract, including contract details, supplier information, contract item details, value, quantity, and status. It also provides the contract item's Release details like release document, release quantity, release value and release date.",sap/byd/odata/ana_businessanalytics_analytics.svc/RPSRMCT_U01_Q0001QueryResults
ana_businessanalytics_analytics.svc,RPSRMCT_U01_Q0002QueryResults,SRMCT_U01,Purchasing Contract Analysis,"Provides transaction data of items in a purchasing contract, including contract details, supplier information, contract item details, value, quantity, and status. It also provides the contract item's Release details like release document, release quantity, release value and release date.",sap/byd/odata/ana_businessanalytics_analytics.svc/RPSRMCT_U01_Q0002QueryResults
ana_businessanalytics_analytics.svc,RPSRMGR_B02_Q0001QueryResults,SRMGR_B02,Goods Receipt Item Details,"Provides transaction data of goods receipt items, including the net value, the quantity, the product, and the transaction date.",sap/byd/odata/ana_businessanalytics_analytics.svc/RPSRMGR_B02_Q0001QueryResults
ana_businessanalytics_analytics.svc,RPSRMGR_U04_Q0001QueryResults,SRMGR_U04,,,sap/byd/odata/ana_businessanalytics_analytics.svc/RPSRMGR_U04_Q0001QueryResults
ana_businessanalytics_analytics.svc,RPSRMIR_B02_Q0001QueryResults,SRMIR_B02,Shopping Cart Item Details,"Provides transaction data of shopping cart items, including the net value, the quantity, the product, the status, the requester, and the approver.",sap/byd/odata/ana_businessanalytics_analytics.svc/RPSRMIR_B02_Q0001QueryResults
ana_businessanalytics_analytics.svc,RPSRMIR_U03_Q0001QueryResults,SRMIR_U03,,,sap/byd/odata/ana_businessanalytics_analytics.svc/RPSRMIR_U03_Q0001QueryResults
ana_businessanalytics_analytics.svc,RPSRMIVT_U01_Q0001QueryResults,SRMIVT_U01,,,sap/byd/odata/ana_businessanalytics_analytics.svc/RPSRMIVT_U01_Q0001QueryResults
ana_businessanalytics_analytics.svc,RPSRMIV_B03_MQ0003QueryResults,SRMIV_B03,Supplier Invoice Item Details,"Provides transaction data of supplier invoice items, such as the net value, quantity, and the cost center.",sap/byd/odata/ana_businessanalytics_analytics.svc/RPSRMIV_B03_MQ0003QueryResults
ana_businessanalytics_analytics.svc,RPSRMIV_B03_MQ0004QueryResults,SRMIV_B03,Supplier Invoice Item Details,"Provides transaction data of supplier invoice items, such as the net value, quantity, and the cost center.",sap/byd/odata/ana_businessanalytics_analytics.svc/RPSRMIV_B03_MQ0004QueryResults
ana_businessanalytics_analytics.svc,RPSRMIV_B03_MQ0022QueryResults,SRMIV_B03,Supplier Invoice Item Details,"Provides transaction data of supplier invoice items, such as the net value, quantity, and the cost center.",sap/byd/odata/ana_businessanalytics_analytics.svc/RPSRMIV_B03_MQ0022QueryResults
ana_businessanalytics_analytics.svc,RPSRMIV_B03_Q0001QueryResults,SRMIV_B03,Supplier Invoice Item Details,"Provides transaction data of supplier invoice items, such as the net value, quantity, and the cost center.",sap/byd/odata/ana_businessanalytics_analytics.svc/RPSRMIV_B03_Q0001QueryResults
ana_businessanalytics_analytics.svc,RPSRMIV_B03_Q0002QueryResults,SRMIV_B03,Supplier Invoice Item Details,"Provides transaction data of supplier invoice items, such as the net value, quantity, and the cost center.",sap/byd/odata/ana_businessanalytics_analytics.svc/RPSRMIV_B03_Q0002QueryResults
ana_businessanalytics_analytics.svc,RPSRMIV_B03_Q0003QueryResults,SRMIV_B03,Supplier Invoice Item Details,"Provides transaction data of supplier invoice items, such as the net value, quantity, and the cost center.",sap/byd/odata/ana_businessanalytics_analytics.svc/RPSRMIV_B03_Q0003QueryResults
ana_businessanalytics_analytics.svc,RPSRMIV_B03_Q0004QueryResults,SRMIV_B03,Supplier Invoice Item Details,"Provides transaction data of supplier invoice items, such as the net value, quantity, and the cost center.",sap/byd/odata/ana_businessanalytics_analytics.svc/RPSRMIV_B03_Q0004QueryResults
ana_businessanalytics_analytics.svc,RPSRMIV_B03_Q0005QueryResults,SRMIV_B03,Supplier Invoice Item Details,"Provides transaction data of supplier invoice items, such as the net value, quantity, and the cost center.",sap/byd/odata/ana_businessanalytics_analytics.svc/RPSRMIV_B03_Q0005QueryResults
ana_businessanalytics_analytics.svc,RPSRMIV_B03_Q0006QueryResults,SRMIV_B03,Supplier Invoice Item Details,"Provides transaction data of supplier invoice items, such as the net value, quantity, and the cost center.",sap/byd/odata/ana_businessanalytics_analytics.svc/RPSRMIV_B03_Q0006QueryResults
ana_businessanalytics_analytics.svc,RPSRMIV_B03_Q0007QueryResults,SRMIV_B03,Supplier Invoice Item Details,"Provides transaction data of supplier invoice items, such as the net value, quantity, and the cost center.",sap/byd/odata/ana_businessanalytics_analytics.svc/RPSRMIV_B03_Q0007QueryResults
ana_businessanalytics_analytics.svc,RPSRMIV_B03_Q0008QueryResults,SRMIV_B03,Supplier Invoice Item Details,"Provides transaction data of supplier invoice items, such as the net value, quantity, and the cost center.",sap/byd/odata/ana_businessanalytics_analytics.svc/RPSRMIV_B03_Q0008QueryResults
ana_businessanalytics_analytics.svc,RPSRMIV_B03_Q0009QueryResults,SRMIV_B03,Supplier Invoice Item Details,"Provides transaction data of supplier invoice items, such as the net value, quantity, and the cost center.",sap/byd/odata/ana_businessanalytics_analytics.svc/RPSRMIV_B03_Q0009QueryResults
ana_businessanalytics_analytics.svc,RPSRMIV_B03_Q0010QueryResults,SRMIV_B03,Supplier Invoice Item Details,"Provides transaction data of supplier invoice items, such as the net value, quantity, and the cost center.",sap/byd/odata/ana_businessanalytics_analytics.svc/RPSRMIV_B03_Q0010QueryResults
ana_businessanalytics_analytics.svc,RPSRMIV_B03_Q0011QueryResults,SRMIV_B03,Supplier Invoice Item Details,"Provides transaction data of supplier invoice items, such as the net value, quantity, and the cost center.",sap/byd/odata/ana_businessanalytics_analytics.svc/RPSRMIV_B03_Q0011QueryResults
ana_businessanalytics_analytics.svc,RPSRMIV_B03_Q0012QueryResults,SRMIV_B03,Supplier Invoice Item Details,"Provides transaction data of supplier invoice items, such as the net value, quantity, and the cost center.",sap/byd/odata/ana_businessanalytics_analytics.svc/RPSRMIV_B03_Q0012QueryResults
ana_businessanalytics_analytics.svc,RPSRMIV_B03_Q0013QueryResults,SRMIV_B03,Supplier Invoice Item Details,"Provides transaction data of supplier invoice items, such as the net value, quantity, and the cost center.",sap/byd/odata/ana_businessanalytics_analytics.svc/RPSRMIV_B03_Q0013QueryResults
ana_businessanalytics_analytics.svc,RPSRMIV_B03_Q0014QueryResults,SRMIV_B03,Supplier Invoice Item Details,"Provides transaction data of supplier invoice items, such as the net value, quantity, and the cost center.",sap/byd/odata/ana_businessanalytics_analytics.svc/RPSRMIV_B03_Q0014QueryResults
ana_businessanalytics_analytics.svc,RPSRMIV_B03_Q0015QueryResults,SRMIV_B03,Supplier Invoice Item Details,"Provides transaction data of supplier invoice items, such as the net value, quantity, and the cost center.",sap/byd/odata/ana_businessanalytics_analytics.svc/RPSRMIV_B03_Q0015QueryResults
ana_businessanalytics_analytics.svc,RPSRMIV_B03_Q0016QueryResults,SRMIV_B03,Supplier Invoice Item Details,"Provides transaction data of supplier invoice items, such as the net value, quantity, and the cost center.",sap/byd/odata/ana_businessanalytics_analytics.svc/RPSRMIV_B03_Q0016QueryResults
ana_businessanalytics_analytics.svc,RPSRMIV_B03_Q0020QueryResults,SRMIV_B03,Supplier Invoice Item Details,"Provides transaction data of supplier invoice items, such as the net value, quantity, and the cost center.",sap/byd/odata/ana_businessanalytics_analytics.svc/RPSRMIV_B03_Q0020QueryResults
ana_businessanalytics_analytics.svc,RPSRMIV_B03_Q0022QueryResults,SRMIV_B03,Supplier Invoice Item Details,"Provides transaction data of supplier invoice items, such as the net value, quantity, and the cost center.",sap/byd/odata/ana_businessanalytics_analytics.svc/RPSRMIV_B03_Q0022QueryResults
ana_businessanalytics_analytics.svc,RPSRMIV_B03_Q0023QueryResults,SRMIV_B03,Supplier Invoice Item Details,"Provides transaction data of supplier invoice items, such as the net value, quantity, and the cost center.",sap/byd/odata/ana_businessanalytics_analytics.svc/RPSRMIV_B03_Q0023QueryResults
ana_businessanalytics_analytics.svc,RPSRMIV_U03_Q0001QueryResults,SRMIV_U03,,,sap/byd/odata/ana_businessanalytics_analytics.svc/RPSRMIV_U03_Q0001QueryResults
ana_businessanalytics_analytics.svc,RPSRMIV_UDC_Q0001QueryResults,SRMIV_UDC,Spend per Product,Provides an overview of the total costs (with additional costs) of supplier invoices per product and supplier.,sap/byd/odata/ana_businessanalytics_analytics.svc/RPSRMIV_UDC_Q0001QueryResults
ana_businessanalytics_analytics.svc,RPSRMIX_U01_Q0001QueryResults,SRMIX_U01,Supplier Invoice and Supplier Invoice Exception Analysis,"Provides transaction data about the invoices with exceptions, the corresponding invoice values, the percent of invoices and invoice values with exceptions, and the number of exceptions as well as the kind of exception.",sap/byd/odata/ana_businessanalytics_analytics.svc/RPSRMIX_U01_Q0001QueryResults
ana_businessanalytics_analytics.svc,RPSRMLCA_B01_Q0001QueryResults,SRMLCA_B01,Landed Cost Allocation Details,"Provides allocation document details such as allocation document ID, item ID, status, type, landed cost component, category, product ID, supplier, service provider, landed cost invoice, invoice posting date, invoice status, purchase order, purchase order currency, actual delivery date, planned amount, allocated amount, delivery quantity, gross weight, gross volume, allocated total invoice amount and allocated total credit memo amount.",sap/byd/odata/ana_businessanalytics_analytics.svc/RPSRMLCA_B01_Q0001QueryResults
ana_businessanalytics_analytics.svc,RPSRMPO_B02_MQ0009QueryResults,SRMPO_B02,Purchase Order Item Details,"Provides transaction data of purchase order items, including the net value, the quantity, the delivery date, and the ordering date.",sap/byd/odata/ana_businessanalytics_analytics.svc/RPSRMPO_B02_MQ0009QueryResults
ana_businessanalytics_analytics.svc,RPSRMPO_B02_Q0001QueryResults,SRMPO_B02,Purchase Order Item Details,"Provides transaction data of purchase order items, including the net value, the quantity, the delivery date, and the ordering date.",sap/byd/odata/ana_businessanalytics_analytics.svc/RPSRMPO_B02_Q0001QueryResults
ana_businessanalytics_analytics.svc,RPSRMPO_B02_Q0002QueryResults,SRMPO_B02,Purchase Order Item Details,"Provides transaction data of purchase order items, including the net value, the quantity, the delivery date, and the ordering date.",sap/byd/odata/ana_businessanalytics_analytics.svc/RPSRMPO_B02_Q0002QueryResults
ana_businessanalytics_analytics.svc,RPSRMPO_B02_Q0003QueryResults,SRMPO_B02,Purchase Order Item Details,"Provides transaction data of purchase order items, including the net value, the quantity, the delivery date, and the ordering date.",sap/byd/odata/ana_businessanalytics_analytics.svc/RPSRMPO_B02_Q0003QueryResults
ana_businessanalytics_analytics.svc,RPSRMPO_B02_Q0004QueryResults,SRMPO_B02,Purchase Order Item Details,"Provides transaction data of purchase order items, including the net value, the quantity, the delivery date, and the ordering date.",sap/byd/odata/ana_businessanalytics_analytics.svc/RPSRMPO_B02_Q0004QueryResults
ana_businessanalytics_analytics.svc,RPSRMPO_B02_Q0005QueryResults,SRMPO_B02,Purchase Order Item Details,"Provides transaction data of purchase order items, including the net value, the quantity, the delivery date, and the ordering date.",sap/byd/odata/ana_businessanalytics_analytics.svc/RPSRMPO_B02_Q0005QueryResults
ana_businessanalytics_analytics.svc,RPSRMPO_B02_Q0006QueryResults,SRMPO_B02,Purchase Order Item Details,"Provides transaction data of purchase order items, including the net value, the quantity, the delivery date, and the ordering date.",sap/byd/odata/ana_businessanalytics_analytics.svc/RPSRMPO_B02_Q0006QueryResults
ana_businessanalytics_analytics.svc,RPSRMPO_B02_Q0007QueryResults,SRMPO_B02,Purchase Order Item Details,"Provides transaction data of purchase order items, including the net value, the quantity, the delivery date, and the ordering date.",sap/byd/odata/ana_businessanalytics_analytics.svc/RPSRMPO_B02_Q0007QueryResults
ana_businessanalytics_analytics.svc,RPSRMPO_B02_Q0009QueryResults,SRMPO_B02,Purchase Order Item Details,"Provides transaction data of purchase order items, including the net value, the quantity, the delivery date, and the ordering date.",sap/byd/odata/ana_businessanalytics_analytics.svc/RPSRMPO_B02_Q0009QueryResults
ana_businessanalytics_analytics.svc,RPSRMPO_B03_Q0001QueryResults,SRMPO_B03,Purchase Order Account Assignment,"Provides transaction data of the purchase orders created per account assignment, including the net value, the quantity, the ordering date, and the account assignment.",sap/byd/odata/ana_businessanalytics_analytics.svc/RPSRMPO_B03_Q0001QueryResults
ana_businessanalytics_analytics.svc,RPSRMPO_REM_B01_Q0001QueryResults,SRMPO_REM_B01,PO Reminder Letter Proposal Details,"Provide details for PO Reminder Letter Proposals for eg. Proposal ID, Proposal Date, Purchase order, Purchase order item details like ordered and open qty.",sap/byd/odata/ana_businessanalytics_analytics.svc/RPSRMPO_REM_B01_Q0001QueryResults
ana_businessanalytics_analytics.svc,RPSRMPO_U01_Q0001QueryResults,SRMPO_U01,Purchase Order Items with Extended Tracking Details,Purchase Order Items with Extended Tracking Details,sap/byd/odata/ana_businessanalytics_analytics.svc/RPSRMPO_U01_Q0001QueryResults
ana_businessanalytics_analytics.svc,RPSRMPO_U02_Q0001QueryResults,SRMPO_U02,Purchase Order Delivery Reliability,Purchase Order Delivery Reliability,sap/byd/odata/ana_businessanalytics_analytics.svc/RPSRMPO_U02_Q0001QueryResults
ana_businessanalytics_analytics.svc,RPSRMPO_U06_Q0001QueryResults,SRMPO_U06,,,sap/byd/odata/ana_businessanalytics_analytics.svc/RPSRMPO_U06_Q0001QueryResults
ana_businessanalytics_analytics.svc,RPSRMPRC_B01_SCALES_REPORTQueryResults,,,,sap/byd/odata/ana_businessanalytics_analytics.svc/RPSRMPRC_B01_SCALES_REPORTQueryResults
ana_businessanalytics_analytics.svc,RPSRMPR_B02_Q0001QueryResults,SRMPR_B02,Purchase Request Item Details,"Provides transaction data of purchase request items, including the requester, the net value, the quantity, the creation date, and the delivery date.",sap/byd/odata/ana_businessanalytics_analytics.svc/RPSRMPR_B02_Q0001QueryResults
ana_businessanalytics_analytics.svc,RPSRMPR_B03_Q0001QueryResults,SRMPR_B03,Purchase Request Account Assignment,"Provides transaction data of the purchase requests created per account assignment, including the net value, the quantity, the ordering date, and the account assignment.",sap/byd/odata/ana_businessanalytics_analytics.svc/RPSRMPR_B03_Q0001QueryResults
ana_businessanalytics_analytics.svc,RPSRMPR_B04_Q0001QueryResults,SRMPR_B04,Purchase Request Fullfillment,Provides transaction data of the purchase request items and purchase order items to evaluate the fulfillment.,sap/byd/odata/ana_businessanalytics_analytics.svc/RPSRMPR_B04_Q0001QueryResults
ana_businessanalytics_analytics.svc,RPSRMPR_B04_Q0002QueryResults,SRMPR_B04,Purchase Request Fullfillment,Provides transaction data of the purchase request items and purchase order items to evaluate the fulfillment.,sap/byd/odata/ana_businessanalytics_analytics.svc/RPSRMPR_B04_Q0002QueryResults
ana_businessanalytics_analytics.svc,RPSRMPR_U04_Q0001QueryResults,SRMPR_U04,,,sap/byd/odata/ana_businessanalytics_analytics.svc/RPSRMPR_U04_Q0001QueryResults
ana_businessanalytics_analytics.svc,RPSRMQT_B03_Q0001QueryResults,SRMQT_B03,,,sap/byd/odata/ana_businessanalytics_analytics.svc/RPSRMQT_B03_Q0001QueryResults
ana_businessanalytics_analytics.svc,RPSRMRQ_U03_Q0001QueryResults,SRMRQ_U03,,,sap/byd/odata/ana_businessanalytics_analytics.svc/RPSRMRQ_U03_Q0001QueryResults
ana_businessanalytics_analytics.svc,RPSRMRTS_B01_Q0001QueryResults,SRMRTS_B01,Return to Suppliers,"Provides transaction data of return to suppliers, including the product, the supplier, the site, the quantity and other information.",sap/byd/odata/ana_businessanalytics_analytics.svc/RPSRMRTS_B01_Q0001QueryResults
ana_businessanalytics_analytics.svc,RPSRMRTS_B02_Q0001QueryResults,SRMRTS_B02,,,sap/byd/odata/ana_businessanalytics_analytics.svc/RPSRMRTS_B02_Q0001QueryResults
ana_businessanalytics_analytics.svc,RPTLM_TENANT_HISTORY_Q0001QueryResults,TLM_TENANT_HISTORY,Software History,"Provides data about the entire system history of your tenant, including change data, product version data, patches, and support packages.",sap/byd/odata/ana_businessanalytics_analytics.svc/RPTLM_TENANT_HISTORY_Q0001QueryResults
ana_businessanalytics_analytics.svc,RPWKTLC_V01_Q0001QueryResults,WKTLC_V01,,,sap/byd/odata/ana_businessanalytics_analytics.svc/RPWKTLC_V01_Q0001QueryResults
ana_businessanalytics_analytics.svc,RPZ0843E0738E18E14B957ABAQueryResults,,,,sap/byd/odata/ana_businessanalytics_analytics.svc/RPZ0843E0738E18E14B957ABAQueryResults
ana_businessanalytics_analytics.svc,RPZ08728CC577B1A0614CF22AQueryResults,,,,sap/byd/odata/ana_businessanalytics_analytics.svc/RPZ08728CC577B1A0614CF22AQueryResults
ana_businessanalytics_analytics.svc,RPZ128140802017DA42D67A1EQueryResults,,,,sap/byd/odata/ana_businessanalytics_analytics.svc/RPZ128140802017DA42D67A1EQueryResults
ana_businessanalytics_analytics.svc,RPZ14C8BED0B9A05B96E8A1BFQueryResults,,,,sap/byd/odata/ana_businessanalytics_analytics.svc/RPZ14C8BED0B9A05B96E8A1BFQueryResults
ana_businessanalytics_analytics.svc,RPZ1778899EF1B342F122CE4AQueryResults,,,,sap/byd/odata/ana_businessanalytics_analytics.svc/RPZ1778899EF1B342F122CE4AQueryResults
ana_businessanalytics_analytics.svc,RPZ1C36B99C18B05F6AE381A7QueryResults,,,,sap/byd/odata/ana_businessanalytics_analytics.svc/RPZ1C36B99C18B05F6AE381A7QueryResults
ana_businessanalytics_analytics.svc,RPZ22AC851649A1815D062EB1QueryResults,,,,sap/byd/odata/ana_businessanalytics_analytics.svc/RPZ22AC851649A1815D062EB1QueryResults
ana_businessanalytics_analytics.svc,RPZ2589F9143EEF46682A7D71QueryResults,,,,sap/byd/odata/ana_businessanalytics_analytics.svc/RPZ2589F9143EEF46682A7D71QueryResults
ana_businessanalytics_analytics.svc,RPZ469C3A760430F4A59CD3B3QueryResults,,,,sap/byd/odata/ana_businessanalytics_analytics.svc/RPZ469C3A760430F4A59CD3B3QueryResults
ana_businessanalytics_analytics.svc,RPZ4CF1D6D6EA37970826D8C7QueryResults,,,,sap/byd/odata/ana_businessanalytics_analytics.svc/RPZ4CF1D6D6EA37970826D8C7QueryResults
ana_businessanalytics_analytics.svc,RPZ539EFA0BB6A584FD7CF726QueryResults,,,,sap/byd/odata/ana_businessanalytics_analytics.svc/RPZ539EFA0BB6A584FD7CF726QueryResults
ana_businessanalytics_analytics.svc,RPZ6A4FFB0DA9479588382B8BQueryResults,,,,sap/byd/odata/ana_businessanalytics_analytics.svc/RPZ6A4FFB0DA9479588382B8BQueryResults
ana_businessanalytics_analytics.svc,RPZ7D824287131166F8687FBAQueryResults,,,,sap/byd/odata/ana_businessanalytics_analytics.svc/RPZ7D824287131166F8687FBAQueryResults
ana_businessanalytics_analytics.svc,RPZ8514765B2E9BF4799B2070QueryResults,,,,sap/byd/odata/ana_businessanalytics_analytics.svc/RPZ8514765B2E9BF4799B2070QueryResults
ana_businessanalytics_analytics.svc,RPZ88A65D8D097098ACE95F4EQueryResults,,,,sap/byd/odata/ana_businessanalytics_analytics.svc/RPZ88A65D8D097098ACE95F4EQueryResults
ana_businessanalytics_analytics.svc,RPZ952EEB3685BCB558384E6BQueryResults,,,,sap/byd/odata/ana_businessanalytics_analytics.svc/RPZ952EEB3685BCB558384E6BQueryResults
ana_businessanalytics_analytics.svc,RPZ999408EE5BC768ED042D88QueryResults,,,,sap/byd/odata/ana_businessanalytics_analytics.svc/RPZ999408EE5BC768ED042D88QueryResults
ana_businessanalytics_analytics.svc,RPZAB1AA1249A82FA0DDCEA01QueryResults,,,,sap/byd/odata/ana_businessanalytics_analytics.svc/RPZAB1AA1249A82FA0DDCEA01QueryResults
ana_businessanalytics_analytics.svc,RPZB1C495C0A042D759393426QueryResults,,,,sap/byd/odata/ana_businessanalytics_analytics.svc/RPZB1C495C0A042D759393426QueryResults
ana_businessanalytics_analytics.svc,RPZC1DCF881A0CE904197CC5EQueryResults,,,,sap/byd/odata/ana_businessanalytics_analytics.svc/RPZC1DCF881A0CE904197CC5EQueryResults
ana_businessanalytics_analytics.svc,RPZC4B89D5C78BAE0066C8AD9QueryResults,,,,sap/byd/odata/ana_businessanalytics_analytics.svc/RPZC4B89D5C78BAE0066C8AD9QueryResults
ana_businessanalytics_analytics.svc,RPZCFBEBBB87D042BC2D3319BQueryResults,,,,sap/byd/odata/ana_businessanalytics_analytics.svc/RPZCFBEBBB87D042BC2D3319BQueryResults
ana_businessanalytics_analytics.svc,RPZD24BD9BB603A3990347936QueryResults,,,,sap/byd/odata/ana_businessanalytics_analytics.svc/RPZD24BD9BB603A3990347936QueryResults
ana_businessanalytics_analytics.svc,RPZDA73F35D46B232710419D2QueryResults,,,,sap/byd/odata/ana_businessanalytics_analytics.svc/RPZDA73F35D46B232710419D2QueryResults
ana_businessanalytics_analytics.svc,RPZDB222EB7C2893F737B55DFQueryResults,,,,sap/byd/odata/ana_businessanalytics_analytics.svc/RPZDB222EB7C2893F737B55DFQueryResults
ana_businessanalytics_analytics.svc,RPZDC44C8310DC0C5A4300D59QueryResults,,,,sap/byd/odata/ana_businessanalytics_analytics.svc/RPZDC44C8310DC0C5A4300D59QueryResults
ana_businessanalytics_analytics.svc,RPZE02D7F7EB40980A1CE58D3QueryResults,,,,sap/byd/odata/ana_businessanalytics_analytics.svc/RPZE02D7F7EB40980A1CE58D3QueryResults
ana_businessanalytics_analytics.svc,RPZE0D3E5A0E5B8FF67FD84B4QueryResults,,,,sap/byd/odata/ana_businessanalytics_analytics.svc/RPZE0D3E5A0E5B8FF67FD84B4QueryResults
ana_businessanalytics_analytics.svc,RPZEAA5819F71939D5B1F69BDQueryResults,,,,sap/byd/odata/ana_businessanalytics_analytics.svc/RPZEAA5819F71939D5B1F69BDQueryResults
ana_businessanalytics_analytics.svc,RPZECE48DD8DCE8261F85A055QueryResults,,,,sap/byd/odata/ana_businessanalytics_analytics.svc/RPZECE48DD8DCE8261F85A055QueryResults
ana_businessanalytics_analytics.svc,RPZF70AB789CCCAF90DA70550QueryResults,,,,sap/byd/odata/ana_businessanalytics_analytics.svc/RPZF70AB789CCCAF90DA70550QueryResults
ana_businessanalytics_analytics.svc,RPsDOCsOMDORB01_RPF_01QueryResults,,,,sap/byd/odata/ana_businessanalytics_analytics.svc/RPsDOCsOMDORB01_RPF_01QueryResults
ana_businessanalytics_analytics.svc,RPsDOCsOMDORB02_RPF_01QueryResults,,,,sap/byd/odata/ana_businessanalytics_analytics.svc/RPsDOCsOMDORB02_RPF_01QueryResults
ana_businessanalytics_analytics.svc,RPsITSAMsSAPSRB_Q0001QueryResults,sITSAMsSAPSRB,,,sap/byd/odata/ana_businessanalytics_analytics.svc/RPsITSAMsSAPSRB_Q0001QueryResults
ana_businessanalytics_analytics.svc,RPsITSAMsSAPSRB_Q0002QueryResults,sITSAMsSAPSRB,,,sap/byd/odata/ana_businessanalytics_analytics.svc/RPsITSAMsSAPSRB_Q0002QueryResults
ana_businessanalytics_analytics.svc,RPsITSAMsSAPSRB_Q0003QueryResults,sITSAMsSAPSRB,,,sap/byd/odata/ana_businessanalytics_analytics.svc/RPsITSAMsSAPSRB_Q0003QueryResults
ana_businessanalytics_analytics.svc,RPsITSAMsSAPSRB_Q0005QueryResults,sITSAMsSAPSRB,,,sap/byd/odata/ana_businessanalytics_analytics.svc/RPsITSAMsSAPSRB_Q0005QueryResults
ana_businessanalytics_analytics.svc,RPsITSAMsSAPSRB_Q0006QueryResults,sITSAMsSAPSRB,,,sap/byd/odata/ana_businessanalytics_analytics.svc/RPsITSAMsSAPSRB_Q0006QueryResults
ana_businessanalytics_analytics.svc,RPsSFL0000QsSOAQueryResults,,,,sap/byd/odata/ana_businessanalytics_analytics.svc/RPsSFL0000QsSOAQueryResults
ana_businessanalytics_analytics.svc,RPsSFL0000ZsPTRQueryResults,,,,sap/byd/odata/ana_businessanalytics_analytics.svc/RPsSFL0000ZsPTRQueryResults
ana_businessanalytics_analytics.svc,RPsSFL0000ZsPTR_GQueryResults,,,,sap/byd/odata/ana_businessanalytics_analytics.svc/RPsSFL0000ZsPTR_GQueryResults
ana_businessanalytics_analytics.svc,RPsSFL0000ZsPTR_G_V20QueryResults,,,,sap/byd/odata/ana_businessanalytics_analytics.svc/RPsSFL0000ZsPTR_G_V20QueryResults
ana_businessanalytics_analytics.svc,RPsSFL0000ZsTOOQQueryResults,,,,sap/byd/odata/ana_businessanalytics_analytics.svc/RPsSFL0000ZsTOOQQueryResults
ana_businessanalytics_analytics.svc,RPsSFL0000ZsZGBQYXIBJBEJWCCQueryResults,,,,sap/byd/odata/ana_businessanalytics_analytics.svc/RPsSFL0000ZsZGBQYXIBJBEJWCCQueryResults
ana_businessanalytics_analytics.svc,RPsSFL0001EsD18CDEA7C59504QueryResults,,,,sap/byd/odata/ana_businessanalytics_analytics.svc/RPsSFL0001EsD18CDEA7C59504QueryResults
ana_businessanalytics_analytics.svc,RPsSFL0001UsWLP_IR_REPORTQueryResults,,,,sap/byd/odata/ana_businessanalytics_analytics.svc/RPsSFL0001UsWLP_IR_REPORTQueryResults
ana_businessanalytics_analytics.svc,RPsSFL0002BsTFCASR2QueryResults,,,,sap/byd/odata/ana_businessanalytics_analytics.svc/RPsSFL0002BsTFCASR2QueryResults
bpm_businesspartnerdata_analytics.svc,RPBPCSCARB_Q0001QueryResults,BPCSCARB,Account Collaboration Data,"Provides the collaboration data of an account, including the business document name and the output channel along with data of the related account, such as the account ID, name, and address.",sap/byd/odata/bpm_businesspartnerdata_analytics.svc/RPBPCSCARB_Q0001QueryResults
bpm_businesspartnerdata_analytics.svc,RPBPCSCONTB_Q0001QueryResults,BPCSCONTB,Account Contact Data,"Provides the contacts of a corporate account, including the contact address information and other contact-specific data along with data of the related account, such as the account ID, name, and address.",sap/byd/odata/bpm_businesspartnerdata_analytics.svc/RPBPCSCONTB_Q0001QueryResults
bpm_businesspartnerdata_analytics.svc,RPBPCSRSPB_Q0001QueryResults,BPCSRSPB,Account Responsibility Data,"Provides the employees directly responsible for an account, including the employee ID, name, address, and the party role along with data of the related account, such as the account ID, name, and address.",sap/byd/odata/bpm_businesspartnerdata_analytics.svc/RPBPCSRSPB_Q0001QueryResults
bpm_businesspartnerdata_analytics.svc,RPBPCSRSPEMPTERM_Q0001QueryResults,BPCSRSPEMPTERM,Acc Term Empl,Account with terminated employee responsible,sap/byd/odata/bpm_businesspartnerdata_analytics.svc/RPBPCSRSPEMPTERM_Q0001QueryResults
bpm_businesspartnerdata_analytics.svc,RPBUPATAXNUMBERS_Q0001QueryResults,BUPATAXNUMBERS,,,sap/byd/odata/bpm_businesspartnerdata_analytics.svc/RPBUPATAXNUMBERS_Q0001QueryResults
bpm_businesspartnerdata_analytics.svc,RPBUPCSD_Q0001QueryResults,BUPCSD,,,sap/byd/odata/bpm_businesspartnerdata_analytics.svc/RPBUPCSD_Q0001QueryResults
bpm_businesspartnerdata_analytics.svc,RPBUPSPP_Q0001QueryResults,BUPSPP,,,sap/byd/odata/bpm_businesspartnerdata_analytics.svc/RPBUPSPP_Q0001QueryResults
bpm_businesspartnerdata_analytics.svc,RPBUPSPP_Q0002QueryResults,BUPSPP,,,sap/byd/odata/bpm_businesspartnerdata_analytics.svc/RPBUPSPP_Q0002QueryResults
bpm_businesspartnerdata_analytics.svc,RPFND_SUP_FINDATA_Q0001QueryResults,FND_SUP_FINDATA,Supplier Payment Data,Provides the payment data of a supplier.,sap/byd/odata/bpm_businesspartnerdata_analytics.svc/RPFND_SUP_FINDATA_Q0001QueryResults
cc_home_analytics.svc,RPBPCSCARB_Q0001QueryResults,BPCSCARB,Account Collaboration Data,"Provides the collaboration data of an account, including the business document name and the output channel along with data of the related account, such as the account ID, name, and address.",sap/byd/odata/cc_home_analytics.svc/RPBPCSCARB_Q0001QueryResults
cc_home_analytics.svc,RPBPCSCONTB_Q0001QueryResults,BPCSCONTB,Account Contact Data,"Provides the contacts of a corporate account, including the contact address information and other contact-specific data along with data of the related account, such as the account ID, name, and address.",sap/byd/odata/cc_home_analytics.svc/RPBPCSCONTB_Q0001QueryResults
cc_home_analytics.svc,RPBPCSFINB_Q0001QueryResults,BPCSFINB,Account Financial Data,"Provides the financial data of an account, including the bank data, payment data, and tax data along with data of the related account, such as the account ID, name, and address.",sap/byd/odata/cc_home_analytics.svc/RPBPCSFINB_Q0001QueryResults
cc_home_analytics.svc,RPBPCSRSPB_Q0001QueryResults,BPCSRSPB,Account Responsibility Data,"Provides the employees directly responsible for an account, including the employee ID, name, address, and the party role along with data of the related account, such as the account ID, name, and address.",sap/byd/odata/cc_home_analytics.svc/RPBPCSRSPB_Q0001QueryResults
cc_home_analytics.svc,RPBPCSRSPEMPTERM_Q0001QueryResults,BPCSRSPEMPTERM,Acc Term Empl,Account with terminated employee responsible,sap/byd/odata/cc_home_analytics.svc/RPBPCSRSPEMPTERM_Q0001QueryResults
cc_home_analytics.svc,RPBPSP_PRD_CAT_LIFE_Q00001QueryResults,BPSP_PRD_CAT_LIFE,Supplier Product Category Lifecycle,"Provides details of supplier product category lifecycle data, such as product category, enagement status, market segementation and validity periods.",sap/byd/odata/cc_home_analytics.svc/RPBPSP_PRD_CAT_LIFE_Q00001QueryResults
cc_home_analytics.svc,RPBUPASUPPLIERCOLLB01_Q0001QueryResults,BUPASUPPLIERCOLLB01,Supplier Collaboration Data,"Provides the collaboration data of a supplier, including data of the related supplier, such as the account ID, name, and address.",sap/byd/odata/cc_home_analytics.svc/RPBUPASUPPLIERCOLLB01_Q0001QueryResults
cc_home_analytics.svc,RPBUPATAXNUMBERS_Q0001QueryResults,BUPATAXNUMBERS,,,sap/byd/odata/cc_home_analytics.svc/RPBUPATAXNUMBERS_Q0001QueryResults
cc_home_analytics.svc,RPBUPCSD_Q0001QueryResults,BUPCSD,,,sap/byd/odata/cc_home_analytics.svc/RPBUPCSD_Q0001QueryResults
cc_home_analytics.svc,RPBUPSPP_Q0001QueryResults,BUPSPP,,,sap/byd/odata/cc_home_analytics.svc/RPBUPSPP_Q0001QueryResults
cc_home_analytics.svc,RPBUPSPP_Q0002QueryResults,BUPSPP,,,sap/byd/odata/cc_home_analytics.svc/RPBUPSPP_Q0002QueryResults
cc_home_analytics.svc,RPCCAB01_Q001QueryResults,CCAB01,User - Current Status Details,"Provides data about the current status of users, including assigned work center, work center views, validity dates, and whether the user is inactive.",sap/byd/odata/cc_home_analytics.svc/RPCCAB01_Q001QueryResults
cc_home_analytics.svc,RPCCAB01_Q002QueryResults,CCAB01,User - Current Status Details,"Provides data about the current status of users, including assigned work center, work center views, validity dates, and whether the user is inactive.",sap/byd/odata/cc_home_analytics.svc/RPCCAB01_Q002QueryResults
cc_home_analytics.svc,RPCCAB02_Q001QueryResults,CCAB02,User - Activation Change Documents,"Provides data about the activation change documents for users, including technical ID, whether the user is a technical user or locked, and validity dates.",sap/byd/odata/cc_home_analytics.svc/RPCCAB02_Q001QueryResults
cc_home_analytics.svc,RPCCAB03_Q001QueryResults,CCAB03,User - Access Rights Change Documents,"Provides data about the access rights change documents for users, including changes to the assignment of work centers, work center views, and access rights.",sap/byd/odata/cc_home_analytics.svc/RPCCAB03_Q001QueryResults
cc_home_analytics.svc,RPCCABUSINESS_ROLEQueryResults,,,,sap/byd/odata/cc_home_analytics.svc/RPCCABUSINESS_ROLEQueryResults
cc_home_analytics.svc,RPCCAKTPU01_Q002QueryResults,CCAKTPU01,Knowledge Transfer Learning Data,Provides data about which learning modules employees have passed.,sap/byd/odata/cc_home_analytics.svc/RPCCAKTPU01_Q002QueryResults
cc_home_analytics.svc,RPCCAKTPU01_Q003QueryResults,CCAKTPU01,Knowledge Transfer Learning Data,Provides data about which learning modules employees have passed.,sap/byd/odata/cc_home_analytics.svc/RPCCAKTPU01_Q003QueryResults
cc_home_analytics.svc,RPCCAKTPU01_Q004QueryResults,CCAKTPU01,Knowledge Transfer Learning Data,Provides data about which learning modules employees have passed.,sap/byd/odata/cc_home_analytics.svc/RPCCAKTPU01_Q004QueryResults
cc_home_analytics.svc,RPCCARSODCONFLICTSQueryResults,,,,sap/byd/odata/cc_home_analytics.svc/RPCCARSODCONFLICTSQueryResults
cc_home_analytics.svc,RPCCARURV01_Q001QueryResults,CCARURV01,Report Assignment Details,"Shows the history of the assignment of reports to work centers, including change data, assignment details, and whether access to reports is restricted.",sap/byd/odata/cc_home_analytics.svc/RPCCARURV01_Q001QueryResults
cc_home_analytics.svc,RPCCARUSRLOGQueryResults,,,,sap/byd/odata/cc_home_analytics.svc/RPCCARUSRLOGQueryResults
cc_home_analytics.svc,RPCC_USER_BR_ASSGN_Q0001QueryResults,CC_USER_BR_ASSGN,,,sap/byd/odata/cc_home_analytics.svc/RPCC_USER_BR_ASSGN_Q0001QueryResults
cc_home_analytics.svc,RPCC_VM1_Q0001QueryResults,CC_VM1,,,sap/byd/odata/cc_home_analytics.svc/RPCC_VM1_Q0001QueryResults
cc_home_analytics.svc,RPCC_VM1_Q0002QueryResults,CC_VM1,,,sap/byd/odata/cc_home_analytics.svc/RPCC_VM1_Q0002QueryResults
cc_home_analytics.svc,RPCOMUSGB01QueryResults,,,,sap/byd/odata/cc_home_analytics.svc/RPCOMUSGB01QueryResults
cc_home_analytics.svc,RPCONSGTU01_Q0001QueryResults,CONSGTU01,Customer Consignment Report,"Provides a comprehensive view of the customer consignment quantities, which are open for fill-up, delivered, open for invoicing, invoiced, returned, etc.",sap/byd/odata/cc_home_analytics.svc/RPCONSGTU01_Q0001QueryResults
cc_home_analytics.svc,RPCRMACTU_Q0001QueryResults,CRMACTU,All Activities,Contains all types of activities. It allows you to analyze number and usage of all six activity types.,sap/byd/odata/cc_home_analytics.svc/RPCRMACTU_Q0001QueryResults
cc_home_analytics.svc,RPCRMCCOHHB_Q0001QueryResults,CRMCCOHHB,,,sap/byd/odata/cc_home_analytics.svc/RPCRMCCOHHB_Q0001QueryResults
cc_home_analytics.svc,RPCRMCCOIB01_Q0001QueryResults,CRMCCOIB01,Customer Contract Item,Contains data on the customer contract items.,sap/byd/odata/cc_home_analytics.svc/RPCRMCCOIB01_Q0001QueryResults
cc_home_analytics.svc,RPCRMCCOIB_Q0001QueryResults,CRMCCOIB,Customer Contract Item,Contains data on the customer contract items.,sap/byd/odata/cc_home_analytics.svc/RPCRMCCOIB_Q0001QueryResults
cc_home_analytics.svc,RPCRMCCOIPATCB_Q0001QueryResults,CRMCCOIPATCB,Customer Contract Item with Price Components,"Contains data on the customer contract items , along with details about the price components like price, discount, freight, surcharge, goodwill, warranty, quality loss fee, cost estimate, profit margin. also provides information like is the price component is manullay changed or automatically determined, what prices are proposed by the system and which is the active price, base value of each price component calculation for price, discount, freight, surcharge. Calculation of total discount , total tax value .",sap/byd/odata/cc_home_analytics.svc/RPCRMCCOIPATCB_Q0001QueryResults
cc_home_analytics.svc,RPCRMCIVIB_MQ0001QueryResults,CRMCIVIB,Customer Invoice Item,"Contains all customer invoice items. It provides you with information on the products, quantities, gross amounts, net amounts, and tax amounts.",sap/byd/odata/cc_home_analytics.svc/RPCRMCIVIB_MQ0001QueryResults
cc_home_analytics.svc,RPCRMCIVIB_Q0001QueryResults,CRMCIVIB,Customer Invoice Item,"Contains all customer invoice items. It provides you with information on the products, quantities, gross amounts, net amounts, and tax amounts.",sap/byd/odata/cc_home_analytics.svc/RPCRMCIVIB_Q0001QueryResults
cc_home_analytics.svc,RPCRMCIVIB_Q0002QueryResults,CRMCIVIB,Customer Invoice Item,"Contains all customer invoice items. It provides you with information on the products, quantities, gross amounts, net amounts, and tax amounts.",sap/byd/odata/cc_home_analytics.svc/RPCRMCIVIB_Q0002QueryResults
cc_home_analytics.svc,RPCRMCIVIPATCB_Q0001QueryResults,CRMCIVIPATCB,Customer Invoice Item with Price Components,"Contains data on the quantities and values of customer invoice items. It allows you to analyze the development and distribution of sales quote items across organizational units , along with details about the price components like price, discount, freight, surcharge, goodwill, warranty, quality loss fee, cost estimate, profit margin. also provides information like is the price component is manullay changed or automatically determined, what prices are proposed by the system and which is the active price, base value of each price component calculation for price, discount, freight, surcharge. Calculation of total discount , total tax value .",sap/byd/odata/cc_home_analytics.svc/RPCRMCIVIPATCB_Q0001QueryResults
cc_home_analytics.svc,RPCRMCQTIB_MQ0001QueryResults,CRMCQTIB,Sales Quote Item,Contains data on the quantities and values of sales quote items. It allows you to analyze the distribution of sales quote items across organizational units.,sap/byd/odata/cc_home_analytics.svc/RPCRMCQTIB_MQ0001QueryResults
cc_home_analytics.svc,RPCRMCQTIB_Q0001QueryResults,CRMCQTIB,Sales Quote Item,Contains data on the quantities and values of sales quote items. It allows you to analyze the distribution of sales quote items across organizational units.,sap/byd/odata/cc_home_analytics.svc/RPCRMCQTIB_Q0001QueryResults
cc_home_analytics.svc,RPCRMCUCOISCU_Q0001QueryResults,CRMCUCOISCU,Customer Contract Item with Invoice Schedule Items,Contains all customer contract items with corresponding invoice schedule items. It allows you to see the planned revenue for each date specified in an invoice schedule.,sap/byd/odata/cc_home_analytics.svc/RPCRMCUCOISCU_Q0001QueryResults
cc_home_analytics.svc,RPCRMLEAHB_MQ0001QueryResults,CRMLEAHB,Lead,"Contains all leads. It allows you to analyze leads by various criteria such as by category, by status or by origin.",sap/byd/odata/cc_home_analytics.svc/RPCRMLEAHB_MQ0001QueryResults
cc_home_analytics.svc,RPCRMLEFU_MQ0001QueryResults,CRMLEFU,Lead Funnel,"Contains all leads and their related objects. It allows you to analyze all opportunities, sales quotes and sales orders that originate, either directly or indirectly, from these leads.",sap/byd/odata/cc_home_analytics.svc/RPCRMLEFU_MQ0001QueryResults
cc_home_analytics.svc,RPCRMLEFU_Q0001QueryResults,CRMLEFU,Lead Funnel,"Contains all leads and their related objects. It allows you to analyze all opportunities, sales quotes and sales orders that originate, either directly or indirectly, from these leads.",sap/byd/odata/cc_home_analytics.svc/RPCRMLEFU_Q0001QueryResults
cc_home_analytics.svc,RPCRMOPFU_MQ0001QueryResults,CRMOPFU,Opportunity Funnel,"Contains all opportunities and their related objects. It allows you to analyze all sales quotes and sales orders that originate, either directly or indirectly, from these opportunities.",sap/byd/odata/cc_home_analytics.svc/RPCRMOPFU_MQ0001QueryResults
cc_home_analytics.svc,RPCRMOPFU_Q0001QueryResults,CRMOPFU,Opportunity Funnel,"Contains all opportunities and their related objects. It allows you to analyze all sales quotes and sales orders that originate, either directly or indirectly, from these opportunities.",sap/byd/odata/cc_home_analytics.svc/RPCRMOPFU_Q0001QueryResults
cc_home_analytics.svc,RPCRMOPPU01_Q0001QueryResults,CRMOPPU01,Opportunity Header and Item Extended,"Contains all opportunities with their header and item data. It allows you to analyze opportunities by header and item data such as sales cycle, sales phase, expected value, opportunity items or net values.In contrast to the Opportunity Header and Item data source it shows inconsistent opportunities and provides additional parties as characteristic.",sap/byd/odata/cc_home_analytics.svc/RPCRMOPPU01_Q0001QueryResults
cc_home_analytics.svc,RPCRMOPPU_Q0001QueryResults,CRMOPPU,Opportunity Header and Item,"Contains all opportunities with their header and item data. It allows you to analyze opportunities by header and item data such as sales cycle, sales phase, expected value, opportunity items or net values.",sap/byd/odata/cc_home_analytics.svc/RPCRMOPPU_Q0001QueryResults
cc_home_analytics.svc,RPCRMOPPU_Q0002QueryResults,CRMOPPU,Opportunity Header and Item,"Contains all opportunities with their header and item data. It allows you to analyze opportunities by header and item data such as sales cycle, sales phase, expected value, opportunity items or net values.",sap/byd/odata/cc_home_analytics.svc/RPCRMOPPU_Q0002QueryResults
cc_home_analytics.svc,RPCRMOPPU_Q0003QueryResults,CRMOPPU,Opportunity Header and Item,"Contains all opportunities with their header and item data. It allows you to analyze opportunities by header and item data such as sales cycle, sales phase, expected value, opportunity items or net values.",sap/byd/odata/cc_home_analytics.svc/RPCRMOPPU_Q0003QueryResults
cc_home_analytics.svc,RPCRMOPQU_MQ0001QueryResults,CRMOPQU,Sales Analysis Pipeline,Contains all opportunities and quotes. It allows you to analyze opportunities and sales quotes by various criteria or key figures.,sap/byd/odata/cc_home_analytics.svc/RPCRMOPQU_MQ0001QueryResults
cc_home_analytics.svc,RPCRMOPQU_Q0001QueryResults,CRMOPQU,Sales Analysis Pipeline,Contains all opportunities and quotes. It allows you to analyze opportunities and sales quotes by various criteria or key figures.,sap/byd/odata/cc_home_analytics.svc/RPCRMOPQU_Q0001QueryResults
cc_home_analytics.svc,RPCRMPRC_CNT_REPORTQueryResults,,,,sap/byd/odata/cc_home_analytics.svc/RPCRMPRC_CNT_REPORTQueryResults
cc_home_analytics.svc,RPCRMQUFU_MQ0001QueryResults,CRMQUFU,Sales Quote Funnel,Contains data on the development of sales quotes. It allows you to analyze and monitor the progress of sales quotes across organizational units.,sap/byd/odata/cc_home_analytics.svc/RPCRMQUFU_MQ0001QueryResults
cc_home_analytics.svc,RPCRMQUFU_Q0001QueryResults,CRMQUFU,Sales Quote Funnel,Contains data on the development of sales quotes. It allows you to analyze and monitor the progress of sales quotes across organizational units.,sap/byd/odata/cc_home_analytics.svc/RPCRMQUFU_Q0001QueryResults
cc_home_analytics.svc,RPCRMRVFU_Q0001QueryResults,CRMRVFU,Revenue Forecast Data,Shows the revenue from various business transaction documents including opportunities.,sap/byd/odata/cc_home_analytics.svc/RPCRMRVFU_Q0001QueryResults
cc_home_analytics.svc,RPCRMSCFIB01_Q0001QueryResults,CRMSCFIB01,,,sap/byd/odata/cc_home_analytics.svc/RPCRMSCFIB01_Q0001QueryResults
cc_home_analytics.svc,RPCRMSCU_Q0001QueryResults,CRMSCU,Used Service Categories,"Contains all parameters and values of service categories. It allows you to analyze how often a certain service category has been used in service processes, for example in service requests, service orders and in the knowledge base.",sap/byd/odata/cc_home_analytics.svc/RPCRMSCU_Q0001QueryResults
cc_home_analytics.svc,RPCRMSHSCIB_Q0001QueryResults,CRMSHSCIB,Service Order Header & Service Confirmation Item,Contains service confirmations for service items originating from service orders.,sap/byd/odata/cc_home_analytics.svc/RPCRMSHSCIB_Q0001QueryResults
cc_home_analytics.svc,RPCRMSLOIB01_Q0001QueryResults,CRMSLOIB01,Sales Order Item-Extended,Contains data on the quantities and values of sales order items. It allows you to analyze the development and distribution of sales order items across organizational units.,sap/byd/odata/cc_home_analytics.svc/RPCRMSLOIB01_Q0001QueryResults
cc_home_analytics.svc,RPCRMSLOIB_MQ0001QueryResults,CRMSLOIB,Sales Order Item,Contains data on the quantities and values of sales order items. It allows you to analyze the development and distribution of sales order items across organizational units.,sap/byd/odata/cc_home_analytics.svc/RPCRMSLOIB_MQ0001QueryResults
cc_home_analytics.svc,RPCRMSLOIB_Q0001QueryResults,CRMSLOIB,Sales Order Item,Contains data on the quantities and values of sales order items. It allows you to analyze the development and distribution of sales order items across organizational units.,sap/byd/odata/cc_home_analytics.svc/RPCRMSLOIB_Q0001QueryResults
cc_home_analytics.svc,RPCRMSLOIPATCB_Q0001QueryResults,CRMSLOIPATCB,Sales Order Item with Price Components,"Contains data on the quantities and values of sales order items. It allows you to analyze the development and distribution of sales order items across organizational units , along with details about the price components like price, discount, freight, surcharge, goodwill, warranty, quality loss fee, cost estimate, profit margin. also provides information like is the price component is manullay changed or automatically determined, what prices are proposed by the system and which is the active price, base value of each price component calculation for price, discount, freight, surcharge. Calculation of total discount , total tax value .",sap/byd/odata/cc_home_analytics.svc/RPCRMSLOIPATCB_Q0001QueryResults
cc_home_analytics.svc,RPCRMSLSCIB_Q0001QueryResults,CRMSLSCIB,Sales Order Item & Service Confirmation Item,Contains service confirmations for service items originating from sales orders. It helps you to analyze the ordered and the confirmed quantities.,sap/byd/odata/cc_home_analytics.svc/RPCRMSLSCIB_Q0001QueryResults
cc_home_analytics.svc,RPCRMSOCRTU_MQ0001QueryResults,CRMSOCRTU,Customer Returns,,sap/byd/odata/cc_home_analytics.svc/RPCRMSOCRTU_MQ0001QueryResults
cc_home_analytics.svc,RPCRMSOCRTU_Q0001QueryResults,CRMSOCRTU,Customer Returns,,sap/byd/odata/cc_home_analytics.svc/RPCRMSOCRTU_Q0001QueryResults
cc_home_analytics.svc,RPCRMSOCU01_Q0001QueryResults,CRMSOCU01,Service Order and Service Confirmation,Contains service order and service confirmation header and item data. It helps you to track the ordered and the confirmed  quantities and due date compliance.,sap/byd/odata/cc_home_analytics.svc/RPCRMSOCU01_Q0001QueryResults
cc_home_analytics.svc,RPCRMSORHB_Q0001QueryResults,CRMSORHB,Service Order Header,"Contains values of service orders in total. It allows you to analyze status, workload and responsibility for the organizational units and to calculate due date compliance and usage of service categories and warranties.",sap/byd/odata/cc_home_analytics.svc/RPCRMSORHB_Q0001QueryResults
cc_home_analytics.svc,RPCRMSORHB_Q0002QueryResults,CRMSORHB,Service Order Header,"Contains values of service orders in total. It allows you to analyze status, workload and responsibility for the organizational units and to calculate due date compliance and usage of service categories and warranties.",sap/byd/odata/cc_home_analytics.svc/RPCRMSORHB_Q0002QueryResults
cc_home_analytics.svc,RPCRMSORHB_Q0003QueryResults,CRMSORHB,Service Order Header,"Contains values of service orders in total. It allows you to analyze status, workload and responsibility for the organizational units and to calculate due date compliance and usage of service categories and warranties.",sap/byd/odata/cc_home_analytics.svc/RPCRMSORHB_Q0003QueryResults
cc_home_analytics.svc,RPCRMSORHB_Q0004QueryResults,CRMSORHB,Service Order Header,"Contains values of service orders in total. It allows you to analyze status, workload and responsibility for the organizational units and to calculate due date compliance and usage of service categories and warranties.",sap/byd/odata/cc_home_analytics.svc/RPCRMSORHB_Q0004QueryResults
cc_home_analytics.svc,RPCRMSORHB_Q0005QueryResults,CRMSORHB,Service Order Header,"Contains values of service orders in total. It allows you to analyze status, workload and responsibility for the organizational units and to calculate due date compliance and usage of service categories and warranties.",sap/byd/odata/cc_home_analytics.svc/RPCRMSORHB_Q0005QueryResults
cc_home_analytics.svc,RPCRMSORHB_Q0007QueryResults,CRMSORHB,Service Order Header,"Contains values of service orders in total. It allows you to analyze status, workload and responsibility for the organizational units and to calculate due date compliance and usage of service categories and warranties.",sap/byd/odata/cc_home_analytics.svc/RPCRMSORHB_Q0007QueryResults
cc_home_analytics.svc,RPCRMSORHHB_Q0001QueryResults,CRMSORHHB,,,sap/byd/odata/cc_home_analytics.svc/RPCRMSORHHB_Q0001QueryResults
cc_home_analytics.svc,RPCRMSORHHB_Q0002QueryResults,CRMSORHHB,,,sap/byd/odata/cc_home_analytics.svc/RPCRMSORHHB_Q0002QueryResults
cc_home_analytics.svc,RPCRMSORIB01_Q0001QueryResults,CRMSORIB01,,,sap/byd/odata/cc_home_analytics.svc/RPCRMSORIB01_Q0001QueryResults
cc_home_analytics.svc,RPCRMSRQHB_Q0001QueryResults,CRMSRQHB,Service Request,"Contains all service requests. It allows you to analyze the service requests, their usage, and all relevant informations.",sap/byd/odata/cc_home_analytics.svc/RPCRMSRQHB_Q0001QueryResults
cc_home_analytics.svc,RPCRMSRQHB_Q0002QueryResults,CRMSRQHB,Service Request,"Contains all service requests. It allows you to analyze the service requests, their usage, and all relevant informations.",sap/byd/odata/cc_home_analytics.svc/RPCRMSRQHB_Q0002QueryResults
cc_home_analytics.svc,RPCRMSRQHB_Q0003QueryResults,CRMSRQHB,Service Request,"Contains all service requests. It allows you to analyze the service requests, their usage, and all relevant informations.",sap/byd/odata/cc_home_analytics.svc/RPCRMSRQHB_Q0003QueryResults
cc_home_analytics.svc,RPCRMSRQHB_Q0005QueryResults,CRMSRQHB,Service Request,"Contains all service requests. It allows you to analyze the service requests, their usage, and all relevant informations.",sap/byd/odata/cc_home_analytics.svc/RPCRMSRQHB_Q0005QueryResults
cc_home_analytics.svc,RPCRMSRQHB_Q0006QueryResults,CRMSRQHB,Service Request,"Contains all service requests. It allows you to analyze the service requests, their usage, and all relevant informations.",sap/byd/odata/cc_home_analytics.svc/RPCRMSRQHB_Q0006QueryResults
cc_home_analytics.svc,RPCRMSRQHB_Q0019QueryResults,CRMSRQHB,Service Request,"Contains all service requests. It allows you to analyze the service requests, their usage, and all relevant informations.",sap/byd/odata/cc_home_analytics.svc/RPCRMSRQHB_Q0019QueryResults
cc_home_analytics.svc,RPCRMSRQHHB_Q0001QueryResults,CRMSRQHHB,Service Request History,Contains historical data on the quantities and values of service requests.,sap/byd/odata/cc_home_analytics.svc/RPCRMSRQHHB_Q0001QueryResults
cc_home_analytics.svc,RPCRMSRQHHB_Q0002QueryResults,CRMSRQHHB,Service Request History,Contains historical data on the quantities and values of service requests.,sap/byd/odata/cc_home_analytics.svc/RPCRMSRQHHB_Q0002QueryResults
cc_home_analytics.svc,RPCRMSRSOCU_Q0001QueryResults,CRMSRSOCU,"Service Order, Sales Order & Service Confirmation Item","Contains service confirmations for service items originating either from sales orders or service orders. It helps you to track the ordered, the confirmed and the invoiced quantities.",sap/byd/odata/cc_home_analytics.svc/RPCRMSRSOCU_Q0001QueryResults
cc_home_analytics.svc,RPFINCACU01_Q0001QueryResults,FINCACU01,Cost Center - Line Items,Provides details about the overhead costs incurred by a particular cost center. It is possible to see the costs of multiple cost centers at the same time as well. Aggregates information from the following Data Source: Overhead Costs.,sap/byd/odata/cc_home_analytics.svc/RPFINCACU01_Q0001QueryResults
cc_home_analytics.svc,RPFINCACU01_Q0002QueryResults,FINCACU01,Cost Center - Line Items,Provides details about the overhead costs incurred by a particular cost center. It is possible to see the costs of multiple cost centers at the same time as well. Aggregates information from the following Data Source: Overhead Costs.,sap/byd/odata/cc_home_analytics.svc/RPFINCACU01_Q0002QueryResults
cc_home_analytics.svc,RPFINCACU01_Q0004QueryResults,FINCACU01,Cost Center - Line Items,Provides details about the overhead costs incurred by a particular cost center. It is possible to see the costs of multiple cost centers at the same time as well. Aggregates information from the following Data Source: Overhead Costs.,sap/byd/odata/cc_home_analytics.svc/RPFINCACU01_Q0004QueryResults
cc_home_analytics.svc,RPFINCACU02_Q0001QueryResults,FINCACU02,Project Line Items,"Provides details about the costs incurred by a project and the revenues posted against it. These include postings such as time recordings, expense recordings, supplier invoices, or overhead charges. Aggregates information from the following Data Sources: Overhead Costs; Other Direct Costs; Sales Ledger Line Items.",sap/byd/odata/cc_home_analytics.svc/RPFINCACU02_Q0001QueryResults
cc_home_analytics.svc,RPFINCACU03_Q0001QueryResults,FINCACU03,Project Plan Values,Provides details about the estimated costs for a single project based on the planned quantities for the project work plus the planned expenses. It also indicates the error status of the cost estimate. Aggregates information from the following Data Sources: Cost Estimates of Services; Cost Estimates of Overheads; Cost Estimates of Expenses.,sap/byd/odata/cc_home_analytics.svc/RPFINCACU03_Q0001QueryResults
cc_home_analytics.svc,RPFINCACU04_Q0001QueryResults,FINCACU04,Project Cost and Revenue - Aggregated,"Provides aggregated details about planned costs, actual costs, actual revenues, and deviations for multiple projects or a single project by project task. Also provides a breakdown by the G/L account of origin. Aggregates information from the following Data Sources: Cost Estimates of Services; Cost Estimates of Overheads; Cost Estimates of Expenses; Overhead Costs; Other Direct Costs; Sales Ledger Line Items.",sap/byd/odata/cc_home_analytics.svc/RPFINCACU04_Q0001QueryResults
cc_home_analytics.svc,RPFINCACU04_Q0002QueryResults,FINCACU04,Project Cost and Revenue - Aggregated,"Provides aggregated details about planned costs, actual costs, actual revenues, and deviations for multiple projects or a single project by project task. Also provides a breakdown by the G/L account of origin. Aggregates information from the following Data Sources: Cost Estimates of Services; Cost Estimates of Overheads; Cost Estimates of Expenses; Overhead Costs; Other Direct Costs; Sales Ledger Line Items.",sap/byd/odata/cc_home_analytics.svc/RPFINCACU04_Q0002QueryResults
cc_home_analytics.svc,RPFINCACU04_Q0005QueryResults,FINCACU04,Project Cost and Revenue - Aggregated,"Provides aggregated details about planned costs, actual costs, actual revenues, and deviations for multiple projects or a single project by project task. Also provides a breakdown by the G/L account of origin. Aggregates information from the following Data Sources: Cost Estimates of Services; Cost Estimates of Overheads; Cost Estimates of Expenses; Overhead Costs; Other Direct Costs; Sales Ledger Line Items.",sap/byd/odata/cc_home_analytics.svc/RPFINCACU04_Q0005QueryResults
cc_home_analytics.svc,RPFINCACU04_Q0006QueryResults,FINCACU04,Project Cost and Revenue - Aggregated,"Provides aggregated details about planned costs, actual costs, actual revenues, and deviations for multiple projects or a single project by project task. Also provides a breakdown by the G/L account of origin. Aggregates information from the following Data Sources: Cost Estimates of Services; Cost Estimates of Overheads; Cost Estimates of Expenses; Overhead Costs; Other Direct Costs; Sales Ledger Line Items.",sap/byd/odata/cc_home_analytics.svc/RPFINCACU04_Q0006QueryResults
cc_home_analytics.svc,RPFINCACU05_Q0001QueryResults,FINCACU05,Cost Center Master Data,Provides a list of the available cost centers from the master data. Also provides details about the sales area to which a cost center is linked. Aggregates information from the following Data Source: Master Data - Cost Centers.,sap/byd/odata/cc_home_analytics.svc/RPFINCACU05_Q0001QueryResults
cc_home_analytics.svc,RPFINCACU16_Q0004QueryResults,FINCACU16,Cost Centers - Plan/Actual/Forecast,"Provides details about the overhead costs incurred by cost centers. Aggregates information from data sources for actual costs, plan and forecast values.",sap/byd/odata/cc_home_analytics.svc/RPFINCACU16_Q0004QueryResults
cc_home_analytics.svc,RPFINCACU16_Q0006QueryResults,FINCACU16,Cost Centers - Plan/Actual/Forecast,"Provides details about the overhead costs incurred by cost centers. Aggregates information from data sources for actual costs, plan and forecast values.",sap/byd/odata/cc_home_analytics.svc/RPFINCACU16_Q0006QueryResults
cc_home_analytics.svc,RPFINCACU16_Q0007QueryResults,FINCACU16,Cost Centers - Plan/Actual/Forecast,"Provides details about the overhead costs incurred by cost centers. Aggregates information from data sources for actual costs, plan and forecast values.",sap/byd/odata/cc_home_analytics.svc/RPFINCACU16_Q0007QueryResults
cc_home_analytics.svc,RPFINCACU16_Q0008QueryResults,FINCACU16,Cost Centers - Plan/Actual/Forecast,"Provides details about the overhead costs incurred by cost centers. Aggregates information from data sources for actual costs, plan and forecast values.",sap/byd/odata/cc_home_analytics.svc/RPFINCACU16_Q0008QueryResults
cc_home_analytics.svc,RPFINCACU16_Q0009QueryResults,FINCACU16,Cost Centers - Plan/Actual/Forecast,"Provides details about the overhead costs incurred by cost centers. Aggregates information from data sources for actual costs, plan and forecast values.",sap/byd/odata/cc_home_analytics.svc/RPFINCACU16_Q0009QueryResults
cc_home_analytics.svc,RPFINCACU19_Q0003QueryResults,FINCACU19,Planning Object - Budget Monitoring,Planning Object - Budget Monitoring,sap/byd/odata/cc_home_analytics.svc/RPFINCACU19_Q0003QueryResults
cc_home_analytics.svc,RPFINCACU20_Q0001QueryResults,FINCACU20,Financial Budget Snapshot,Financial Budget Snapshot,sap/byd/odata/cc_home_analytics.svc/RPFINCACU20_Q0001QueryResults
cc_home_analytics.svc,RPFINCOBU01_Q0001QueryResults,FINCOBU01,Free Cost Object Master Data,"Provides all free cost object master data information such as the following: cost object type, time-dependent organizational assignments to profit centers, to segments and to functional areas, time-dependent assignment to parent cost objects and market segment data.
Aggregates information from the following Data Sources: Free Cost Object Master Data.",sap/byd/odata/cc_home_analytics.svc/RPFINCOBU01_Q0001QueryResults
cc_home_analytics.svc,RPFINCOBU02_Q0001QueryResults,FINCOBU02,Free Cost Object - Line Items,"Provides details about the costs incurred by a Free Cost Object and the revenues posted against it. These include postings such as time
recordings, expense recordings, supplier invoices, or settlements. Aggregates information from the following Data Sources: Other Direct
Costs; Sales Ledger Line Items.",sap/byd/odata/cc_home_analytics.svc/RPFINCOBU02_Q0001QueryResults
cc_home_analytics.svc,RPFINDUEU01_Q0001QueryResults,FINDUEU01,Dunning History By Customer,Provides a detailed dunning history of all overdue payment items for each customer. The aggregated dunning amount and the overdue days are shown for each customer. Aggregates information from the following Data Sources: Dunning Header Details; Dunning Items. This data source forms the basis for the following key report: Dunning History by Customer.,sap/byd/odata/cc_home_analytics.svc/RPFINDUEU01_Q0001QueryResults
cc_home_analytics.svc,RPFINDUEU02_Q0001QueryResults,FINDUEU02,,,sap/byd/odata/cc_home_analytics.svc/RPFINDUEU02_Q0001QueryResults
cc_home_analytics.svc,RPFINDUEU02_Q0002QueryResults,FINDUEU02,,,sap/byd/odata/cc_home_analytics.svc/RPFINDUEU02_Q0002QueryResults
cc_home_analytics.svc,RPFINDUEU03_Q0001QueryResults,FINDUEU03,Dunning Statistics,"Provides total receivable and overdue receivable amount for a customer, total items, and the amount sent to the legal department. It also provides the percentage of the open receivable amount which is dunned and the percentage of the dunning amount sent to the legal department. Aggregates information from the following Data Sources: Dunning Items; AP/AR Details. This data source forms the basis for the following key reports: Dunning Statistics; Current Dunning Statistics.",sap/byd/odata/cc_home_analytics.svc/RPFINDUEU03_Q0001QueryResults
cc_home_analytics.svc,RPFINDUEU04_Q0004QueryResults,FINDUEU04,Trade Receivables Payables Register,"Provides information about the document amount, the payment amount, and cash discounts of the trade receivables and payables resulting from the business transactions of a company. Aggregates information from the following Data Sources: AP/AR Details, Dunning Items, Reset Clearing Adjustment amount. This data source forms the basis for the following key reports: Open Item List - Suppliers/Customers; Details Item List -Suppliers/Customers; Aging List -Suppliers/Customers; Forecast List -Suppliers/Customers; Payment Statistics -Suppliers/Customers.",sap/byd/odata/cc_home_analytics.svc/RPFINDUEU04_Q0004QueryResults
cc_home_analytics.svc,RPFINDUEU04_Q0005QueryResults,FINDUEU04,Trade Receivables Payables Register,"Provides information about the document amount, the payment amount, and cash discounts of the trade receivables and payables resulting from the business transactions of a company. Aggregates information from the following Data Sources: AP/AR Details, Dunning Items, Reset Clearing Adjustment amount. This data source forms the basis for the following key reports: Open Item List - Suppliers/Customers; Details Item List -Suppliers/Customers; Aging List -Suppliers/Customers; Forecast List -Suppliers/Customers; Payment Statistics -Suppliers/Customers.",sap/byd/odata/cc_home_analytics.svc/RPFINDUEU04_Q0005QueryResults
cc_home_analytics.svc,RPFINDUEU04_Q0006QueryResults,FINDUEU04,Trade Receivables Payables Register,"Provides information about the document amount, the payment amount, and cash discounts of the trade receivables and payables resulting from the business transactions of a company. Aggregates information from the following Data Sources: AP/AR Details, Dunning Items, Reset Clearing Adjustment amount. This data source forms the basis for the following key reports: Open Item List - Suppliers/Customers; Details Item List -Suppliers/Customers; Aging List -Suppliers/Customers; Forecast List -Suppliers/Customers; Payment Statistics -Suppliers/Customers.",sap/byd/odata/cc_home_analytics.svc/RPFINDUEU04_Q0006QueryResults
cc_home_analytics.svc,RPFINDUEU04_Q0007QueryResults,FINDUEU04,Trade Receivables Payables Register,"Provides information about the document amount, the payment amount, and cash discounts of the trade receivables and payables resulting from the business transactions of a company. Aggregates information from the following Data Sources: AP/AR Details, Dunning Items, Reset Clearing Adjustment amount. This data source forms the basis for the following key reports: Open Item List - Suppliers/Customers; Details Item List -Suppliers/Customers; Aging List -Suppliers/Customers; Forecast List -Suppliers/Customers; Payment Statistics -Suppliers/Customers.",sap/byd/odata/cc_home_analytics.svc/RPFINDUEU04_Q0007QueryResults
cc_home_analytics.svc,RPFINDUEU04_Q0008QueryResults,FINDUEU04,Trade Receivables Payables Register,"Provides information about the document amount, the payment amount, and cash discounts of the trade receivables and payables resulting from the business transactions of a company. Aggregates information from the following Data Sources: AP/AR Details, Dunning Items, Reset Clearing Adjustment amount. This data source forms the basis for the following key reports: Open Item List - Suppliers/Customers; Details Item List -Suppliers/Customers; Aging List -Suppliers/Customers; Forecast List -Suppliers/Customers; Payment Statistics -Suppliers/Customers.",sap/byd/odata/cc_home_analytics.svc/RPFINDUEU04_Q0008QueryResults
cc_home_analytics.svc,RPFINDUEU04_Q0010QueryResults,FINDUEU04,Trade Receivables Payables Register,"Provides information about the document amount, the payment amount, and cash discounts of the trade receivables and payables resulting from the business transactions of a company. Aggregates information from the following Data Sources: AP/AR Details, Dunning Items, Reset Clearing Adjustment amount. This data source forms the basis for the following key reports: Open Item List - Suppliers/Customers; Details Item List -Suppliers/Customers; Aging List -Suppliers/Customers; Forecast List -Suppliers/Customers; Payment Statistics -Suppliers/Customers.",sap/byd/odata/cc_home_analytics.svc/RPFINDUEU04_Q0010QueryResults
cc_home_analytics.svc,RPFINDUEU04_QICP0004QueryResults,FINDUEU04,Trade Receivables Payables Register,"Provides information about the document amount, the payment amount, and cash discounts of the trade receivables and payables resulting from the business transactions of a company. Aggregates information from the following Data Sources: AP/AR Details, Dunning Items, Reset Clearing Adjustment amount. This data source forms the basis for the following key reports: Open Item List - Suppliers/Customers; Details Item List -Suppliers/Customers; Aging List -Suppliers/Customers; Forecast List -Suppliers/Customers; Payment Statistics -Suppliers/Customers.",sap/byd/odata/cc_home_analytics.svc/RPFINDUEU04_QICP0004QueryResults
cc_home_analytics.svc,RPFINDUEU05_Q0001QueryResults,FINDUEU05,Dunning History By Documents,"Provides a detailed dunning history of all overdue payment items. This information is provided at the document level, showing the number of times dunned and the dates the overdue payment was dunned. It also provides information pertaining to dunning fees incurred. Aggregates information from the following Data Sources: Dunning Header Details, Dunning Items. This data source forms the basis for the following key  report: Dunning History By Documents.",sap/byd/odata/cc_home_analytics.svc/RPFINDUEU05_Q0001QueryResults
cc_home_analytics.svc,RPFINDUEU09_Q0001QueryResults,FINDUEU09,FINDUEU09,,sap/byd/odata/cc_home_analytics.svc/RPFINDUEU09_Q0001QueryResults
cc_home_analytics.svc,RPFINENCU01_Q0001QueryResults,FINENCU01,Encumbrance - Line Items,Shows all Encumbrance Lines.,sap/byd/odata/cc_home_analytics.svc/RPFINENCU01_Q0001QueryResults
cc_home_analytics.svc,RPFINERMU01_Q0001QueryResults,FINERMU01,Expense and Reimbursement Details,"Provides detailed information about expenses and reimbursement rates. Shows the expense amounts, net expense amounts, and VAT amounts, as well as the reimbursement amounts and prepaid amounts. 

Aggregates information from the following Data Sources: Expense Report Information; Expenses and Expense Amounts; Reimbursement Rates. 

This data source forms the basis for the following key reports: Expense Reports - Expenses and Reimbursements; Expense Reports - Input VAT Refund.",sap/byd/odata/cc_home_analytics.svc/RPFINERMU01_Q0001QueryResults
cc_home_analytics.svc,RPFINERMU01_Q0001_IT1QueryResults,FINERMU01,Expense and Reimbursement Details,"Provides detailed information about expenses and reimbursement rates. Shows the expense amounts, net expense amounts, and VAT amounts, as well as the reimbursement amounts and prepaid amounts. 

Aggregates information from the following Data Sources: Expense Report Information; Expenses and Expense Amounts; Reimbursement Rates. 

This data source forms the basis for the following key reports: Expense Reports - Expenses and Reimbursements; Expense Reports - Input VAT Refund.",sap/byd/odata/cc_home_analytics.svc/RPFINERMU01_Q0001_IT1QueryResults
cc_home_analytics.svc,RPFINERMU01_Q0002QueryResults,FINERMU01,Expense and Reimbursement Details,"Provides detailed information about expenses and reimbursement rates. Shows the expense amounts, net expense amounts, and VAT amounts, as well as the reimbursement amounts and prepaid amounts. 

Aggregates information from the following Data Sources: Expense Report Information; Expenses and Expense Amounts; Reimbursement Rates. 

This data source forms the basis for the following key reports: Expense Reports - Expenses and Reimbursements; Expense Reports - Input VAT Refund.",sap/byd/odata/cc_home_analytics.svc/RPFINERMU01_Q0002QueryResults
cc_home_analytics.svc,RPFINERMU02_Q0001QueryResults,FINERMU02,Aggregated Tax Details view including Municipality Travel Information in Austria,"Provides detailed information about amounts which are relevant for tax purposes (such as in payroll). Items shown include taxable benefits, amounts taxable at flat rates, income-related expenses, and tax-exempt meals per diems. 

Aggregates information from the following Data Sources:  Expense Report Information; Expenses and Expense Amounts; Reimbursement Rates. 

This data source forms the basis for the following key report: Expense Reports - Taxable and Tax-Exempt Amounts for Payroll.",sap/byd/odata/cc_home_analytics.svc/RPFINERMU02_Q0001QueryResults
cc_home_analytics.svc,RPFINERMU03_Q0001QueryResults,FINERMU03,Allocated Expenses,"Provides detailed information about the cost assignments of the posted amounts of expense reports. Possible assignments are to cost centers, project tasks, sales orders, and service orders. 

Aggregates information from the following Data Sources: Expenses and Expense Amounts; Reimbursement Rates. 

This data source forms the basis for the following key report: Expense Reports by Cost Object.",sap/byd/odata/cc_home_analytics.svc/RPFINERMU03_Q0001QueryResults
cc_home_analytics.svc,RPFINERMU04_Q0001QueryResults,FINERMU04,Additional Destination,"Provides detailed information about the additional destinations of an expense report for a business trip. 

Aggregates information from the following Data Sources: Information About Expense Reports and Their Additional Destinations. 

This data source forms the basis for the following key report: Expense Reports - Additional Destination.",sap/byd/odata/cc_home_analytics.svc/RPFINERMU04_Q0001QueryResults
cc_home_analytics.svc,RPFINERMU05_Q0001QueryResults,FINERMU05,,,sap/byd/odata/cc_home_analytics.svc/RPFINERMU05_Q0001QueryResults
cc_home_analytics.svc,RPFINFCDU02_Q0001QueryResults,FINFCDU02,Forecast Document Items,Forecast Document Items,sap/byd/odata/cc_home_analytics.svc/RPFINFCDU02_Q0001QueryResults
cc_home_analytics.svc,RPFINFXAU05_Q0001QueryResults,FINFXAU05,Fixed Assets Account Balances,"Provides data for the balances and totals of your fixed asset accounts in company currency. The account movements are shown using the closing balance and current totals in the selected fiscal periods. 

Aggregates information from the following Data Sources: Fixed assets period-based totals and balances aggregated by line item type, G/L account, posted profit center and posted segment, and G/L-relevant information. 

This data source forms the basis for the following key report: Fixed Assets - Trial Balance.",sap/byd/odata/cc_home_analytics.svc/RPFINFXAU05_Q0001QueryResults
cc_home_analytics.svc,RPFINGLAU01_Q0001QueryResults,FINGLAU01,G/L Account Period Totals / Balances,"Provides data for the balances and totals of your individual G/L accounts and G/L account types in company currency and line item currency. The account movements are shown using the opening balance, the credit and debit, and the closing balance in the selected fiscal periods. Aggregates information from the following Data Sources: Business Configuration (Chart of Accounts); General Ledger (General Ledger Account Totals and Balances). This data source forms the basis for the following key reports: Trial Balance; Trial Balance - Two Years; Balances on Favorite Accounts; Schedule of Changes; Balance Audit Trail.",sap/byd/odata/cc_home_analytics.svc/RPFINGLAU01_Q0001QueryResults
cc_home_analytics.svc,RPFINGLAU01_Q0002QueryResults,FINGLAU01,G/L Account Period Totals / Balances,"Provides data for the balances and totals of your individual G/L accounts and G/L account types in company currency and line item currency. The account movements are shown using the opening balance, the credit and debit, and the closing balance in the selected fiscal periods. Aggregates information from the following Data Sources: Business Configuration (Chart of Accounts); General Ledger (General Ledger Account Totals and Balances). This data source forms the basis for the following key reports: Trial Balance; Trial Balance - Two Years; Balances on Favorite Accounts; Schedule of Changes; Balance Audit Trail.",sap/byd/odata/cc_home_analytics.svc/RPFINGLAU01_Q0002QueryResults
cc_home_analytics.svc,RPFINGLAU01_Q0003QueryResults,FINGLAU01,G/L Account Period Totals / Balances,"Provides data for the balances and totals of your individual G/L accounts and G/L account types in company currency and line item currency. The account movements are shown using the opening balance, the credit and debit, and the closing balance in the selected fiscal periods. Aggregates information from the following Data Sources: Business Configuration (Chart of Accounts); General Ledger (General Ledger Account Totals and Balances). This data source forms the basis for the following key reports: Trial Balance; Trial Balance - Two Years; Balances on Favorite Accounts; Schedule of Changes; Balance Audit Trail.",sap/byd/odata/cc_home_analytics.svc/RPFINGLAU01_Q0003QueryResults
cc_home_analytics.svc,RPFINGLAU02_Q0001QueryResults,FINGLAU02,G/L Account Items,"Provides data for the line items of your G/L accounts. You can also display the line items of an individual G/L account or multiple G/L accounts. From the line items, you can view the relevant journal entries. You can include different details from the relevant document, such as the cost center, clearing date, or document number of the clearing document. Aggregates information from the following Data Sources: General Ledger (Line Items); Journal Entry (Items and Subledger Extensions); Subledgers, Offsetting Information. This data source forms the basis for the following key reports: G/L Accounts - Line Items; G/L Accounts - Open Items; Balance Audit Trail.",sap/byd/odata/cc_home_analytics.svc/RPFINGLAU02_Q0001QueryResults
cc_home_analytics.svc,RPFINGLAU02_Q0002QueryResults,FINGLAU02,G/L Account Items,"Provides data for the line items of your G/L accounts. You can also display the line items of an individual G/L account or multiple G/L accounts. From the line items, you can view the relevant journal entries. You can include different details from the relevant document, such as the cost center, clearing date, or document number of the clearing document. Aggregates information from the following Data Sources: General Ledger (Line Items); Journal Entry (Items and Subledger Extensions); Subledgers, Offsetting Information. This data source forms the basis for the following key reports: G/L Accounts - Line Items; G/L Accounts - Open Items; Balance Audit Trail.",sap/byd/odata/cc_home_analytics.svc/RPFINGLAU02_Q0002QueryResults
cc_home_analytics.svc,RPFINGLAU02_Q0003QueryResults,FINGLAU02,G/L Account Items,"Provides data for the line items of your G/L accounts. You can also display the line items of an individual G/L account or multiple G/L accounts. From the line items, you can view the relevant journal entries. You can include different details from the relevant document, such as the cost center, clearing date, or document number of the clearing document. Aggregates information from the following Data Sources: General Ledger (Line Items); Journal Entry (Items and Subledger Extensions); Subledgers, Offsetting Information. This data source forms the basis for the following key reports: G/L Accounts - Line Items; G/L Accounts - Open Items; Balance Audit Trail.",sap/byd/odata/cc_home_analytics.svc/RPFINGLAU02_Q0003QueryResults
cc_home_analytics.svc,RPFINGLAU03_Q0001QueryResults,FINGLAU03,Journal Entries,"Provides data for the journal entries that were posted to G/L accounts. The journal entries are recorded in chronological order by document number, document type, and posting date. For each journal entry, the individual line items are also displayed with the accounts to which the entry was posted and the amount in company currency and line item currency. Aggregates information from the following Data Sources: Journal Entry (Items and Subledger Extensions); Subledgers; Offsetting Information. This data source forms the basis for the following key reports: Journal; Journal - Print Layout.",sap/byd/odata/cc_home_analytics.svc/RPFINGLAU03_Q0001QueryResults
cc_home_analytics.svc,RPFINGLAU04_Q0001QueryResults,FINGLAU04,Financial Statements,"Provides data for the hierarchical display of G/L account balances in company currency based on different reporting structures: balance sheets, profit and loss statements, and cash flow statements. You can choose to analyze data for different fiscal year and accounting period combinations and also compare data for two different fiscal years. Three different types of balance sheet calculations are provided: cumulative, changes in current period and cumulative balance sheet, changes for income statement. Aggregates information from the following Data Sources: Business Configuration (Chart of Accounts, Reporting Structures); General Ledger (General Ledger Account Totals and Balances). This data source forms the basis for the following key reports: Financial Statements; Financial Statements - Two Years; Financial Statements - Print Layout.",sap/byd/odata/cc_home_analytics.svc/RPFINGLAU04_Q0001QueryResults
cc_home_analytics.svc,RPFINGLAU04_Q0002QueryResults,FINGLAU04,Financial Statements,"Provides data for the hierarchical display of G/L account balances in company currency based on different reporting structures: balance sheets, profit and loss statements, and cash flow statements. You can choose to analyze data for different fiscal year and accounting period combinations and also compare data for two different fiscal years. Three different types of balance sheet calculations are provided: cumulative, changes in current period and cumulative balance sheet, changes for income statement. Aggregates information from the following Data Sources: Business Configuration (Chart of Accounts, Reporting Structures); General Ledger (General Ledger Account Totals and Balances). This data source forms the basis for the following key reports: Financial Statements; Financial Statements - Two Years; Financial Statements - Print Layout.",sap/byd/odata/cc_home_analytics.svc/RPFINGLAU04_Q0002QueryResults
cc_home_analytics.svc,RPFINGLAU04_Q0004QueryResults,FINGLAU04,Financial Statements,"Provides data for the hierarchical display of G/L account balances in company currency based on different reporting structures: balance sheets, profit and loss statements, and cash flow statements. You can choose to analyze data for different fiscal year and accounting period combinations and also compare data for two different fiscal years. Three different types of balance sheet calculations are provided: cumulative, changes in current period and cumulative balance sheet, changes for income statement. Aggregates information from the following Data Sources: Business Configuration (Chart of Accounts, Reporting Structures); General Ledger (General Ledger Account Totals and Balances). This data source forms the basis for the following key reports: Financial Statements; Financial Statements - Two Years; Financial Statements - Print Layout.",sap/byd/odata/cc_home_analytics.svc/RPFINGLAU04_Q0004QueryResults
cc_home_analytics.svc,RPFINGLAU06_Q0001QueryResults,FINGLAU06,,,sap/byd/odata/cc_home_analytics.svc/RPFINGLAU06_Q0001QueryResults
cc_home_analytics.svc,RPFINGLAU07_Q0001QueryResults,FINGLAU07,ARP Ledger Account Balances,"Provides data for the balances and totals of your individual accounts receivables and payables in company currency and line item currency. The account movements are shown using the opening balance, the credit and debit, and the closing balance in the selected fiscal periods. Aggregates information from the following Data Sources: Receivables and Payables (Totals and Balances). This data source forms the basis for the following key reports: Accounts Receivable - Trial Balance, Accounts Payable - Trial Balance.",sap/byd/odata/cc_home_analytics.svc/RPFINGLAU07_Q0001QueryResults
cc_home_analytics.svc,RPFINGLAU07_Q0002QueryResults,FINGLAU07,ARP Ledger Account Balances,"Provides data for the balances and totals of your individual accounts receivables and payables in company currency and line item currency. The account movements are shown using the opening balance, the credit and debit, and the closing balance in the selected fiscal periods. Aggregates information from the following Data Sources: Receivables and Payables (Totals and Balances). This data source forms the basis for the following key reports: Accounts Receivable - Trial Balance, Accounts Payable - Trial Balance.",sap/byd/odata/cc_home_analytics.svc/RPFINGLAU07_Q0002QueryResults
cc_home_analytics.svc,RPFINGLAU08_Q0001QueryResults,FINGLAU08,ARP Ledger Account Line Items,"Provides data for the line items of your accounts receivable and accounts payable accounts in company currency, transaction currency, and line item currency. For each line item, the posting date, document type, and document number are shown. Aggregates information from the following Data Sources: Accounts Receivable and Accounts Payable Line Items, Offsetting Information. This data source forms the basis for the following key reports: Accounts Receivable - Line Items; Accounts Payable - Line Items; Accounts Receivable - Open Items; Accounts Payable - Open Items; Accounts Receivable – Balance Audit Trail; Accounts Payable - Balance Audit Trail.",sap/byd/odata/cc_home_analytics.svc/RPFINGLAU08_Q0001QueryResults
cc_home_analytics.svc,RPFINGLAU08_Q0002QueryResults,FINGLAU08,ARP Ledger Account Line Items,"Provides data for the line items of your accounts receivable and accounts payable accounts in company currency, transaction currency, and line item currency. For each line item, the posting date, document type, and document number are shown. Aggregates information from the following Data Sources: Accounts Receivable and Accounts Payable Line Items, Offsetting Information. This data source forms the basis for the following key reports: Accounts Receivable - Line Items; Accounts Payable - Line Items; Accounts Receivable - Open Items; Accounts Payable - Open Items; Accounts Receivable – Balance Audit Trail; Accounts Payable - Balance Audit Trail.",sap/byd/odata/cc_home_analytics.svc/RPFINGLAU08_Q0002QueryResults
cc_home_analytics.svc,RPFINGLAU08_Q0003QueryResults,FINGLAU08,ARP Ledger Account Line Items,"Provides data for the line items of your accounts receivable and accounts payable accounts in company currency, transaction currency, and line item currency. For each line item, the posting date, document type, and document number are shown. Aggregates information from the following Data Sources: Accounts Receivable and Accounts Payable Line Items, Offsetting Information. This data source forms the basis for the following key reports: Accounts Receivable - Line Items; Accounts Payable - Line Items; Accounts Receivable - Open Items; Accounts Payable - Open Items; Accounts Receivable – Balance Audit Trail; Accounts Payable - Balance Audit Trail.",sap/byd/odata/cc_home_analytics.svc/RPFINGLAU08_Q0003QueryResults
cc_home_analytics.svc,RPFINGLAU08_Q0004QueryResults,FINGLAU08,ARP Ledger Account Line Items,"Provides data for the line items of your accounts receivable and accounts payable accounts in company currency, transaction currency, and line item currency. For each line item, the posting date, document type, and document number are shown. Aggregates information from the following Data Sources: Accounts Receivable and Accounts Payable Line Items, Offsetting Information. This data source forms the basis for the following key reports: Accounts Receivable - Line Items; Accounts Payable - Line Items; Accounts Receivable - Open Items; Accounts Payable - Open Items; Accounts Receivable – Balance Audit Trail; Accounts Payable - Balance Audit Trail.",sap/byd/odata/cc_home_analytics.svc/RPFINGLAU08_Q0004QueryResults
cc_home_analytics.svc,RPFINGLAU09_Q0001QueryResults,FINGLAU09,Cash Ledger Account Balances,"Provides data for the balances and totals of your individual cash ledger accounts in company currency and line item currency. The account movements are shown using the opening balance, the credit and debit, and the closing balance in the selected fiscal periods. Aggregates information from the following Data Source: Cash Ledger Account (Totals and Balances). This data source forms the basis for the following key reports: Cash - Trial Balance; Cash  - Balance Audit Trail.",sap/byd/odata/cc_home_analytics.svc/RPFINGLAU09_Q0001QueryResults
cc_home_analytics.svc,RPFINGLAU10_Q0001QueryResults,FINGLAU10,Cash Ledger Account Line Items,"Provides data for the balances and line items of your individual G/L accounts and G/L account types in company currency and line item currency. For the individual line items for G/L accounts, you can include additional details such as the cost center. The balance audit trail shows the balance at the start of a specific period and the way in which the balance of the account changed by the end of the period. Aggregates information from the following Data Sources: General Ledger Account Line Items; General Ledger Account Totals and Balances; Offsetting Information. This data source forms the basis for the following key report: Balance Audit Trail.",sap/byd/odata/cc_home_analytics.svc/RPFINGLAU10_Q0001QueryResults
cc_home_analytics.svc,RPFINGLAU10_Q0002QueryResults,FINGLAU10,Cash Ledger Account Line Items,"Provides data for the balances and line items of your individual G/L accounts and G/L account types in company currency and line item currency. For the individual line items for G/L accounts, you can include additional details such as the cost center. The balance audit trail shows the balance at the start of a specific period and the way in which the balance of the account changed by the end of the period. Aggregates information from the following Data Sources: General Ledger Account Line Items; General Ledger Account Totals and Balances; Offsetting Information. This data source forms the basis for the following key report: Balance Audit Trail.",sap/byd/odata/cc_home_analytics.svc/RPFINGLAU10_Q0002QueryResults
cc_home_analytics.svc,RPFINGLAU11_Q0001QueryResults,FINGLAU11,G/L Balance Audit Trail,"Provides data for the balances and line items of your individual G/L accounts and G/L account types in company currency and line item currency. For the individual line items for G/L accounts, you can include additional details such as the cost center. 
The balance audit trail shows the balance at the start of a specific period and the way in which the balance of the account changed by the end of the period. Aggregates information from the following Data Sources: General Ledger Account Line Items; General Ledger Account Totals and Balances; Offsetting Information. This data source forms the basis for the following key report: Balance Audit Trail.",sap/byd/odata/cc_home_analytics.svc/RPFINGLAU11_Q0001QueryResults
cc_home_analytics.svc,RPFINGLAU12_Q0001QueryResults,FINGLAU12,ARP Balance Audit Trail,"Provides data for the balances and line items of your individual accounts receivable and accounts payable accounts in company currency and line item currency. For the individual line items for accounts receivable and accounts payable, you can include additional details such as the cost center. The balance audit trail shows the balance at the start of a specific period and the way in which the balance of the account changed by the end of the period. Aggregates information from the following Data Sources: Accounts Receivables / Accounts Payables Ledger Account Line Items; Accounts Receivables / Accounts Payables Ledger Account Totals and Balances; Offsetting Information. This data source forms the basis for the following key reports: Accounts Receivable Balance Audit Trail; Accounts Payable Balance Audit Trail.",sap/byd/odata/cc_home_analytics.svc/RPFINGLAU12_Q0001QueryResults
cc_home_analytics.svc,RPFINGLAU12_Q0002QueryResults,FINGLAU12,ARP Balance Audit Trail,"Provides data for the balances and line items of your individual accounts receivable and accounts payable accounts in company currency and line item currency. For the individual line items for accounts receivable and accounts payable, you can include additional details such as the cost center. The balance audit trail shows the balance at the start of a specific period and the way in which the balance of the account changed by the end of the period. Aggregates information from the following Data Sources: Accounts Receivables / Accounts Payables Ledger Account Line Items; Accounts Receivables / Accounts Payables Ledger Account Totals and Balances; Offsetting Information. This data source forms the basis for the following key reports: Accounts Receivable Balance Audit Trail; Accounts Payable Balance Audit Trail.",sap/byd/odata/cc_home_analytics.svc/RPFINGLAU12_Q0002QueryResults
cc_home_analytics.svc,RPFINGLAU13_Q0001QueryResults,FINGLAU13,Cash Balance Audit Trail,"Provides data for the balances and line items of your individual cash ledger accounts  in company currency and line item currency. For the individual line items for  cash ledger accounts, you can include additional details such as the profit center. The balance audit trail shows the balance at the start of a specific period and the way in which the balance of the account changed by the end of the period. Aggregates information from the following Data Sources: Cash Ledger Account Line Items; Cash Ledger Account Totals and Balances; Offsetting Information. This data source forms the basis for the following key report: Cash Ledger Account Balance Audit Trail.",sap/byd/odata/cc_home_analytics.svc/RPFINGLAU13_Q0001QueryResults
cc_home_analytics.svc,RPFINGLAU15_Q0001QueryResults,FINGLAU15,Recurring Journal Entries,"Provides data for recurring journal entry vouchers existing in the system. Data about total recurring amount of recurring journal entry voucher as well as individual recurring amounts of related journal entry vouchers are provided along with further details about the items of individual journal entry vouchers , such as , G/L Account, posting status, partner information, etc.",sap/byd/odata/cc_home_analytics.svc/RPFINGLAU15_Q0001QueryResults
cc_home_analytics.svc,RPFINGLAU17_Q0001QueryResults,FINGLAU17,G/L Account Master Data,"Provides data for general ledger master data attributes and also for hierarchical display of general ledger account assignments based on different reporting structures: balance sheet, income statements, cash flow statements. Aggregates information from the following Data Sources: Business Configuration (Chart of Accounts); General Ledger (General Ledger Account Totals and Balances). This data source forms the basis for the following key report: Financial Reporting Structure for G/L Accounts.",sap/byd/odata/cc_home_analytics.svc/RPFINGLAU17_Q0001QueryResults
cc_home_analytics.svc,RPFINGLAU25_Q0008QueryResults,FINGLAU25,Financial Statements - Plan/Actual/Forecast,"Provides details about the balance sheet, income statement and cash flow statement for a fiscal year. Aggregates information from data sources for actual, plan and forecast values.",sap/byd/odata/cc_home_analytics.svc/RPFINGLAU25_Q0008QueryResults
cc_home_analytics.svc,RPFINGLAU25_Q0010QueryResults,FINGLAU25,Financial Statements - Plan/Actual/Forecast,"Provides details about the balance sheet, income statement and cash flow statement for a fiscal year. Aggregates information from data sources for actual, plan and forecast values.",sap/byd/odata/cc_home_analytics.svc/RPFINGLAU25_Q0010QueryResults
cc_home_analytics.svc,RPFINGLAU25_Q0011QueryResults,FINGLAU25,Financial Statements - Plan/Actual/Forecast,"Provides details about the balance sheet, income statement and cash flow statement for a fiscal year. Aggregates information from data sources for actual, plan and forecast values.",sap/byd/odata/cc_home_analytics.svc/RPFINGLAU25_Q0011QueryResults
cc_home_analytics.svc,RPFINGLAU25_Q0012QueryResults,FINGLAU25,Financial Statements - Plan/Actual/Forecast,"Provides details about the balance sheet, income statement and cash flow statement for a fiscal year. Aggregates information from data sources for actual, plan and forecast values.",sap/byd/odata/cc_home_analytics.svc/RPFINGLAU25_Q0012QueryResults
cc_home_analytics.svc,RPFINGLAU29_Q0001QueryResults,FINGLAU29,Accounting And Trade Receivables Payables Register,,sap/byd/odata/cc_home_analytics.svc/RPFINGLAU29_Q0001QueryResults
cc_home_analytics.svc,RPFININVU01_Q0001QueryResults,FININVU01,Material Ledger Account Line Items,"Provides data that is used in reports for viewing detailed information on the line items posted to the material ledger account. Aggregates information from the following Data Sources: Material Ledger Account (Line Item, Offset Accounts); Material Valuation Data. This data source forms the basis for the following key report: Material Inventories - Line Items Report.",sap/byd/odata/cc_home_analytics.svc/RPFININVU01_Q0001QueryResults
cc_home_analytics.svc,RPFININVU02_Q0002QueryResults,FININVU02,Production Ledger Account Line Items,"Provides line item data used in reports for viewing detailed information on the WIP postings in the production ledger account. Aggregates information from the following Data Sources: Production Ledger Account (Line Item, Offset Accounts); Financial Accounting View of Production Document (Item). This data source forms the basis for the following key reports: Production Lot - Line Items; Production Variances; Production Information for Income Statement by Nature of Expense.",sap/byd/odata/cc_home_analytics.svc/RPFININVU02_Q0002QueryResults
cc_home_analytics.svc,RPFININVU02_Q0003QueryResults,FININVU02,Production Ledger Account Line Items,"Provides line item data used in reports for viewing detailed information on the WIP postings in the production ledger account. Aggregates information from the following Data Sources: Production Ledger Account (Line Item, Offset Accounts); Financial Accounting View of Production Document (Item). This data source forms the basis for the following key reports: Production Lot - Line Items; Production Variances; Production Information for Income Statement by Nature of Expense.",sap/byd/odata/cc_home_analytics.svc/RPFININVU02_Q0003QueryResults
cc_home_analytics.svc,RPFININVU03_Q0001QueryResults,FININVU03,Purchase Ledger Account Line Items,"Provides line item information on postings to the goods receipt/invoice receipt clearing accounts (Unbilled Payables and Purchase in Transit). Aggregates information from the following Data Sources: Purchase Ledger Account (Clearing, Line Item, Offset Accounts); Financial Accounting View of Purchasing Document (Item). This data source forms the basis for the following key report: GR/IR Inventories - Balance Summary.",sap/byd/odata/cc_home_analytics.svc/RPFININVU03_Q0001QueryResults
cc_home_analytics.svc,RPFININVU03_Q0002QueryResults,FININVU03,Purchase Ledger Account Line Items,"Provides line item information on postings to the goods receipt/invoice receipt clearing accounts (Unbilled Payables and Purchase in Transit). Aggregates information from the following Data Sources: Purchase Ledger Account (Clearing, Line Item, Offset Accounts); Financial Accounting View of Purchasing Document (Item). This data source forms the basis for the following key report: GR/IR Inventories - Balance Summary.",sap/byd/odata/cc_home_analytics.svc/RPFININVU03_Q0002QueryResults
cc_home_analytics.svc,RPFININVU03_Q0003QueryResults,FININVU03,Purchase Ledger Account Line Items,"Provides line item information on postings to the goods receipt/invoice receipt clearing accounts (Unbilled Payables and Purchase in Transit). Aggregates information from the following Data Sources: Purchase Ledger Account (Clearing, Line Item, Offset Accounts); Financial Accounting View of Purchasing Document (Item). This data source forms the basis for the following key report: GR/IR Inventories - Balance Summary.",sap/byd/odata/cc_home_analytics.svc/RPFININVU03_Q0003QueryResults
cc_home_analytics.svc,RPFININVU04_Q0001QueryResults,FININVU04,Material Ledger Account Aggregated,"Provides aggregated information on the quantities and values of material inventories. Aggregates information from the following Data Sources: Material Ledger Account (Line Item, Offset Accounts); Material Valuation Data. This data source forms the basis for the following key reports: Material Inventories - Balance Summary; Material Inventories -  Balance History; Material Inventories -  Rolling Inventory Comparison.",sap/byd/odata/cc_home_analytics.svc/RPFININVU04_Q0001QueryResults
cc_home_analytics.svc,RPFININVU04_Q0002QueryResults,FININVU04,Material Ledger Account Aggregated,"Provides aggregated information on the quantities and values of material inventories. Aggregates information from the following Data Sources: Material Ledger Account (Line Item, Offset Accounts); Material Valuation Data. This data source forms the basis for the following key reports: Material Inventories - Balance Summary; Material Inventories -  Balance History; Material Inventories -  Rolling Inventory Comparison.",sap/byd/odata/cc_home_analytics.svc/RPFININVU04_Q0002QueryResults
cc_home_analytics.svc,RPFININVU05_Q0001QueryResults,FININVU05,Production Ledger Account Aggregated Items,"Provides aggregated information on the quantities and values of WIP inventories. Aggregates information from the following Data Sources: Production Ledger Account (Line Item, Offset Accounts); Financial Accounting View of Production Document (Item). This data source forms the basis for the following key reports: WIP Inventories - Balance Summary; WIP Inventories -  Rolling Comparison.",sap/byd/odata/cc_home_analytics.svc/RPFININVU05_Q0001QueryResults
cc_home_analytics.svc,RPFININVU06_Q0001QueryResults,FININVU06,GRIR Clearing Run Log,"Provides log information on successfully posted items of goods receipt/invoice receipt clearing runs (update runs only). Aggregates information from the following Data Sources: GR/IR Clearing Run (Log, Successfully Calculated Items); Purchase Ledger Account (Clearing). This data source forms the basis for the following key report: Purchase Price Variances.",sap/byd/odata/cc_home_analytics.svc/RPFININVU06_Q0001QueryResults
cc_home_analytics.svc,RPFININVU07_Q0001QueryResults,FININVU07,Material Valuation Data,"Provides information about material costs in valuated stock for all cost types (valuation cost, standard cost , etc). Aggregates information from the following Data Sources: Material Valuation Data ( Root, Valuation Price ). This data source forms the basis for the following key report: Material Unit Costs Report.",sap/byd/odata/cc_home_analytics.svc/RPFININVU07_Q0001QueryResults
cc_home_analytics.svc,RPFININVU08_Q0001QueryResults,FININVU08,Material Inventories - Reconciliation,"Provides data used in reports for comparing quantities posted to material inventories in FIN and SCM (reconciliation). Aggregates information from the following Data Sources: Material Ledger Account (Line Item, Offset Accounts); Material Ledger Account Aggregated; SCM Inventory Snapshots; Material Valuation Data (Valuation Price). This data source forms the basis for the following key report: Material Inventories - Reconciliation.",sap/byd/odata/cc_home_analytics.svc/RPFININVU08_Q0001QueryResults
cc_home_analytics.svc,RPFININVU14_Q0001QueryResults,FININVU14,Material Ledger Account Aggregated,"Provides aggregated information on the quantities and values of material inventories. Aggregates information from the following Data Sources: Material Ledger Account (Line Item, Offset Accounts); Material Valuation Data. This data source forms the basis for the following key reports: Material Inventories - Balance Summary; Material Inventories -  Balance History; Material Inventories -  Rolling Inventory Comparison.",sap/byd/odata/cc_home_analytics.svc/RPFININVU14_Q0001QueryResults
cc_home_analytics.svc,RPFININVU14_Q0002QueryResults,FININVU14,Material Ledger Account Aggregated,"Provides aggregated information on the quantities and values of material inventories. Aggregates information from the following Data Sources: Material Ledger Account (Line Item, Offset Accounts); Material Valuation Data. This data source forms the basis for the following key reports: Material Inventories - Balance Summary; Material Inventories -  Balance History; Material Inventories -  Rolling Inventory Comparison.",sap/byd/odata/cc_home_analytics.svc/RPFININVU14_Q0002QueryResults
cc_home_analytics.svc,RPFININVU19_Q0001QueryResults,FININVU19,Cost Variance,Provides Cost Variance data for production lot .,sap/byd/odata/cc_home_analytics.svc/RPFININVU19_Q0001QueryResults
cc_home_analytics.svc,RPFINPAYU01_Q0001QueryResults,FINPAYU01,SEPA Mandates,Provides a list of SEPA mandates from the master data. Aggregates information from the following data source: SEPA Mandates Master Data,sap/byd/odata/cc_home_analytics.svc/RPFINPAYU01_Q0001QueryResults
cc_home_analytics.svc,RPFINPAYU02_Q0001QueryResults,FINPAYU02,Liquidity Forecast,"Provides the details of cash inflows and outflows expected over the medium term in transactional and forecast currency. As a prerequisite, you need to have created a liquidity forecast by scheduling a liquidity forecast run. Aggregates information from the following Data Sources: Due Item Processing (payables, receivables and tax items); Payment Processing (incoming and outgoing payments); Cash Management (forecast planning items). This data source forms the basis for the following key reports: Liquidity Forecast by Payment Method; Liquidity Forecast by Liquidity Level; Key Performance Indicator for Liquidity.",sap/byd/odata/cc_home_analytics.svc/RPFINPAYU02_Q0001QueryResults
cc_home_analytics.svc,RPFINPAYU02_Q0003QueryResults,FINPAYU02,Liquidity Forecast,"Provides the details of cash inflows and outflows expected over the medium term in transactional and forecast currency. As a prerequisite, you need to have created a liquidity forecast by scheduling a liquidity forecast run. Aggregates information from the following Data Sources: Due Item Processing (payables, receivables and tax items); Payment Processing (incoming and outgoing payments); Cash Management (forecast planning items). This data source forms the basis for the following key reports: Liquidity Forecast by Payment Method; Liquidity Forecast by Liquidity Level; Key Performance Indicator for Liquidity.",sap/byd/odata/cc_home_analytics.svc/RPFINPAYU02_Q0003QueryResults
cc_home_analytics.svc,RPFINPAYU02_Q0005QueryResults,FINPAYU02,Liquidity Forecast,"Provides the details of cash inflows and outflows expected over the medium term in transactional and forecast currency. As a prerequisite, you need to have created a liquidity forecast by scheduling a liquidity forecast run. Aggregates information from the following Data Sources: Due Item Processing (payables, receivables and tax items); Payment Processing (incoming and outgoing payments); Cash Management (forecast planning items). This data source forms the basis for the following key reports: Liquidity Forecast by Payment Method; Liquidity Forecast by Liquidity Level; Key Performance Indicator for Liquidity.",sap/byd/odata/cc_home_analytics.svc/RPFINPAYU02_Q0005QueryResults
cc_home_analytics.svc,RPFINPAYU02_Q0008QueryResults,FINPAYU02,Liquidity Forecast,"Provides the details of cash inflows and outflows expected over the medium term in transactional and forecast currency. As a prerequisite, you need to have created a liquidity forecast by scheduling a liquidity forecast run. Aggregates information from the following Data Sources: Due Item Processing (payables, receivables and tax items); Payment Processing (incoming and outgoing payments); Cash Management (forecast planning items). This data source forms the basis for the following key reports: Liquidity Forecast by Payment Method; Liquidity Forecast by Liquidity Level; Key Performance Indicator for Liquidity.",sap/byd/odata/cc_home_analytics.svc/RPFINPAYU02_Q0008QueryResults
cc_home_analytics.svc,RPFINPAYU03_Q0001QueryResults,FINPAYU03,Cash Position,"Provides the petty cash balances and the balances and postings for each bank account. The amounts are based on the bank statements plus unconfirmed payments. Aggregates information from the following Data Sources: Due Item Processing (payables, receivables and tax items); Payment Processing (incoming and outgoing payments); Cash Management (forecast planning items). This data source forms the basis for the following key reports: Cash Position by Payment Method; Cash Position by Transaction Source; Cash Position by Transaction Details.",sap/byd/odata/cc_home_analytics.svc/RPFINPAYU03_Q0001QueryResults
cc_home_analytics.svc,RPFINPAYU03_Q0002QueryResults,FINPAYU03,Cash Position,"Provides the petty cash balances and the balances and postings for each bank account. The amounts are based on the bank statements plus unconfirmed payments. Aggregates information from the following Data Sources: Due Item Processing (payables, receivables and tax items); Payment Processing (incoming and outgoing payments); Cash Management (forecast planning items). This data source forms the basis for the following key reports: Cash Position by Payment Method; Cash Position by Transaction Source; Cash Position by Transaction Details.",sap/byd/odata/cc_home_analytics.svc/RPFINPAYU03_Q0002QueryResults
cc_home_analytics.svc,RPFINPAYU04_Q0001QueryResults,FINPAYU04,,,sap/byd/odata/cc_home_analytics.svc/RPFINPAYU04_Q0001QueryResults
cc_home_analytics.svc,RPFINPAYU04_Q0002QueryResults,FINPAYU04,,,sap/byd/odata/cc_home_analytics.svc/RPFINPAYU04_Q0002QueryResults
cc_home_analytics.svc,RPFINPAYU05_Q0001QueryResults,FINPAYU05,Checkbook Register,Shows how each check number of a check lot has been used.,sap/byd/odata/cc_home_analytics.svc/RPFINPAYU05_Q0001QueryResults
cc_home_analytics.svc,RPFINPAYU07_Q0001QueryResults,FINPAYU07,FINPAYU07,,sap/byd/odata/cc_home_analytics.svc/RPFINPAYU07_Q0001QueryResults
cc_home_analytics.svc,RPFINPRFU24_Q0001QueryResults,FINPRFU24,Sales Ledger Line Items,"Shows the revenues and the cost of goods manufactured posted to the Sales Ledger Account business object. This also contains the accrual items from sales transactions, together with their offsetting postings. This serves as the data basis for earned profit. Aggregates information from the following Data Source: Profitability: Sales Ledger Line Items.",sap/byd/odata/cc_home_analytics.svc/RPFINPRFU24_Q0001QueryResults
cc_home_analytics.svc,RPFINPRFU24_Q0002QueryResults,FINPRFU24,Sales Ledger Line Items,"Shows the revenues and the cost of goods manufactured posted to the Sales Ledger Account business object. This also contains the accrual items from sales transactions, together with their offsetting postings. This serves as the data basis for earned profit. Aggregates information from the following Data Source: Profitability: Sales Ledger Line Items.",sap/byd/odata/cc_home_analytics.svc/RPFINPRFU24_Q0002QueryResults
cc_home_analytics.svc,RPFINPRFU24_Q0004QueryResults,FINPRFU24,Sales Ledger Line Items,"Shows the revenues and the cost of goods manufactured posted to the Sales Ledger Account business object. This also contains the accrual items from sales transactions, together with their offsetting postings. This serves as the data basis for earned profit. Aggregates information from the following Data Source: Profitability: Sales Ledger Line Items.",sap/byd/odata/cc_home_analytics.svc/RPFINPRFU24_Q0004QueryResults
cc_home_analytics.svc,RPFINPRFU30_Q0001QueryResults,FINPRFU30,Profitability Management,"Provides profit data for analysis by multiple market segments such as all customers in a particular region and customer group. You can choose to analyze profit by detailed attributes such as sales documents, GL accounts, and journal entry IDs. Three methods are supported to calculate the profit, which are based on financial accounting data (for earned profit), or sales documents (for order or invoice profit). Aggregates information from the following Data Sources: Profitability: Order Profit; Profitability: Invoice Profit; Profitability: Earned Profit. This data source forms the basis for the following key reports: Profit Detail by Contribution Margin Scheme; Profit Overview by Key Figure; Key Performance Indicators, and Dashboards based on Profitability.",sap/byd/odata/cc_home_analytics.svc/RPFINPRFU30_Q0001QueryResults
cc_home_analytics.svc,RPFINPRFU30_Q0002QueryResults,FINPRFU30,Profitability Management,"Provides profit data for analysis by multiple market segments such as all customers in a particular region and customer group. You can choose to analyze profit by detailed attributes such as sales documents, GL accounts, and journal entry IDs. Three methods are supported to calculate the profit, which are based on financial accounting data (for earned profit), or sales documents (for order or invoice profit). Aggregates information from the following Data Sources: Profitability: Order Profit; Profitability: Invoice Profit; Profitability: Earned Profit. This data source forms the basis for the following key reports: Profit Detail by Contribution Margin Scheme; Profit Overview by Key Figure; Key Performance Indicators, and Dashboards based on Profitability.",sap/byd/odata/cc_home_analytics.svc/RPFINPRFU30_Q0002QueryResults
cc_home_analytics.svc,RPFINPRFU50_Q0001QueryResults,FINPRFU50,Enhanced Contribution Margin,Enhanced Contribution Margin,sap/byd/odata/cc_home_analytics.svc/RPFINPRFU50_Q0001QueryResults
cc_home_analytics.svc,RPFINTAXU01_Q0001QueryResults,FINTAXU01,,,sap/byd/odata/cc_home_analytics.svc/RPFINTAXU01_Q0001QueryResults
cc_home_analytics.svc,RPFINTAXU01_Q0002QueryResults,FINTAXU01,,,sap/byd/odata/cc_home_analytics.svc/RPFINTAXU01_Q0002QueryResults
cc_home_analytics.svc,RPFINTAXU02_Q0001QueryResults,FINTAXU02,,,sap/byd/odata/cc_home_analytics.svc/RPFINTAXU02_Q0001QueryResults
cc_home_analytics.svc,RPFINTAXU02_Q0002QueryResults,FINTAXU02,,,sap/byd/odata/cc_home_analytics.svc/RPFINTAXU02_Q0002QueryResults
cc_home_analytics.svc,RPFINTAXU03_Q0001QueryResults,FINTAXU03,Tax Ledger Account Balances,Provides balances from tax ledger accounts.,sap/byd/odata/cc_home_analytics.svc/RPFINTAXU03_Q0001QueryResults
cc_home_analytics.svc,RPFINTAXU04_Q0001QueryResults,FINTAXU04,Tax Ledger Account Ledger Account Line Items,Provides line items from tax ledger accounts.,sap/byd/odata/cc_home_analytics.svc/RPFINTAXU04_Q0001QueryResults
cc_home_analytics.svc,RPFINTAXU04_Q0002QueryResults,FINTAXU04,Tax Ledger Account Ledger Account Line Items,Provides line items from tax ledger accounts.,sap/byd/odata/cc_home_analytics.svc/RPFINTAXU04_Q0002QueryResults
cc_home_analytics.svc,RPFINTAXU05_Q0001QueryResults,FINTAXU05,Tax Balance Audit Trail,Shows the opening and closing balance and the line items for each tax account.,sap/byd/odata/cc_home_analytics.svc/RPFINTAXU05_Q0001QueryResults
cc_home_analytics.svc,RPFINTAXU08_Q0001QueryResults,FINTAXU08,WH Tax Details,Provides withholding tax line items from the tax register.,sap/byd/odata/cc_home_analytics.svc/RPFINTAXU08_Q0001QueryResults
cc_home_analytics.svc,RPFINTAXU09_Q0001QueryResults,FINTAXU09,VAT / Sales Tax Details,Provides line items for VAT or sales tax from the tax register.,sap/byd/odata/cc_home_analytics.svc/RPFINTAXU09_Q0001QueryResults
cc_home_analytics.svc,RPFINTAXU09_Q0002QueryResults,FINTAXU09,VAT / Sales Tax Details,Provides line items for VAT or sales tax from the tax register.,sap/byd/odata/cc_home_analytics.svc/RPFINTAXU09_Q0002QueryResults
cc_home_analytics.svc,RPFINTAXU09_Q0003QueryResults,FINTAXU09,VAT / Sales Tax Details,Provides line items for VAT or sales tax from the tax register.,sap/byd/odata/cc_home_analytics.svc/RPFINTAXU09_Q0003QueryResults
cc_home_analytics.svc,RPFINTAXU10_Q0001QueryResults,FINTAXU10,Data Source for all VAT / Sales Tax Items with Journal Entry Details,"Provides data for VAT and sales tax items in the tax register including additional journal entry details. You can display the tax attributes for each source document, for example tax code or tax rate, and amounts such as base, deductible and non deductible tax amount. The data source also includes the G/L accounts to which the costs or revenues and taxes are posted as well as further journal entry details. Company, set of books, and kind of date (tax due date or posting date) are mandatory variables for this data source. The tax countries/regions Canada, India, and Mexico are not supported. For more information see the documentation of the report: All VAT / Sales Tax Items with Journal Entry Details",sap/byd/odata/cc_home_analytics.svc/RPFINTAXU10_Q0001QueryResults
cc_home_analytics.svc,RPFND_SUP_FINDATA_Q0001QueryResults,FND_SUP_FINDATA,Supplier Payment Data,Provides the payment data of a supplier.,sap/byd/odata/cc_home_analytics.svc/RPFND_SUP_FINDATA_Q0001QueryResults
cc_home_analytics.svc,RPGLOCIU01_Q0001QueryResults,GLOCIU01,Customer Invoice Item with Tax Details,"Contains all customer invoice items which are not released and in approval status. It provides you with information on the products, quantities, gross amounts, net amounts, tax amounts.",sap/byd/odata/cc_home_analytics.svc/RPGLOCIU01_Q0001QueryResults
cc_home_analytics.svc,RPGLOCOSTAJ_Q0003QueryResults,GLOCOSTAJ,Cost Auditing,Contains all relevent data for the Cost Auditing report which is specific to the country/region India,sap/byd/odata/cc_home_analytics.svc/RPGLOCOSTAJ_Q0003QueryResults
cc_home_analytics.svc,RPGLOCOSTAU_Q0003QueryResults,GLOCOSTAU,Cost Auditing,Contains all relevent data for the Cost Auditing report which is specific to the country/region India,sap/byd/odata/cc_home_analytics.svc/RPGLOCOSTAU_Q0003QueryResults
cc_home_analytics.svc,RPGLOFININVWHB_Q0001QueryResults,GLOFININVWHB,,,sap/byd/odata/cc_home_analytics.svc/RPGLOFININVWHB_Q0001QueryResults
cc_home_analytics.svc,RPGLOFININVWMAP_Q0001QueryResults,GLOFININVWMAP,,,sap/byd/odata/cc_home_analytics.svc/RPGLOFININVWMAP_Q0001QueryResults
cc_home_analytics.svc,RPGLOFINU01_Q0001QueryResults,GLOFINU01,Accounts Receivable - Pledging of Open Items,"Shows all open items that are pledged as collateral, which can be particular open items or if the customer account is pledged, all open items of this customer.",sap/byd/odata/cc_home_analytics.svc/RPGLOFINU01_Q0001QueryResults
cc_home_analytics.svc,RPGLOFINU01_Q0001_MOBQueryResults,GLOFINU01,Accounts Receivable - Pledging of Open Items,"Shows all open items that are pledged as collateral, which can be particular open items or if the customer account is pledged, all open items of this customer.",sap/byd/odata/cc_home_analytics.svc/RPGLOFINU01_Q0001_MOBQueryResults
cc_home_analytics.svc,RPGLOHCMPAEMPNLHIR_Q002QueryResults,GLOHCMPAEMPNLHIR,,,sap/byd/odata/cc_home_analytics.svc/RPGLOHCMPAEMPNLHIR_Q002QueryResults
cc_home_analytics.svc,RPGLOTAXB01_Q0001QueryResults,GLOTAXB01,Taxes - Product Tax Details,Product Tax Details - Taxes Data Source,sap/byd/odata/cc_home_analytics.svc/RPGLOTAXB01_Q0001QueryResults
cc_home_analytics.svc,RPGLOTAXB08_Q0001QueryResults,GLOTAXB08,Taxes - Excise Annexure 10,Taxes - Excise Annexure 10,sap/byd/odata/cc_home_analytics.svc/RPGLOTAXB08_Q0001QueryResults
cc_home_analytics.svc,RPGLOTAXB09_Q0001QueryResults,GLOTAXB09,Taxes - Product Tax Details,Product Tax Details - Taxes Data Source,sap/byd/odata/cc_home_analytics.svc/RPGLOTAXB09_Q0001QueryResults
cc_home_analytics.svc,RPGLOTAXB11_Q0001QueryResults,GLOTAXB11,Taxes - Supplier Invoice Details,Taxes - Supplier Invoice Details,sap/byd/odata/cc_home_analytics.svc/RPGLOTAXB11_Q0001QueryResults
cc_home_analytics.svc,RPGLOTAXB13_Q0001QueryResults,GLOTAXB13,Sales Register - India,Sales Register - India,sap/byd/odata/cc_home_analytics.svc/RPGLOTAXB13_Q0001QueryResults
cc_home_analytics.svc,RPGLOTAXB15_Q0001QueryResults,GLOTAXB15,ER5 Report,,sap/byd/odata/cc_home_analytics.svc/RPGLOTAXB15_Q0001QueryResults
cc_home_analytics.svc,RPGLOTAXU03_Q0001QueryResults,GLOTAXU03,RG1: Excise Register - India,Shows an overview of the RG1 Indian excise register for the selected period,sap/byd/odata/cc_home_analytics.svc/RPGLOTAXU03_Q0001QueryResults
cc_home_analytics.svc,RPGLOTAXU03_Q0002QueryResults,GLOTAXU03,RG1: Excise Register - India,Shows an overview of the RG1 Indian excise register for the selected period,sap/byd/odata/cc_home_analytics.svc/RPGLOTAXU03_Q0002QueryResults
cc_home_analytics.svc,RPGLOTAXU05_Q0001QueryResults,GLOTAXU05,GLOTAXU05,,sap/byd/odata/cc_home_analytics.svc/RPGLOTAXU05_Q0001QueryResults
cc_home_analytics.svc,RPGLO_FINPLU01_Q0004QueryResults,GLO_FINPLU01,,,sap/byd/odata/cc_home_analytics.svc/RPGLO_FINPLU01_Q0004QueryResults
cc_home_analytics.svc,RPGLO_FINPLU01_Q0005QueryResults,GLO_FINPLU01,,,sap/byd/odata/cc_home_analytics.svc/RPGLO_FINPLU01_Q0005QueryResults
cc_home_analytics.svc,RPGLO_FINPLU01_Q002QueryResults,GLO_FINPLU01,,,sap/byd/odata/cc_home_analytics.svc/RPGLO_FINPLU01_Q002QueryResults
cc_home_analytics.svc,RPGLO_FINPLU01_Q003QueryResults,GLO_FINPLU01,,,sap/byd/odata/cc_home_analytics.svc/RPGLO_FINPLU01_Q003QueryResults
cc_home_analytics.svc,RPHCMPAB01_Q0001QueryResults,HCMPAB01,Headcount,"Provides information on employee headcount, FTE, age and length of service.",sap/byd/odata/cc_home_analytics.svc/RPHCMPAB01_Q0001QueryResults
cc_home_analytics.svc,RPHCMPAB01_Q0002QueryResults,HCMPAB01,Headcount,"Provides information on employee headcount, FTE, age and length of service.",sap/byd/odata/cc_home_analytics.svc/RPHCMPAB01_Q0002QueryResults
cc_home_analytics.svc,RPHCMPAB01_Q0003QueryResults,HCMPAB01,Headcount,"Provides information on employee headcount, FTE, age and length of service.",sap/byd/odata/cc_home_analytics.svc/RPHCMPAB01_Q0003QueryResults
cc_home_analytics.svc,RPHCMPAB01_Q1001QueryResults,HCMPAB01,Headcount,"Provides information on employee headcount, FTE, age and length of service.",sap/byd/odata/cc_home_analytics.svc/RPHCMPAB01_Q1001QueryResults
cc_home_analytics.svc,RPHCMPAB01_Q9001QueryResults,HCMPAB01,Headcount,"Provides information on employee headcount, FTE, age and length of service.",sap/byd/odata/cc_home_analytics.svc/RPHCMPAB01_Q9001QueryResults
cc_home_analytics.svc,RPHCMPAB01_Q9002QueryResults,HCMPAB01,Headcount,"Provides information on employee headcount, FTE, age and length of service.",sap/byd/odata/cc_home_analytics.svc/RPHCMPAB01_Q9002QueryResults
cc_home_analytics.svc,RPHCMPAB01_Q9003QueryResults,HCMPAB01,Headcount,"Provides information on employee headcount, FTE, age and length of service.",sap/byd/odata/cc_home_analytics.svc/RPHCMPAB01_Q9003QueryResults
cc_home_analytics.svc,RPHCMPAB07_Q0001QueryResults,HCMPAB07,,,sap/byd/odata/cc_home_analytics.svc/RPHCMPAB07_Q0001QueryResults
cc_home_analytics.svc,RPHCMPAB08_Q0001QueryResults,HCMPAB08,Internal Employee Details,"Provides an overview of employee’s data (Biographical Data, Private Contact Data, Workplace Contact Data, Work Agreement data, Org Assignment Data, Payment Info)",sap/byd/odata/cc_home_analytics.svc/RPHCMPAB08_Q0001QueryResults
cc_home_analytics.svc,RPHCMPAB09_Q0001QueryResults,HCMPAB09,,,sap/byd/odata/cc_home_analytics.svc/RPHCMPAB09_Q0001QueryResults
cc_home_analytics.svc,RPHCMPAB10_Q0001QueryResults,HCMPAB10,,,sap/byd/odata/cc_home_analytics.svc/RPHCMPAB10_Q0001QueryResults
cc_home_analytics.svc,RPHCMPAU01_Q0003QueryResults,HCMPAU01,Employee Turnover,"Provides the number of employees entering, leaving, or transferring within the company.",sap/byd/odata/cc_home_analytics.svc/RPHCMPAU01_Q0003QueryResults
cc_home_analytics.svc,RPHCMPAU01_Q0004QueryResults,HCMPAU01,Employee Turnover,"Provides the number of employees entering, leaving, or transferring within the company.",sap/byd/odata/cc_home_analytics.svc/RPHCMPAU01_Q0004QueryResults
cc_home_analytics.svc,RPHCMPAU01_Q1001QueryResults,HCMPAU01,Employee Turnover,"Provides the number of employees entering, leaving, or transferring within the company.",sap/byd/odata/cc_home_analytics.svc/RPHCMPAU01_Q1001QueryResults
cc_home_analytics.svc,RPHCMPAU01_Q9003QueryResults,HCMPAU01,Employee Turnover,"Provides the number of employees entering, leaving, or transferring within the company.",sap/byd/odata/cc_home_analytics.svc/RPHCMPAU01_Q9003QueryResults
cc_home_analytics.svc,RPHCMPAU01_Q9004QueryResults,HCMPAU01,Employee Turnover,"Provides the number of employees entering, leaving, or transferring within the company.",sap/byd/odata/cc_home_analytics.svc/RPHCMPAU01_Q9004QueryResults
cc_home_analytics.svc,RPHCMPAV01_Q0001QueryResults,HCMPAV01,Internal Employee Changes,"Provides information on change history of employee master data such as employee's Biographical Data, Private Contact Data, Payment Information and Organizational Assignment.",sap/byd/odata/cc_home_analytics.svc/RPHCMPAV01_Q0001QueryResults
cc_home_analytics.svc,RPHCMPYPB01_Q0001QueryResults,HCMPYPB01,,,sap/byd/odata/cc_home_analytics.svc/RPHCMPYPB01_Q0001QueryResults
cc_home_analytics.svc,RPHCMRPMU01_Q1001QueryResults,HCMRPMU01,Forecasted Utilization,"Provides visualization into the future on Forecasted Utilization of resources relevant for Resource Management, within a set period of time. Compares the commitments derived from the Scheduled Work and Absences of relevant resources assigned within a Company or a given Reporting Line Unit, with the Gross Capacity (planned working time) of these resources.",sap/byd/odata/cc_home_analytics.svc/RPHCMRPMU01_Q1001QueryResults
cc_home_analytics.svc,RPHCMTLMB07_Q0001QueryResults,HCMTLMB07,Employee Recorded Times,Provides information on recorded employee times,sap/byd/odata/cc_home_analytics.svc/RPHCMTLMB07_Q0001QueryResults
cc_home_analytics.svc,RPHCMTLMB13_Q0001QueryResults,HCMTLMB13,Employee Time Profile,"Provides an overview of employee time profile with basic data and work schedule information, such as time recording profile, time recording method, hire date, termination date, work schedule category and assigned time models.",sap/byd/odata/cc_home_analytics.svc/RPHCMTLMB13_Q0001QueryResults
cc_home_analytics.svc,RPHCMTLMB15_Q0001QueryResults,HCMTLMB15,,,sap/byd/odata/cc_home_analytics.svc/RPHCMTLMB15_Q0001QueryResults
cc_home_analytics.svc,RPHCMTLMU01_Q0002QueryResults,HCMTLMU01,Employee Times,Provides information on planned and recorded employee times.,sap/byd/odata/cc_home_analytics.svc/RPHCMTLMU01_Q0002QueryResults
cc_home_analytics.svc,RPHCMTLMU01_Q0003QueryResults,HCMTLMU01,Employee Times,Provides information on planned and recorded employee times.,sap/byd/odata/cc_home_analytics.svc/RPHCMTLMU01_Q0003QueryResults
cc_home_analytics.svc,RPHCMTLMU01_Q0004QueryResults,HCMTLMU01,Employee Times,Provides information on planned and recorded employee times.,sap/byd/odata/cc_home_analytics.svc/RPHCMTLMU01_Q0004QueryResults
cc_home_analytics.svc,RPHCMTLMU01_Q0007QueryResults,HCMTLMU01,Employee Times,Provides information on planned and recorded employee times.,sap/byd/odata/cc_home_analytics.svc/RPHCMTLMU01_Q0007QueryResults
cc_home_analytics.svc,RPHCMTLMU01_Q0011QueryResults,HCMTLMU01,Employee Times,Provides information on planned and recorded employee times.,sap/byd/odata/cc_home_analytics.svc/RPHCMTLMU01_Q0011QueryResults
cc_home_analytics.svc,RPHCMTLMU01_Q0013QueryResults,HCMTLMU01,Employee Times,Provides information on planned and recorded employee times.,sap/byd/odata/cc_home_analytics.svc/RPHCMTLMU01_Q0013QueryResults
cc_home_analytics.svc,RPHCMTLMU01_Q9002QueryResults,HCMTLMU01,Employee Times,Provides information on planned and recorded employee times.,sap/byd/odata/cc_home_analytics.svc/RPHCMTLMU01_Q9002QueryResults
cc_home_analytics.svc,RPHCMTLMU01_Q9003QueryResults,HCMTLMU01,Employee Times,Provides information on planned and recorded employee times.,sap/byd/odata/cc_home_analytics.svc/RPHCMTLMU01_Q9003QueryResults
cc_home_analytics.svc,RPHCMTLMU01_Q9004QueryResults,HCMTLMU01,Employee Times,Provides information on planned and recorded employee times.,sap/byd/odata/cc_home_analytics.svc/RPHCMTLMU01_Q9004QueryResults
cc_home_analytics.svc,RPHCMTLMU01_Q9007QueryResults,HCMTLMU01,Employee Times,Provides information on planned and recorded employee times.,sap/byd/odata/cc_home_analytics.svc/RPHCMTLMU01_Q9007QueryResults
cc_home_analytics.svc,RPHCMTLMU02_Q0001QueryResults,HCMTLMU02,Employee Time Accounts,Provides information on the balances of employee time accounts.,sap/byd/odata/cc_home_analytics.svc/RPHCMTLMU02_Q0001QueryResults
cc_home_analytics.svc,RPHCMTLMU02_Q0002QueryResults,HCMTLMU02,Employee Time Accounts,Provides information on the balances of employee time accounts.,sap/byd/odata/cc_home_analytics.svc/RPHCMTLMU02_Q0002QueryResults
cc_home_analytics.svc,RPHCMTLMU02_Q0003QueryResults,HCMTLMU02,Employee Time Accounts,Provides information on the balances of employee time accounts.,sap/byd/odata/cc_home_analytics.svc/RPHCMTLMU02_Q0003QueryResults
cc_home_analytics.svc,RPHCMTLMU02_Q0004QueryResults,HCMTLMU02,Employee Time Accounts,Provides information on the balances of employee time accounts.,sap/byd/odata/cc_home_analytics.svc/RPHCMTLMU02_Q0004QueryResults
cc_home_analytics.svc,RPHCMTLMU02_Q9001QueryResults,HCMTLMU02,Employee Time Accounts,Provides information on the balances of employee time accounts.,sap/byd/odata/cc_home_analytics.svc/RPHCMTLMU02_Q9001QueryResults
cc_home_analytics.svc,RPHCMTLMU02_Q9002QueryResults,HCMTLMU02,Employee Time Accounts,Provides information on the balances of employee time accounts.,sap/byd/odata/cc_home_analytics.svc/RPHCMTLMU02_Q9002QueryResults
cc_home_analytics.svc,RPHCMTLMU02_Q9003QueryResults,HCMTLMU02,Employee Time Accounts,Provides information on the balances of employee time accounts.,sap/byd/odata/cc_home_analytics.svc/RPHCMTLMU02_Q9003QueryResults
cc_home_analytics.svc,RPHCMTLMU02_Q9004QueryResults,HCMTLMU02,Employee Time Accounts,Provides information on the balances of employee time accounts.,sap/byd/odata/cc_home_analytics.svc/RPHCMTLMU02_Q9004QueryResults
cc_home_analytics.svc,RPHCMTLMU06_Q0001QueryResults,HCMTLMU06,Employee Time Account Postings with Corresponding calendar quantity,Employee Time Account Postings with Corresponding calendar quantity,sap/byd/odata/cc_home_analytics.svc/RPHCMTLMU06_Q0001QueryResults
cc_home_analytics.svc,RPMATERIAL_Q0001QueryResults,MATERIAL,Material Master Data,"Provides material master data, including identification, description, quantity, product category, and system administration data.",sap/byd/odata/cc_home_analytics.svc/RPMATERIAL_Q0001QueryResults
cc_home_analytics.svc,RPMATERIAL_Q0002QueryResults,MATERIAL,Material Master Data,"Provides material master data, including identification, description, quantity, product category, and system administration data.",sap/byd/odata/cc_home_analytics.svc/RPMATERIAL_Q0002QueryResults
cc_home_analytics.svc,RPSCMCDU01_Q0001QueryResults,SCMCDU01,Customer Demand Details,"Provides the details of all customer demands from various sources like sales order, service order, stock transfer order & project stock order.",sap/byd/odata/cc_home_analytics.svc/RPSCMCDU01_Q0001QueryResults
cc_home_analytics.svc,RPSCMCFJU01_Q0001QueryResults,SCMCFJU01,Confirmation Journal,"Provides transaction data related to inventory changes and inventory movements, including goods issues/receipts/movements. It also shows changes to inventory as a result of confirmed warehouse and production tasks.",sap/byd/odata/cc_home_analytics.svc/RPSCMCFJU01_Q0001QueryResults
cc_home_analytics.svc,RPSCMCIDB03_Q0001QueryResults,SCMCIDB03,Inbound Delivery Item Details,"Provides transaction data of inbound delivery documents, including product items, quantities, identified stock, product requirement specifications and status information.",sap/byd/odata/cc_home_analytics.svc/RPSCMCIDB03_Q0001QueryResults
cc_home_analytics.svc,RPSCMINBU01_Q0001QueryResults,SCMINBU01,,,sap/byd/odata/cc_home_analytics.svc/RPSCMINBU01_Q0001QueryResults
cc_home_analytics.svc,RPSCMINBU03_Q0001QueryResults,SCMINBU03,Inventory Balance,The Inventory Balance report provides details of the user’s opening and ending balance of inventory at a location and logistics area. It also shows details of incoming and outgoing inventory over a defined period of time.,sap/byd/odata/cc_home_analytics.svc/RPSCMINBU03_Q0001QueryResults
cc_home_analytics.svc,RPSCMINVAGV04_Q0001QueryResults,SCMINVAGV04,Inventory Ageing,,sap/byd/odata/cc_home_analytics.svc/RPSCMINVAGV04_Q0001QueryResults
cc_home_analytics.svc,RPSCMINVAGV05_Q0001QueryResults,SCMINVAGV05,Inventory Ageing for Predelivered Stock,,sap/byd/odata/cc_home_analytics.svc/RPSCMINVAGV05_Q0001QueryResults
cc_home_analytics.svc,RPSCMINVV02_Q0001QueryResults,SCMINVV02,Stock Overview,,sap/byd/odata/cc_home_analytics.svc/RPSCMINVV02_Q0001QueryResults
cc_home_analytics.svc,RPSCMOBDB04_Q0001QueryResults,SCMOBDB04,Outbound Delivery Item Party Details,Outbound Delivery Item Party Details,sap/byd/odata/cc_home_analytics.svc/RPSCMOBDB04_Q0001QueryResults
cc_home_analytics.svc,RPSCMODPB01_OTIFQueryResults,,,,sap/byd/odata/cc_home_analytics.svc/RPSCMODPB01_OTIFQueryResults
cc_home_analytics.svc,RPSCMODPB01_Q0001QueryResults,SCMODPB01,Outbound Delivery Performance Details,"Provides transaction data of outbound delivery documents, including order ID, product, account, sales unit, and ship-from site ID.",sap/byd/odata/cc_home_analytics.svc/RPSCMODPB01_Q0001QueryResults
cc_home_analytics.svc,RPSCMODPB01_Q0002QueryResults,SCMODPB01,Outbound Delivery Performance Details,"Provides transaction data of outbound delivery documents, including order ID, product, account, sales unit, and ship-from site ID.",sap/byd/odata/cc_home_analytics.svc/RPSCMODPB01_Q0002QueryResults
cc_home_analytics.svc,RPSCMODPB01_Q0003QueryResults,SCMODPB01,Outbound Delivery Performance Details,"Provides transaction data of outbound delivery documents, including order ID, product, account, sales unit, and ship-from site ID.",sap/byd/odata/cc_home_analytics.svc/RPSCMODPB01_Q0003QueryResults
cc_home_analytics.svc,RPSCMODPB01_Q0004QueryResults,SCMODPB01,Outbound Delivery Performance Details,"Provides transaction data of outbound delivery documents, including order ID, product, account, sales unit, and ship-from site ID.",sap/byd/odata/cc_home_analytics.svc/RPSCMODPB01_Q0004QueryResults
cc_home_analytics.svc,RPSCMODPB01_Q0005QueryResults,SCMODPB01,Outbound Delivery Performance Details,"Provides transaction data of outbound delivery documents, including order ID, product, account, sales unit, and ship-from site ID.",sap/byd/odata/cc_home_analytics.svc/RPSCMODPB01_Q0005QueryResults
cc_home_analytics.svc,RPSCMODPB01_Q0020QueryResults,SCMODPB01,Outbound Delivery Performance Details,"Provides transaction data of outbound delivery documents, including order ID, product, account, sales unit, and ship-from site ID.",sap/byd/odata/cc_home_analytics.svc/RPSCMODPB01_Q0020QueryResults
cc_home_analytics.svc,RPSCMPIV01_Q0001QueryResults,SCMPIV01,Physical Inventory Count Items,,sap/byd/odata/cc_home_analytics.svc/RPSCMPIV01_Q0001QueryResults
cc_home_analytics.svc,RPSCMPOHDROPU01_Q0001QueryResults,SCMPOHDROPU01,Production Order By Header Output Products,,sap/byd/odata/cc_home_analytics.svc/RPSCMPOHDROPU01_Q0001QueryResults
cc_home_analytics.svc,RPSCMPOHDROPU02_Q0001QueryResults,SCMPOHDROPU02,Production Orders/Lot: Dates and Quantities,Production Orders/Lot: Dates and Quantities,sap/byd/odata/cc_home_analytics.svc/RPSCMPOHDROPU02_Q0001QueryResults
cc_home_analytics.svc,RPSCMPPTU01_Q0001QueryResults,SCMPPTU01,Production Processing Times,Provides transaction data of planned and actual processing times of production orders.,sap/byd/odata/cc_home_analytics.svc/RPSCMPPTU01_Q0001QueryResults
cc_home_analytics.svc,RPSCMPRFU01_Q0001QueryResults,SCMPRFU01,Production Request Fulfillment,"Provides transaction data of production request fulfillment, including planned and actual quantities, and dates.",sap/byd/odata/cc_home_analytics.svc/RPSCMPRFU01_Q0001QueryResults
cc_home_analytics.svc,RPSCMYASU01_Q0001QueryResults,SCMYASU01,Yield & Scrap,Provides transaction data of planned and actual scrap of production orders.,sap/byd/odata/cc_home_analytics.svc/RPSCMYASU01_Q0001QueryResults
cc_home_analytics.svc,RPSERVICE_Q0001QueryResults,SERVICE,Service Master Data,"Provides service master data, including identification, description, quantity, product category, and system administration data.",sap/byd/odata/cc_home_analytics.svc/RPSERVICE_Q0001QueryResults
cc_home_analytics.svc,RPSERVICE_Q0002QueryResults,SERVICE,Service Master Data,"Provides service master data, including identification, description, quantity, product category, and system administration data.",sap/byd/odata/cc_home_analytics.svc/RPSERVICE_Q0002QueryResults
cc_home_analytics.svc,RPSRMCT_B03_Q0001QueryResults,SRMCT_B03,Purchasing Contract Item Release,"Provides transaction data of released items in a purchasing contract, including contract details, supplier information, contract item details, value, quantity, and status.",sap/byd/odata/cc_home_analytics.svc/RPSRMCT_B03_Q0001QueryResults
cc_home_analytics.svc,RPSRMGR_B02_Q0001QueryResults,SRMGR_B02,Goods Receipt Item Details,"Provides transaction data of goods receipt items, including the net value, the quantity, the product, and the transaction date.",sap/byd/odata/cc_home_analytics.svc/RPSRMGR_B02_Q0001QueryResults
cc_home_analytics.svc,RPSRMIR_B02_Q0001QueryResults,SRMIR_B02,Shopping Cart Item Details,"Provides transaction data of shopping cart items, including the net value, the quantity, the product, the status, the requester, and the approver.",sap/byd/odata/cc_home_analytics.svc/RPSRMIR_B02_Q0001QueryResults
cc_home_analytics.svc,RPSRMIV_B03_MQ0003QueryResults,SRMIV_B03,Supplier Invoice Item Details,"Provides transaction data of supplier invoice items, such as the net value, quantity, and the cost center.",sap/byd/odata/cc_home_analytics.svc/RPSRMIV_B03_MQ0003QueryResults
cc_home_analytics.svc,RPSRMIV_B03_MQ0004QueryResults,SRMIV_B03,Supplier Invoice Item Details,"Provides transaction data of supplier invoice items, such as the net value, quantity, and the cost center.",sap/byd/odata/cc_home_analytics.svc/RPSRMIV_B03_MQ0004QueryResults
cc_home_analytics.svc,RPSRMIV_B03_MQ0022QueryResults,SRMIV_B03,Supplier Invoice Item Details,"Provides transaction data of supplier invoice items, such as the net value, quantity, and the cost center.",sap/byd/odata/cc_home_analytics.svc/RPSRMIV_B03_MQ0022QueryResults
cc_home_analytics.svc,RPSRMIV_B03_Q0001QueryResults,SRMIV_B03,Supplier Invoice Item Details,"Provides transaction data of supplier invoice items, such as the net value, quantity, and the cost center.",sap/byd/odata/cc_home_analytics.svc/RPSRMIV_B03_Q0001QueryResults
cc_home_analytics.svc,RPSRMIV_B03_Q0002QueryResults,SRMIV_B03,Supplier Invoice Item Details,"Provides transaction data of supplier invoice items, such as the net value, quantity, and the cost center.",sap/byd/odata/cc_home_analytics.svc/RPSRMIV_B03_Q0002QueryResults
cc_home_analytics.svc,RPSRMIV_B03_Q0003QueryResults,SRMIV_B03,Supplier Invoice Item Details,"Provides transaction data of supplier invoice items, such as the net value, quantity, and the cost center.",sap/byd/odata/cc_home_analytics.svc/RPSRMIV_B03_Q0003QueryResults
cc_home_analytics.svc,RPSRMIV_B03_Q0004QueryResults,SRMIV_B03,Supplier Invoice Item Details,"Provides transaction data of supplier invoice items, such as the net value, quantity, and the cost center.",sap/byd/odata/cc_home_analytics.svc/RPSRMIV_B03_Q0004QueryResults
cc_home_analytics.svc,RPSRMIV_B03_Q0005QueryResults,SRMIV_B03,Supplier Invoice Item Details,"Provides transaction data of supplier invoice items, such as the net value, quantity, and the cost center.",sap/byd/odata/cc_home_analytics.svc/RPSRMIV_B03_Q0005QueryResults
cc_home_analytics.svc,RPSRMIV_B03_Q0006QueryResults,SRMIV_B03,Supplier Invoice Item Details,"Provides transaction data of supplier invoice items, such as the net value, quantity, and the cost center.",sap/byd/odata/cc_home_analytics.svc/RPSRMIV_B03_Q0006QueryResults
cc_home_analytics.svc,RPSRMIV_B03_Q0007QueryResults,SRMIV_B03,Supplier Invoice Item Details,"Provides transaction data of supplier invoice items, such as the net value, quantity, and the cost center.",sap/byd/odata/cc_home_analytics.svc/RPSRMIV_B03_Q0007QueryResults
cc_home_analytics.svc,RPSRMIV_B03_Q0010QueryResults,SRMIV_B03,Supplier Invoice Item Details,"Provides transaction data of supplier invoice items, such as the net value, quantity, and the cost center.",sap/byd/odata/cc_home_analytics.svc/RPSRMIV_B03_Q0010QueryResults
cc_home_analytics.svc,RPSRMIV_B03_Q0012QueryResults,SRMIV_B03,Supplier Invoice Item Details,"Provides transaction data of supplier invoice items, such as the net value, quantity, and the cost center.",sap/byd/odata/cc_home_analytics.svc/RPSRMIV_B03_Q0012QueryResults
cc_home_analytics.svc,RPSRMIV_B03_Q0013QueryResults,SRMIV_B03,Supplier Invoice Item Details,"Provides transaction data of supplier invoice items, such as the net value, quantity, and the cost center.",sap/byd/odata/cc_home_analytics.svc/RPSRMIV_B03_Q0013QueryResults
cc_home_analytics.svc,RPSRMIV_B03_Q0014QueryResults,SRMIV_B03,Supplier Invoice Item Details,"Provides transaction data of supplier invoice items, such as the net value, quantity, and the cost center.",sap/byd/odata/cc_home_analytics.svc/RPSRMIV_B03_Q0014QueryResults
cc_home_analytics.svc,RPSRMIV_B03_Q0015QueryResults,SRMIV_B03,Supplier Invoice Item Details,"Provides transaction data of supplier invoice items, such as the net value, quantity, and the cost center.",sap/byd/odata/cc_home_analytics.svc/RPSRMIV_B03_Q0015QueryResults
cc_home_analytics.svc,RPSRMIV_B03_Q0020QueryResults,SRMIV_B03,Supplier Invoice Item Details,"Provides transaction data of supplier invoice items, such as the net value, quantity, and the cost center.",sap/byd/odata/cc_home_analytics.svc/RPSRMIV_B03_Q0020QueryResults
cc_home_analytics.svc,RPSRMIV_B03_Q0022QueryResults,SRMIV_B03,Supplier Invoice Item Details,"Provides transaction data of supplier invoice items, such as the net value, quantity, and the cost center.",sap/byd/odata/cc_home_analytics.svc/RPSRMIV_B03_Q0022QueryResults
cc_home_analytics.svc,RPSRMIV_B03_Q0023QueryResults,SRMIV_B03,Supplier Invoice Item Details,"Provides transaction data of supplier invoice items, such as the net value, quantity, and the cost center.",sap/byd/odata/cc_home_analytics.svc/RPSRMIV_B03_Q0023QueryResults
cc_home_analytics.svc,RPSRMIV_UDC_Q0001QueryResults,SRMIV_UDC,Spend per Product,Provides an overview of the total costs (with additional costs) of supplier invoices per product and supplier.,sap/byd/odata/cc_home_analytics.svc/RPSRMIV_UDC_Q0001QueryResults
cc_home_analytics.svc,RPSRMIX_U01_Q0001QueryResults,SRMIX_U01,Supplier Invoice and Supplier Invoice Exception Analysis,"Provides transaction data about the invoices with exceptions, the corresponding invoice values, the percent of invoices and invoice values with exceptions, and the number of exceptions as well as the kind of exception.",sap/byd/odata/cc_home_analytics.svc/RPSRMIX_U01_Q0001QueryResults
cc_home_analytics.svc,RPSRMLCA_B01_Q0001QueryResults,SRMLCA_B01,Landed Cost Allocation Details,"Provides allocation document details such as allocation document ID, item ID, status, type, landed cost component, category, product ID, supplier, service provider, landed cost invoice, invoice posting date, invoice status, purchase order, purchase order currency, actual delivery date, planned amount, allocated amount, delivery quantity, gross weight, gross volume, allocated total invoice amount and allocated total credit memo amount.",sap/byd/odata/cc_home_analytics.svc/RPSRMLCA_B01_Q0001QueryResults
cc_home_analytics.svc,RPSRMPO_B02_MQ0009QueryResults,SRMPO_B02,Purchase Order Item Details,"Provides transaction data of purchase order items, including the net value, the quantity, the delivery date, and the ordering date.",sap/byd/odata/cc_home_analytics.svc/RPSRMPO_B02_MQ0009QueryResults
cc_home_analytics.svc,RPSRMPO_B02_Q0001QueryResults,SRMPO_B02,Purchase Order Item Details,"Provides transaction data of purchase order items, including the net value, the quantity, the delivery date, and the ordering date.",sap/byd/odata/cc_home_analytics.svc/RPSRMPO_B02_Q0001QueryResults
cc_home_analytics.svc,RPSRMPO_B02_Q0002QueryResults,SRMPO_B02,Purchase Order Item Details,"Provides transaction data of purchase order items, including the net value, the quantity, the delivery date, and the ordering date.",sap/byd/odata/cc_home_analytics.svc/RPSRMPO_B02_Q0002QueryResults
cc_home_analytics.svc,RPSRMPO_B02_Q0003QueryResults,SRMPO_B02,Purchase Order Item Details,"Provides transaction data of purchase order items, including the net value, the quantity, the delivery date, and the ordering date.",sap/byd/odata/cc_home_analytics.svc/RPSRMPO_B02_Q0003QueryResults
cc_home_analytics.svc,RPSRMPO_B02_Q0004QueryResults,SRMPO_B02,Purchase Order Item Details,"Provides transaction data of purchase order items, including the net value, the quantity, the delivery date, and the ordering date.",sap/byd/odata/cc_home_analytics.svc/RPSRMPO_B02_Q0004QueryResults
cc_home_analytics.svc,RPSRMPO_B02_Q0005QueryResults,SRMPO_B02,Purchase Order Item Details,"Provides transaction data of purchase order items, including the net value, the quantity, the delivery date, and the ordering date.",sap/byd/odata/cc_home_analytics.svc/RPSRMPO_B02_Q0005QueryResults
cc_home_analytics.svc,RPSRMPO_B02_Q0006QueryResults,SRMPO_B02,Purchase Order Item Details,"Provides transaction data of purchase order items, including the net value, the quantity, the delivery date, and the ordering date.",sap/byd/odata/cc_home_analytics.svc/RPSRMPO_B02_Q0006QueryResults
cc_home_analytics.svc,RPSRMPO_B02_Q0007QueryResults,SRMPO_B02,Purchase Order Item Details,"Provides transaction data of purchase order items, including the net value, the quantity, the delivery date, and the ordering date.",sap/byd/odata/cc_home_analytics.svc/RPSRMPO_B02_Q0007QueryResults
cc_home_analytics.svc,RPSRMPO_B02_Q0009QueryResults,SRMPO_B02,Purchase Order Item Details,"Provides transaction data of purchase order items, including the net value, the quantity, the delivery date, and the ordering date.",sap/byd/odata/cc_home_analytics.svc/RPSRMPO_B02_Q0009QueryResults
cc_home_analytics.svc,RPSRMPO_B03_Q0001QueryResults,SRMPO_B03,Purchase Order Account Assignment,"Provides transaction data of the purchase orders created per account assignment, including the net value, the quantity, the ordering date, and the account assignment.",sap/byd/odata/cc_home_analytics.svc/RPSRMPO_B03_Q0001QueryResults
cc_home_analytics.svc,RPSRMPO_U01_Q0001QueryResults,SRMPO_U01,Purchase Order Items with Extended Tracking Details,Purchase Order Items with Extended Tracking Details,sap/byd/odata/cc_home_analytics.svc/RPSRMPO_U01_Q0001QueryResults
cc_home_analytics.svc,RPSRMPO_U02_Q0001QueryResults,SRMPO_U02,Purchase Order Delivery Reliability,Purchase Order Delivery Reliability,sap/byd/odata/cc_home_analytics.svc/RPSRMPO_U02_Q0001QueryResults
cc_home_analytics.svc,RPSRMPRC_B01_SCALES_REPORTQueryResults,,,,sap/byd/odata/cc_home_analytics.svc/RPSRMPRC_B01_SCALES_REPORTQueryResults
cc_home_analytics.svc,RPSRMPR_B02_Q0001QueryResults,SRMPR_B02,Purchase Request Item Details,"Provides transaction data of purchase request items, including the requester, the net value, the quantity, the creation date, and the delivery date.",sap/byd/odata/cc_home_analytics.svc/RPSRMPR_B02_Q0001QueryResults
cc_home_analytics.svc,RPSRMPR_B03_Q0001QueryResults,SRMPR_B03,Purchase Request Account Assignment,"Provides transaction data of the purchase requests created per account assignment, including the net value, the quantity, the ordering date, and the account assignment.",sap/byd/odata/cc_home_analytics.svc/RPSRMPR_B03_Q0001QueryResults
cc_home_analytics.svc,RPSRMPR_B04_Q0001QueryResults,SRMPR_B04,Purchase Request Fullfillment,Provides transaction data of the purchase request items and purchase order items to evaluate the fulfillment.,sap/byd/odata/cc_home_analytics.svc/RPSRMPR_B04_Q0001QueryResults
cc_home_analytics.svc,RPSRMPR_B04_Q0002QueryResults,SRMPR_B04,Purchase Request Fullfillment,Provides transaction data of the purchase request items and purchase order items to evaluate the fulfillment.,sap/byd/odata/cc_home_analytics.svc/RPSRMPR_B04_Q0002QueryResults
cc_home_analytics.svc,RPSRMRTS_B01_Q0001QueryResults,SRMRTS_B01,Return to Suppliers,"Provides transaction data of return to suppliers, including the product, the supplier, the site, the quantity and other information.",sap/byd/odata/cc_home_analytics.svc/RPSRMRTS_B01_Q0001QueryResults
cc_home_analytics.svc,RPTLM_TENANT_HISTORY_Q0001QueryResults,TLM_TENANT_HISTORY,Software History,"Provides data about the entire system history of your tenant, including change data, product version data, patches, and support packages.",sap/byd/odata/cc_home_analytics.svc/RPTLM_TENANT_HISTORY_Q0001QueryResults
cc_home_analytics.svc,RPsDOCsOMDORB01_RPF_01QueryResults,,,,sap/byd/odata/cc_home_analytics.svc/RPsDOCsOMDORB01_RPF_01QueryResults
cc_home_analytics.svc,RPsDOCsOMDORB02_RPF_01QueryResults,,,,sap/byd/odata/cc_home_analytics.svc/RPsDOCsOMDORB02_RPF_01QueryResults
cc_home_analytics.svc,RPsITSAMsSAPSRB_Q0001QueryResults,sITSAMsSAPSRB,,,sap/byd/odata/cc_home_analytics.svc/RPsITSAMsSAPSRB_Q0001QueryResults
cc_home_analytics.svc,RPsITSAMsSAPSRB_Q0002QueryResults,sITSAMsSAPSRB,,,sap/byd/odata/cc_home_analytics.svc/RPsITSAMsSAPSRB_Q0002QueryResults
cc_home_analytics.svc,RPsITSAMsSAPSRB_Q0003QueryResults,sITSAMsSAPSRB,,,sap/byd/odata/cc_home_analytics.svc/RPsITSAMsSAPSRB_Q0003QueryResults
cc_home_analytics.svc,RPsITSAMsSAPSRB_Q0005QueryResults,sITSAMsSAPSRB,,,sap/byd/odata/cc_home_analytics.svc/RPsITSAMsSAPSRB_Q0005QueryResults
cc_home_analytics.svc,RPsITSAMsSAPSRB_Q0006QueryResults,sITSAMsSAPSRB,,,sap/byd/odata/cc_home_analytics.svc/RPsITSAMsSAPSRB_Q0006QueryResults
ci_customer_control_center_analytics.svc,RPCC_VM1_Q0001QueryResults,CC_VM1,,,sap/byd/odata/ci_customer_control_center_analytics.svc/RPCC_VM1_Q0001QueryResults
ci_customer_control_center_analytics.svc,RPCC_VM1_Q0002QueryResults,CC_VM1,,,sap/byd/odata/ci_customer_control_center_analytics.svc/RPCC_VM1_Q0002QueryResults
crm_accountmanagement_analytics.svc,RPBPCSCARB_Q0001QueryResults,BPCSCARB,Account Collaboration Data,"Provides the collaboration data of an account, including the business document name and the output channel along with data of the related account, such as the account ID, name, and address.",sap/byd/odata/crm_accountmanagement_analytics.svc/RPBPCSCARB_Q0001QueryResults
crm_accountmanagement_analytics.svc,RPBPCSCONTB_Q0001QueryResults,BPCSCONTB,Account Contact Data,"Provides the contacts of a corporate account, including the contact address information and other contact-specific data along with data of the related account, such as the account ID, name, and address.",sap/byd/odata/crm_accountmanagement_analytics.svc/RPBPCSCONTB_Q0001QueryResults
crm_accountmanagement_analytics.svc,RPBPCSRSPB_Q0001QueryResults,BPCSRSPB,Account Responsibility Data,"Provides the employees directly responsible for an account, including the employee ID, name, address, and the party role along with data of the related account, such as the account ID, name, and address.",sap/byd/odata/crm_accountmanagement_analytics.svc/RPBPCSRSPB_Q0001QueryResults
crm_accountmanagement_analytics.svc,RPBPCSRSPEMPTERM_Q0001QueryResults,BPCSRSPEMPTERM,Acc Term Empl,Account with terminated employee responsible,sap/byd/odata/crm_accountmanagement_analytics.svc/RPBPCSRSPEMPTERM_Q0001QueryResults
crm_accountmanagement_analytics.svc,RPBUPATAXNUMBERS_Q0001QueryResults,BUPATAXNUMBERS,,,sap/byd/odata/crm_accountmanagement_analytics.svc/RPBUPATAXNUMBERS_Q0001QueryResults
crm_accountmanagement_analytics.svc,RPBUPCSD_Q0001QueryResults,BUPCSD,,,sap/byd/odata/crm_accountmanagement_analytics.svc/RPBUPCSD_Q0001QueryResults
crm_customerinvoicing.svc,codelists,,,,sap/byd/odata/crm_customerinvoicing.svc/codelists
crm_customerinvoicing_analytics.svc,RPCRMCIVIB_MQ0001QueryResults,CRMCIVIB,Customer Invoice Item,"Contains all customer invoice items. It provides you with information on the products, quantities, gross amounts, net amounts, and tax amounts.",sap/byd/odata/crm_customerinvoicing_analytics.svc/RPCRMCIVIB_MQ0001QueryResults
crm_customerinvoicing_analytics.svc,RPCRMCIVIB_Q0001QueryResults,CRMCIVIB,Customer Invoice Item,"Contains all customer invoice items. It provides you with information on the products, quantities, gross amounts, net amounts, and tax amounts.",sap/byd/odata/crm_customerinvoicing_analytics.svc/RPCRMCIVIB_Q0001QueryResults
crm_customerinvoicing_analytics.svc,RPCRMCIVIB_Q0002QueryResults,CRMCIVIB,Customer Invoice Item,"Contains all customer invoice items. It provides you with information on the products, quantities, gross amounts, net amounts, and tax amounts.",sap/byd/odata/crm_customerinvoicing_analytics.svc/RPCRMCIVIB_Q0002QueryResults
crm_customerinvoicing_analytics.svc,RPCRMCIVIPATCB_Q0001QueryResults,CRMCIVIPATCB,Customer Invoice Item with Price Components,"Contains data on the quantities and values of customer invoice items. It allows you to analyze the development and distribution of sales quote items across organizational units , along with details about the price components like price, discount, freight, surcharge, goodwill, warranty, quality loss fee, cost estimate, profit margin. also provides information like is the price component is manullay changed or automatically determined, what prices are proposed by the system and which is the active price, base value of each price component calculation for price, discount, freight, surcharge. Calculation of total discount , total tax value .",sap/byd/odata/crm_customerinvoicing_analytics.svc/RPCRMCIVIPATCB_Q0001QueryResults
crm_customerinvoicing_analytics.svc,RPGLOCIU01_Q0001QueryResults,GLOCIU01,Customer Invoice Item with Tax Details,"Contains all customer invoice items which are not released and in approval status. It provides you with information on the products, quantities, gross amounts, net amounts, tax amounts.",sap/byd/odata/crm_customerinvoicing_analytics.svc/RPGLOCIU01_Q0001QueryResults
crm_fieldserviceandrepair_analytics.svc,RPCRMSCFIB01_Q0001QueryResults,CRMSCFIB01,,,sap/byd/odata/crm_fieldserviceandrepair_analytics.svc/RPCRMSCFIB01_Q0001QueryResults
crm_fieldserviceandrepair_analytics.svc,RPCRMSORHB_Q0005QueryResults,CRMSORHB,Service Order Header,"Contains values of service orders in total. It allows you to analyze status, workload and responsibility for the organizational units and to calculate due date compliance and usage of service categories and warranties.",sap/byd/odata/crm_fieldserviceandrepair_analytics.svc/RPCRMSORHB_Q0005QueryResults
crm_fieldserviceandrepair_analytics.svc,RPCRMSORHB_Q0007QueryResults,CRMSORHB,Service Order Header,"Contains values of service orders in total. It allows you to analyze status, workload and responsibility for the organizational units and to calculate due date compliance and usage of service categories and warranties.",sap/byd/odata/crm_fieldserviceandrepair_analytics.svc/RPCRMSORHB_Q0007QueryResults
crm_newbusiness_analytics.svc,RPCRMOPPU01_Q0001QueryResults,CRMOPPU01,Opportunity Header and Item Extended,"Contains all opportunities with their header and item data. It allows you to analyze opportunities by header and item data such as sales cycle, sales phase, expected value, opportunity items or net values.In contrast to the Opportunity Header and Item data source it shows inconsistent opportunities and provides additional parties as characteristic.",sap/byd/odata/crm_newbusiness_analytics.svc/RPCRMOPPU01_Q0001QueryResults
crm_newbusiness_analytics.svc,RPCRMOPPU_Q0001QueryResults,CRMOPPU,Opportunity Header and Item,"Contains all opportunities with their header and item data. It allows you to analyze opportunities by header and item data such as sales cycle, sales phase, expected value, opportunity items or net values.",sap/byd/odata/crm_newbusiness_analytics.svc/RPCRMOPPU_Q0001QueryResults
crm_newbusiness_analytics.svc,RPCRMOPPU_Q0002QueryResults,CRMOPPU,Opportunity Header and Item,"Contains all opportunities with their header and item data. It allows you to analyze opportunities by header and item data such as sales cycle, sales phase, expected value, opportunity items or net values.",sap/byd/odata/crm_newbusiness_analytics.svc/RPCRMOPPU_Q0002QueryResults
crm_newbusiness_analytics.svc,RPCRMOPPU_Q0003QueryResults,CRMOPPU,Opportunity Header and Item,"Contains all opportunities with their header and item data. It allows you to analyze opportunities by header and item data such as sales cycle, sales phase, expected value, opportunity items or net values.",sap/byd/odata/crm_newbusiness_analytics.svc/RPCRMOPPU_Q0003QueryResults
crm_productandserviceportfolio_analytics.svc,RPCRMPRC_CNT_REPORTQueryResults,,,,sap/byd/odata/crm_productandserviceportfolio_analytics.svc/RPCRMPRC_CNT_REPORTQueryResults
crm_productandserviceportfolio_analytics.svc,RPMATERIAL_Q0001QueryResults,MATERIAL,Material Master Data,"Provides material master data, including identification, description, quantity, product category, and system administration data.",sap/byd/odata/crm_productandserviceportfolio_analytics.svc/RPMATERIAL_Q0001QueryResults
crm_productandserviceportfolio_analytics.svc,RPMATERIAL_Q0002QueryResults,MATERIAL,Material Master Data,"Provides material master data, including identification, description, quantity, product category, and system administration data.",sap/byd/odata/crm_productandserviceportfolio_analytics.svc/RPMATERIAL_Q0002QueryResults
crm_productandserviceportfolio_analytics.svc,RPSERVICE_Q0001QueryResults,SERVICE,Service Master Data,"Provides service master data, including identification, description, quantity, product category, and system administration data.",sap/byd/odata/crm_productandserviceportfolio_analytics.svc/RPSERVICE_Q0001QueryResults
crm_productandserviceportfolio_analytics.svc,RPSERVICE_Q0002QueryResults,SERVICE,Service Master Data,"Provides service master data, including identification, description, quantity, product category, and system administration data.",sap/byd/odata/crm_productandserviceportfolio_analytics.svc/RPSERVICE_Q0002QueryResults
crm_serviceentitlements_analytics.svc,RPCRMCCOHHB_Q0001QueryResults,CRMCCOHHB,,,sap/byd/odata/crm_serviceentitlements_analytics.svc/RPCRMCCOHHB_Q0001QueryResults
crm_serviceentitlements_analytics.svc,RPCRMCCOIB_Q0001QueryResults,CRMCCOIB,Customer Contract Item,Contains data on the customer contract items.,sap/byd/odata/crm_serviceentitlements_analytics.svc/RPCRMCCOIB_Q0001QueryResults
crm_serviceentitlements_analytics.svc,RPCRMCCOIPATCB_Q0001QueryResults,CRMCCOIPATCB,Customer Contract Item with Price Components,"Contains data on the customer contract items , along with details about the price components like price, discount, freight, surcharge, goodwill, warranty, quality loss fee, cost estimate, profit margin. also provides information like is the price component is manullay changed or automatically determined, what prices are proposed by the system and which is the active price, base value of each price component calculation for price, discount, freight, surcharge. Calculation of total discount , total tax value .",sap/byd/odata/crm_serviceentitlements_analytics.svc/RPCRMCCOIPATCB_Q0001QueryResults
crm_serviceentitlements_analytics.svc,RPCRMCUCOISCU_Q0001QueryResults,CRMCUCOISCU,Customer Contract Item with Invoice Schedule Items,Contains all customer contract items with corresponding invoice schedule items. It allows you to see the planned revenue for each date specified in an invoice schedule.,sap/byd/odata/crm_serviceentitlements_analytics.svc/RPCRMCUCOISCU_Q0001QueryResults
crm_serviceentitlements_analytics.svc,RPCRMSCU_Q0001QueryResults,CRMSCU,Used Service Categories,"Contains all parameters and values of service categories. It allows you to analyze how often a certain service category has been used in service processes, for example in service requests, service orders and in the knowledge base.",sap/byd/odata/crm_serviceentitlements_analytics.svc/RPCRMSCU_Q0001QueryResults
crm_woc_salesorders.svc,codelists,,,,sap/byd/odata/crm_woc_salesorders.svc/codelists
crm_woc_salesorders_analytics.svc,RPCRMCCOHHB_Q0001QueryResults,CRMCCOHHB,,,sap/byd/odata/crm_woc_salesorders_analytics.svc/RPCRMCCOHHB_Q0001QueryResults
crm_woc_salesorders_analytics.svc,RPCRMCCOIB01_Q0001QueryResults,CRMCCOIB01,Customer Contract Item,Contains data on the customer contract items.,sap/byd/odata/crm_woc_salesorders_analytics.svc/RPCRMCCOIB01_Q0001QueryResults
crm_woc_salesorders_analytics.svc,RPCRMCCOIB_Q0001QueryResults,CRMCCOIB,Customer Contract Item,Contains data on the customer contract items.,sap/byd/odata/crm_woc_salesorders_analytics.svc/RPCRMCCOIB_Q0001QueryResults
crm_woc_salesorders_analytics.svc,RPCRMCCOIPATCB_Q0001QueryResults,CRMCCOIPATCB,Customer Contract Item with Price Components,"Contains data on the customer contract items , along with details about the price components like price, discount, freight, surcharge, goodwill, warranty, quality loss fee, cost estimate, profit margin. also provides information like is the price component is manullay changed or automatically determined, what prices are proposed by the system and which is the active price, base value of each price component calculation for price, discount, freight, surcharge. Calculation of total discount , total tax value .",sap/byd/odata/crm_woc_salesorders_analytics.svc/RPCRMCCOIPATCB_Q0001QueryResults
crm_woc_salesorders_analytics.svc,RPCRMCUCOISCU_Q0001QueryResults,CRMCUCOISCU,Customer Contract Item with Invoice Schedule Items,Contains all customer contract items with corresponding invoice schedule items. It allows you to see the planned revenue for each date specified in an invoice schedule.,sap/byd/odata/crm_woc_salesorders_analytics.svc/RPCRMCUCOISCU_Q0001QueryResults
crm_woc_salesorders_analytics.svc,RPCRMSLOIB01_Q0001QueryResults,CRMSLOIB01,Sales Order Item-Extended,Contains data on the quantities and values of sales order items. It allows you to analyze the development and distribution of sales order items across organizational units.,sap/byd/odata/crm_woc_salesorders_analytics.svc/RPCRMSLOIB01_Q0001QueryResults
crm_woc_salesorders_analytics.svc,RPCRMSLOIB_Q0001QueryResults,CRMSLOIB,Sales Order Item,Contains data on the quantities and values of sales order items. It allows you to analyze the development and distribution of sales order items across organizational units.,sap/byd/odata/crm_woc_salesorders_analytics.svc/RPCRMSLOIB_Q0001QueryResults
crm_woc_salesorders_analytics.svc,RPCRMSLOIPATCB_Q0001QueryResults,CRMSLOIPATCB,Sales Order Item with Price Components,"Contains data on the quantities and values of sales order items. It allows you to analyze the development and distribution of sales order items across organizational units , along with details about the price components like price, discount, freight, surcharge, goodwill, warranty, quality loss fee, cost estimate, profit margin. also provides information like is the price component is manullay changed or automatically determined, what prices are proposed by the system and which is the active price, base value of each price component calculation for price, discount, freight, surcharge. Calculation of total discount , total tax value .",sap/byd/odata/crm_woc_salesorders_analytics.svc/RPCRMSLOIPATCB_Q0001QueryResults
fin_audit.svc,codelists,,,,sap/byd/odata/fin_audit.svc/codelists
fin_audit_analytics.svc,RPCCAB01_Q001QueryResults,CCAB01,User - Current Status Details,"Provides data about the current status of users, including assigned work center, work center views, validity dates, and whether the user is inactive.",sap/byd/odata/fin_audit_analytics.svc/RPCCAB01_Q001QueryResults
fin_audit_analytics.svc,RPCCAB01_Q002QueryResults,CCAB01,User - Current Status Details,"Provides data about the current status of users, including assigned work center, work center views, validity dates, and whether the user is inactive.",sap/byd/odata/fin_audit_analytics.svc/RPCCAB01_Q002QueryResults
fin_audit_analytics.svc,RPCCAB02_Q001QueryResults,CCAB02,User - Activation Change Documents,"Provides data about the activation change documents for users, including technical ID, whether the user is a technical user or locked, and validity dates.",sap/byd/odata/fin_audit_analytics.svc/RPCCAB02_Q001QueryResults
fin_audit_analytics.svc,RPCCAB03_Q001QueryResults,CCAB03,User - Access Rights Change Documents,"Provides data about the access rights change documents for users, including changes to the assignment of work centers, work center views, and access rights.",sap/byd/odata/fin_audit_analytics.svc/RPCCAB03_Q001QueryResults
fin_audit_analytics.svc,RPCCARURV01_Q001QueryResults,CCARURV01,Report Assignment Details,"Shows the history of the assignment of reports to work centers, including change data, assignment details, and whether access to reports is restricted.",sap/byd/odata/fin_audit_analytics.svc/RPCCARURV01_Q001QueryResults
fin_audit_analytics.svc,RPFINCACU01_Q0001QueryResults,FINCACU01,Cost Center - Line Items,Provides details about the overhead costs incurred by a particular cost center. It is possible to see the costs of multiple cost centers at the same time as well. Aggregates information from the following Data Source: Overhead Costs.,sap/byd/odata/fin_audit_analytics.svc/RPFINCACU01_Q0001QueryResults
fin_audit_analytics.svc,RPFINCACU01_Q0002QueryResults,FINCACU01,Cost Center - Line Items,Provides details about the overhead costs incurred by a particular cost center. It is possible to see the costs of multiple cost centers at the same time as well. Aggregates information from the following Data Source: Overhead Costs.,sap/byd/odata/fin_audit_analytics.svc/RPFINCACU01_Q0002QueryResults
fin_audit_analytics.svc,RPFINCACU05_Q0001QueryResults,FINCACU05,Cost Center Master Data,Provides a list of the available cost centers from the master data. Also provides details about the sales area to which a cost center is linked. Aggregates information from the following Data Source: Master Data - Cost Centers.,sap/byd/odata/fin_audit_analytics.svc/RPFINCACU05_Q0001QueryResults
fin_audit_analytics.svc,RPFINDUEU01_Q0001QueryResults,FINDUEU01,Dunning History By Customer,Provides a detailed dunning history of all overdue payment items for each customer. The aggregated dunning amount and the overdue days are shown for each customer. Aggregates information from the following Data Sources: Dunning Header Details; Dunning Items. This data source forms the basis for the following key report: Dunning History by Customer.,sap/byd/odata/fin_audit_analytics.svc/RPFINDUEU01_Q0001QueryResults
fin_audit_analytics.svc,RPFINDUEU02_Q0001QueryResults,FINDUEU02,,,sap/byd/odata/fin_audit_analytics.svc/RPFINDUEU02_Q0001QueryResults
fin_audit_analytics.svc,RPFINDUEU02_Q0002QueryResults,FINDUEU02,,,sap/byd/odata/fin_audit_analytics.svc/RPFINDUEU02_Q0002QueryResults
fin_audit_analytics.svc,RPFINDUEU03_Q0001QueryResults,FINDUEU03,Dunning Statistics,"Provides total receivable and overdue receivable amount for a customer, total items, and the amount sent to the legal department. It also provides the percentage of the open receivable amount which is dunned and the percentage of the dunning amount sent to the legal department. Aggregates information from the following Data Sources: Dunning Items; AP/AR Details. This data source forms the basis for the following key reports: Dunning Statistics; Current Dunning Statistics.",sap/byd/odata/fin_audit_analytics.svc/RPFINDUEU03_Q0001QueryResults
fin_audit_analytics.svc,RPFINDUEU04_Q0004QueryResults,FINDUEU04,Trade Receivables Payables Register,"Provides information about the document amount, the payment amount, and cash discounts of the trade receivables and payables resulting from the business transactions of a company. Aggregates information from the following Data Sources: AP/AR Details, Dunning Items, Reset Clearing Adjustment amount. This data source forms the basis for the following key reports: Open Item List - Suppliers/Customers; Details Item List -Suppliers/Customers; Aging List -Suppliers/Customers; Forecast List -Suppliers/Customers; Payment Statistics -Suppliers/Customers.",sap/byd/odata/fin_audit_analytics.svc/RPFINDUEU04_Q0004QueryResults
fin_audit_analytics.svc,RPFINDUEU04_Q0006QueryResults,FINDUEU04,Trade Receivables Payables Register,"Provides information about the document amount, the payment amount, and cash discounts of the trade receivables and payables resulting from the business transactions of a company. Aggregates information from the following Data Sources: AP/AR Details, Dunning Items, Reset Clearing Adjustment amount. This data source forms the basis for the following key reports: Open Item List - Suppliers/Customers; Details Item List -Suppliers/Customers; Aging List -Suppliers/Customers; Forecast List -Suppliers/Customers; Payment Statistics -Suppliers/Customers.",sap/byd/odata/fin_audit_analytics.svc/RPFINDUEU04_Q0006QueryResults
fin_audit_analytics.svc,RPFINDUEU04_Q0007QueryResults,FINDUEU04,Trade Receivables Payables Register,"Provides information about the document amount, the payment amount, and cash discounts of the trade receivables and payables resulting from the business transactions of a company. Aggregates information from the following Data Sources: AP/AR Details, Dunning Items, Reset Clearing Adjustment amount. This data source forms the basis for the following key reports: Open Item List - Suppliers/Customers; Details Item List -Suppliers/Customers; Aging List -Suppliers/Customers; Forecast List -Suppliers/Customers; Payment Statistics -Suppliers/Customers.",sap/byd/odata/fin_audit_analytics.svc/RPFINDUEU04_Q0007QueryResults
fin_audit_analytics.svc,RPFINDUEU04_Q0008QueryResults,FINDUEU04,Trade Receivables Payables Register,"Provides information about the document amount, the payment amount, and cash discounts of the trade receivables and payables resulting from the business transactions of a company. Aggregates information from the following Data Sources: AP/AR Details, Dunning Items, Reset Clearing Adjustment amount. This data source forms the basis for the following key reports: Open Item List - Suppliers/Customers; Details Item List -Suppliers/Customers; Aging List -Suppliers/Customers; Forecast List -Suppliers/Customers; Payment Statistics -Suppliers/Customers.",sap/byd/odata/fin_audit_analytics.svc/RPFINDUEU04_Q0008QueryResults
fin_audit_analytics.svc,RPFINDUEU04_Q0010QueryResults,FINDUEU04,Trade Receivables Payables Register,"Provides information about the document amount, the payment amount, and cash discounts of the trade receivables and payables resulting from the business transactions of a company. Aggregates information from the following Data Sources: AP/AR Details, Dunning Items, Reset Clearing Adjustment amount. This data source forms the basis for the following key reports: Open Item List - Suppliers/Customers; Details Item List -Suppliers/Customers; Aging List -Suppliers/Customers; Forecast List -Suppliers/Customers; Payment Statistics -Suppliers/Customers.",sap/byd/odata/fin_audit_analytics.svc/RPFINDUEU04_Q0010QueryResults
fin_audit_analytics.svc,RPFINDUEU04_QICP0004QueryResults,FINDUEU04,Trade Receivables Payables Register,"Provides information about the document amount, the payment amount, and cash discounts of the trade receivables and payables resulting from the business transactions of a company. Aggregates information from the following Data Sources: AP/AR Details, Dunning Items, Reset Clearing Adjustment amount. This data source forms the basis for the following key reports: Open Item List - Suppliers/Customers; Details Item List -Suppliers/Customers; Aging List -Suppliers/Customers; Forecast List -Suppliers/Customers; Payment Statistics -Suppliers/Customers.",sap/byd/odata/fin_audit_analytics.svc/RPFINDUEU04_QICP0004QueryResults
fin_audit_analytics.svc,RPFINDUEU05_Q0001QueryResults,FINDUEU05,Dunning History By Documents,"Provides a detailed dunning history of all overdue payment items. This information is provided at the document level, showing the number of times dunned and the dates the overdue payment was dunned. It also provides information pertaining to dunning fees incurred. Aggregates information from the following Data Sources: Dunning Header Details, Dunning Items. This data source forms the basis for the following key  report: Dunning History By Documents.",sap/byd/odata/fin_audit_analytics.svc/RPFINDUEU05_Q0001QueryResults
fin_audit_analytics.svc,RPFINERMU01_Q0001QueryResults,FINERMU01,Expense and Reimbursement Details,"Provides detailed information about expenses and reimbursement rates. Shows the expense amounts, net expense amounts, and VAT amounts, as well as the reimbursement amounts and prepaid amounts. 

Aggregates information from the following Data Sources: Expense Report Information; Expenses and Expense Amounts; Reimbursement Rates. 

This data source forms the basis for the following key reports: Expense Reports - Expenses and Reimbursements; Expense Reports - Input VAT Refund.",sap/byd/odata/fin_audit_analytics.svc/RPFINERMU01_Q0001QueryResults
fin_audit_analytics.svc,RPFINERMU01_Q0002QueryResults,FINERMU01,Expense and Reimbursement Details,"Provides detailed information about expenses and reimbursement rates. Shows the expense amounts, net expense amounts, and VAT amounts, as well as the reimbursement amounts and prepaid amounts. 

Aggregates information from the following Data Sources: Expense Report Information; Expenses and Expense Amounts; Reimbursement Rates. 

This data source forms the basis for the following key reports: Expense Reports - Expenses and Reimbursements; Expense Reports - Input VAT Refund.",sap/byd/odata/fin_audit_analytics.svc/RPFINERMU01_Q0002QueryResults
fin_audit_analytics.svc,RPFINERMU02_Q0001QueryResults,FINERMU02,Aggregated Tax Details view including Municipality Travel Information in Austria,"Provides detailed information about amounts which are relevant for tax purposes (such as in payroll). Items shown include taxable benefits, amounts taxable at flat rates, income-related expenses, and tax-exempt meals per diems. 

Aggregates information from the following Data Sources:  Expense Report Information; Expenses and Expense Amounts; Reimbursement Rates. 

This data source forms the basis for the following key report: Expense Reports - Taxable and Tax-Exempt Amounts for Payroll.",sap/byd/odata/fin_audit_analytics.svc/RPFINERMU02_Q0001QueryResults
fin_audit_analytics.svc,RPFINERMU03_Q0001QueryResults,FINERMU03,Allocated Expenses,"Provides detailed information about the cost assignments of the posted amounts of expense reports. Possible assignments are to cost centers, project tasks, sales orders, and service orders. 

Aggregates information from the following Data Sources: Expenses and Expense Amounts; Reimbursement Rates. 

This data source forms the basis for the following key report: Expense Reports by Cost Object.",sap/byd/odata/fin_audit_analytics.svc/RPFINERMU03_Q0001QueryResults
fin_audit_analytics.svc,RPFINERMU04_Q0001QueryResults,FINERMU04,Additional Destination,"Provides detailed information about the additional destinations of an expense report for a business trip. 

Aggregates information from the following Data Sources: Information About Expense Reports and Their Additional Destinations. 

This data source forms the basis for the following key report: Expense Reports - Additional Destination.",sap/byd/odata/fin_audit_analytics.svc/RPFINERMU04_Q0001QueryResults
fin_audit_analytics.svc,RPFINGLAU01_Q0001QueryResults,FINGLAU01,G/L Account Period Totals / Balances,"Provides data for the balances and totals of your individual G/L accounts and G/L account types in company currency and line item currency. The account movements are shown using the opening balance, the credit and debit, and the closing balance in the selected fiscal periods. Aggregates information from the following Data Sources: Business Configuration (Chart of Accounts); General Ledger (General Ledger Account Totals and Balances). This data source forms the basis for the following key reports: Trial Balance; Trial Balance - Two Years; Balances on Favorite Accounts; Schedule of Changes; Balance Audit Trail.",sap/byd/odata/fin_audit_analytics.svc/RPFINGLAU01_Q0001QueryResults
fin_audit_analytics.svc,RPFINGLAU01_Q0003QueryResults,FINGLAU01,G/L Account Period Totals / Balances,"Provides data for the balances and totals of your individual G/L accounts and G/L account types in company currency and line item currency. The account movements are shown using the opening balance, the credit and debit, and the closing balance in the selected fiscal periods. Aggregates information from the following Data Sources: Business Configuration (Chart of Accounts); General Ledger (General Ledger Account Totals and Balances). This data source forms the basis for the following key reports: Trial Balance; Trial Balance - Two Years; Balances on Favorite Accounts; Schedule of Changes; Balance Audit Trail.",sap/byd/odata/fin_audit_analytics.svc/RPFINGLAU01_Q0003QueryResults
fin_audit_analytics.svc,RPFINGLAU02_Q0001QueryResults,FINGLAU02,G/L Account Items,"Provides data for the line items of your G/L accounts. You can also display the line items of an individual G/L account or multiple G/L accounts. From the line items, you can view the relevant journal entries. You can include different details from the relevant document, such as the cost center, clearing date, or document number of the clearing document. Aggregates information from the following Data Sources: General Ledger (Line Items); Journal Entry (Items and Subledger Extensions); Subledgers, Offsetting Information. This data source forms the basis for the following key reports: G/L Accounts - Line Items; G/L Accounts - Open Items; Balance Audit Trail.",sap/byd/odata/fin_audit_analytics.svc/RPFINGLAU02_Q0001QueryResults
fin_audit_analytics.svc,RPFINGLAU02_Q0002QueryResults,FINGLAU02,G/L Account Items,"Provides data for the line items of your G/L accounts. You can also display the line items of an individual G/L account or multiple G/L accounts. From the line items, you can view the relevant journal entries. You can include different details from the relevant document, such as the cost center, clearing date, or document number of the clearing document. Aggregates information from the following Data Sources: General Ledger (Line Items); Journal Entry (Items and Subledger Extensions); Subledgers, Offsetting Information. This data source forms the basis for the following key reports: G/L Accounts - Line Items; G/L Accounts - Open Items; Balance Audit Trail.",sap/byd/odata/fin_audit_analytics.svc/RPFINGLAU02_Q0002QueryResults
fin_audit_analytics.svc,RPFINGLAU02_Q0003QueryResults,FINGLAU02,G/L Account Items,"Provides data for the line items of your G/L accounts. You can also display the line items of an individual G/L account or multiple G/L accounts. From the line items, you can view the relevant journal entries. You can include different details from the relevant document, such as the cost center, clearing date, or document number of the clearing document. Aggregates information from the following Data Sources: General Ledger (Line Items); Journal Entry (Items and Subledger Extensions); Subledgers, Offsetting Information. This data source forms the basis for the following key reports: G/L Accounts - Line Items; G/L Accounts - Open Items; Balance Audit Trail.",sap/byd/odata/fin_audit_analytics.svc/RPFINGLAU02_Q0003QueryResults
fin_audit_analytics.svc,RPFINGLAU03_Q0001QueryResults,FINGLAU03,Journal Entries,"Provides data for the journal entries that were posted to G/L accounts. The journal entries are recorded in chronological order by document number, document type, and posting date. For each journal entry, the individual line items are also displayed with the accounts to which the entry was posted and the amount in company currency and line item currency. Aggregates information from the following Data Sources: Journal Entry (Items and Subledger Extensions); Subledgers; Offsetting Information. This data source forms the basis for the following key reports: Journal; Journal - Print Layout.",sap/byd/odata/fin_audit_analytics.svc/RPFINGLAU03_Q0001QueryResults
fin_audit_analytics.svc,RPFINGLAU04_Q0001QueryResults,FINGLAU04,Financial Statements,"Provides data for the hierarchical display of G/L account balances in company currency based on different reporting structures: balance sheets, profit and loss statements, and cash flow statements. You can choose to analyze data for different fiscal year and accounting period combinations and also compare data for two different fiscal years. Three different types of balance sheet calculations are provided: cumulative, changes in current period and cumulative balance sheet, changes for income statement. Aggregates information from the following Data Sources: Business Configuration (Chart of Accounts, Reporting Structures); General Ledger (General Ledger Account Totals and Balances). This data source forms the basis for the following key reports: Financial Statements; Financial Statements - Two Years; Financial Statements - Print Layout.",sap/byd/odata/fin_audit_analytics.svc/RPFINGLAU04_Q0001QueryResults
fin_audit_analytics.svc,RPFINGLAU06_Q0001QueryResults,FINGLAU06,,,sap/byd/odata/fin_audit_analytics.svc/RPFINGLAU06_Q0001QueryResults
fin_audit_analytics.svc,RPFINGLAU07_Q0001QueryResults,FINGLAU07,ARP Ledger Account Balances,"Provides data for the balances and totals of your individual accounts receivables and payables in company currency and line item currency. The account movements are shown using the opening balance, the credit and debit, and the closing balance in the selected fiscal periods. Aggregates information from the following Data Sources: Receivables and Payables (Totals and Balances). This data source forms the basis for the following key reports: Accounts Receivable - Trial Balance, Accounts Payable - Trial Balance.",sap/byd/odata/fin_audit_analytics.svc/RPFINGLAU07_Q0001QueryResults
fin_audit_analytics.svc,RPFINGLAU07_Q0002QueryResults,FINGLAU07,ARP Ledger Account Balances,"Provides data for the balances and totals of your individual accounts receivables and payables in company currency and line item currency. The account movements are shown using the opening balance, the credit and debit, and the closing balance in the selected fiscal periods. Aggregates information from the following Data Sources: Receivables and Payables (Totals and Balances). This data source forms the basis for the following key reports: Accounts Receivable - Trial Balance, Accounts Payable - Trial Balance.",sap/byd/odata/fin_audit_analytics.svc/RPFINGLAU07_Q0002QueryResults
fin_audit_analytics.svc,RPFINGLAU08_Q0001QueryResults,FINGLAU08,ARP Ledger Account Line Items,"Provides data for the line items of your accounts receivable and accounts payable accounts in company currency, transaction currency, and line item currency. For each line item, the posting date, document type, and document number are shown. Aggregates information from the following Data Sources: Accounts Receivable and Accounts Payable Line Items, Offsetting Information. This data source forms the basis for the following key reports: Accounts Receivable - Line Items; Accounts Payable - Line Items; Accounts Receivable - Open Items; Accounts Payable - Open Items; Accounts Receivable – Balance Audit Trail; Accounts Payable - Balance Audit Trail.",sap/byd/odata/fin_audit_analytics.svc/RPFINGLAU08_Q0001QueryResults
fin_audit_analytics.svc,RPFINGLAU08_Q0002QueryResults,FINGLAU08,ARP Ledger Account Line Items,"Provides data for the line items of your accounts receivable and accounts payable accounts in company currency, transaction currency, and line item currency. For each line item, the posting date, document type, and document number are shown. Aggregates information from the following Data Sources: Accounts Receivable and Accounts Payable Line Items, Offsetting Information. This data source forms the basis for the following key reports: Accounts Receivable - Line Items; Accounts Payable - Line Items; Accounts Receivable - Open Items; Accounts Payable - Open Items; Accounts Receivable – Balance Audit Trail; Accounts Payable - Balance Audit Trail.",sap/byd/odata/fin_audit_analytics.svc/RPFINGLAU08_Q0002QueryResults
fin_audit_analytics.svc,RPFINGLAU08_Q0003QueryResults,FINGLAU08,ARP Ledger Account Line Items,"Provides data for the line items of your accounts receivable and accounts payable accounts in company currency, transaction currency, and line item currency. For each line item, the posting date, document type, and document number are shown. Aggregates information from the following Data Sources: Accounts Receivable and Accounts Payable Line Items, Offsetting Information. This data source forms the basis for the following key reports: Accounts Receivable - Line Items; Accounts Payable - Line Items; Accounts Receivable - Open Items; Accounts Payable - Open Items; Accounts Receivable – Balance Audit Trail; Accounts Payable - Balance Audit Trail.",sap/byd/odata/fin_audit_analytics.svc/RPFINGLAU08_Q0003QueryResults
fin_audit_analytics.svc,RPFINGLAU08_Q0004QueryResults,FINGLAU08,ARP Ledger Account Line Items,"Provides data for the line items of your accounts receivable and accounts payable accounts in company currency, transaction currency, and line item currency. For each line item, the posting date, document type, and document number are shown. Aggregates information from the following Data Sources: Accounts Receivable and Accounts Payable Line Items, Offsetting Information. This data source forms the basis for the following key reports: Accounts Receivable - Line Items; Accounts Payable - Line Items; Accounts Receivable - Open Items; Accounts Payable - Open Items; Accounts Receivable – Balance Audit Trail; Accounts Payable - Balance Audit Trail.",sap/byd/odata/fin_audit_analytics.svc/RPFINGLAU08_Q0004QueryResults
fin_audit_analytics.svc,RPFINGLAU09_Q0001QueryResults,FINGLAU09,Cash Ledger Account Balances,"Provides data for the balances and totals of your individual cash ledger accounts in company currency and line item currency. The account movements are shown using the opening balance, the credit and debit, and the closing balance in the selected fiscal periods. Aggregates information from the following Data Source: Cash Ledger Account (Totals and Balances). This data source forms the basis for the following key reports: Cash - Trial Balance; Cash  - Balance Audit Trail.",sap/byd/odata/fin_audit_analytics.svc/RPFINGLAU09_Q0001QueryResults
fin_audit_analytics.svc,RPFINGLAU10_Q0001QueryResults,FINGLAU10,Cash Ledger Account Line Items,"Provides data for the balances and line items of your individual G/L accounts and G/L account types in company currency and line item currency. For the individual line items for G/L accounts, you can include additional details such as the cost center. The balance audit trail shows the balance at the start of a specific period and the way in which the balance of the account changed by the end of the period. Aggregates information from the following Data Sources: General Ledger Account Line Items; General Ledger Account Totals and Balances; Offsetting Information. This data source forms the basis for the following key report: Balance Audit Trail.",sap/byd/odata/fin_audit_analytics.svc/RPFINGLAU10_Q0001QueryResults
fin_audit_analytics.svc,RPFINGLAU10_Q0002QueryResults,FINGLAU10,Cash Ledger Account Line Items,"Provides data for the balances and line items of your individual G/L accounts and G/L account types in company currency and line item currency. For the individual line items for G/L accounts, you can include additional details such as the cost center. The balance audit trail shows the balance at the start of a specific period and the way in which the balance of the account changed by the end of the period. Aggregates information from the following Data Sources: General Ledger Account Line Items; General Ledger Account Totals and Balances; Offsetting Information. This data source forms the basis for the following key report: Balance Audit Trail.",sap/byd/odata/fin_audit_analytics.svc/RPFINGLAU10_Q0002QueryResults
fin_audit_analytics.svc,RPFINGLAU11_Q0001QueryResults,FINGLAU11,G/L Balance Audit Trail,"Provides data for the balances and line items of your individual G/L accounts and G/L account types in company currency and line item currency. For the individual line items for G/L accounts, you can include additional details such as the cost center. 
The balance audit trail shows the balance at the start of a specific period and the way in which the balance of the account changed by the end of the period. Aggregates information from the following Data Sources: General Ledger Account Line Items; General Ledger Account Totals and Balances; Offsetting Information. This data source forms the basis for the following key report: Balance Audit Trail.",sap/byd/odata/fin_audit_analytics.svc/RPFINGLAU11_Q0001QueryResults
fin_audit_analytics.svc,RPFINGLAU12_Q0001QueryResults,FINGLAU12,ARP Balance Audit Trail,"Provides data for the balances and line items of your individual accounts receivable and accounts payable accounts in company currency and line item currency. For the individual line items for accounts receivable and accounts payable, you can include additional details such as the cost center. The balance audit trail shows the balance at the start of a specific period and the way in which the balance of the account changed by the end of the period. Aggregates information from the following Data Sources: Accounts Receivables / Accounts Payables Ledger Account Line Items; Accounts Receivables / Accounts Payables Ledger Account Totals and Balances; Offsetting Information. This data source forms the basis for the following key reports: Accounts Receivable Balance Audit Trail; Accounts Payable Balance Audit Trail.",sap/byd/odata/fin_audit_analytics.svc/RPFINGLAU12_Q0001QueryResults
fin_audit_analytics.svc,RPFINGLAU12_Q0002QueryResults,FINGLAU12,ARP Balance Audit Trail,"Provides data for the balances and line items of your individual accounts receivable and accounts payable accounts in company currency and line item currency. For the individual line items for accounts receivable and accounts payable, you can include additional details such as the cost center. The balance audit trail shows the balance at the start of a specific period and the way in which the balance of the account changed by the end of the period. Aggregates information from the following Data Sources: Accounts Receivables / Accounts Payables Ledger Account Line Items; Accounts Receivables / Accounts Payables Ledger Account Totals and Balances; Offsetting Information. This data source forms the basis for the following key reports: Accounts Receivable Balance Audit Trail; Accounts Payable Balance Audit Trail.",sap/byd/odata/fin_audit_analytics.svc/RPFINGLAU12_Q0002QueryResults
fin_audit_analytics.svc,RPFINGLAU13_Q0001QueryResults,FINGLAU13,Cash Balance Audit Trail,"Provides data for the balances and line items of your individual cash ledger accounts  in company currency and line item currency. For the individual line items for  cash ledger accounts, you can include additional details such as the profit center. The balance audit trail shows the balance at the start of a specific period and the way in which the balance of the account changed by the end of the period. Aggregates information from the following Data Sources: Cash Ledger Account Line Items; Cash Ledger Account Totals and Balances; Offsetting Information. This data source forms the basis for the following key report: Cash Ledger Account Balance Audit Trail.",sap/byd/odata/fin_audit_analytics.svc/RPFINGLAU13_Q0001QueryResults
fin_audit_analytics.svc,RPFINGLAU17_Q0001QueryResults,FINGLAU17,G/L Account Master Data,"Provides data for general ledger master data attributes and also for hierarchical display of general ledger account assignments based on different reporting structures: balance sheet, income statements, cash flow statements. Aggregates information from the following Data Sources: Business Configuration (Chart of Accounts); General Ledger (General Ledger Account Totals and Balances). This data source forms the basis for the following key report: Financial Reporting Structure for G/L Accounts.",sap/byd/odata/fin_audit_analytics.svc/RPFINGLAU17_Q0001QueryResults
fin_audit_analytics.svc,RPFINGLAU29_Q0001QueryResults,FINGLAU29,Accounting And Trade Receivables Payables Register,,sap/byd/odata/fin_audit_analytics.svc/RPFINGLAU29_Q0001QueryResults
fin_audit_analytics.svc,RPFININVU01_Q0001QueryResults,FININVU01,Material Ledger Account Line Items,"Provides data that is used in reports for viewing detailed information on the line items posted to the material ledger account. Aggregates information from the following Data Sources: Material Ledger Account (Line Item, Offset Accounts); Material Valuation Data. This data source forms the basis for the following key report: Material Inventories - Line Items Report.",sap/byd/odata/fin_audit_analytics.svc/RPFININVU01_Q0001QueryResults
fin_audit_analytics.svc,RPFININVU02_Q0003QueryResults,FININVU02,Production Ledger Account Line Items,"Provides line item data used in reports for viewing detailed information on the WIP postings in the production ledger account. Aggregates information from the following Data Sources: Production Ledger Account (Line Item, Offset Accounts); Financial Accounting View of Production Document (Item). This data source forms the basis for the following key reports: Production Lot - Line Items; Production Variances; Production Information for Income Statement by Nature of Expense.",sap/byd/odata/fin_audit_analytics.svc/RPFININVU02_Q0003QueryResults
fin_audit_analytics.svc,RPFININVU03_Q0001QueryResults,FININVU03,Purchase Ledger Account Line Items,"Provides line item information on postings to the goods receipt/invoice receipt clearing accounts (Unbilled Payables and Purchase in Transit). Aggregates information from the following Data Sources: Purchase Ledger Account (Clearing, Line Item, Offset Accounts); Financial Accounting View of Purchasing Document (Item). This data source forms the basis for the following key report: GR/IR Inventories - Balance Summary.",sap/byd/odata/fin_audit_analytics.svc/RPFININVU03_Q0001QueryResults
fin_audit_analytics.svc,RPFININVU03_Q0002QueryResults,FININVU03,Purchase Ledger Account Line Items,"Provides line item information on postings to the goods receipt/invoice receipt clearing accounts (Unbilled Payables and Purchase in Transit). Aggregates information from the following Data Sources: Purchase Ledger Account (Clearing, Line Item, Offset Accounts); Financial Accounting View of Purchasing Document (Item). This data source forms the basis for the following key report: GR/IR Inventories - Balance Summary.",sap/byd/odata/fin_audit_analytics.svc/RPFININVU03_Q0002QueryResults
fin_audit_analytics.svc,RPFININVU04_Q0001QueryResults,FININVU04,Material Ledger Account Aggregated,"Provides aggregated information on the quantities and values of material inventories. Aggregates information from the following Data Sources: Material Ledger Account (Line Item, Offset Accounts); Material Valuation Data. This data source forms the basis for the following key reports: Material Inventories - Balance Summary; Material Inventories -  Balance History; Material Inventories -  Rolling Inventory Comparison.",sap/byd/odata/fin_audit_analytics.svc/RPFININVU04_Q0001QueryResults
fin_audit_analytics.svc,RPFININVU07_Q0001QueryResults,FININVU07,Material Valuation Data,"Provides information about material costs in valuated stock for all cost types (valuation cost, standard cost , etc). Aggregates information from the following Data Sources: Material Valuation Data ( Root, Valuation Price ). This data source forms the basis for the following key report: Material Unit Costs Report.",sap/byd/odata/fin_audit_analytics.svc/RPFININVU07_Q0001QueryResults
fin_audit_analytics.svc,RPFININVU08_Q0001QueryResults,FININVU08,Material Inventories - Reconciliation,"Provides data used in reports for comparing quantities posted to material inventories in FIN and SCM (reconciliation). Aggregates information from the following Data Sources: Material Ledger Account (Line Item, Offset Accounts); Material Ledger Account Aggregated; SCM Inventory Snapshots; Material Valuation Data (Valuation Price). This data source forms the basis for the following key report: Material Inventories - Reconciliation.",sap/byd/odata/fin_audit_analytics.svc/RPFININVU08_Q0001QueryResults
fin_audit_analytics.svc,RPFININVU14_Q0001QueryResults,FININVU14,Material Ledger Account Aggregated,"Provides aggregated information on the quantities and values of material inventories. Aggregates information from the following Data Sources: Material Ledger Account (Line Item, Offset Accounts); Material Valuation Data. This data source forms the basis for the following key reports: Material Inventories - Balance Summary; Material Inventories -  Balance History; Material Inventories -  Rolling Inventory Comparison.",sap/byd/odata/fin_audit_analytics.svc/RPFININVU14_Q0001QueryResults
fin_audit_analytics.svc,RPFINPAYU03_Q0001QueryResults,FINPAYU03,Cash Position,"Provides the petty cash balances and the balances and postings for each bank account. The amounts are based on the bank statements plus unconfirmed payments. Aggregates information from the following Data Sources: Due Item Processing (payables, receivables and tax items); Payment Processing (incoming and outgoing payments); Cash Management (forecast planning items). This data source forms the basis for the following key reports: Cash Position by Payment Method; Cash Position by Transaction Source; Cash Position by Transaction Details.",sap/byd/odata/fin_audit_analytics.svc/RPFINPAYU03_Q0001QueryResults
fin_audit_analytics.svc,RPFINPAYU03_Q0002QueryResults,FINPAYU03,Cash Position,"Provides the petty cash balances and the balances and postings for each bank account. The amounts are based on the bank statements plus unconfirmed payments. Aggregates information from the following Data Sources: Due Item Processing (payables, receivables and tax items); Payment Processing (incoming and outgoing payments); Cash Management (forecast planning items). This data source forms the basis for the following key reports: Cash Position by Payment Method; Cash Position by Transaction Source; Cash Position by Transaction Details.",sap/byd/odata/fin_audit_analytics.svc/RPFINPAYU03_Q0002QueryResults
fin_audit_analytics.svc,RPFINPAYU04_Q0001QueryResults,FINPAYU04,,,sap/byd/odata/fin_audit_analytics.svc/RPFINPAYU04_Q0001QueryResults
fin_audit_analytics.svc,RPFINPRFU24_Q0001QueryResults,FINPRFU24,Sales Ledger Line Items,"Shows the revenues and the cost of goods manufactured posted to the Sales Ledger Account business object. This also contains the accrual items from sales transactions, together with their offsetting postings. This serves as the data basis for earned profit. Aggregates information from the following Data Source: Profitability: Sales Ledger Line Items.",sap/byd/odata/fin_audit_analytics.svc/RPFINPRFU24_Q0001QueryResults
fin_audit_analytics.svc,RPFINPRFU24_Q0002QueryResults,FINPRFU24,Sales Ledger Line Items,"Shows the revenues and the cost of goods manufactured posted to the Sales Ledger Account business object. This also contains the accrual items from sales transactions, together with their offsetting postings. This serves as the data basis for earned profit. Aggregates information from the following Data Source: Profitability: Sales Ledger Line Items.",sap/byd/odata/fin_audit_analytics.svc/RPFINPRFU24_Q0002QueryResults
fin_audit_analytics.svc,RPFINPRFU24_Q0004QueryResults,FINPRFU24,Sales Ledger Line Items,"Shows the revenues and the cost of goods manufactured posted to the Sales Ledger Account business object. This also contains the accrual items from sales transactions, together with their offsetting postings. This serves as the data basis for earned profit. Aggregates information from the following Data Source: Profitability: Sales Ledger Line Items.",sap/byd/odata/fin_audit_analytics.svc/RPFINPRFU24_Q0004QueryResults
fin_audit_analytics.svc,RPFINTAXU01_Q0001QueryResults,FINTAXU01,,,sap/byd/odata/fin_audit_analytics.svc/RPFINTAXU01_Q0001QueryResults
fin_audit_analytics.svc,RPFINTAXU01_Q0002QueryResults,FINTAXU01,,,sap/byd/odata/fin_audit_analytics.svc/RPFINTAXU01_Q0002QueryResults
fin_audit_analytics.svc,RPFINTAXU02_Q0001QueryResults,FINTAXU02,,,sap/byd/odata/fin_audit_analytics.svc/RPFINTAXU02_Q0001QueryResults
fin_audit_analytics.svc,RPFINTAXU02_Q0002QueryResults,FINTAXU02,,,sap/byd/odata/fin_audit_analytics.svc/RPFINTAXU02_Q0002QueryResults
fin_audit_analytics.svc,RPFINTAXU03_Q0001QueryResults,FINTAXU03,Tax Ledger Account Balances,Provides balances from tax ledger accounts.,sap/byd/odata/fin_audit_analytics.svc/RPFINTAXU03_Q0001QueryResults
fin_audit_analytics.svc,RPFINTAXU04_Q0001QueryResults,FINTAXU04,Tax Ledger Account Ledger Account Line Items,Provides line items from tax ledger accounts.,sap/byd/odata/fin_audit_analytics.svc/RPFINTAXU04_Q0001QueryResults
fin_audit_analytics.svc,RPFINTAXU04_Q0002QueryResults,FINTAXU04,Tax Ledger Account Ledger Account Line Items,Provides line items from tax ledger accounts.,sap/byd/odata/fin_audit_analytics.svc/RPFINTAXU04_Q0002QueryResults
fin_audit_analytics.svc,RPFINTAXU05_Q0001QueryResults,FINTAXU05,Tax Balance Audit Trail,Shows the opening and closing balance and the line items for each tax account.,sap/byd/odata/fin_audit_analytics.svc/RPFINTAXU05_Q0001QueryResults
fin_audit_analytics.svc,RPFINTAXU08_Q0001QueryResults,FINTAXU08,WH Tax Details,Provides withholding tax line items from the tax register.,sap/byd/odata/fin_audit_analytics.svc/RPFINTAXU08_Q0001QueryResults
fin_audit_analytics.svc,RPFINTAXU09_Q0001QueryResults,FINTAXU09,VAT / Sales Tax Details,Provides line items for VAT or sales tax from the tax register.,sap/byd/odata/fin_audit_analytics.svc/RPFINTAXU09_Q0001QueryResults
fin_audit_analytics.svc,RPFINTAXU09_Q0002QueryResults,FINTAXU09,VAT / Sales Tax Details,Provides line items for VAT or sales tax from the tax register.,sap/byd/odata/fin_audit_analytics.svc/RPFINTAXU09_Q0002QueryResults
fin_audit_analytics.svc,RPFINTAXU09_Q0003QueryResults,FINTAXU09,VAT / Sales Tax Details,Provides line items for VAT or sales tax from the tax register.,sap/byd/odata/fin_audit_analytics.svc/RPFINTAXU09_Q0003QueryResults
fin_cashandliquiditymgmnt_analytics.svc,RPFINDUEU01_Q0001QueryResults,FINDUEU01,Dunning History By Customer,Provides a detailed dunning history of all overdue payment items for each customer. The aggregated dunning amount and the overdue days are shown for each customer. Aggregates information from the following Data Sources: Dunning Header Details; Dunning Items. This data source forms the basis for the following key report: Dunning History by Customer.,sap/byd/odata/fin_cashandliquiditymgmnt_analytics.svc/RPFINDUEU01_Q0001QueryResults
fin_cashandliquiditymgmnt_analytics.svc,RPFINDUEU04_Q0004QueryResults,FINDUEU04,Trade Receivables Payables Register,"Provides information about the document amount, the payment amount, and cash discounts of the trade receivables and payables resulting from the business transactions of a company. Aggregates information from the following Data Sources: AP/AR Details, Dunning Items, Reset Clearing Adjustment amount. This data source forms the basis for the following key reports: Open Item List - Suppliers/Customers; Details Item List -Suppliers/Customers; Aging List -Suppliers/Customers; Forecast List -Suppliers/Customers; Payment Statistics -Suppliers/Customers.",sap/byd/odata/fin_cashandliquiditymgmnt_analytics.svc/RPFINDUEU04_Q0004QueryResults
fin_cashandliquiditymgmnt_analytics.svc,RPFINDUEU04_Q0010QueryResults,FINDUEU04,Trade Receivables Payables Register,"Provides information about the document amount, the payment amount, and cash discounts of the trade receivables and payables resulting from the business transactions of a company. Aggregates information from the following Data Sources: AP/AR Details, Dunning Items, Reset Clearing Adjustment amount. This data source forms the basis for the following key reports: Open Item List - Suppliers/Customers; Details Item List -Suppliers/Customers; Aging List -Suppliers/Customers; Forecast List -Suppliers/Customers; Payment Statistics -Suppliers/Customers.",sap/byd/odata/fin_cashandliquiditymgmnt_analytics.svc/RPFINDUEU04_Q0010QueryResults
fin_cashandliquiditymgmnt_analytics.svc,RPFINPAYU03_Q0001QueryResults,FINPAYU03,Cash Position,"Provides the petty cash balances and the balances and postings for each bank account. The amounts are based on the bank statements plus unconfirmed payments. Aggregates information from the following Data Sources: Due Item Processing (payables, receivables and tax items); Payment Processing (incoming and outgoing payments); Cash Management (forecast planning items). This data source forms the basis for the following key reports: Cash Position by Payment Method; Cash Position by Transaction Source; Cash Position by Transaction Details.",sap/byd/odata/fin_cashandliquiditymgmnt_analytics.svc/RPFINPAYU03_Q0001QueryResults
fin_cashandliquiditymgmnt_analytics.svc,RPFINPAYU03_Q0002QueryResults,FINPAYU03,Cash Position,"Provides the petty cash balances and the balances and postings for each bank account. The amounts are based on the bank statements plus unconfirmed payments. Aggregates information from the following Data Sources: Due Item Processing (payables, receivables and tax items); Payment Processing (incoming and outgoing payments); Cash Management (forecast planning items). This data source forms the basis for the following key reports: Cash Position by Payment Method; Cash Position by Transaction Source; Cash Position by Transaction Details.",sap/byd/odata/fin_cashandliquiditymgmnt_analytics.svc/RPFINPAYU03_Q0002QueryResults
fin_cashandliquiditymgmnt_analytics.svc,RPFINPAYU04_Q0001QueryResults,FINPAYU04,,,sap/byd/odata/fin_cashandliquiditymgmnt_analytics.svc/RPFINPAYU04_Q0001QueryResults
fin_cashandliquiditymgmnt_analytics.svc,RPFINPAYU05_Q0001QueryResults,FINPAYU05,Checkbook Register,Shows how each check number of a check lot has been used.,sap/byd/odata/fin_cashandliquiditymgmnt_analytics.svc/RPFINPAYU05_Q0001QueryResults
fin_cashandliquiditymgmnt_analytics.svc,RPFINPAYU07_Q0001QueryResults,FINPAYU07,FINPAYU07,,sap/byd/odata/fin_cashandliquiditymgmnt_analytics.svc/RPFINPAYU07_Q0001QueryResults
fin_costandrevenue_analytics.svc,RPFINCACU01_Q0001QueryResults,FINCACU01,Cost Center - Line Items,Provides details about the overhead costs incurred by a particular cost center. It is possible to see the costs of multiple cost centers at the same time as well. Aggregates information from the following Data Source: Overhead Costs.,sap/byd/odata/fin_costandrevenue_analytics.svc/RPFINCACU01_Q0001QueryResults
fin_costandrevenue_analytics.svc,RPFINCACU01_Q0002QueryResults,FINCACU01,Cost Center - Line Items,Provides details about the overhead costs incurred by a particular cost center. It is possible to see the costs of multiple cost centers at the same time as well. Aggregates information from the following Data Source: Overhead Costs.,sap/byd/odata/fin_costandrevenue_analytics.svc/RPFINCACU01_Q0002QueryResults
fin_costandrevenue_analytics.svc,RPFINCACU02_Q0001QueryResults,FINCACU02,Project Line Items,"Provides details about the costs incurred by a project and the revenues posted against it. These include postings such as time recordings, expense recordings, supplier invoices, or overhead charges. Aggregates information from the following Data Sources: Overhead Costs; Other Direct Costs; Sales Ledger Line Items.",sap/byd/odata/fin_costandrevenue_analytics.svc/RPFINCACU02_Q0001QueryResults
fin_costandrevenue_analytics.svc,RPFINCACU03_Q0001QueryResults,FINCACU03,Project Plan Values,Provides details about the estimated costs for a single project based on the planned quantities for the project work plus the planned expenses. It also indicates the error status of the cost estimate. Aggregates information from the following Data Sources: Cost Estimates of Services; Cost Estimates of Overheads; Cost Estimates of Expenses.,sap/byd/odata/fin_costandrevenue_analytics.svc/RPFINCACU03_Q0001QueryResults
fin_costandrevenue_analytics.svc,RPFINCACU04_Q0001QueryResults,FINCACU04,Project Cost and Revenue - Aggregated,"Provides aggregated details about planned costs, actual costs, actual revenues, and deviations for multiple projects or a single project by project task. Also provides a breakdown by the G/L account of origin. Aggregates information from the following Data Sources: Cost Estimates of Services; Cost Estimates of Overheads; Cost Estimates of Expenses; Overhead Costs; Other Direct Costs; Sales Ledger Line Items.",sap/byd/odata/fin_costandrevenue_analytics.svc/RPFINCACU04_Q0001QueryResults
fin_costandrevenue_analytics.svc,RPFINCACU04_Q0002QueryResults,FINCACU04,Project Cost and Revenue - Aggregated,"Provides aggregated details about planned costs, actual costs, actual revenues, and deviations for multiple projects or a single project by project task. Also provides a breakdown by the G/L account of origin. Aggregates information from the following Data Sources: Cost Estimates of Services; Cost Estimates of Overheads; Cost Estimates of Expenses; Overhead Costs; Other Direct Costs; Sales Ledger Line Items.",sap/byd/odata/fin_costandrevenue_analytics.svc/RPFINCACU04_Q0002QueryResults
fin_costandrevenue_analytics.svc,RPFINCACU04_Q0005QueryResults,FINCACU04,Project Cost and Revenue - Aggregated,"Provides aggregated details about planned costs, actual costs, actual revenues, and deviations for multiple projects or a single project by project task. Also provides a breakdown by the G/L account of origin. Aggregates information from the following Data Sources: Cost Estimates of Services; Cost Estimates of Overheads; Cost Estimates of Expenses; Overhead Costs; Other Direct Costs; Sales Ledger Line Items.",sap/byd/odata/fin_costandrevenue_analytics.svc/RPFINCACU04_Q0005QueryResults
fin_costandrevenue_analytics.svc,RPFINCACU04_Q0006QueryResults,FINCACU04,Project Cost and Revenue - Aggregated,"Provides aggregated details about planned costs, actual costs, actual revenues, and deviations for multiple projects or a single project by project task. Also provides a breakdown by the G/L account of origin. Aggregates information from the following Data Sources: Cost Estimates of Services; Cost Estimates of Overheads; Cost Estimates of Expenses; Overhead Costs; Other Direct Costs; Sales Ledger Line Items.",sap/byd/odata/fin_costandrevenue_analytics.svc/RPFINCACU04_Q0006QueryResults
fin_costandrevenue_analytics.svc,RPFINCACU05_Q0001QueryResults,FINCACU05,Cost Center Master Data,Provides a list of the available cost centers from the master data. Also provides details about the sales area to which a cost center is linked. Aggregates information from the following Data Source: Master Data - Cost Centers.,sap/byd/odata/fin_costandrevenue_analytics.svc/RPFINCACU05_Q0001QueryResults
fin_costandrevenue_analytics.svc,RPFINCACU19_Q0003QueryResults,FINCACU19,Planning Object - Budget Monitoring,Planning Object - Budget Monitoring,sap/byd/odata/fin_costandrevenue_analytics.svc/RPFINCACU19_Q0003QueryResults
fin_costandrevenue_analytics.svc,RPFINCOBU01_Q0001QueryResults,FINCOBU01,Free Cost Object Master Data,"Provides all free cost object master data information such as the following: cost object type, time-dependent organizational assignments to profit centers, to segments and to functional areas, time-dependent assignment to parent cost objects and market segment data.
Aggregates information from the following Data Sources: Free Cost Object Master Data.",sap/byd/odata/fin_costandrevenue_analytics.svc/RPFINCOBU01_Q0001QueryResults
fin_costandrevenue_analytics.svc,RPFINCOBU02_Q0001QueryResults,FINCOBU02,Free Cost Object - Line Items,"Provides details about the costs incurred by a Free Cost Object and the revenues posted against it. These include postings such as time
recordings, expense recordings, supplier invoices, or settlements. Aggregates information from the following Data Sources: Other Direct
Costs; Sales Ledger Line Items.",sap/byd/odata/fin_costandrevenue_analytics.svc/RPFINCOBU02_Q0001QueryResults
fin_costandrevenue_analytics.svc,RPFINENCU01_Q0001QueryResults,FINENCU01,Encumbrance - Line Items,Shows all Encumbrance Lines.,sap/byd/odata/fin_costandrevenue_analytics.svc/RPFINENCU01_Q0001QueryResults
fin_costandrevenue_analytics.svc,RPFINGLAU02_Q0001QueryResults,FINGLAU02,G/L Account Items,"Provides data for the line items of your G/L accounts. You can also display the line items of an individual G/L account or multiple G/L accounts. From the line items, you can view the relevant journal entries. You can include different details from the relevant document, such as the cost center, clearing date, or document number of the clearing document. Aggregates information from the following Data Sources: General Ledger (Line Items); Journal Entry (Items and Subledger Extensions); Subledgers, Offsetting Information. This data source forms the basis for the following key reports: G/L Accounts - Line Items; G/L Accounts - Open Items; Balance Audit Trail.",sap/byd/odata/fin_costandrevenue_analytics.svc/RPFINGLAU02_Q0001QueryResults
fin_costandrevenue_analytics.svc,RPFINGLAU02_Q0002QueryResults,FINGLAU02,G/L Account Items,"Provides data for the line items of your G/L accounts. You can also display the line items of an individual G/L account or multiple G/L accounts. From the line items, you can view the relevant journal entries. You can include different details from the relevant document, such as the cost center, clearing date, or document number of the clearing document. Aggregates information from the following Data Sources: General Ledger (Line Items); Journal Entry (Items and Subledger Extensions); Subledgers, Offsetting Information. This data source forms the basis for the following key reports: G/L Accounts - Line Items; G/L Accounts - Open Items; Balance Audit Trail.",sap/byd/odata/fin_costandrevenue_analytics.svc/RPFINGLAU02_Q0002QueryResults
fin_costandrevenue_analytics.svc,RPFINGLAU02_Q0003QueryResults,FINGLAU02,G/L Account Items,"Provides data for the line items of your G/L accounts. You can also display the line items of an individual G/L account or multiple G/L accounts. From the line items, you can view the relevant journal entries. You can include different details from the relevant document, such as the cost center, clearing date, or document number of the clearing document. Aggregates information from the following Data Sources: General Ledger (Line Items); Journal Entry (Items and Subledger Extensions); Subledgers, Offsetting Information. This data source forms the basis for the following key reports: G/L Accounts - Line Items; G/L Accounts - Open Items; Balance Audit Trail.",sap/byd/odata/fin_costandrevenue_analytics.svc/RPFINGLAU02_Q0003QueryResults
fin_costandrevenue_analytics.svc,RPFINGLAU04_Q0001QueryResults,FINGLAU04,Financial Statements,"Provides data for the hierarchical display of G/L account balances in company currency based on different reporting structures: balance sheets, profit and loss statements, and cash flow statements. You can choose to analyze data for different fiscal year and accounting period combinations and also compare data for two different fiscal years. Three different types of balance sheet calculations are provided: cumulative, changes in current period and cumulative balance sheet, changes for income statement. Aggregates information from the following Data Sources: Business Configuration (Chart of Accounts, Reporting Structures); General Ledger (General Ledger Account Totals and Balances). This data source forms the basis for the following key reports: Financial Statements; Financial Statements - Two Years; Financial Statements - Print Layout.",sap/byd/odata/fin_costandrevenue_analytics.svc/RPFINGLAU04_Q0001QueryResults
fin_costandrevenue_analytics.svc,RPFINGLAU04_Q0002QueryResults,FINGLAU04,Financial Statements,"Provides data for the hierarchical display of G/L account balances in company currency based on different reporting structures: balance sheets, profit and loss statements, and cash flow statements. You can choose to analyze data for different fiscal year and accounting period combinations and also compare data for two different fiscal years. Three different types of balance sheet calculations are provided: cumulative, changes in current period and cumulative balance sheet, changes for income statement. Aggregates information from the following Data Sources: Business Configuration (Chart of Accounts, Reporting Structures); General Ledger (General Ledger Account Totals and Balances). This data source forms the basis for the following key reports: Financial Statements; Financial Statements - Two Years; Financial Statements - Print Layout.",sap/byd/odata/fin_costandrevenue_analytics.svc/RPFINGLAU04_Q0002QueryResults
fin_costandrevenue_analytics.svc,RPFINPRFU24_Q0001QueryResults,FINPRFU24,Sales Ledger Line Items,"Shows the revenues and the cost of goods manufactured posted to the Sales Ledger Account business object. This also contains the accrual items from sales transactions, together with their offsetting postings. This serves as the data basis for earned profit. Aggregates information from the following Data Source: Profitability: Sales Ledger Line Items.",sap/byd/odata/fin_costandrevenue_analytics.svc/RPFINPRFU24_Q0001QueryResults
fin_costandrevenue_analytics.svc,RPFINPRFU24_Q0002QueryResults,FINPRFU24,Sales Ledger Line Items,"Shows the revenues and the cost of goods manufactured posted to the Sales Ledger Account business object. This also contains the accrual items from sales transactions, together with their offsetting postings. This serves as the data basis for earned profit. Aggregates information from the following Data Source: Profitability: Sales Ledger Line Items.",sap/byd/odata/fin_costandrevenue_analytics.svc/RPFINPRFU24_Q0002QueryResults
fin_costandrevenue_analytics.svc,RPFINPRFU30_Q0001QueryResults,FINPRFU30,Profitability Management,"Provides profit data for analysis by multiple market segments such as all customers in a particular region and customer group. You can choose to analyze profit by detailed attributes such as sales documents, GL accounts, and journal entry IDs. Three methods are supported to calculate the profit, which are based on financial accounting data (for earned profit), or sales documents (for order or invoice profit). Aggregates information from the following Data Sources: Profitability: Order Profit; Profitability: Invoice Profit; Profitability: Earned Profit. This data source forms the basis for the following key reports: Profit Detail by Contribution Margin Scheme; Profit Overview by Key Figure; Key Performance Indicators, and Dashboards based on Profitability.",sap/byd/odata/fin_costandrevenue_analytics.svc/RPFINPRFU30_Q0001QueryResults
fin_costandrevenue_analytics.svc,RPFINPRFU30_Q0002QueryResults,FINPRFU30,Profitability Management,"Provides profit data for analysis by multiple market segments such as all customers in a particular region and customer group. You can choose to analyze profit by detailed attributes such as sales documents, GL accounts, and journal entry IDs. Three methods are supported to calculate the profit, which are based on financial accounting data (for earned profit), or sales documents (for order or invoice profit). Aggregates information from the following Data Sources: Profitability: Order Profit; Profitability: Invoice Profit; Profitability: Earned Profit. This data source forms the basis for the following key reports: Profit Detail by Contribution Margin Scheme; Profit Overview by Key Figure; Key Performance Indicators, and Dashboards based on Profitability.",sap/byd/odata/fin_costandrevenue_analytics.svc/RPFINPRFU30_Q0002QueryResults
fin_costandrevenue_analytics.svc,RPFINPRFU50_Q0001QueryResults,FINPRFU50,Enhanced Contribution Margin,Enhanced Contribution Margin,sap/byd/odata/fin_costandrevenue_analytics.svc/RPFINPRFU50_Q0001QueryResults
fin_generalledger.svc,codelists,,,,sap/byd/odata/fin_generalledger.svc/codelists
fin_generalledger_analytics.svc,RPFINDUEU02_Q0001QueryResults,FINDUEU02,,,sap/byd/odata/fin_generalledger_analytics.svc/RPFINDUEU02_Q0001QueryResults
fin_generalledger_analytics.svc,RPFINDUEU02_Q0002QueryResults,FINDUEU02,,,sap/byd/odata/fin_generalledger_analytics.svc/RPFINDUEU02_Q0002QueryResults
fin_generalledger_analytics.svc,RPFINENCU01_Q0001QueryResults,FINENCU01,Encumbrance - Line Items,Shows all Encumbrance Lines.,sap/byd/odata/fin_generalledger_analytics.svc/RPFINENCU01_Q0001QueryResults
fin_generalledger_analytics.svc,RPFINERMU01_Q0001_IT1QueryResults,FINERMU01,Expense and Reimbursement Details,"Provides detailed information about expenses and reimbursement rates. Shows the expense amounts, net expense amounts, and VAT amounts, as well as the reimbursement amounts and prepaid amounts. 

Aggregates information from the following Data Sources: Expense Report Information; Expenses and Expense Amounts; Reimbursement Rates. 

This data source forms the basis for the following key reports: Expense Reports - Expenses and Reimbursements; Expense Reports - Input VAT Refund.",sap/byd/odata/fin_generalledger_analytics.svc/RPFINERMU01_Q0001_IT1QueryResults
fin_generalledger_analytics.svc,RPFINFCDU02_Q0001QueryResults,FINFCDU02,Forecast Document Items,Forecast Document Items,sap/byd/odata/fin_generalledger_analytics.svc/RPFINFCDU02_Q0001QueryResults
fin_generalledger_analytics.svc,RPFINFXAU05_Q0001QueryResults,FINFXAU05,Fixed Assets Account Balances,"Provides data for the balances and totals of your fixed asset accounts in company currency. The account movements are shown using the closing balance and current totals in the selected fiscal periods. 

Aggregates information from the following Data Sources: Fixed assets period-based totals and balances aggregated by line item type, G/L account, posted profit center and posted segment, and G/L-relevant information. 

This data source forms the basis for the following key report: Fixed Assets - Trial Balance.",sap/byd/odata/fin_generalledger_analytics.svc/RPFINFXAU05_Q0001QueryResults
fin_generalledger_analytics.svc,RPFINGLAU01_Q0001QueryResults,FINGLAU01,G/L Account Period Totals / Balances,"Provides data for the balances and totals of your individual G/L accounts and G/L account types in company currency and line item currency. The account movements are shown using the opening balance, the credit and debit, and the closing balance in the selected fiscal periods. Aggregates information from the following Data Sources: Business Configuration (Chart of Accounts); General Ledger (General Ledger Account Totals and Balances). This data source forms the basis for the following key reports: Trial Balance; Trial Balance - Two Years; Balances on Favorite Accounts; Schedule of Changes; Balance Audit Trail.",sap/byd/odata/fin_generalledger_analytics.svc/RPFINGLAU01_Q0001QueryResults
fin_generalledger_analytics.svc,RPFINGLAU01_Q0002QueryResults,FINGLAU01,G/L Account Period Totals / Balances,"Provides data for the balances and totals of your individual G/L accounts and G/L account types in company currency and line item currency. The account movements are shown using the opening balance, the credit and debit, and the closing balance in the selected fiscal periods. Aggregates information from the following Data Sources: Business Configuration (Chart of Accounts); General Ledger (General Ledger Account Totals and Balances). This data source forms the basis for the following key reports: Trial Balance; Trial Balance - Two Years; Balances on Favorite Accounts; Schedule of Changes; Balance Audit Trail.",sap/byd/odata/fin_generalledger_analytics.svc/RPFINGLAU01_Q0002QueryResults
fin_generalledger_analytics.svc,RPFINGLAU01_Q0003QueryResults,FINGLAU01,G/L Account Period Totals / Balances,"Provides data for the balances and totals of your individual G/L accounts and G/L account types in company currency and line item currency. The account movements are shown using the opening balance, the credit and debit, and the closing balance in the selected fiscal periods. Aggregates information from the following Data Sources: Business Configuration (Chart of Accounts); General Ledger (General Ledger Account Totals and Balances). This data source forms the basis for the following key reports: Trial Balance; Trial Balance - Two Years; Balances on Favorite Accounts; Schedule of Changes; Balance Audit Trail.",sap/byd/odata/fin_generalledger_analytics.svc/RPFINGLAU01_Q0003QueryResults
fin_generalledger_analytics.svc,RPFINGLAU02_Q0001QueryResults,FINGLAU02,G/L Account Items,"Provides data for the line items of your G/L accounts. You can also display the line items of an individual G/L account or multiple G/L accounts. From the line items, you can view the relevant journal entries. You can include different details from the relevant document, such as the cost center, clearing date, or document number of the clearing document. Aggregates information from the following Data Sources: General Ledger (Line Items); Journal Entry (Items and Subledger Extensions); Subledgers, Offsetting Information. This data source forms the basis for the following key reports: G/L Accounts - Line Items; G/L Accounts - Open Items; Balance Audit Trail.",sap/byd/odata/fin_generalledger_analytics.svc/RPFINGLAU02_Q0001QueryResults
fin_generalledger_analytics.svc,RPFINGLAU02_Q0002QueryResults,FINGLAU02,G/L Account Items,"Provides data for the line items of your G/L accounts. You can also display the line items of an individual G/L account or multiple G/L accounts. From the line items, you can view the relevant journal entries. You can include different details from the relevant document, such as the cost center, clearing date, or document number of the clearing document. Aggregates information from the following Data Sources: General Ledger (Line Items); Journal Entry (Items and Subledger Extensions); Subledgers, Offsetting Information. This data source forms the basis for the following key reports: G/L Accounts - Line Items; G/L Accounts - Open Items; Balance Audit Trail.",sap/byd/odata/fin_generalledger_analytics.svc/RPFINGLAU02_Q0002QueryResults
fin_generalledger_analytics.svc,RPFINGLAU02_Q0003QueryResults,FINGLAU02,G/L Account Items,"Provides data for the line items of your G/L accounts. You can also display the line items of an individual G/L account or multiple G/L accounts. From the line items, you can view the relevant journal entries. You can include different details from the relevant document, such as the cost center, clearing date, or document number of the clearing document. Aggregates information from the following Data Sources: General Ledger (Line Items); Journal Entry (Items and Subledger Extensions); Subledgers, Offsetting Information. This data source forms the basis for the following key reports: G/L Accounts - Line Items; G/L Accounts - Open Items; Balance Audit Trail.",sap/byd/odata/fin_generalledger_analytics.svc/RPFINGLAU02_Q0003QueryResults
fin_generalledger_analytics.svc,RPFINGLAU03_Q0001QueryResults,FINGLAU03,Journal Entries,"Provides data for the journal entries that were posted to G/L accounts. The journal entries are recorded in chronological order by document number, document type, and posting date. For each journal entry, the individual line items are also displayed with the accounts to which the entry was posted and the amount in company currency and line item currency. Aggregates information from the following Data Sources: Journal Entry (Items and Subledger Extensions); Subledgers; Offsetting Information. This data source forms the basis for the following key reports: Journal; Journal - Print Layout.",sap/byd/odata/fin_generalledger_analytics.svc/RPFINGLAU03_Q0001QueryResults
fin_generalledger_analytics.svc,RPFINGLAU04_Q0001QueryResults,FINGLAU04,Financial Statements,"Provides data for the hierarchical display of G/L account balances in company currency based on different reporting structures: balance sheets, profit and loss statements, and cash flow statements. You can choose to analyze data for different fiscal year and accounting period combinations and also compare data for two different fiscal years. Three different types of balance sheet calculations are provided: cumulative, changes in current period and cumulative balance sheet, changes for income statement. Aggregates information from the following Data Sources: Business Configuration (Chart of Accounts, Reporting Structures); General Ledger (General Ledger Account Totals and Balances). This data source forms the basis for the following key reports: Financial Statements; Financial Statements - Two Years; Financial Statements - Print Layout.",sap/byd/odata/fin_generalledger_analytics.svc/RPFINGLAU04_Q0001QueryResults
fin_generalledger_analytics.svc,RPFINGLAU04_Q0002QueryResults,FINGLAU04,Financial Statements,"Provides data for the hierarchical display of G/L account balances in company currency based on different reporting structures: balance sheets, profit and loss statements, and cash flow statements. You can choose to analyze data for different fiscal year and accounting period combinations and also compare data for two different fiscal years. Three different types of balance sheet calculations are provided: cumulative, changes in current period and cumulative balance sheet, changes for income statement. Aggregates information from the following Data Sources: Business Configuration (Chart of Accounts, Reporting Structures); General Ledger (General Ledger Account Totals and Balances). This data source forms the basis for the following key reports: Financial Statements; Financial Statements - Two Years; Financial Statements - Print Layout.",sap/byd/odata/fin_generalledger_analytics.svc/RPFINGLAU04_Q0002QueryResults
fin_generalledger_analytics.svc,RPFINGLAU04_Q0004QueryResults,FINGLAU04,Financial Statements,"Provides data for the hierarchical display of G/L account balances in company currency based on different reporting structures: balance sheets, profit and loss statements, and cash flow statements. You can choose to analyze data for different fiscal year and accounting period combinations and also compare data for two different fiscal years. Three different types of balance sheet calculations are provided: cumulative, changes in current period and cumulative balance sheet, changes for income statement. Aggregates information from the following Data Sources: Business Configuration (Chart of Accounts, Reporting Structures); General Ledger (General Ledger Account Totals and Balances). This data source forms the basis for the following key reports: Financial Statements; Financial Statements - Two Years; Financial Statements - Print Layout.",sap/byd/odata/fin_generalledger_analytics.svc/RPFINGLAU04_Q0004QueryResults
fin_generalledger_analytics.svc,RPFINGLAU06_Q0001QueryResults,FINGLAU06,,,sap/byd/odata/fin_generalledger_analytics.svc/RPFINGLAU06_Q0001QueryResults
fin_generalledger_analytics.svc,RPFINGLAU07_Q0001QueryResults,FINGLAU07,ARP Ledger Account Balances,"Provides data for the balances and totals of your individual accounts receivables and payables in company currency and line item currency. The account movements are shown using the opening balance, the credit and debit, and the closing balance in the selected fiscal periods. Aggregates information from the following Data Sources: Receivables and Payables (Totals and Balances). This data source forms the basis for the following key reports: Accounts Receivable - Trial Balance, Accounts Payable - Trial Balance.",sap/byd/odata/fin_generalledger_analytics.svc/RPFINGLAU07_Q0001QueryResults
fin_generalledger_analytics.svc,RPFINGLAU07_Q0002QueryResults,FINGLAU07,ARP Ledger Account Balances,"Provides data for the balances and totals of your individual accounts receivables and payables in company currency and line item currency. The account movements are shown using the opening balance, the credit and debit, and the closing balance in the selected fiscal periods. Aggregates information from the following Data Sources: Receivables and Payables (Totals and Balances). This data source forms the basis for the following key reports: Accounts Receivable - Trial Balance, Accounts Payable - Trial Balance.",sap/byd/odata/fin_generalledger_analytics.svc/RPFINGLAU07_Q0002QueryResults
fin_generalledger_analytics.svc,RPFINGLAU08_Q0001QueryResults,FINGLAU08,ARP Ledger Account Line Items,"Provides data for the line items of your accounts receivable and accounts payable accounts in company currency, transaction currency, and line item currency. For each line item, the posting date, document type, and document number are shown. Aggregates information from the following Data Sources: Accounts Receivable and Accounts Payable Line Items, Offsetting Information. This data source forms the basis for the following key reports: Accounts Receivable - Line Items; Accounts Payable - Line Items; Accounts Receivable - Open Items; Accounts Payable - Open Items; Accounts Receivable – Balance Audit Trail; Accounts Payable - Balance Audit Trail.",sap/byd/odata/fin_generalledger_analytics.svc/RPFINGLAU08_Q0001QueryResults
fin_generalledger_analytics.svc,RPFINGLAU08_Q0002QueryResults,FINGLAU08,ARP Ledger Account Line Items,"Provides data for the line items of your accounts receivable and accounts payable accounts in company currency, transaction currency, and line item currency. For each line item, the posting date, document type, and document number are shown. Aggregates information from the following Data Sources: Accounts Receivable and Accounts Payable Line Items, Offsetting Information. This data source forms the basis for the following key reports: Accounts Receivable - Line Items; Accounts Payable - Line Items; Accounts Receivable - Open Items; Accounts Payable - Open Items; Accounts Receivable – Balance Audit Trail; Accounts Payable - Balance Audit Trail.",sap/byd/odata/fin_generalledger_analytics.svc/RPFINGLAU08_Q0002QueryResults
fin_generalledger_analytics.svc,RPFINGLAU08_Q0003QueryResults,FINGLAU08,ARP Ledger Account Line Items,"Provides data for the line items of your accounts receivable and accounts payable accounts in company currency, transaction currency, and line item currency. For each line item, the posting date, document type, and document number are shown. Aggregates information from the following Data Sources: Accounts Receivable and Accounts Payable Line Items, Offsetting Information. This data source forms the basis for the following key reports: Accounts Receivable - Line Items; Accounts Payable - Line Items; Accounts Receivable - Open Items; Accounts Payable - Open Items; Accounts Receivable – Balance Audit Trail; Accounts Payable - Balance Audit Trail.",sap/byd/odata/fin_generalledger_analytics.svc/RPFINGLAU08_Q0003QueryResults
fin_generalledger_analytics.svc,RPFINGLAU08_Q0004QueryResults,FINGLAU08,ARP Ledger Account Line Items,"Provides data for the line items of your accounts receivable and accounts payable accounts in company currency, transaction currency, and line item currency. For each line item, the posting date, document type, and document number are shown. Aggregates information from the following Data Sources: Accounts Receivable and Accounts Payable Line Items, Offsetting Information. This data source forms the basis for the following key reports: Accounts Receivable - Line Items; Accounts Payable - Line Items; Accounts Receivable - Open Items; Accounts Payable - Open Items; Accounts Receivable – Balance Audit Trail; Accounts Payable - Balance Audit Trail.",sap/byd/odata/fin_generalledger_analytics.svc/RPFINGLAU08_Q0004QueryResults
fin_generalledger_analytics.svc,RPFINGLAU09_Q0001QueryResults,FINGLAU09,Cash Ledger Account Balances,"Provides data for the balances and totals of your individual cash ledger accounts in company currency and line item currency. The account movements are shown using the opening balance, the credit and debit, and the closing balance in the selected fiscal periods. Aggregates information from the following Data Source: Cash Ledger Account (Totals and Balances). This data source forms the basis for the following key reports: Cash - Trial Balance; Cash  - Balance Audit Trail.",sap/byd/odata/fin_generalledger_analytics.svc/RPFINGLAU09_Q0001QueryResults
fin_generalledger_analytics.svc,RPFINGLAU10_Q0001QueryResults,FINGLAU10,Cash Ledger Account Line Items,"Provides data for the balances and line items of your individual G/L accounts and G/L account types in company currency and line item currency. For the individual line items for G/L accounts, you can include additional details such as the cost center. The balance audit trail shows the balance at the start of a specific period and the way in which the balance of the account changed by the end of the period. Aggregates information from the following Data Sources: General Ledger Account Line Items; General Ledger Account Totals and Balances; Offsetting Information. This data source forms the basis for the following key report: Balance Audit Trail.",sap/byd/odata/fin_generalledger_analytics.svc/RPFINGLAU10_Q0001QueryResults
fin_generalledger_analytics.svc,RPFINGLAU10_Q0002QueryResults,FINGLAU10,Cash Ledger Account Line Items,"Provides data for the balances and line items of your individual G/L accounts and G/L account types in company currency and line item currency. For the individual line items for G/L accounts, you can include additional details such as the cost center. The balance audit trail shows the balance at the start of a specific period and the way in which the balance of the account changed by the end of the period. Aggregates information from the following Data Sources: General Ledger Account Line Items; General Ledger Account Totals and Balances; Offsetting Information. This data source forms the basis for the following key report: Balance Audit Trail.",sap/byd/odata/fin_generalledger_analytics.svc/RPFINGLAU10_Q0002QueryResults
fin_generalledger_analytics.svc,RPFINGLAU11_Q0001QueryResults,FINGLAU11,G/L Balance Audit Trail,"Provides data for the balances and line items of your individual G/L accounts and G/L account types in company currency and line item currency. For the individual line items for G/L accounts, you can include additional details such as the cost center. 
The balance audit trail shows the balance at the start of a specific period and the way in which the balance of the account changed by the end of the period. Aggregates information from the following Data Sources: General Ledger Account Line Items; General Ledger Account Totals and Balances; Offsetting Information. This data source forms the basis for the following key report: Balance Audit Trail.",sap/byd/odata/fin_generalledger_analytics.svc/RPFINGLAU11_Q0001QueryResults
fin_generalledger_analytics.svc,RPFINGLAU12_Q0001QueryResults,FINGLAU12,ARP Balance Audit Trail,"Provides data for the balances and line items of your individual accounts receivable and accounts payable accounts in company currency and line item currency. For the individual line items for accounts receivable and accounts payable, you can include additional details such as the cost center. The balance audit trail shows the balance at the start of a specific period and the way in which the balance of the account changed by the end of the period. Aggregates information from the following Data Sources: Accounts Receivables / Accounts Payables Ledger Account Line Items; Accounts Receivables / Accounts Payables Ledger Account Totals and Balances; Offsetting Information. This data source forms the basis for the following key reports: Accounts Receivable Balance Audit Trail; Accounts Payable Balance Audit Trail.",sap/byd/odata/fin_generalledger_analytics.svc/RPFINGLAU12_Q0001QueryResults
fin_generalledger_analytics.svc,RPFINGLAU12_Q0002QueryResults,FINGLAU12,ARP Balance Audit Trail,"Provides data for the balances and line items of your individual accounts receivable and accounts payable accounts in company currency and line item currency. For the individual line items for accounts receivable and accounts payable, you can include additional details such as the cost center. The balance audit trail shows the balance at the start of a specific period and the way in which the balance of the account changed by the end of the period. Aggregates information from the following Data Sources: Accounts Receivables / Accounts Payables Ledger Account Line Items; Accounts Receivables / Accounts Payables Ledger Account Totals and Balances; Offsetting Information. This data source forms the basis for the following key reports: Accounts Receivable Balance Audit Trail; Accounts Payable Balance Audit Trail.",sap/byd/odata/fin_generalledger_analytics.svc/RPFINGLAU12_Q0002QueryResults
fin_generalledger_analytics.svc,RPFINGLAU13_Q0001QueryResults,FINGLAU13,Cash Balance Audit Trail,"Provides data for the balances and line items of your individual cash ledger accounts  in company currency and line item currency. For the individual line items for  cash ledger accounts, you can include additional details such as the profit center. The balance audit trail shows the balance at the start of a specific period and the way in which the balance of the account changed by the end of the period. Aggregates information from the following Data Sources: Cash Ledger Account Line Items; Cash Ledger Account Totals and Balances; Offsetting Information. This data source forms the basis for the following key report: Cash Ledger Account Balance Audit Trail.",sap/byd/odata/fin_generalledger_analytics.svc/RPFINGLAU13_Q0001QueryResults
fin_generalledger_analytics.svc,RPFINGLAU15_Q0001QueryResults,FINGLAU15,Recurring Journal Entries,"Provides data for recurring journal entry vouchers existing in the system. Data about total recurring amount of recurring journal entry voucher as well as individual recurring amounts of related journal entry vouchers are provided along with further details about the items of individual journal entry vouchers , such as , G/L Account, posting status, partner information, etc.",sap/byd/odata/fin_generalledger_analytics.svc/RPFINGLAU15_Q0001QueryResults
fin_generalledger_analytics.svc,RPFINGLAU17_Q0001QueryResults,FINGLAU17,G/L Account Master Data,"Provides data for general ledger master data attributes and also for hierarchical display of general ledger account assignments based on different reporting structures: balance sheet, income statements, cash flow statements. Aggregates information from the following Data Sources: Business Configuration (Chart of Accounts); General Ledger (General Ledger Account Totals and Balances). This data source forms the basis for the following key report: Financial Reporting Structure for G/L Accounts.",sap/byd/odata/fin_generalledger_analytics.svc/RPFINGLAU17_Q0001QueryResults
fin_generalledger_analytics.svc,RPFINGLAU25_Q0008QueryResults,FINGLAU25,Financial Statements - Plan/Actual/Forecast,"Provides details about the balance sheet, income statement and cash flow statement for a fiscal year. Aggregates information from data sources for actual, plan and forecast values.",sap/byd/odata/fin_generalledger_analytics.svc/RPFINGLAU25_Q0008QueryResults
fin_generalledger_analytics.svc,RPFINGLAU25_Q0011QueryResults,FINGLAU25,Financial Statements - Plan/Actual/Forecast,"Provides details about the balance sheet, income statement and cash flow statement for a fiscal year. Aggregates information from data sources for actual, plan and forecast values.",sap/byd/odata/fin_generalledger_analytics.svc/RPFINGLAU25_Q0011QueryResults
fin_generalledger_analytics.svc,RPFINGLAU29_Q0001QueryResults,FINGLAU29,Accounting And Trade Receivables Payables Register,,sap/byd/odata/fin_generalledger_analytics.svc/RPFINGLAU29_Q0001QueryResults
fin_generalledger_analytics.svc,RPFININVU02_Q0003QueryResults,FININVU02,Production Ledger Account Line Items,"Provides line item data used in reports for viewing detailed information on the WIP postings in the production ledger account. Aggregates information from the following Data Sources: Production Ledger Account (Line Item, Offset Accounts); Financial Accounting View of Production Document (Item). This data source forms the basis for the following key reports: Production Lot - Line Items; Production Variances; Production Information for Income Statement by Nature of Expense.",sap/byd/odata/fin_generalledger_analytics.svc/RPFININVU02_Q0003QueryResults
fin_generalledger_analytics.svc,RPFININVU08_Q0001QueryResults,FININVU08,Material Inventories - Reconciliation,"Provides data used in reports for comparing quantities posted to material inventories in FIN and SCM (reconciliation). Aggregates information from the following Data Sources: Material Ledger Account (Line Item, Offset Accounts); Material Ledger Account Aggregated; SCM Inventory Snapshots; Material Valuation Data (Valuation Price). This data source forms the basis for the following key report: Material Inventories - Reconciliation.",sap/byd/odata/fin_generalledger_analytics.svc/RPFININVU08_Q0001QueryResults
fin_generalledger_analytics.svc,RPFINPAYU04_Q0001QueryResults,FINPAYU04,,,sap/byd/odata/fin_generalledger_analytics.svc/RPFINPAYU04_Q0001QueryResults
fin_generalledger_analytics.svc,RPFINPAYU04_Q0002QueryResults,FINPAYU04,,,sap/byd/odata/fin_generalledger_analytics.svc/RPFINPAYU04_Q0002QueryResults
fin_generalledger_analytics.svc,RPFINPRFU24_Q0004QueryResults,FINPRFU24,Sales Ledger Line Items,"Shows the revenues and the cost of goods manufactured posted to the Sales Ledger Account business object. This also contains the accrual items from sales transactions, together with their offsetting postings. This serves as the data basis for earned profit. Aggregates information from the following Data Source: Profitability: Sales Ledger Line Items.",sap/byd/odata/fin_generalledger_analytics.svc/RPFINPRFU24_Q0004QueryResults
fin_generalledger_analytics.svc,RPFINTAXU01_Q0001QueryResults,FINTAXU01,,,sap/byd/odata/fin_generalledger_analytics.svc/RPFINTAXU01_Q0001QueryResults
fin_generalledger_analytics.svc,RPFINTAXU01_Q0002QueryResults,FINTAXU01,,,sap/byd/odata/fin_generalledger_analytics.svc/RPFINTAXU01_Q0002QueryResults
fin_generalledger_analytics.svc,RPFINTAXU02_Q0001QueryResults,FINTAXU02,,,sap/byd/odata/fin_generalledger_analytics.svc/RPFINTAXU02_Q0001QueryResults
fin_generalledger_analytics.svc,RPFINTAXU02_Q0002QueryResults,FINTAXU02,,,sap/byd/odata/fin_generalledger_analytics.svc/RPFINTAXU02_Q0002QueryResults
fin_generalledger_analytics.svc,RPFINTAXU03_Q0001QueryResults,FINTAXU03,Tax Ledger Account Balances,Provides balances from tax ledger accounts.,sap/byd/odata/fin_generalledger_analytics.svc/RPFINTAXU03_Q0001QueryResults
fin_generalledger_analytics.svc,RPFINTAXU04_Q0001QueryResults,FINTAXU04,Tax Ledger Account Ledger Account Line Items,Provides line items from tax ledger accounts.,sap/byd/odata/fin_generalledger_analytics.svc/RPFINTAXU04_Q0001QueryResults
fin_generalledger_analytics.svc,RPFINTAXU04_Q0002QueryResults,FINTAXU04,Tax Ledger Account Ledger Account Line Items,Provides line items from tax ledger accounts.,sap/byd/odata/fin_generalledger_analytics.svc/RPFINTAXU04_Q0002QueryResults
fin_generalledger_analytics.svc,RPFINTAXU05_Q0001QueryResults,FINTAXU05,Tax Balance Audit Trail,Shows the opening and closing balance and the line items for each tax account.,sap/byd/odata/fin_generalledger_analytics.svc/RPFINTAXU05_Q0001QueryResults
fin_generalledger_analytics.svc,RPGLOCOSTAJ_Q0003QueryResults,GLOCOSTAJ,Cost Auditing,Contains all relevent data for the Cost Auditing report which is specific to the country/region India,sap/byd/odata/fin_generalledger_analytics.svc/RPGLOCOSTAJ_Q0003QueryResults
fin_generalledger_analytics.svc,RPGLOCOSTAU_Q0003QueryResults,GLOCOSTAU,Cost Auditing,Contains all relevent data for the Cost Auditing report which is specific to the country/region India,sap/byd/odata/fin_generalledger_analytics.svc/RPGLOCOSTAU_Q0003QueryResults
fin_generalledger_analytics.svc,RPGLO_FINPLU01_Q0004QueryResults,GLO_FINPLU01,,,sap/byd/odata/fin_generalledger_analytics.svc/RPGLO_FINPLU01_Q0004QueryResults
fin_generalledger_analytics.svc,RPGLO_FINPLU01_Q0005QueryResults,GLO_FINPLU01,,,sap/byd/odata/fin_generalledger_analytics.svc/RPGLO_FINPLU01_Q0005QueryResults
fin_generalledger_analytics.svc,RPGLO_FINPLU01_Q002QueryResults,GLO_FINPLU01,,,sap/byd/odata/fin_generalledger_analytics.svc/RPGLO_FINPLU01_Q002QueryResults
fin_generalledger_analytics.svc,RPGLO_FINPLU01_Q003QueryResults,GLO_FINPLU01,,,sap/byd/odata/fin_generalledger_analytics.svc/RPGLO_FINPLU01_Q003QueryResults
fin_inventoryvaluation_analytics.svc,RPFININVU01_Q0001QueryResults,FININVU01,Material Ledger Account Line Items,"Provides data that is used in reports for viewing detailed information on the line items posted to the material ledger account. Aggregates information from the following Data Sources: Material Ledger Account (Line Item, Offset Accounts); Material Valuation Data. This data source forms the basis for the following key report: Material Inventories - Line Items Report.",sap/byd/odata/fin_inventoryvaluation_analytics.svc/RPFININVU01_Q0001QueryResults
fin_inventoryvaluation_analytics.svc,RPFININVU03_Q0001QueryResults,FININVU03,Purchase Ledger Account Line Items,"Provides line item information on postings to the goods receipt/invoice receipt clearing accounts (Unbilled Payables and Purchase in Transit). Aggregates information from the following Data Sources: Purchase Ledger Account (Clearing, Line Item, Offset Accounts); Financial Accounting View of Purchasing Document (Item). This data source forms the basis for the following key report: GR/IR Inventories - Balance Summary.",sap/byd/odata/fin_inventoryvaluation_analytics.svc/RPFININVU03_Q0001QueryResults
fin_inventoryvaluation_analytics.svc,RPFININVU03_Q0002QueryResults,FININVU03,Purchase Ledger Account Line Items,"Provides line item information on postings to the goods receipt/invoice receipt clearing accounts (Unbilled Payables and Purchase in Transit). Aggregates information from the following Data Sources: Purchase Ledger Account (Clearing, Line Item, Offset Accounts); Financial Accounting View of Purchasing Document (Item). This data source forms the basis for the following key report: GR/IR Inventories - Balance Summary.",sap/byd/odata/fin_inventoryvaluation_analytics.svc/RPFININVU03_Q0002QueryResults
fin_inventoryvaluation_analytics.svc,RPFININVU03_Q0003QueryResults,FININVU03,Purchase Ledger Account Line Items,"Provides line item information on postings to the goods receipt/invoice receipt clearing accounts (Unbilled Payables and Purchase in Transit). Aggregates information from the following Data Sources: Purchase Ledger Account (Clearing, Line Item, Offset Accounts); Financial Accounting View of Purchasing Document (Item). This data source forms the basis for the following key report: GR/IR Inventories - Balance Summary.",sap/byd/odata/fin_inventoryvaluation_analytics.svc/RPFININVU03_Q0003QueryResults
fin_inventoryvaluation_analytics.svc,RPFININVU04_Q0001QueryResults,FININVU04,Material Ledger Account Aggregated,"Provides aggregated information on the quantities and values of material inventories. Aggregates information from the following Data Sources: Material Ledger Account (Line Item, Offset Accounts); Material Valuation Data. This data source forms the basis for the following key reports: Material Inventories - Balance Summary; Material Inventories -  Balance History; Material Inventories -  Rolling Inventory Comparison.",sap/byd/odata/fin_inventoryvaluation_analytics.svc/RPFININVU04_Q0001QueryResults
fin_inventoryvaluation_analytics.svc,RPFININVU04_Q0002QueryResults,FININVU04,Material Ledger Account Aggregated,"Provides aggregated information on the quantities and values of material inventories. Aggregates information from the following Data Sources: Material Ledger Account (Line Item, Offset Accounts); Material Valuation Data. This data source forms the basis for the following key reports: Material Inventories - Balance Summary; Material Inventories -  Balance History; Material Inventories -  Rolling Inventory Comparison.",sap/byd/odata/fin_inventoryvaluation_analytics.svc/RPFININVU04_Q0002QueryResults
fin_inventoryvaluation_analytics.svc,RPFININVU06_Q0001QueryResults,FININVU06,GRIR Clearing Run Log,"Provides log information on successfully posted items of goods receipt/invoice receipt clearing runs (update runs only). Aggregates information from the following Data Sources: GR/IR Clearing Run (Log, Successfully Calculated Items); Purchase Ledger Account (Clearing). This data source forms the basis for the following key report: Purchase Price Variances.",sap/byd/odata/fin_inventoryvaluation_analytics.svc/RPFININVU06_Q0001QueryResults
fin_inventoryvaluation_analytics.svc,RPFININVU07_Q0001QueryResults,FININVU07,Material Valuation Data,"Provides information about material costs in valuated stock for all cost types (valuation cost, standard cost , etc). Aggregates information from the following Data Sources: Material Valuation Data ( Root, Valuation Price ). This data source forms the basis for the following key report: Material Unit Costs Report.",sap/byd/odata/fin_inventoryvaluation_analytics.svc/RPFININVU07_Q0001QueryResults
fin_inventoryvaluation_analytics.svc,RPFININVU08_Q0001QueryResults,FININVU08,Material Inventories - Reconciliation,"Provides data used in reports for comparing quantities posted to material inventories in FIN and SCM (reconciliation). Aggregates information from the following Data Sources: Material Ledger Account (Line Item, Offset Accounts); Material Ledger Account Aggregated; SCM Inventory Snapshots; Material Valuation Data (Valuation Price). This data source forms the basis for the following key report: Material Inventories - Reconciliation.",sap/byd/odata/fin_inventoryvaluation_analytics.svc/RPFININVU08_Q0001QueryResults
fin_inventoryvaluation_analytics.svc,RPFININVU14_Q0001QueryResults,FININVU14,Material Ledger Account Aggregated,"Provides aggregated information on the quantities and values of material inventories. Aggregates information from the following Data Sources: Material Ledger Account (Line Item, Offset Accounts); Material Valuation Data. This data source forms the basis for the following key reports: Material Inventories - Balance Summary; Material Inventories -  Balance History; Material Inventories -  Rolling Inventory Comparison.",sap/byd/odata/fin_inventoryvaluation_analytics.svc/RPFININVU14_Q0001QueryResults
fin_inventoryvaluation_analytics.svc,RPFININVU14_Q0002QueryResults,FININVU14,Material Ledger Account Aggregated,"Provides aggregated information on the quantities and values of material inventories. Aggregates information from the following Data Sources: Material Ledger Account (Line Item, Offset Accounts); Material Valuation Data. This data source forms the basis for the following key reports: Material Inventories - Balance Summary; Material Inventories -  Balance History; Material Inventories -  Rolling Inventory Comparison.",sap/byd/odata/fin_inventoryvaluation_analytics.svc/RPFININVU14_Q0002QueryResults
fin_inventoryvaluation_analytics.svc,RPFININVU19_Q0001QueryResults,FININVU19,Cost Variance,Provides Cost Variance data for production lot .,sap/byd/odata/fin_inventoryvaluation_analytics.svc/RPFININVU19_Q0001QueryResults
fin_inventoryvaluation_analytics.svc,RPGLOFININVWHB_Q0001QueryResults,GLOFININVWHB,,,sap/byd/odata/fin_inventoryvaluation_analytics.svc/RPGLOFININVWHB_Q0001QueryResults
fin_inventoryvaluation_analytics.svc,RPGLOFININVWMAP_Q0001QueryResults,GLOFININVWMAP,,,sap/byd/odata/fin_inventoryvaluation_analytics.svc/RPGLOFININVWMAP_Q0001QueryResults
fin_payablesap_analytics.svc,RPBUPSPP_Q0001QueryResults,BUPSPP,,,sap/byd/odata/fin_payablesap_analytics.svc/RPBUPSPP_Q0001QueryResults
fin_payablesap_analytics.svc,RPBUPSPP_Q0002QueryResults,BUPSPP,,,sap/byd/odata/fin_payablesap_analytics.svc/RPBUPSPP_Q0002QueryResults
fin_payablesap_analytics.svc,RPFINDUEU04_Q0004QueryResults,FINDUEU04,Trade Receivables Payables Register,"Provides information about the document amount, the payment amount, and cash discounts of the trade receivables and payables resulting from the business transactions of a company. Aggregates information from the following Data Sources: AP/AR Details, Dunning Items, Reset Clearing Adjustment amount. This data source forms the basis for the following key reports: Open Item List - Suppliers/Customers; Details Item List -Suppliers/Customers; Aging List -Suppliers/Customers; Forecast List -Suppliers/Customers; Payment Statistics -Suppliers/Customers.",sap/byd/odata/fin_payablesap_analytics.svc/RPFINDUEU04_Q0004QueryResults
fin_payablesap_analytics.svc,RPFINDUEU04_Q0005QueryResults,FINDUEU04,Trade Receivables Payables Register,"Provides information about the document amount, the payment amount, and cash discounts of the trade receivables and payables resulting from the business transactions of a company. Aggregates information from the following Data Sources: AP/AR Details, Dunning Items, Reset Clearing Adjustment amount. This data source forms the basis for the following key reports: Open Item List - Suppliers/Customers; Details Item List -Suppliers/Customers; Aging List -Suppliers/Customers; Forecast List -Suppliers/Customers; Payment Statistics -Suppliers/Customers.",sap/byd/odata/fin_payablesap_analytics.svc/RPFINDUEU04_Q0005QueryResults
fin_payablesap_analytics.svc,RPFINDUEU04_Q0006QueryResults,FINDUEU04,Trade Receivables Payables Register,"Provides information about the document amount, the payment amount, and cash discounts of the trade receivables and payables resulting from the business transactions of a company. Aggregates information from the following Data Sources: AP/AR Details, Dunning Items, Reset Clearing Adjustment amount. This data source forms the basis for the following key reports: Open Item List - Suppliers/Customers; Details Item List -Suppliers/Customers; Aging List -Suppliers/Customers; Forecast List -Suppliers/Customers; Payment Statistics -Suppliers/Customers.",sap/byd/odata/fin_payablesap_analytics.svc/RPFINDUEU04_Q0006QueryResults
fin_payablesap_analytics.svc,RPFINDUEU04_QICP0004QueryResults,FINDUEU04,Trade Receivables Payables Register,"Provides information about the document amount, the payment amount, and cash discounts of the trade receivables and payables resulting from the business transactions of a company. Aggregates information from the following Data Sources: AP/AR Details, Dunning Items, Reset Clearing Adjustment amount. This data source forms the basis for the following key reports: Open Item List - Suppliers/Customers; Details Item List -Suppliers/Customers; Aging List -Suppliers/Customers; Forecast List -Suppliers/Customers; Payment Statistics -Suppliers/Customers.",sap/byd/odata/fin_payablesap_analytics.svc/RPFINDUEU04_QICP0004QueryResults
fin_payablesap_analytics.svc,RPFINDUEU09_Q0001QueryResults,FINDUEU09,FINDUEU09,,sap/byd/odata/fin_payablesap_analytics.svc/RPFINDUEU09_Q0001QueryResults
fin_payablesap_analytics.svc,RPFINGLAU08_Q0003QueryResults,FINGLAU08,ARP Ledger Account Line Items,"Provides data for the line items of your accounts receivable and accounts payable accounts in company currency, transaction currency, and line item currency. For each line item, the posting date, document type, and document number are shown. Aggregates information from the following Data Sources: Accounts Receivable and Accounts Payable Line Items, Offsetting Information. This data source forms the basis for the following key reports: Accounts Receivable - Line Items; Accounts Payable - Line Items; Accounts Receivable - Open Items; Accounts Payable - Open Items; Accounts Receivable – Balance Audit Trail; Accounts Payable - Balance Audit Trail.",sap/byd/odata/fin_payablesap_analytics.svc/RPFINGLAU08_Q0003QueryResults
fin_payablesap_analytics.svc,RPFINGLAU08_Q0004QueryResults,FINGLAU08,ARP Ledger Account Line Items,"Provides data for the line items of your accounts receivable and accounts payable accounts in company currency, transaction currency, and line item currency. For each line item, the posting date, document type, and document number are shown. Aggregates information from the following Data Sources: Accounts Receivable and Accounts Payable Line Items, Offsetting Information. This data source forms the basis for the following key reports: Accounts Receivable - Line Items; Accounts Payable - Line Items; Accounts Receivable - Open Items; Accounts Payable - Open Items; Accounts Receivable – Balance Audit Trail; Accounts Payable - Balance Audit Trail.",sap/byd/odata/fin_payablesap_analytics.svc/RPFINGLAU08_Q0004QueryResults
fin_paymentmanagement_analytics.svc,RPFINDUEU01_Q0001QueryResults,FINDUEU01,Dunning History By Customer,Provides a detailed dunning history of all overdue payment items for each customer. The aggregated dunning amount and the overdue days are shown for each customer. Aggregates information from the following Data Sources: Dunning Header Details; Dunning Items. This data source forms the basis for the following key report: Dunning History by Customer.,sap/byd/odata/fin_paymentmanagement_analytics.svc/RPFINDUEU01_Q0001QueryResults
fin_paymentmanagement_analytics.svc,RPFINDUEU04_Q0004QueryResults,FINDUEU04,Trade Receivables Payables Register,"Provides information about the document amount, the payment amount, and cash discounts of the trade receivables and payables resulting from the business transactions of a company. Aggregates information from the following Data Sources: AP/AR Details, Dunning Items, Reset Clearing Adjustment amount. This data source forms the basis for the following key reports: Open Item List - Suppliers/Customers; Details Item List -Suppliers/Customers; Aging List -Suppliers/Customers; Forecast List -Suppliers/Customers; Payment Statistics -Suppliers/Customers.",sap/byd/odata/fin_paymentmanagement_analytics.svc/RPFINDUEU04_Q0004QueryResults
fin_paymentmanagement_analytics.svc,RPFINDUEU04_Q0010QueryResults,FINDUEU04,Trade Receivables Payables Register,"Provides information about the document amount, the payment amount, and cash discounts of the trade receivables and payables resulting from the business transactions of a company. Aggregates information from the following Data Sources: AP/AR Details, Dunning Items, Reset Clearing Adjustment amount. This data source forms the basis for the following key reports: Open Item List - Suppliers/Customers; Details Item List -Suppliers/Customers; Aging List -Suppliers/Customers; Forecast List -Suppliers/Customers; Payment Statistics -Suppliers/Customers.",sap/byd/odata/fin_paymentmanagement_analytics.svc/RPFINDUEU04_Q0010QueryResults
fin_paymentmanagement_analytics.svc,RPFINPAYU03_Q0002QueryResults,FINPAYU03,Cash Position,"Provides the petty cash balances and the balances and postings for each bank account. The amounts are based on the bank statements plus unconfirmed payments. Aggregates information from the following Data Sources: Due Item Processing (payables, receivables and tax items); Payment Processing (incoming and outgoing payments); Cash Management (forecast planning items). This data source forms the basis for the following key reports: Cash Position by Payment Method; Cash Position by Transaction Source; Cash Position by Transaction Details.",sap/byd/odata/fin_paymentmanagement_analytics.svc/RPFINPAYU03_Q0002QueryResults
fin_paymentmanagement_analytics.svc,RPFINPAYU05_Q0001QueryResults,FINPAYU05,Checkbook Register,Shows how each check number of a check lot has been used.,sap/byd/odata/fin_paymentmanagement_analytics.svc/RPFINPAYU05_Q0001QueryResults
fin_receivablesar_analytics.svc,RPBPCSFINB_Q0001QueryResults,BPCSFINB,Account Financial Data,"Provides the financial data of an account, including the bank data, payment data, and tax data along with data of the related account, such as the account ID, name, and address.",sap/byd/odata/fin_receivablesar_analytics.svc/RPBPCSFINB_Q0001QueryResults
fin_receivablesar_analytics.svc,RPFINDUEU01_Q0001QueryResults,FINDUEU01,Dunning History By Customer,Provides a detailed dunning history of all overdue payment items for each customer. The aggregated dunning amount and the overdue days are shown for each customer. Aggregates information from the following Data Sources: Dunning Header Details; Dunning Items. This data source forms the basis for the following key report: Dunning History by Customer.,sap/byd/odata/fin_receivablesar_analytics.svc/RPFINDUEU01_Q0001QueryResults
fin_receivablesar_analytics.svc,RPFINDUEU03_Q0001QueryResults,FINDUEU03,Dunning Statistics,"Provides total receivable and overdue receivable amount for a customer, total items, and the amount sent to the legal department. It also provides the percentage of the open receivable amount which is dunned and the percentage of the dunning amount sent to the legal department. Aggregates information from the following Data Sources: Dunning Items; AP/AR Details. This data source forms the basis for the following key reports: Dunning Statistics; Current Dunning Statistics.",sap/byd/odata/fin_receivablesar_analytics.svc/RPFINDUEU03_Q0001QueryResults
fin_receivablesar_analytics.svc,RPFINDUEU04_Q0007QueryResults,FINDUEU04,Trade Receivables Payables Register,"Provides information about the document amount, the payment amount, and cash discounts of the trade receivables and payables resulting from the business transactions of a company. Aggregates information from the following Data Sources: AP/AR Details, Dunning Items, Reset Clearing Adjustment amount. This data source forms the basis for the following key reports: Open Item List - Suppliers/Customers; Details Item List -Suppliers/Customers; Aging List -Suppliers/Customers; Forecast List -Suppliers/Customers; Payment Statistics -Suppliers/Customers.",sap/byd/odata/fin_receivablesar_analytics.svc/RPFINDUEU04_Q0007QueryResults
fin_receivablesar_analytics.svc,RPFINDUEU04_Q0008QueryResults,FINDUEU04,Trade Receivables Payables Register,"Provides information about the document amount, the payment amount, and cash discounts of the trade receivables and payables resulting from the business transactions of a company. Aggregates information from the following Data Sources: AP/AR Details, Dunning Items, Reset Clearing Adjustment amount. This data source forms the basis for the following key reports: Open Item List - Suppliers/Customers; Details Item List -Suppliers/Customers; Aging List -Suppliers/Customers; Forecast List -Suppliers/Customers; Payment Statistics -Suppliers/Customers.",sap/byd/odata/fin_receivablesar_analytics.svc/RPFINDUEU04_Q0008QueryResults
fin_receivablesar_analytics.svc,RPFINDUEU04_Q0010QueryResults,FINDUEU04,Trade Receivables Payables Register,"Provides information about the document amount, the payment amount, and cash discounts of the trade receivables and payables resulting from the business transactions of a company. Aggregates information from the following Data Sources: AP/AR Details, Dunning Items, Reset Clearing Adjustment amount. This data source forms the basis for the following key reports: Open Item List - Suppliers/Customers; Details Item List -Suppliers/Customers; Aging List -Suppliers/Customers; Forecast List -Suppliers/Customers; Payment Statistics -Suppliers/Customers.",sap/byd/odata/fin_receivablesar_analytics.svc/RPFINDUEU04_Q0010QueryResults
fin_receivablesar_analytics.svc,RPFINDUEU05_Q0001QueryResults,FINDUEU05,Dunning History By Documents,"Provides a detailed dunning history of all overdue payment items. This information is provided at the document level, showing the number of times dunned and the dates the overdue payment was dunned. It also provides information pertaining to dunning fees incurred. Aggregates information from the following Data Sources: Dunning Header Details, Dunning Items. This data source forms the basis for the following key  report: Dunning History By Documents.",sap/byd/odata/fin_receivablesar_analytics.svc/RPFINDUEU05_Q0001QueryResults
fin_receivablesar_analytics.svc,RPFINDUEU09_Q0001QueryResults,FINDUEU09,FINDUEU09,,sap/byd/odata/fin_receivablesar_analytics.svc/RPFINDUEU09_Q0001QueryResults
fin_receivablesar_analytics.svc,RPFINGLAU08_Q0001QueryResults,FINGLAU08,ARP Ledger Account Line Items,"Provides data for the line items of your accounts receivable and accounts payable accounts in company currency, transaction currency, and line item currency. For each line item, the posting date, document type, and document number are shown. Aggregates information from the following Data Sources: Accounts Receivable and Accounts Payable Line Items, Offsetting Information. This data source forms the basis for the following key reports: Accounts Receivable - Line Items; Accounts Payable - Line Items; Accounts Receivable - Open Items; Accounts Payable - Open Items; Accounts Receivable – Balance Audit Trail; Accounts Payable - Balance Audit Trail.",sap/byd/odata/fin_receivablesar_analytics.svc/RPFINGLAU08_Q0001QueryResults
fin_receivablesar_analytics.svc,RPFINGLAU08_Q0002QueryResults,FINGLAU08,ARP Ledger Account Line Items,"Provides data for the line items of your accounts receivable and accounts payable accounts in company currency, transaction currency, and line item currency. For each line item, the posting date, document type, and document number are shown. Aggregates information from the following Data Sources: Accounts Receivable and Accounts Payable Line Items, Offsetting Information. This data source forms the basis for the following key reports: Accounts Receivable - Line Items; Accounts Payable - Line Items; Accounts Receivable - Open Items; Accounts Payable - Open Items; Accounts Receivable – Balance Audit Trail; Accounts Payable - Balance Audit Trail.",sap/byd/odata/fin_receivablesar_analytics.svc/RPFINGLAU08_Q0002QueryResults
fin_receivablesar_analytics.svc,RPFINGLAU29_Q0001QueryResults,FINGLAU29,Accounting And Trade Receivables Payables Register,,sap/byd/odata/fin_receivablesar_analytics.svc/RPFINGLAU29_Q0001QueryResults
fin_receivablesar_analytics.svc,RPFINPAYU01_Q0001QueryResults,FINPAYU01,SEPA Mandates,Provides a list of SEPA mandates from the master data. Aggregates information from the following data source: SEPA Mandates Master Data,sap/byd/odata/fin_receivablesar_analytics.svc/RPFINPAYU01_Q0001QueryResults
fin_receivablesar_analytics.svc,RPGLOFINU01_Q0001QueryResults,GLOFINU01,Accounts Receivable - Pledging of Open Items,"Shows all open items that are pledged as collateral, which can be particular open items or if the customer account is pledged, all open items of this customer.",sap/byd/odata/fin_receivablesar_analytics.svc/RPGLOFINU01_Q0001QueryResults
fin_taxmanagement_analytics.svc,RPFINTAXU01_Q0001QueryResults,FINTAXU01,,,sap/byd/odata/fin_taxmanagement_analytics.svc/RPFINTAXU01_Q0001QueryResults
fin_taxmanagement_analytics.svc,RPFINTAXU01_Q0002QueryResults,FINTAXU01,,,sap/byd/odata/fin_taxmanagement_analytics.svc/RPFINTAXU01_Q0002QueryResults
fin_taxmanagement_analytics.svc,RPFINTAXU02_Q0001QueryResults,FINTAXU02,,,sap/byd/odata/fin_taxmanagement_analytics.svc/RPFINTAXU02_Q0001QueryResults
fin_taxmanagement_analytics.svc,RPFINTAXU09_Q0001QueryResults,FINTAXU09,VAT / Sales Tax Details,Provides line items for VAT or sales tax from the tax register.,sap/byd/odata/fin_taxmanagement_analytics.svc/RPFINTAXU09_Q0001QueryResults
fin_taxmanagement_analytics.svc,RPFINTAXU09_Q0002QueryResults,FINTAXU09,VAT / Sales Tax Details,Provides line items for VAT or sales tax from the tax register.,sap/byd/odata/fin_taxmanagement_analytics.svc/RPFINTAXU09_Q0002QueryResults
fin_taxmanagement_analytics.svc,RPFINTAXU09_Q0003QueryResults,FINTAXU09,VAT / Sales Tax Details,Provides line items for VAT or sales tax from the tax register.,sap/byd/odata/fin_taxmanagement_analytics.svc/RPFINTAXU09_Q0003QueryResults
fin_taxmanagement_analytics.svc,RPFINTAXU10_Q0001QueryResults,FINTAXU10,Data Source for all VAT / Sales Tax Items with Journal Entry Details,"Provides data for VAT and sales tax items in the tax register including additional journal entry details. You can display the tax attributes for each source document, for example tax code or tax rate, and amounts such as base, deductible and non deductible tax amount. The data source also includes the G/L accounts to which the costs or revenues and taxes are posted as well as further journal entry details. Company, set of books, and kind of date (tax due date or posting date) are mandatory variables for this data source. The tax countries/regions Canada, India, and Mexico are not supported. For more information see the documentation of the report: All VAT / Sales Tax Items with Journal Entry Details",sap/byd/odata/fin_taxmanagement_analytics.svc/RPFINTAXU10_Q0001QueryResults
fin_taxmanagement_analytics.svc,RPGLOTAXB01_Q0001QueryResults,GLOTAXB01,Taxes - Product Tax Details,Product Tax Details - Taxes Data Source,sap/byd/odata/fin_taxmanagement_analytics.svc/RPGLOTAXB01_Q0001QueryResults
fin_taxmanagement_analytics.svc,RPGLOTAXB08_Q0001QueryResults,GLOTAXB08,Taxes - Excise Annexure 10,Taxes - Excise Annexure 10,sap/byd/odata/fin_taxmanagement_analytics.svc/RPGLOTAXB08_Q0001QueryResults
fin_taxmanagement_analytics.svc,RPGLOTAXB09_Q0001QueryResults,GLOTAXB09,Taxes - Product Tax Details,Product Tax Details - Taxes Data Source,sap/byd/odata/fin_taxmanagement_analytics.svc/RPGLOTAXB09_Q0001QueryResults
fin_taxmanagement_analytics.svc,RPGLOTAXB11_Q0001QueryResults,GLOTAXB11,Taxes - Supplier Invoice Details,Taxes - Supplier Invoice Details,sap/byd/odata/fin_taxmanagement_analytics.svc/RPGLOTAXB11_Q0001QueryResults
fin_taxmanagement_analytics.svc,RPGLOTAXB13_Q0001QueryResults,GLOTAXB13,Sales Register - India,Sales Register - India,sap/byd/odata/fin_taxmanagement_analytics.svc/RPGLOTAXB13_Q0001QueryResults
fin_taxmanagement_analytics.svc,RPGLOTAXB15_Q0001QueryResults,GLOTAXB15,ER5 Report,,sap/byd/odata/fin_taxmanagement_analytics.svc/RPGLOTAXB15_Q0001QueryResults
fin_taxmanagement_analytics.svc,RPGLOTAXU03_Q0001QueryResults,GLOTAXU03,RG1: Excise Register - India,Shows an overview of the RG1 Indian excise register for the selected period,sap/byd/odata/fin_taxmanagement_analytics.svc/RPGLOTAXU03_Q0001QueryResults
fin_taxmanagement_analytics.svc,RPGLOTAXU03_Q0002QueryResults,GLOTAXU03,RG1: Excise Register - India,Shows an overview of the RG1 Indian excise register for the selected period,sap/byd/odata/fin_taxmanagement_analytics.svc/RPGLOTAXU03_Q0002QueryResults
fin_taxmanagement_analytics.svc,RPGLOTAXU05_Q0001QueryResults,GLOTAXU05,GLOTAXU05,,sap/byd/odata/fin_taxmanagement_analytics.svc/RPGLOTAXU05_Q0001QueryResults
fin_travelandexpenses_analytics.svc,RPFINERMU01_Q0001QueryResults,FINERMU01,Expense and Reimbursement Details,"Provides detailed information about expenses and reimbursement rates. Shows the expense amounts, net expense amounts, and VAT amounts, as well as the reimbursement amounts and prepaid amounts. 

Aggregates information from the following Data Sources: Expense Report Information; Expenses and Expense Amounts; Reimbursement Rates. 

This data source forms the basis for the following key reports: Expense Reports - Expenses and Reimbursements; Expense Reports - Input VAT Refund.",sap/byd/odata/fin_travelandexpenses_analytics.svc/RPFINERMU01_Q0001QueryResults
fin_travelandexpenses_analytics.svc,RPFINERMU01_Q0002QueryResults,FINERMU01,Expense and Reimbursement Details,"Provides detailed information about expenses and reimbursement rates. Shows the expense amounts, net expense amounts, and VAT amounts, as well as the reimbursement amounts and prepaid amounts. 

Aggregates information from the following Data Sources: Expense Report Information; Expenses and Expense Amounts; Reimbursement Rates. 

This data source forms the basis for the following key reports: Expense Reports - Expenses and Reimbursements; Expense Reports - Input VAT Refund.",sap/byd/odata/fin_travelandexpenses_analytics.svc/RPFINERMU01_Q0002QueryResults
fin_travelandexpenses_analytics.svc,RPFINERMU02_Q0001QueryResults,FINERMU02,Aggregated Tax Details view including Municipality Travel Information in Austria,"Provides detailed information about amounts which are relevant for tax purposes (such as in payroll). Items shown include taxable benefits, amounts taxable at flat rates, income-related expenses, and tax-exempt meals per diems. 

Aggregates information from the following Data Sources:  Expense Report Information; Expenses and Expense Amounts; Reimbursement Rates. 

This data source forms the basis for the following key report: Expense Reports - Taxable and Tax-Exempt Amounts for Payroll.",sap/byd/odata/fin_travelandexpenses_analytics.svc/RPFINERMU02_Q0001QueryResults
fin_travelandexpenses_analytics.svc,RPFINERMU03_Q0001QueryResults,FINERMU03,Allocated Expenses,"Provides detailed information about the cost assignments of the posted amounts of expense reports. Possible assignments are to cost centers, project tasks, sales orders, and service orders. 

Aggregates information from the following Data Sources: Expenses and Expense Amounts; Reimbursement Rates. 

This data source forms the basis for the following key report: Expense Reports by Cost Object.",sap/byd/odata/fin_travelandexpenses_analytics.svc/RPFINERMU03_Q0001QueryResults
fin_travelandexpenses_analytics.svc,RPFINERMU04_Q0001QueryResults,FINERMU04,Additional Destination,"Provides detailed information about the additional destinations of an expense report for a business trip. 

Aggregates information from the following Data Sources: Information About Expense Reports and Their Additional Destinations. 

This data source forms the basis for the following key report: Expense Reports - Additional Destination.",sap/byd/odata/fin_travelandexpenses_analytics.svc/RPFINERMU04_Q0001QueryResults
fin_travelandexpenses_analytics.svc,RPFINERMU05_Q0001QueryResults,FINERMU05,,,sap/byd/odata/fin_travelandexpenses_analytics.svc/RPFINERMU05_Q0001QueryResults
hcm_personneladmin_analytics.svc,RPGLOHCMPAEMPNLHIR_Q002QueryResults,GLOHCMPAEMPNLHIR,,,sap/byd/odata/hcm_personneladmin_analytics.svc/RPGLOHCMPAEMPNLHIR_Q002QueryResults
hcm_personneladmin_analytics.svc,RPHCMPAB01_Q0001QueryResults,HCMPAB01,Headcount,"Provides information on employee headcount, FTE, age and length of service.",sap/byd/odata/hcm_personneladmin_analytics.svc/RPHCMPAB01_Q0001QueryResults
hcm_personneladmin_analytics.svc,RPHCMPAB01_Q0002QueryResults,HCMPAB01,Headcount,"Provides information on employee headcount, FTE, age and length of service.",sap/byd/odata/hcm_personneladmin_analytics.svc/RPHCMPAB01_Q0002QueryResults
hcm_personneladmin_analytics.svc,RPHCMPAB01_Q0003QueryResults,HCMPAB01,Headcount,"Provides information on employee headcount, FTE, age and length of service.",sap/byd/odata/hcm_personneladmin_analytics.svc/RPHCMPAB01_Q0003QueryResults
hcm_personneladmin_analytics.svc,RPHCMPAB01_Q1001QueryResults,HCMPAB01,Headcount,"Provides information on employee headcount, FTE, age and length of service.",sap/byd/odata/hcm_personneladmin_analytics.svc/RPHCMPAB01_Q1001QueryResults
hcm_personneladmin_analytics.svc,RPHCMPAB07_Q0001QueryResults,HCMPAB07,,,sap/byd/odata/hcm_personneladmin_analytics.svc/RPHCMPAB07_Q0001QueryResults
hcm_personneladmin_analytics.svc,RPHCMPAB08_Q0001QueryResults,HCMPAB08,Internal Employee Details,"Provides an overview of employee’s data (Biographical Data, Private Contact Data, Workplace Contact Data, Work Agreement data, Org Assignment Data, Payment Info)",sap/byd/odata/hcm_personneladmin_analytics.svc/RPHCMPAB08_Q0001QueryResults
hcm_personneladmin_analytics.svc,RPHCMPAB09_Q0001QueryResults,HCMPAB09,,,sap/byd/odata/hcm_personneladmin_analytics.svc/RPHCMPAB09_Q0001QueryResults
hcm_personneladmin_analytics.svc,RPHCMPAB10_Q0001QueryResults,HCMPAB10,,,sap/byd/odata/hcm_personneladmin_analytics.svc/RPHCMPAB10_Q0001QueryResults
hcm_personneladmin_analytics.svc,RPHCMPAU01_Q0003QueryResults,HCMPAU01,Employee Turnover,"Provides the number of employees entering, leaving, or transferring within the company.",sap/byd/odata/hcm_personneladmin_analytics.svc/RPHCMPAU01_Q0003QueryResults
hcm_personneladmin_analytics.svc,RPHCMPAU01_Q0004QueryResults,HCMPAU01,Employee Turnover,"Provides the number of employees entering, leaving, or transferring within the company.",sap/byd/odata/hcm_personneladmin_analytics.svc/RPHCMPAU01_Q0004QueryResults
hcm_personneladmin_analytics.svc,RPHCMPAU01_Q1001QueryResults,HCMPAU01,Employee Turnover,"Provides the number of employees entering, leaving, or transferring within the company.",sap/byd/odata/hcm_personneladmin_analytics.svc/RPHCMPAU01_Q1001QueryResults
hcm_personneladmin_analytics.svc,RPHCMPAV01_Q0001QueryResults,HCMPAV01,Internal Employee Changes,"Provides information on change history of employee master data such as employee's Biographical Data, Private Contact Data, Payment Information and Organizational Assignment.",sap/byd/odata/hcm_personneladmin_analytics.svc/RPHCMPAV01_Q0001QueryResults
hcm_personneladmin_analytics.svc,RPHCMPYPB01_Q0001QueryResults,HCMPYPB01,,,sap/byd/odata/hcm_personneladmin_analytics.svc/RPHCMPYPB01_Q0001QueryResults
hcm_timeadministration_analytics.svc,RPHCMRPMU01_Q1001QueryResults,HCMRPMU01,Forecasted Utilization,"Provides visualization into the future on Forecasted Utilization of resources relevant for Resource Management, within a set period of time. Compares the commitments derived from the Scheduled Work and Absences of relevant resources assigned within a Company or a given Reporting Line Unit, with the Gross Capacity (planned working time) of these resources.",sap/byd/odata/hcm_timeadministration_analytics.svc/RPHCMRPMU01_Q1001QueryResults
hcm_timeadministration_analytics.svc,RPHCMTLMB07_Q0001QueryResults,HCMTLMB07,Employee Recorded Times,Provides information on recorded employee times,sap/byd/odata/hcm_timeadministration_analytics.svc/RPHCMTLMB07_Q0001QueryResults
hcm_timeadministration_analytics.svc,RPHCMTLMB13_Q0001QueryResults,HCMTLMB13,Employee Time Profile,"Provides an overview of employee time profile with basic data and work schedule information, such as time recording profile, time recording method, hire date, termination date, work schedule category and assigned time models.",sap/byd/odata/hcm_timeadministration_analytics.svc/RPHCMTLMB13_Q0001QueryResults
hcm_timeadministration_analytics.svc,RPHCMTLMB15_Q0001QueryResults,HCMTLMB15,,,sap/byd/odata/hcm_timeadministration_analytics.svc/RPHCMTLMB15_Q0001QueryResults
hcm_timeadministration_analytics.svc,RPHCMTLMU01_Q0002QueryResults,HCMTLMU01,Employee Times,Provides information on planned and recorded employee times.,sap/byd/odata/hcm_timeadministration_analytics.svc/RPHCMTLMU01_Q0002QueryResults
hcm_timeadministration_analytics.svc,RPHCMTLMU01_Q0003QueryResults,HCMTLMU01,Employee Times,Provides information on planned and recorded employee times.,sap/byd/odata/hcm_timeadministration_analytics.svc/RPHCMTLMU01_Q0003QueryResults
hcm_timeadministration_analytics.svc,RPHCMTLMU01_Q0004QueryResults,HCMTLMU01,Employee Times,Provides information on planned and recorded employee times.,sap/byd/odata/hcm_timeadministration_analytics.svc/RPHCMTLMU01_Q0004QueryResults
hcm_timeadministration_analytics.svc,RPHCMTLMU01_Q0007QueryResults,HCMTLMU01,Employee Times,Provides information on planned and recorded employee times.,sap/byd/odata/hcm_timeadministration_analytics.svc/RPHCMTLMU01_Q0007QueryResults
hcm_timeadministration_analytics.svc,RPHCMTLMU01_Q0011QueryResults,HCMTLMU01,Employee Times,Provides information on planned and recorded employee times.,sap/byd/odata/hcm_timeadministration_analytics.svc/RPHCMTLMU01_Q0011QueryResults
hcm_timeadministration_analytics.svc,RPHCMTLMU01_Q0013QueryResults,HCMTLMU01,Employee Times,Provides information on planned and recorded employee times.,sap/byd/odata/hcm_timeadministration_analytics.svc/RPHCMTLMU01_Q0013QueryResults
hcm_timeadministration_analytics.svc,RPHCMTLMU02_Q0001QueryResults,HCMTLMU02,Employee Time Accounts,Provides information on the balances of employee time accounts.,sap/byd/odata/hcm_timeadministration_analytics.svc/RPHCMTLMU02_Q0001QueryResults
hcm_timeadministration_analytics.svc,RPHCMTLMU02_Q0002QueryResults,HCMTLMU02,Employee Time Accounts,Provides information on the balances of employee time accounts.,sap/byd/odata/hcm_timeadministration_analytics.svc/RPHCMTLMU02_Q0002QueryResults
hcm_timeadministration_analytics.svc,RPHCMTLMU02_Q0003QueryResults,HCMTLMU02,Employee Time Accounts,Provides information on the balances of employee time accounts.,sap/byd/odata/hcm_timeadministration_analytics.svc/RPHCMTLMU02_Q0003QueryResults
hcm_timeadministration_analytics.svc,RPHCMTLMU02_Q0004QueryResults,HCMTLMU02,Employee Time Accounts,Provides information on the balances of employee time accounts.,sap/byd/odata/hcm_timeadministration_analytics.svc/RPHCMTLMU02_Q0004QueryResults
hcm_timeadministration_analytics.svc,RPHCMTLMU06_Q0001QueryResults,HCMTLMU06,Employee Time Account Postings with Corresponding calendar quantity,Employee Time Account Postings with Corresponding calendar quantity,sap/byd/odata/hcm_timeadministration_analytics.svc/RPHCMTLMU06_Q0001QueryResults
its_applicationusermanagement.svc,codelists,,,,sap/byd/odata/its_applicationusermanagement.svc/codelists
its_applicationusermanagement.svc,new_odata_svc_explorer_tts,,,,sap/byd/odata/its_applicationusermanagement.svc/new_odata_svc_explorer_tts
its_applicationusermanagement_analytics.svc,RPCCAB01_Q001QueryResults,CCAB01,User - Current Status Details,"Provides data about the current status of users, including assigned work center, work center views, validity dates, and whether the user is inactive.",sap/byd/odata/its_applicationusermanagement_analytics.svc/RPCCAB01_Q001QueryResults
its_applicationusermanagement_analytics.svc,RPCCAB01_Q002QueryResults,CCAB01,User - Current Status Details,"Provides data about the current status of users, including assigned work center, work center views, validity dates, and whether the user is inactive.",sap/byd/odata/its_applicationusermanagement_analytics.svc/RPCCAB01_Q002QueryResults
its_applicationusermanagement_analytics.svc,RPCCAB02_Q001QueryResults,CCAB02,User - Activation Change Documents,"Provides data about the activation change documents for users, including technical ID, whether the user is a technical user or locked, and validity dates.",sap/byd/odata/its_applicationusermanagement_analytics.svc/RPCCAB02_Q001QueryResults
its_applicationusermanagement_analytics.svc,RPCCAB03_Q001QueryResults,CCAB03,User - Access Rights Change Documents,"Provides data about the access rights change documents for users, including changes to the assignment of work centers, work center views, and access rights.",sap/byd/odata/its_applicationusermanagement_analytics.svc/RPCCAB03_Q001QueryResults
its_applicationusermanagement_analytics.svc,RPCCABUSINESS_ROLEQueryResults,,,,sap/byd/odata/its_applicationusermanagement_analytics.svc/RPCCABUSINESS_ROLEQueryResults
its_applicationusermanagement_analytics.svc,RPCCARSODCONFLICTSQueryResults,,,,sap/byd/odata/its_applicationusermanagement_analytics.svc/RPCCARSODCONFLICTSQueryResults
its_applicationusermanagement_analytics.svc,RPCCARURV01_Q001QueryResults,CCARURV01,Report Assignment Details,"Shows the history of the assignment of reports to work centers, including change data, assignment details, and whether access to reports is restricted.",sap/byd/odata/its_applicationusermanagement_analytics.svc/RPCCARURV01_Q001QueryResults
its_applicationusermanagement_analytics.svc,RPCCARUSRLOGQueryResults,,,,sap/byd/odata/its_applicationusermanagement_analytics.svc/RPCCARUSRLOGQueryResults
its_applicationusermanagement_analytics.svc,RPCC_USER_BR_ASSGN_Q0001QueryResults,CC_USER_BR_ASSGN,,,sap/byd/odata/its_applicationusermanagement_analytics.svc/RPCC_USER_BR_ASSGN_Q0001QueryResults
its_applicationusermanagement_analytics.svc,RPCOMUSGB01QueryResults,,,,sap/byd/odata/its_applicationusermanagement_analytics.svc/RPCOMUSGB01QueryResults
its_applicationusermanagement_analytics.svc,RPTLM_TENANT_HISTORY_Q0001QueryResults,TLM_TENANT_HISTORY,Software History,"Provides data about the entire system history of your tenant, including change data, product version data, patches, and support packages.",sap/byd/odata/its_applicationusermanagement_analytics.svc/RPTLM_TENANT_HISTORY_Q0001QueryResults
its_applicationusermanagement_analytics.svc,RPsDOCsOMDORB01_RPF_01QueryResults,,,,sap/byd/odata/its_applicationusermanagement_analytics.svc/RPsDOCsOMDORB01_RPF_01QueryResults
its_applicationusermanagement_analytics.svc,RPsDOCsOMDORB02_RPF_01QueryResults,,,,sap/byd/odata/its_applicationusermanagement_analytics.svc/RPsDOCsOMDORB02_RPF_01QueryResults
its_applicationusermanagement_analytics.svc,RPsITSAMsSAPSRB_Q0001QueryResults,sITSAMsSAPSRB,,,sap/byd/odata/its_applicationusermanagement_analytics.svc/RPsITSAMsSAPSRB_Q0001QueryResults
its_applicationusermanagement_analytics.svc,RPsITSAMsSAPSRB_Q0002QueryResults,sITSAMsSAPSRB,,,sap/byd/odata/its_applicationusermanagement_analytics.svc/RPsITSAMsSAPSRB_Q0002QueryResults
its_applicationusermanagement_analytics.svc,RPsITSAMsSAPSRB_Q0003QueryResults,sITSAMsSAPSRB,,,sap/byd/odata/its_applicationusermanagement_analytics.svc/RPsITSAMsSAPSRB_Q0003QueryResults
its_applicationusermanagement_analytics.svc,RPsITSAMsSAPSRB_Q0005QueryResults,sITSAMsSAPSRB,,,sap/byd/odata/its_applicationusermanagement_analytics.svc/RPsITSAMsSAPSRB_Q0005QueryResults
its_applicationusermanagement_analytics.svc,RPsITSAMsSAPSRB_Q0006QueryResults,sITSAMsSAPSRB,,,sap/byd/odata/its_applicationusermanagement_analytics.svc/RPsITSAMsSAPSRB_Q0006QueryResults
mma_managingmyarea_analytics.svc,RPCCAKTPU01_Q002QueryResults,CCAKTPU01,Knowledge Transfer Learning Data,Provides data about which learning modules employees have passed.,sap/byd/odata/mma_managingmyarea_analytics.svc/RPCCAKTPU01_Q002QueryResults
mma_managingmyarea_analytics.svc,RPCCAKTPU01_Q003QueryResults,CCAKTPU01,Knowledge Transfer Learning Data,Provides data about which learning modules employees have passed.,sap/byd/odata/mma_managingmyarea_analytics.svc/RPCCAKTPU01_Q003QueryResults
mma_managingmyarea_analytics.svc,RPCCAKTPU01_Q004QueryResults,CCAKTPU01,Knowledge Transfer Learning Data,Provides data about which learning modules employees have passed.,sap/byd/odata/mma_managingmyarea_analytics.svc/RPCCAKTPU01_Q004QueryResults
mma_managingmyarea_analytics.svc,RPCRMACTU_Q0001QueryResults,CRMACTU,All Activities,Contains all types of activities. It allows you to analyze number and usage of all six activity types.,sap/byd/odata/mma_managingmyarea_analytics.svc/RPCRMACTU_Q0001QueryResults
mma_managingmyarea_analytics.svc,RPCRMCCOHHB_Q0001QueryResults,CRMCCOHHB,,,sap/byd/odata/mma_managingmyarea_analytics.svc/RPCRMCCOHHB_Q0001QueryResults
mma_managingmyarea_analytics.svc,RPCRMCCOIB_Q0001QueryResults,CRMCCOIB,Customer Contract Item,Contains data on the customer contract items.,sap/byd/odata/mma_managingmyarea_analytics.svc/RPCRMCCOIB_Q0001QueryResults
mma_managingmyarea_analytics.svc,RPCRMCCOIPATCB_Q0001QueryResults,CRMCCOIPATCB,Customer Contract Item with Price Components,"Contains data on the customer contract items , along with details about the price components like price, discount, freight, surcharge, goodwill, warranty, quality loss fee, cost estimate, profit margin. also provides information like is the price component is manullay changed or automatically determined, what prices are proposed by the system and which is the active price, base value of each price component calculation for price, discount, freight, surcharge. Calculation of total discount , total tax value .",sap/byd/odata/mma_managingmyarea_analytics.svc/RPCRMCCOIPATCB_Q0001QueryResults
mma_managingmyarea_analytics.svc,RPCRMCIVIB_MQ0001QueryResults,CRMCIVIB,Customer Invoice Item,"Contains all customer invoice items. It provides you with information on the products, quantities, gross amounts, net amounts, and tax amounts.",sap/byd/odata/mma_managingmyarea_analytics.svc/RPCRMCIVIB_MQ0001QueryResults
mma_managingmyarea_analytics.svc,RPCRMCIVIB_Q0001QueryResults,CRMCIVIB,Customer Invoice Item,"Contains all customer invoice items. It provides you with information on the products, quantities, gross amounts, net amounts, and tax amounts.",sap/byd/odata/mma_managingmyarea_analytics.svc/RPCRMCIVIB_Q0001QueryResults
mma_managingmyarea_analytics.svc,RPCRMCIVIB_Q0002QueryResults,CRMCIVIB,Customer Invoice Item,"Contains all customer invoice items. It provides you with information on the products, quantities, gross amounts, net amounts, and tax amounts.",sap/byd/odata/mma_managingmyarea_analytics.svc/RPCRMCIVIB_Q0002QueryResults
mma_managingmyarea_analytics.svc,RPCRMCQTIB_MQ0001QueryResults,CRMCQTIB,Sales Quote Item,Contains data on the quantities and values of sales quote items. It allows you to analyze the distribution of sales quote items across organizational units.,sap/byd/odata/mma_managingmyarea_analytics.svc/RPCRMCQTIB_MQ0001QueryResults
mma_managingmyarea_analytics.svc,RPCRMCQTIB_Q0001QueryResults,CRMCQTIB,Sales Quote Item,Contains data on the quantities and values of sales quote items. It allows you to analyze the distribution of sales quote items across organizational units.,sap/byd/odata/mma_managingmyarea_analytics.svc/RPCRMCQTIB_Q0001QueryResults
mma_managingmyarea_analytics.svc,RPCRMLEAHB_MQ0001QueryResults,CRMLEAHB,Lead,"Contains all leads. It allows you to analyze leads by various criteria such as by category, by status or by origin.",sap/byd/odata/mma_managingmyarea_analytics.svc/RPCRMLEAHB_MQ0001QueryResults
mma_managingmyarea_analytics.svc,RPCRMLEFU_MQ0001QueryResults,CRMLEFU,Lead Funnel,"Contains all leads and their related objects. It allows you to analyze all opportunities, sales quotes and sales orders that originate, either directly or indirectly, from these leads.",sap/byd/odata/mma_managingmyarea_analytics.svc/RPCRMLEFU_MQ0001QueryResults
mma_managingmyarea_analytics.svc,RPCRMLEFU_Q0001QueryResults,CRMLEFU,Lead Funnel,"Contains all leads and their related objects. It allows you to analyze all opportunities, sales quotes and sales orders that originate, either directly or indirectly, from these leads.",sap/byd/odata/mma_managingmyarea_analytics.svc/RPCRMLEFU_Q0001QueryResults
mma_managingmyarea_analytics.svc,RPCRMOPFU_MQ0001QueryResults,CRMOPFU,Opportunity Funnel,"Contains all opportunities and their related objects. It allows you to analyze all sales quotes and sales orders that originate, either directly or indirectly, from these opportunities.",sap/byd/odata/mma_managingmyarea_analytics.svc/RPCRMOPFU_MQ0001QueryResults
mma_managingmyarea_analytics.svc,RPCRMOPFU_Q0001QueryResults,CRMOPFU,Opportunity Funnel,"Contains all opportunities and their related objects. It allows you to analyze all sales quotes and sales orders that originate, either directly or indirectly, from these opportunities.",sap/byd/odata/mma_managingmyarea_analytics.svc/RPCRMOPFU_Q0001QueryResults
mma_managingmyarea_analytics.svc,RPCRMOPPU01_Q0001QueryResults,CRMOPPU01,Opportunity Header and Item Extended,"Contains all opportunities with their header and item data. It allows you to analyze opportunities by header and item data such as sales cycle, sales phase, expected value, opportunity items or net values.In contrast to the Opportunity Header and Item data source it shows inconsistent opportunities and provides additional parties as characteristic.",sap/byd/odata/mma_managingmyarea_analytics.svc/RPCRMOPPU01_Q0001QueryResults
mma_managingmyarea_analytics.svc,RPCRMOPPU_Q0001QueryResults,CRMOPPU,Opportunity Header and Item,"Contains all opportunities with their header and item data. It allows you to analyze opportunities by header and item data such as sales cycle, sales phase, expected value, opportunity items or net values.",sap/byd/odata/mma_managingmyarea_analytics.svc/RPCRMOPPU_Q0001QueryResults
mma_managingmyarea_analytics.svc,RPCRMOPPU_Q0002QueryResults,CRMOPPU,Opportunity Header and Item,"Contains all opportunities with their header and item data. It allows you to analyze opportunities by header and item data such as sales cycle, sales phase, expected value, opportunity items or net values.",sap/byd/odata/mma_managingmyarea_analytics.svc/RPCRMOPPU_Q0002QueryResults
mma_managingmyarea_analytics.svc,RPCRMOPPU_Q0003QueryResults,CRMOPPU,Opportunity Header and Item,"Contains all opportunities with their header and item data. It allows you to analyze opportunities by header and item data such as sales cycle, sales phase, expected value, opportunity items or net values.",sap/byd/odata/mma_managingmyarea_analytics.svc/RPCRMOPPU_Q0003QueryResults
mma_managingmyarea_analytics.svc,RPCRMOPQU_MQ0001QueryResults,CRMOPQU,Sales Analysis Pipeline,Contains all opportunities and quotes. It allows you to analyze opportunities and sales quotes by various criteria or key figures.,sap/byd/odata/mma_managingmyarea_analytics.svc/RPCRMOPQU_MQ0001QueryResults
mma_managingmyarea_analytics.svc,RPCRMOPQU_Q0001QueryResults,CRMOPQU,Sales Analysis Pipeline,Contains all opportunities and quotes. It allows you to analyze opportunities and sales quotes by various criteria or key figures.,sap/byd/odata/mma_managingmyarea_analytics.svc/RPCRMOPQU_Q0001QueryResults
mma_managingmyarea_analytics.svc,RPCRMQUFU_MQ0001QueryResults,CRMQUFU,Sales Quote Funnel,Contains data on the development of sales quotes. It allows you to analyze and monitor the progress of sales quotes across organizational units.,sap/byd/odata/mma_managingmyarea_analytics.svc/RPCRMQUFU_MQ0001QueryResults
mma_managingmyarea_analytics.svc,RPCRMQUFU_Q0001QueryResults,CRMQUFU,Sales Quote Funnel,Contains data on the development of sales quotes. It allows you to analyze and monitor the progress of sales quotes across organizational units.,sap/byd/odata/mma_managingmyarea_analytics.svc/RPCRMQUFU_Q0001QueryResults
mma_managingmyarea_analytics.svc,RPCRMRVFU_Q0001QueryResults,CRMRVFU,Revenue Forecast Data,Shows the revenue from various business transaction documents including opportunities.,sap/byd/odata/mma_managingmyarea_analytics.svc/RPCRMRVFU_Q0001QueryResults
mma_managingmyarea_analytics.svc,RPCRMSCFIB01_Q0001QueryResults,CRMSCFIB01,,,sap/byd/odata/mma_managingmyarea_analytics.svc/RPCRMSCFIB01_Q0001QueryResults
mma_managingmyarea_analytics.svc,RPCRMSCU_Q0001QueryResults,CRMSCU,Used Service Categories,"Contains all parameters and values of service categories. It allows you to analyze how often a certain service category has been used in service processes, for example in service requests, service orders and in the knowledge base.",sap/byd/odata/mma_managingmyarea_analytics.svc/RPCRMSCU_Q0001QueryResults
mma_managingmyarea_analytics.svc,RPCRMSHSCIB_Q0001QueryResults,CRMSHSCIB,Service Order Header & Service Confirmation Item,Contains service confirmations for service items originating from service orders.,sap/byd/odata/mma_managingmyarea_analytics.svc/RPCRMSHSCIB_Q0001QueryResults
mma_managingmyarea_analytics.svc,RPCRMSLOIB01_Q0001QueryResults,CRMSLOIB01,Sales Order Item-Extended,Contains data on the quantities and values of sales order items. It allows you to analyze the development and distribution of sales order items across organizational units.,sap/byd/odata/mma_managingmyarea_analytics.svc/RPCRMSLOIB01_Q0001QueryResults
mma_managingmyarea_analytics.svc,RPCRMSLOIB_MQ0001QueryResults,CRMSLOIB,Sales Order Item,Contains data on the quantities and values of sales order items. It allows you to analyze the development and distribution of sales order items across organizational units.,sap/byd/odata/mma_managingmyarea_analytics.svc/RPCRMSLOIB_MQ0001QueryResults
mma_managingmyarea_analytics.svc,RPCRMSLOIB_Q0001QueryResults,CRMSLOIB,Sales Order Item,Contains data on the quantities and values of sales order items. It allows you to analyze the development and distribution of sales order items across organizational units.,sap/byd/odata/mma_managingmyarea_analytics.svc/RPCRMSLOIB_Q0001QueryResults
mma_managingmyarea_analytics.svc,RPCRMSLSCIB_Q0001QueryResults,CRMSLSCIB,Sales Order Item & Service Confirmation Item,Contains service confirmations for service items originating from sales orders. It helps you to analyze the ordered and the confirmed quantities.,sap/byd/odata/mma_managingmyarea_analytics.svc/RPCRMSLSCIB_Q0001QueryResults
mma_managingmyarea_analytics.svc,RPCRMSOCRTU_MQ0001QueryResults,CRMSOCRTU,Customer Returns,,sap/byd/odata/mma_managingmyarea_analytics.svc/RPCRMSOCRTU_MQ0001QueryResults
mma_managingmyarea_analytics.svc,RPCRMSOCRTU_Q0001QueryResults,CRMSOCRTU,Customer Returns,,sap/byd/odata/mma_managingmyarea_analytics.svc/RPCRMSOCRTU_Q0001QueryResults
mma_managingmyarea_analytics.svc,RPCRMSOCU01_Q0001QueryResults,CRMSOCU01,Service Order and Service Confirmation,Contains service order and service confirmation header and item data. It helps you to track the ordered and the confirmed  quantities and due date compliance.,sap/byd/odata/mma_managingmyarea_analytics.svc/RPCRMSOCU01_Q0001QueryResults
mma_managingmyarea_analytics.svc,RPCRMSORHB_Q0001QueryResults,CRMSORHB,Service Order Header,"Contains values of service orders in total. It allows you to analyze status, workload and responsibility for the organizational units and to calculate due date compliance and usage of service categories and warranties.",sap/byd/odata/mma_managingmyarea_analytics.svc/RPCRMSORHB_Q0001QueryResults
mma_managingmyarea_analytics.svc,RPCRMSORHB_Q0002QueryResults,CRMSORHB,Service Order Header,"Contains values of service orders in total. It allows you to analyze status, workload and responsibility for the organizational units and to calculate due date compliance and usage of service categories and warranties.",sap/byd/odata/mma_managingmyarea_analytics.svc/RPCRMSORHB_Q0002QueryResults
mma_managingmyarea_analytics.svc,RPCRMSORHB_Q0003QueryResults,CRMSORHB,Service Order Header,"Contains values of service orders in total. It allows you to analyze status, workload and responsibility for the organizational units and to calculate due date compliance and usage of service categories and warranties.",sap/byd/odata/mma_managingmyarea_analytics.svc/RPCRMSORHB_Q0003QueryResults
mma_managingmyarea_analytics.svc,RPCRMSORHB_Q0004QueryResults,CRMSORHB,Service Order Header,"Contains values of service orders in total. It allows you to analyze status, workload and responsibility for the organizational units and to calculate due date compliance and usage of service categories and warranties.",sap/byd/odata/mma_managingmyarea_analytics.svc/RPCRMSORHB_Q0004QueryResults
mma_managingmyarea_analytics.svc,RPCRMSORHB_Q0005QueryResults,CRMSORHB,Service Order Header,"Contains values of service orders in total. It allows you to analyze status, workload and responsibility for the organizational units and to calculate due date compliance and usage of service categories and warranties.",sap/byd/odata/mma_managingmyarea_analytics.svc/RPCRMSORHB_Q0005QueryResults
mma_managingmyarea_analytics.svc,RPCRMSORHHB_Q0001QueryResults,CRMSORHHB,,,sap/byd/odata/mma_managingmyarea_analytics.svc/RPCRMSORHHB_Q0001QueryResults
mma_managingmyarea_analytics.svc,RPCRMSORHHB_Q0002QueryResults,CRMSORHHB,,,sap/byd/odata/mma_managingmyarea_analytics.svc/RPCRMSORHHB_Q0002QueryResults
mma_managingmyarea_analytics.svc,RPCRMSORIB01_Q0001QueryResults,CRMSORIB01,,,sap/byd/odata/mma_managingmyarea_analytics.svc/RPCRMSORIB01_Q0001QueryResults
mma_managingmyarea_analytics.svc,RPCRMSRQHB_Q0001QueryResults,CRMSRQHB,Service Request,"Contains all service requests. It allows you to analyze the service requests, their usage, and all relevant informations.",sap/byd/odata/mma_managingmyarea_analytics.svc/RPCRMSRQHB_Q0001QueryResults
mma_managingmyarea_analytics.svc,RPCRMSRQHB_Q0002QueryResults,CRMSRQHB,Service Request,"Contains all service requests. It allows you to analyze the service requests, their usage, and all relevant informations.",sap/byd/odata/mma_managingmyarea_analytics.svc/RPCRMSRQHB_Q0002QueryResults
mma_managingmyarea_analytics.svc,RPCRMSRQHB_Q0003QueryResults,CRMSRQHB,Service Request,"Contains all service requests. It allows you to analyze the service requests, their usage, and all relevant informations.",sap/byd/odata/mma_managingmyarea_analytics.svc/RPCRMSRQHB_Q0003QueryResults
mma_managingmyarea_analytics.svc,RPCRMSRQHB_Q0005QueryResults,CRMSRQHB,Service Request,"Contains all service requests. It allows you to analyze the service requests, their usage, and all relevant informations.",sap/byd/odata/mma_managingmyarea_analytics.svc/RPCRMSRQHB_Q0005QueryResults
mma_managingmyarea_analytics.svc,RPCRMSRQHB_Q0006QueryResults,CRMSRQHB,Service Request,"Contains all service requests. It allows you to analyze the service requests, their usage, and all relevant informations.",sap/byd/odata/mma_managingmyarea_analytics.svc/RPCRMSRQHB_Q0006QueryResults
mma_managingmyarea_analytics.svc,RPCRMSRQHB_Q0019QueryResults,CRMSRQHB,Service Request,"Contains all service requests. It allows you to analyze the service requests, their usage, and all relevant informations.",sap/byd/odata/mma_managingmyarea_analytics.svc/RPCRMSRQHB_Q0019QueryResults
mma_managingmyarea_analytics.svc,RPCRMSRQHHB_Q0001QueryResults,CRMSRQHHB,Service Request History,Contains historical data on the quantities and values of service requests.,sap/byd/odata/mma_managingmyarea_analytics.svc/RPCRMSRQHHB_Q0001QueryResults
mma_managingmyarea_analytics.svc,RPCRMSRQHHB_Q0002QueryResults,CRMSRQHHB,Service Request History,Contains historical data on the quantities and values of service requests.,sap/byd/odata/mma_managingmyarea_analytics.svc/RPCRMSRQHHB_Q0002QueryResults
mma_managingmyarea_analytics.svc,RPCRMSRSOCU_Q0001QueryResults,CRMSRSOCU,"Service Order, Sales Order & Service Confirmation Item","Contains service confirmations for service items originating either from sales orders or service orders. It helps you to track the ordered, the confirmed and the invoiced quantities.",sap/byd/odata/mma_managingmyarea_analytics.svc/RPCRMSRSOCU_Q0001QueryResults
mma_managingmyarea_analytics.svc,RPFINCACU01_Q0001QueryResults,FINCACU01,Cost Center - Line Items,Provides details about the overhead costs incurred by a particular cost center. It is possible to see the costs of multiple cost centers at the same time as well. Aggregates information from the following Data Source: Overhead Costs.,sap/byd/odata/mma_managingmyarea_analytics.svc/RPFINCACU01_Q0001QueryResults
mma_managingmyarea_analytics.svc,RPFINCACU01_Q0002QueryResults,FINCACU01,Cost Center - Line Items,Provides details about the overhead costs incurred by a particular cost center. It is possible to see the costs of multiple cost centers at the same time as well. Aggregates information from the following Data Source: Overhead Costs.,sap/byd/odata/mma_managingmyarea_analytics.svc/RPFINCACU01_Q0002QueryResults
mma_managingmyarea_analytics.svc,RPFINCACU01_Q0004QueryResults,FINCACU01,Cost Center - Line Items,Provides details about the overhead costs incurred by a particular cost center. It is possible to see the costs of multiple cost centers at the same time as well. Aggregates information from the following Data Source: Overhead Costs.,sap/byd/odata/mma_managingmyarea_analytics.svc/RPFINCACU01_Q0004QueryResults
mma_managingmyarea_analytics.svc,RPFINCACU04_Q0001QueryResults,FINCACU04,Project Cost and Revenue - Aggregated,"Provides aggregated details about planned costs, actual costs, actual revenues, and deviations for multiple projects or a single project by project task. Also provides a breakdown by the G/L account of origin. Aggregates information from the following Data Sources: Cost Estimates of Services; Cost Estimates of Overheads; Cost Estimates of Expenses; Overhead Costs; Other Direct Costs; Sales Ledger Line Items.",sap/byd/odata/mma_managingmyarea_analytics.svc/RPFINCACU04_Q0001QueryResults
mma_managingmyarea_analytics.svc,RPFINCACU05_Q0001QueryResults,FINCACU05,Cost Center Master Data,Provides a list of the available cost centers from the master data. Also provides details about the sales area to which a cost center is linked. Aggregates information from the following Data Source: Master Data - Cost Centers.,sap/byd/odata/mma_managingmyarea_analytics.svc/RPFINCACU05_Q0001QueryResults
mma_managingmyarea_analytics.svc,RPFINCACU16_Q0004QueryResults,FINCACU16,Cost Centers - Plan/Actual/Forecast,"Provides details about the overhead costs incurred by cost centers. Aggregates information from data sources for actual costs, plan and forecast values.",sap/byd/odata/mma_managingmyarea_analytics.svc/RPFINCACU16_Q0004QueryResults
mma_managingmyarea_analytics.svc,RPFINCACU16_Q0006QueryResults,FINCACU16,Cost Centers - Plan/Actual/Forecast,"Provides details about the overhead costs incurred by cost centers. Aggregates information from data sources for actual costs, plan and forecast values.",sap/byd/odata/mma_managingmyarea_analytics.svc/RPFINCACU16_Q0006QueryResults
mma_managingmyarea_analytics.svc,RPFINCACU16_Q0007QueryResults,FINCACU16,Cost Centers - Plan/Actual/Forecast,"Provides details about the overhead costs incurred by cost centers. Aggregates information from data sources for actual costs, plan and forecast values.",sap/byd/odata/mma_managingmyarea_analytics.svc/RPFINCACU16_Q0007QueryResults
mma_managingmyarea_analytics.svc,RPFINCACU16_Q0008QueryResults,FINCACU16,Cost Centers - Plan/Actual/Forecast,"Provides details about the overhead costs incurred by cost centers. Aggregates information from data sources for actual costs, plan and forecast values.",sap/byd/odata/mma_managingmyarea_analytics.svc/RPFINCACU16_Q0008QueryResults
mma_managingmyarea_analytics.svc,RPFINCACU16_Q0009QueryResults,FINCACU16,Cost Centers - Plan/Actual/Forecast,"Provides details about the overhead costs incurred by cost centers. Aggregates information from data sources for actual costs, plan and forecast values.",sap/byd/odata/mma_managingmyarea_analytics.svc/RPFINCACU16_Q0009QueryResults
mma_managingmyarea_analytics.svc,RPFINCACU20_Q0001QueryResults,FINCACU20,Financial Budget Snapshot,Financial Budget Snapshot,sap/byd/odata/mma_managingmyarea_analytics.svc/RPFINCACU20_Q0001QueryResults
mma_managingmyarea_analytics.svc,RPFINDUEU01_Q0001QueryResults,FINDUEU01,Dunning History By Customer,Provides a detailed dunning history of all overdue payment items for each customer. The aggregated dunning amount and the overdue days are shown for each customer. Aggregates information from the following Data Sources: Dunning Header Details; Dunning Items. This data source forms the basis for the following key report: Dunning History by Customer.,sap/byd/odata/mma_managingmyarea_analytics.svc/RPFINDUEU01_Q0001QueryResults
mma_managingmyarea_analytics.svc,RPFINDUEU03_Q0001QueryResults,FINDUEU03,Dunning Statistics,"Provides total receivable and overdue receivable amount for a customer, total items, and the amount sent to the legal department. It also provides the percentage of the open receivable amount which is dunned and the percentage of the dunning amount sent to the legal department. Aggregates information from the following Data Sources: Dunning Items; AP/AR Details. This data source forms the basis for the following key reports: Dunning Statistics; Current Dunning Statistics.",sap/byd/odata/mma_managingmyarea_analytics.svc/RPFINDUEU03_Q0001QueryResults
mma_managingmyarea_analytics.svc,RPFINDUEU04_Q0004QueryResults,FINDUEU04,Trade Receivables Payables Register,"Provides information about the document amount, the payment amount, and cash discounts of the trade receivables and payables resulting from the business transactions of a company. Aggregates information from the following Data Sources: AP/AR Details, Dunning Items, Reset Clearing Adjustment amount. This data source forms the basis for the following key reports: Open Item List - Suppliers/Customers; Details Item List -Suppliers/Customers; Aging List -Suppliers/Customers; Forecast List -Suppliers/Customers; Payment Statistics -Suppliers/Customers.",sap/byd/odata/mma_managingmyarea_analytics.svc/RPFINDUEU04_Q0004QueryResults
mma_managingmyarea_analytics.svc,RPFINDUEU04_Q0005QueryResults,FINDUEU04,Trade Receivables Payables Register,"Provides information about the document amount, the payment amount, and cash discounts of the trade receivables and payables resulting from the business transactions of a company. Aggregates information from the following Data Sources: AP/AR Details, Dunning Items, Reset Clearing Adjustment amount. This data source forms the basis for the following key reports: Open Item List - Suppliers/Customers; Details Item List -Suppliers/Customers; Aging List -Suppliers/Customers; Forecast List -Suppliers/Customers; Payment Statistics -Suppliers/Customers.",sap/byd/odata/mma_managingmyarea_analytics.svc/RPFINDUEU04_Q0005QueryResults
mma_managingmyarea_analytics.svc,RPFINDUEU04_Q0006QueryResults,FINDUEU04,Trade Receivables Payables Register,"Provides information about the document amount, the payment amount, and cash discounts of the trade receivables and payables resulting from the business transactions of a company. Aggregates information from the following Data Sources: AP/AR Details, Dunning Items, Reset Clearing Adjustment amount. This data source forms the basis for the following key reports: Open Item List - Suppliers/Customers; Details Item List -Suppliers/Customers; Aging List -Suppliers/Customers; Forecast List -Suppliers/Customers; Payment Statistics -Suppliers/Customers.",sap/byd/odata/mma_managingmyarea_analytics.svc/RPFINDUEU04_Q0006QueryResults
mma_managingmyarea_analytics.svc,RPFINDUEU04_Q0007QueryResults,FINDUEU04,Trade Receivables Payables Register,"Provides information about the document amount, the payment amount, and cash discounts of the trade receivables and payables resulting from the business transactions of a company. Aggregates information from the following Data Sources: AP/AR Details, Dunning Items, Reset Clearing Adjustment amount. This data source forms the basis for the following key reports: Open Item List - Suppliers/Customers; Details Item List -Suppliers/Customers; Aging List -Suppliers/Customers; Forecast List -Suppliers/Customers; Payment Statistics -Suppliers/Customers.",sap/byd/odata/mma_managingmyarea_analytics.svc/RPFINDUEU04_Q0007QueryResults
mma_managingmyarea_analytics.svc,RPFINDUEU04_Q0008QueryResults,FINDUEU04,Trade Receivables Payables Register,"Provides information about the document amount, the payment amount, and cash discounts of the trade receivables and payables resulting from the business transactions of a company. Aggregates information from the following Data Sources: AP/AR Details, Dunning Items, Reset Clearing Adjustment amount. This data source forms the basis for the following key reports: Open Item List - Suppliers/Customers; Details Item List -Suppliers/Customers; Aging List -Suppliers/Customers; Forecast List -Suppliers/Customers; Payment Statistics -Suppliers/Customers.",sap/byd/odata/mma_managingmyarea_analytics.svc/RPFINDUEU04_Q0008QueryResults
mma_managingmyarea_analytics.svc,RPFINDUEU04_Q0010QueryResults,FINDUEU04,Trade Receivables Payables Register,"Provides information about the document amount, the payment amount, and cash discounts of the trade receivables and payables resulting from the business transactions of a company. Aggregates information from the following Data Sources: AP/AR Details, Dunning Items, Reset Clearing Adjustment amount. This data source forms the basis for the following key reports: Open Item List - Suppliers/Customers; Details Item List -Suppliers/Customers; Aging List -Suppliers/Customers; Forecast List -Suppliers/Customers; Payment Statistics -Suppliers/Customers.",sap/byd/odata/mma_managingmyarea_analytics.svc/RPFINDUEU04_Q0010QueryResults
mma_managingmyarea_analytics.svc,RPFINDUEU04_QICP0004QueryResults,FINDUEU04,Trade Receivables Payables Register,"Provides information about the document amount, the payment amount, and cash discounts of the trade receivables and payables resulting from the business transactions of a company. Aggregates information from the following Data Sources: AP/AR Details, Dunning Items, Reset Clearing Adjustment amount. This data source forms the basis for the following key reports: Open Item List - Suppliers/Customers; Details Item List -Suppliers/Customers; Aging List -Suppliers/Customers; Forecast List -Suppliers/Customers; Payment Statistics -Suppliers/Customers.",sap/byd/odata/mma_managingmyarea_analytics.svc/RPFINDUEU04_QICP0004QueryResults
mma_managingmyarea_analytics.svc,RPFINDUEU05_Q0001QueryResults,FINDUEU05,Dunning History By Documents,"Provides a detailed dunning history of all overdue payment items. This information is provided at the document level, showing the number of times dunned and the dates the overdue payment was dunned. It also provides information pertaining to dunning fees incurred. Aggregates information from the following Data Sources: Dunning Header Details, Dunning Items. This data source forms the basis for the following key  report: Dunning History By Documents.",sap/byd/odata/mma_managingmyarea_analytics.svc/RPFINDUEU05_Q0001QueryResults
mma_managingmyarea_analytics.svc,RPFINERMU01_Q0001QueryResults,FINERMU01,Expense and Reimbursement Details,"Provides detailed information about expenses and reimbursement rates. Shows the expense amounts, net expense amounts, and VAT amounts, as well as the reimbursement amounts and prepaid amounts. 

Aggregates information from the following Data Sources: Expense Report Information; Expenses and Expense Amounts; Reimbursement Rates. 

This data source forms the basis for the following key reports: Expense Reports - Expenses and Reimbursements; Expense Reports - Input VAT Refund.",sap/byd/odata/mma_managingmyarea_analytics.svc/RPFINERMU01_Q0001QueryResults
mma_managingmyarea_analytics.svc,RPFINERMU03_Q0001QueryResults,FINERMU03,Allocated Expenses,"Provides detailed information about the cost assignments of the posted amounts of expense reports. Possible assignments are to cost centers, project tasks, sales orders, and service orders. 

Aggregates information from the following Data Sources: Expenses and Expense Amounts; Reimbursement Rates. 

This data source forms the basis for the following key report: Expense Reports by Cost Object.",sap/byd/odata/mma_managingmyarea_analytics.svc/RPFINERMU03_Q0001QueryResults
mma_managingmyarea_analytics.svc,RPFINGLAU01_Q0001QueryResults,FINGLAU01,G/L Account Period Totals / Balances,"Provides data for the balances and totals of your individual G/L accounts and G/L account types in company currency and line item currency. The account movements are shown using the opening balance, the credit and debit, and the closing balance in the selected fiscal periods. Aggregates information from the following Data Sources: Business Configuration (Chart of Accounts); General Ledger (General Ledger Account Totals and Balances). This data source forms the basis for the following key reports: Trial Balance; Trial Balance - Two Years; Balances on Favorite Accounts; Schedule of Changes; Balance Audit Trail.",sap/byd/odata/mma_managingmyarea_analytics.svc/RPFINGLAU01_Q0001QueryResults
mma_managingmyarea_analytics.svc,RPFINGLAU01_Q0003QueryResults,FINGLAU01,G/L Account Period Totals / Balances,"Provides data for the balances and totals of your individual G/L accounts and G/L account types in company currency and line item currency. The account movements are shown using the opening balance, the credit and debit, and the closing balance in the selected fiscal periods. Aggregates information from the following Data Sources: Business Configuration (Chart of Accounts); General Ledger (General Ledger Account Totals and Balances). This data source forms the basis for the following key reports: Trial Balance; Trial Balance - Two Years; Balances on Favorite Accounts; Schedule of Changes; Balance Audit Trail.",sap/byd/odata/mma_managingmyarea_analytics.svc/RPFINGLAU01_Q0003QueryResults
mma_managingmyarea_analytics.svc,RPFINGLAU02_Q0001QueryResults,FINGLAU02,G/L Account Items,"Provides data for the line items of your G/L accounts. You can also display the line items of an individual G/L account or multiple G/L accounts. From the line items, you can view the relevant journal entries. You can include different details from the relevant document, such as the cost center, clearing date, or document number of the clearing document. Aggregates information from the following Data Sources: General Ledger (Line Items); Journal Entry (Items and Subledger Extensions); Subledgers, Offsetting Information. This data source forms the basis for the following key reports: G/L Accounts - Line Items; G/L Accounts - Open Items; Balance Audit Trail.",sap/byd/odata/mma_managingmyarea_analytics.svc/RPFINGLAU02_Q0001QueryResults
mma_managingmyarea_analytics.svc,RPFINGLAU02_Q0002QueryResults,FINGLAU02,G/L Account Items,"Provides data for the line items of your G/L accounts. You can also display the line items of an individual G/L account or multiple G/L accounts. From the line items, you can view the relevant journal entries. You can include different details from the relevant document, such as the cost center, clearing date, or document number of the clearing document. Aggregates information from the following Data Sources: General Ledger (Line Items); Journal Entry (Items and Subledger Extensions); Subledgers, Offsetting Information. This data source forms the basis for the following key reports: G/L Accounts - Line Items; G/L Accounts - Open Items; Balance Audit Trail.",sap/byd/odata/mma_managingmyarea_analytics.svc/RPFINGLAU02_Q0002QueryResults
mma_managingmyarea_analytics.svc,RPFINGLAU02_Q0003QueryResults,FINGLAU02,G/L Account Items,"Provides data for the line items of your G/L accounts. You can also display the line items of an individual G/L account or multiple G/L accounts. From the line items, you can view the relevant journal entries. You can include different details from the relevant document, such as the cost center, clearing date, or document number of the clearing document. Aggregates information from the following Data Sources: General Ledger (Line Items); Journal Entry (Items and Subledger Extensions); Subledgers, Offsetting Information. This data source forms the basis for the following key reports: G/L Accounts - Line Items; G/L Accounts - Open Items; Balance Audit Trail.",sap/byd/odata/mma_managingmyarea_analytics.svc/RPFINGLAU02_Q0003QueryResults
mma_managingmyarea_analytics.svc,RPFINGLAU03_Q0001QueryResults,FINGLAU03,Journal Entries,"Provides data for the journal entries that were posted to G/L accounts. The journal entries are recorded in chronological order by document number, document type, and posting date. For each journal entry, the individual line items are also displayed with the accounts to which the entry was posted and the amount in company currency and line item currency. Aggregates information from the following Data Sources: Journal Entry (Items and Subledger Extensions); Subledgers; Offsetting Information. This data source forms the basis for the following key reports: Journal; Journal - Print Layout.",sap/byd/odata/mma_managingmyarea_analytics.svc/RPFINGLAU03_Q0001QueryResults
mma_managingmyarea_analytics.svc,RPFINGLAU04_Q0001QueryResults,FINGLAU04,Financial Statements,"Provides data for the hierarchical display of G/L account balances in company currency based on different reporting structures: balance sheets, profit and loss statements, and cash flow statements. You can choose to analyze data for different fiscal year and accounting period combinations and also compare data for two different fiscal years. Three different types of balance sheet calculations are provided: cumulative, changes in current period and cumulative balance sheet, changes for income statement. Aggregates information from the following Data Sources: Business Configuration (Chart of Accounts, Reporting Structures); General Ledger (General Ledger Account Totals and Balances). This data source forms the basis for the following key reports: Financial Statements; Financial Statements - Two Years; Financial Statements - Print Layout.",sap/byd/odata/mma_managingmyarea_analytics.svc/RPFINGLAU04_Q0001QueryResults
mma_managingmyarea_analytics.svc,RPFINGLAU04_Q0002QueryResults,FINGLAU04,Financial Statements,"Provides data for the hierarchical display of G/L account balances in company currency based on different reporting structures: balance sheets, profit and loss statements, and cash flow statements. You can choose to analyze data for different fiscal year and accounting period combinations and also compare data for two different fiscal years. Three different types of balance sheet calculations are provided: cumulative, changes in current period and cumulative balance sheet, changes for income statement. Aggregates information from the following Data Sources: Business Configuration (Chart of Accounts, Reporting Structures); General Ledger (General Ledger Account Totals and Balances). This data source forms the basis for the following key reports: Financial Statements; Financial Statements - Two Years; Financial Statements - Print Layout.",sap/byd/odata/mma_managingmyarea_analytics.svc/RPFINGLAU04_Q0002QueryResults
mma_managingmyarea_analytics.svc,RPFINGLAU08_Q0001QueryResults,FINGLAU08,ARP Ledger Account Line Items,"Provides data for the line items of your accounts receivable and accounts payable accounts in company currency, transaction currency, and line item currency. For each line item, the posting date, document type, and document number are shown. Aggregates information from the following Data Sources: Accounts Receivable and Accounts Payable Line Items, Offsetting Information. This data source forms the basis for the following key reports: Accounts Receivable - Line Items; Accounts Payable - Line Items; Accounts Receivable - Open Items; Accounts Payable - Open Items; Accounts Receivable – Balance Audit Trail; Accounts Payable - Balance Audit Trail.",sap/byd/odata/mma_managingmyarea_analytics.svc/RPFINGLAU08_Q0001QueryResults
mma_managingmyarea_analytics.svc,RPFINGLAU08_Q0002QueryResults,FINGLAU08,ARP Ledger Account Line Items,"Provides data for the line items of your accounts receivable and accounts payable accounts in company currency, transaction currency, and line item currency. For each line item, the posting date, document type, and document number are shown. Aggregates information from the following Data Sources: Accounts Receivable and Accounts Payable Line Items, Offsetting Information. This data source forms the basis for the following key reports: Accounts Receivable - Line Items; Accounts Payable - Line Items; Accounts Receivable - Open Items; Accounts Payable - Open Items; Accounts Receivable – Balance Audit Trail; Accounts Payable - Balance Audit Trail.",sap/byd/odata/mma_managingmyarea_analytics.svc/RPFINGLAU08_Q0002QueryResults
mma_managingmyarea_analytics.svc,RPFINGLAU15_Q0001QueryResults,FINGLAU15,Recurring Journal Entries,"Provides data for recurring journal entry vouchers existing in the system. Data about total recurring amount of recurring journal entry voucher as well as individual recurring amounts of related journal entry vouchers are provided along with further details about the items of individual journal entry vouchers , such as , G/L Account, posting status, partner information, etc.",sap/byd/odata/mma_managingmyarea_analytics.svc/RPFINGLAU15_Q0001QueryResults
mma_managingmyarea_analytics.svc,RPFINGLAU25_Q0008QueryResults,FINGLAU25,Financial Statements - Plan/Actual/Forecast,"Provides details about the balance sheet, income statement and cash flow statement for a fiscal year. Aggregates information from data sources for actual, plan and forecast values.",sap/byd/odata/mma_managingmyarea_analytics.svc/RPFINGLAU25_Q0008QueryResults
mma_managingmyarea_analytics.svc,RPFINGLAU25_Q0010QueryResults,FINGLAU25,Financial Statements - Plan/Actual/Forecast,"Provides details about the balance sheet, income statement and cash flow statement for a fiscal year. Aggregates information from data sources for actual, plan and forecast values.",sap/byd/odata/mma_managingmyarea_analytics.svc/RPFINGLAU25_Q0010QueryResults
mma_managingmyarea_analytics.svc,RPFINGLAU25_Q0011QueryResults,FINGLAU25,Financial Statements - Plan/Actual/Forecast,"Provides details about the balance sheet, income statement and cash flow statement for a fiscal year. Aggregates information from data sources for actual, plan and forecast values.",sap/byd/odata/mma_managingmyarea_analytics.svc/RPFINGLAU25_Q0011QueryResults
mma_managingmyarea_analytics.svc,RPFINGLAU25_Q0012QueryResults,FINGLAU25,Financial Statements - Plan/Actual/Forecast,"Provides details about the balance sheet, income statement and cash flow statement for a fiscal year. Aggregates information from data sources for actual, plan and forecast values.",sap/byd/odata/mma_managingmyarea_analytics.svc/RPFINGLAU25_Q0012QueryResults
mma_managingmyarea_analytics.svc,RPFINGLAU29_Q0001QueryResults,FINGLAU29,Accounting And Trade Receivables Payables Register,,sap/byd/odata/mma_managingmyarea_analytics.svc/RPFINGLAU29_Q0001QueryResults
mma_managingmyarea_analytics.svc,RPFININVU02_Q0002QueryResults,FININVU02,Production Ledger Account Line Items,"Provides line item data used in reports for viewing detailed information on the WIP postings in the production ledger account. Aggregates information from the following Data Sources: Production Ledger Account (Line Item, Offset Accounts); Financial Accounting View of Production Document (Item). This data source forms the basis for the following key reports: Production Lot - Line Items; Production Variances; Production Information for Income Statement by Nature of Expense.",sap/byd/odata/mma_managingmyarea_analytics.svc/RPFININVU02_Q0002QueryResults
mma_managingmyarea_analytics.svc,RPFININVU04_Q0002QueryResults,FININVU04,Material Ledger Account Aggregated,"Provides aggregated information on the quantities and values of material inventories. Aggregates information from the following Data Sources: Material Ledger Account (Line Item, Offset Accounts); Material Valuation Data. This data source forms the basis for the following key reports: Material Inventories - Balance Summary; Material Inventories -  Balance History; Material Inventories -  Rolling Inventory Comparison.",sap/byd/odata/mma_managingmyarea_analytics.svc/RPFININVU04_Q0002QueryResults
mma_managingmyarea_analytics.svc,RPFININVU05_Q0001QueryResults,FININVU05,Production Ledger Account Aggregated Items,"Provides aggregated information on the quantities and values of WIP inventories. Aggregates information from the following Data Sources: Production Ledger Account (Line Item, Offset Accounts); Financial Accounting View of Production Document (Item). This data source forms the basis for the following key reports: WIP Inventories - Balance Summary; WIP Inventories -  Rolling Comparison.",sap/byd/odata/mma_managingmyarea_analytics.svc/RPFININVU05_Q0001QueryResults
mma_managingmyarea_analytics.svc,RPFININVU06_Q0001QueryResults,FININVU06,GRIR Clearing Run Log,"Provides log information on successfully posted items of goods receipt/invoice receipt clearing runs (update runs only). Aggregates information from the following Data Sources: GR/IR Clearing Run (Log, Successfully Calculated Items); Purchase Ledger Account (Clearing). This data source forms the basis for the following key report: Purchase Price Variances.",sap/byd/odata/mma_managingmyarea_analytics.svc/RPFININVU06_Q0001QueryResults
mma_managingmyarea_analytics.svc,RPFININVU14_Q0002QueryResults,FININVU14,Material Ledger Account Aggregated,"Provides aggregated information on the quantities and values of material inventories. Aggregates information from the following Data Sources: Material Ledger Account (Line Item, Offset Accounts); Material Valuation Data. This data source forms the basis for the following key reports: Material Inventories - Balance Summary; Material Inventories -  Balance History; Material Inventories -  Rolling Inventory Comparison.",sap/byd/odata/mma_managingmyarea_analytics.svc/RPFININVU14_Q0002QueryResults
mma_managingmyarea_analytics.svc,RPFINPAYU02_Q0001QueryResults,FINPAYU02,Liquidity Forecast,"Provides the details of cash inflows and outflows expected over the medium term in transactional and forecast currency. As a prerequisite, you need to have created a liquidity forecast by scheduling a liquidity forecast run. Aggregates information from the following Data Sources: Due Item Processing (payables, receivables and tax items); Payment Processing (incoming and outgoing payments); Cash Management (forecast planning items). This data source forms the basis for the following key reports: Liquidity Forecast by Payment Method; Liquidity Forecast by Liquidity Level; Key Performance Indicator for Liquidity.",sap/byd/odata/mma_managingmyarea_analytics.svc/RPFINPAYU02_Q0001QueryResults
mma_managingmyarea_analytics.svc,RPFINPAYU02_Q0003QueryResults,FINPAYU02,Liquidity Forecast,"Provides the details of cash inflows and outflows expected over the medium term in transactional and forecast currency. As a prerequisite, you need to have created a liquidity forecast by scheduling a liquidity forecast run. Aggregates information from the following Data Sources: Due Item Processing (payables, receivables and tax items); Payment Processing (incoming and outgoing payments); Cash Management (forecast planning items). This data source forms the basis for the following key reports: Liquidity Forecast by Payment Method; Liquidity Forecast by Liquidity Level; Key Performance Indicator for Liquidity.",sap/byd/odata/mma_managingmyarea_analytics.svc/RPFINPAYU02_Q0003QueryResults
mma_managingmyarea_analytics.svc,RPFINPAYU02_Q0005QueryResults,FINPAYU02,Liquidity Forecast,"Provides the details of cash inflows and outflows expected over the medium term in transactional and forecast currency. As a prerequisite, you need to have created a liquidity forecast by scheduling a liquidity forecast run. Aggregates information from the following Data Sources: Due Item Processing (payables, receivables and tax items); Payment Processing (incoming and outgoing payments); Cash Management (forecast planning items). This data source forms the basis for the following key reports: Liquidity Forecast by Payment Method; Liquidity Forecast by Liquidity Level; Key Performance Indicator for Liquidity.",sap/byd/odata/mma_managingmyarea_analytics.svc/RPFINPAYU02_Q0005QueryResults
mma_managingmyarea_analytics.svc,RPFINPAYU02_Q0008QueryResults,FINPAYU02,Liquidity Forecast,"Provides the details of cash inflows and outflows expected over the medium term in transactional and forecast currency. As a prerequisite, you need to have created a liquidity forecast by scheduling a liquidity forecast run. Aggregates information from the following Data Sources: Due Item Processing (payables, receivables and tax items); Payment Processing (incoming and outgoing payments); Cash Management (forecast planning items). This data source forms the basis for the following key reports: Liquidity Forecast by Payment Method; Liquidity Forecast by Liquidity Level; Key Performance Indicator for Liquidity.",sap/byd/odata/mma_managingmyarea_analytics.svc/RPFINPAYU02_Q0008QueryResults
mma_managingmyarea_analytics.svc,RPFINPAYU04_Q0002QueryResults,FINPAYU04,,,sap/byd/odata/mma_managingmyarea_analytics.svc/RPFINPAYU04_Q0002QueryResults
mma_managingmyarea_analytics.svc,RPFINPRFU30_Q0001QueryResults,FINPRFU30,Profitability Management,"Provides profit data for analysis by multiple market segments such as all customers in a particular region and customer group. You can choose to analyze profit by detailed attributes such as sales documents, GL accounts, and journal entry IDs. Three methods are supported to calculate the profit, which are based on financial accounting data (for earned profit), or sales documents (for order or invoice profit). Aggregates information from the following Data Sources: Profitability: Order Profit; Profitability: Invoice Profit; Profitability: Earned Profit. This data source forms the basis for the following key reports: Profit Detail by Contribution Margin Scheme; Profit Overview by Key Figure; Key Performance Indicators, and Dashboards based on Profitability.",sap/byd/odata/mma_managingmyarea_analytics.svc/RPFINPRFU30_Q0001QueryResults
mma_managingmyarea_analytics.svc,RPFINPRFU30_Q0002QueryResults,FINPRFU30,Profitability Management,"Provides profit data for analysis by multiple market segments such as all customers in a particular region and customer group. You can choose to analyze profit by detailed attributes such as sales documents, GL accounts, and journal entry IDs. Three methods are supported to calculate the profit, which are based on financial accounting data (for earned profit), or sales documents (for order or invoice profit). Aggregates information from the following Data Sources: Profitability: Order Profit; Profitability: Invoice Profit; Profitability: Earned Profit. This data source forms the basis for the following key reports: Profit Detail by Contribution Margin Scheme; Profit Overview by Key Figure; Key Performance Indicators, and Dashboards based on Profitability.",sap/byd/odata/mma_managingmyarea_analytics.svc/RPFINPRFU30_Q0002QueryResults
mma_managingmyarea_analytics.svc,RPFINTAXU09_Q0003QueryResults,FINTAXU09,VAT / Sales Tax Details,Provides line items for VAT or sales tax from the tax register.,sap/byd/odata/mma_managingmyarea_analytics.svc/RPFINTAXU09_Q0003QueryResults
mma_managingmyarea_analytics.svc,RPGLOFINU01_Q0001_MOBQueryResults,GLOFINU01,Accounts Receivable - Pledging of Open Items,"Shows all open items that are pledged as collateral, which can be particular open items or if the customer account is pledged, all open items of this customer.",sap/byd/odata/mma_managingmyarea_analytics.svc/RPGLOFINU01_Q0001_MOBQueryResults
mma_managingmyarea_analytics.svc,RPHCMPAB01_Q9001QueryResults,HCMPAB01,Headcount,"Provides information on employee headcount, FTE, age and length of service.",sap/byd/odata/mma_managingmyarea_analytics.svc/RPHCMPAB01_Q9001QueryResults
mma_managingmyarea_analytics.svc,RPHCMPAB01_Q9002QueryResults,HCMPAB01,Headcount,"Provides information on employee headcount, FTE, age and length of service.",sap/byd/odata/mma_managingmyarea_analytics.svc/RPHCMPAB01_Q9002QueryResults
mma_managingmyarea_analytics.svc,RPHCMPAB01_Q9003QueryResults,HCMPAB01,Headcount,"Provides information on employee headcount, FTE, age and length of service.",sap/byd/odata/mma_managingmyarea_analytics.svc/RPHCMPAB01_Q9003QueryResults
mma_managingmyarea_analytics.svc,RPHCMPAU01_Q9003QueryResults,HCMPAU01,Employee Turnover,"Provides the number of employees entering, leaving, or transferring within the company.",sap/byd/odata/mma_managingmyarea_analytics.svc/RPHCMPAU01_Q9003QueryResults
mma_managingmyarea_analytics.svc,RPHCMPAU01_Q9004QueryResults,HCMPAU01,Employee Turnover,"Provides the number of employees entering, leaving, or transferring within the company.",sap/byd/odata/mma_managingmyarea_analytics.svc/RPHCMPAU01_Q9004QueryResults
mma_managingmyarea_analytics.svc,RPHCMTLMU01_Q9002QueryResults,HCMTLMU01,Employee Times,Provides information on planned and recorded employee times.,sap/byd/odata/mma_managingmyarea_analytics.svc/RPHCMTLMU01_Q9002QueryResults
mma_managingmyarea_analytics.svc,RPHCMTLMU01_Q9003QueryResults,HCMTLMU01,Employee Times,Provides information on planned and recorded employee times.,sap/byd/odata/mma_managingmyarea_analytics.svc/RPHCMTLMU01_Q9003QueryResults
mma_managingmyarea_analytics.svc,RPHCMTLMU01_Q9004QueryResults,HCMTLMU01,Employee Times,Provides information on planned and recorded employee times.,sap/byd/odata/mma_managingmyarea_analytics.svc/RPHCMTLMU01_Q9004QueryResults
mma_managingmyarea_analytics.svc,RPHCMTLMU01_Q9007QueryResults,HCMTLMU01,Employee Times,Provides information on planned and recorded employee times.,sap/byd/odata/mma_managingmyarea_analytics.svc/RPHCMTLMU01_Q9007QueryResults
mma_managingmyarea_analytics.svc,RPHCMTLMU02_Q9001QueryResults,HCMTLMU02,Employee Time Accounts,Provides information on the balances of employee time accounts.,sap/byd/odata/mma_managingmyarea_analytics.svc/RPHCMTLMU02_Q9001QueryResults
mma_managingmyarea_analytics.svc,RPHCMTLMU02_Q9002QueryResults,HCMTLMU02,Employee Time Accounts,Provides information on the balances of employee time accounts.,sap/byd/odata/mma_managingmyarea_analytics.svc/RPHCMTLMU02_Q9002QueryResults
mma_managingmyarea_analytics.svc,RPHCMTLMU02_Q9003QueryResults,HCMTLMU02,Employee Time Accounts,Provides information on the balances of employee time accounts.,sap/byd/odata/mma_managingmyarea_analytics.svc/RPHCMTLMU02_Q9003QueryResults
mma_managingmyarea_analytics.svc,RPHCMTLMU02_Q9004QueryResults,HCMTLMU02,Employee Time Accounts,Provides information on the balances of employee time accounts.,sap/byd/odata/mma_managingmyarea_analytics.svc/RPHCMTLMU02_Q9004QueryResults
mma_managingmyarea_analytics.svc,RPSCMODPB01_Q0001QueryResults,SCMODPB01,Outbound Delivery Performance Details,"Provides transaction data of outbound delivery documents, including order ID, product, account, sales unit, and ship-from site ID.",sap/byd/odata/mma_managingmyarea_analytics.svc/RPSCMODPB01_Q0001QueryResults
mma_managingmyarea_analytics.svc,RPSCMODPB01_Q0002QueryResults,SCMODPB01,Outbound Delivery Performance Details,"Provides transaction data of outbound delivery documents, including order ID, product, account, sales unit, and ship-from site ID.",sap/byd/odata/mma_managingmyarea_analytics.svc/RPSCMODPB01_Q0002QueryResults
mma_managingmyarea_analytics.svc,RPSCMODPB01_Q0003QueryResults,SCMODPB01,Outbound Delivery Performance Details,"Provides transaction data of outbound delivery documents, including order ID, product, account, sales unit, and ship-from site ID.",sap/byd/odata/mma_managingmyarea_analytics.svc/RPSCMODPB01_Q0003QueryResults
mma_managingmyarea_analytics.svc,RPSCMODPB01_Q0004QueryResults,SCMODPB01,Outbound Delivery Performance Details,"Provides transaction data of outbound delivery documents, including order ID, product, account, sales unit, and ship-from site ID.",sap/byd/odata/mma_managingmyarea_analytics.svc/RPSCMODPB01_Q0004QueryResults
mma_managingmyarea_analytics.svc,RPSCMODPB01_Q0005QueryResults,SCMODPB01,Outbound Delivery Performance Details,"Provides transaction data of outbound delivery documents, including order ID, product, account, sales unit, and ship-from site ID.",sap/byd/odata/mma_managingmyarea_analytics.svc/RPSCMODPB01_Q0005QueryResults
mma_managingmyarea_analytics.svc,RPSCMPRFU01_Q0001QueryResults,SCMPRFU01,Production Request Fulfillment,"Provides transaction data of production request fulfillment, including planned and actual quantities, and dates.",sap/byd/odata/mma_managingmyarea_analytics.svc/RPSCMPRFU01_Q0001QueryResults
mma_managingmyarea_analytics.svc,RPSRMIV_B03_MQ0003QueryResults,SRMIV_B03,Supplier Invoice Item Details,"Provides transaction data of supplier invoice items, such as the net value, quantity, and the cost center.",sap/byd/odata/mma_managingmyarea_analytics.svc/RPSRMIV_B03_MQ0003QueryResults
mma_managingmyarea_analytics.svc,RPSRMIV_B03_MQ0004QueryResults,SRMIV_B03,Supplier Invoice Item Details,"Provides transaction data of supplier invoice items, such as the net value, quantity, and the cost center.",sap/byd/odata/mma_managingmyarea_analytics.svc/RPSRMIV_B03_MQ0004QueryResults
mma_managingmyarea_analytics.svc,RPSRMIV_B03_MQ0022QueryResults,SRMIV_B03,Supplier Invoice Item Details,"Provides transaction data of supplier invoice items, such as the net value, quantity, and the cost center.",sap/byd/odata/mma_managingmyarea_analytics.svc/RPSRMIV_B03_MQ0022QueryResults
mma_managingmyarea_analytics.svc,RPSRMIV_B03_Q0004QueryResults,SRMIV_B03,Supplier Invoice Item Details,"Provides transaction data of supplier invoice items, such as the net value, quantity, and the cost center.",sap/byd/odata/mma_managingmyarea_analytics.svc/RPSRMIV_B03_Q0004QueryResults
mma_managingmyarea_analytics.svc,RPSRMIV_B03_Q0005QueryResults,SRMIV_B03,Supplier Invoice Item Details,"Provides transaction data of supplier invoice items, such as the net value, quantity, and the cost center.",sap/byd/odata/mma_managingmyarea_analytics.svc/RPSRMIV_B03_Q0005QueryResults
mma_managingmyarea_analytics.svc,RPSRMIV_B03_Q0022QueryResults,SRMIV_B03,Supplier Invoice Item Details,"Provides transaction data of supplier invoice items, such as the net value, quantity, and the cost center.",sap/byd/odata/mma_managingmyarea_analytics.svc/RPSRMIV_B03_Q0022QueryResults
mma_managingmyarea_analytics.svc,RPSRMPO_B02_MQ0009QueryResults,SRMPO_B02,Purchase Order Item Details,"Provides transaction data of purchase order items, including the net value, the quantity, the delivery date, and the ordering date.",sap/byd/odata/mma_managingmyarea_analytics.svc/RPSRMPO_B02_MQ0009QueryResults
mma_managingmyarea_analytics.svc,RPSRMPO_B02_Q0001QueryResults,SRMPO_B02,Purchase Order Item Details,"Provides transaction data of purchase order items, including the net value, the quantity, the delivery date, and the ordering date.",sap/byd/odata/mma_managingmyarea_analytics.svc/RPSRMPO_B02_Q0001QueryResults
mma_managingmyarea_analytics.svc,RPSRMPO_B02_Q0003QueryResults,SRMPO_B02,Purchase Order Item Details,"Provides transaction data of purchase order items, including the net value, the quantity, the delivery date, and the ordering date.",sap/byd/odata/mma_managingmyarea_analytics.svc/RPSRMPO_B02_Q0003QueryResults
mma_managingmyarea_analytics.svc,RPSRMPO_B02_Q0009QueryResults,SRMPO_B02,Purchase Order Item Details,"Provides transaction data of purchase order items, including the net value, the quantity, the delivery date, and the ordering date.",sap/byd/odata/mma_managingmyarea_analytics.svc/RPSRMPO_B02_Q0009QueryResults
mma_managingmyarea_analytics.svc,RPSRMPR_B04_Q0001QueryResults,SRMPR_B04,Purchase Request Fullfillment,Provides transaction data of the purchase request items and purchase order items to evaluate the fulfillment.,sap/byd/odata/mma_managingmyarea_analytics.svc/RPSRMPR_B04_Q0001QueryResults
mma_managingmyarea_analytics.svc,RPSRMPR_B04_Q0002QueryResults,SRMPR_B04,Purchase Request Fullfillment,Provides transaction data of the purchase request items and purchase order items to evaluate the fulfillment.,sap/byd/odata/mma_managingmyarea_analytics.svc/RPSRMPR_B04_Q0002QueryResults
pmm_productdata_analytics.svc,RPMATERIAL_Q0001QueryResults,MATERIAL,Material Master Data,"Provides material master data, including identification, description, quantity, product category, and system administration data.",sap/byd/odata/pmm_productdata_analytics.svc/RPMATERIAL_Q0001QueryResults
pmm_productdata_analytics.svc,RPMATERIAL_Q0002QueryResults,MATERIAL,Material Master Data,"Provides material master data, including identification, description, quantity, product category, and system administration data.",sap/byd/odata/pmm_productdata_analytics.svc/RPMATERIAL_Q0002QueryResults
pmm_productdata_analytics.svc,RPSERVICE_Q0001QueryResults,SERVICE,Service Master Data,"Provides service master data, including identification, description, quantity, product category, and system administration data.",sap/byd/odata/pmm_productdata_analytics.svc/RPSERVICE_Q0001QueryResults
pmm_productdata_analytics.svc,RPSERVICE_Q0002QueryResults,SERVICE,Service Master Data,"Provides service master data, including identification, description, quantity, product category, and system administration data.",sap/byd/odata/pmm_productdata_analytics.svc/RPSERVICE_Q0002QueryResults
scm_inboundlogistics_analytics.svc,RPSCMCFJU01_Q0001QueryResults,SCMCFJU01,Confirmation Journal,"Provides transaction data related to inventory changes and inventory movements, including goods issues/receipts/movements. It also shows changes to inventory as a result of confirmed warehouse and production tasks.",sap/byd/odata/scm_inboundlogistics_analytics.svc/RPSCMCFJU01_Q0001QueryResults
scm_inboundlogistics_analytics.svc,RPSCMCIDB03_Q0001QueryResults,SCMCIDB03,Inbound Delivery Item Details,"Provides transaction data of inbound delivery documents, including product items, quantities, identified stock, product requirement specifications and status information.",sap/byd/odata/scm_inboundlogistics_analytics.svc/RPSCMCIDB03_Q0001QueryResults
scm_inboundlogistics_analytics.svc,RPSCMINVV02_Q0001QueryResults,SCMINVV02,Stock Overview,,sap/byd/odata/scm_inboundlogistics_analytics.svc/RPSCMINVV02_Q0001QueryResults
scm_internallogistics_analytics.svc,RPSCMCFJU01_Q0001QueryResults,SCMCFJU01,Confirmation Journal,"Provides transaction data related to inventory changes and inventory movements, including goods issues/receipts/movements. It also shows changes to inventory as a result of confirmed warehouse and production tasks.",sap/byd/odata/scm_internallogistics_analytics.svc/RPSCMCFJU01_Q0001QueryResults
scm_internallogistics_analytics.svc,RPSCMINBU01_Q0001QueryResults,SCMINBU01,,,sap/byd/odata/scm_internallogistics_analytics.svc/RPSCMINBU01_Q0001QueryResults
scm_internallogistics_analytics.svc,RPSCMINBU03_Q0001QueryResults,SCMINBU03,Inventory Balance,The Inventory Balance report provides details of the user’s opening and ending balance of inventory at a location and logistics area. It also shows details of incoming and outgoing inventory over a defined period of time.,sap/byd/odata/scm_internallogistics_analytics.svc/RPSCMINBU03_Q0001QueryResults
scm_outblogisticscontrol_analytics.svc,RPSCMCDU01_Q0001QueryResults,SCMCDU01,Customer Demand Details,"Provides the details of all customer demands from various sources like sales order, service order, stock transfer order & project stock order.",sap/byd/odata/scm_outblogisticscontrol_analytics.svc/RPSCMCDU01_Q0001QueryResults
scm_outblogisticscontrol_analytics.svc,RPSCMODPB01_OTIFQueryResults,,,,sap/byd/odata/scm_outblogisticscontrol_analytics.svc/RPSCMODPB01_OTIFQueryResults
scm_outblogisticscontrol_analytics.svc,RPSCMODPB01_Q0001QueryResults,SCMODPB01,Outbound Delivery Performance Details,"Provides transaction data of outbound delivery documents, including order ID, product, account, sales unit, and ship-from site ID.",sap/byd/odata/scm_outblogisticscontrol_analytics.svc/RPSCMODPB01_Q0001QueryResults
scm_outblogisticscontrol_analytics.svc,RPSCMODPB01_Q0002QueryResults,SCMODPB01,Outbound Delivery Performance Details,"Provides transaction data of outbound delivery documents, including order ID, product, account, sales unit, and ship-from site ID.",sap/byd/odata/scm_outblogisticscontrol_analytics.svc/RPSCMODPB01_Q0002QueryResults
scm_outblogisticscontrol_analytics.svc,RPSCMODPB01_Q0003QueryResults,SCMODPB01,Outbound Delivery Performance Details,"Provides transaction data of outbound delivery documents, including order ID, product, account, sales unit, and ship-from site ID.",sap/byd/odata/scm_outblogisticscontrol_analytics.svc/RPSCMODPB01_Q0003QueryResults
scm_outblogisticscontrol_analytics.svc,RPSCMODPB01_Q0004QueryResults,SCMODPB01,Outbound Delivery Performance Details,"Provides transaction data of outbound delivery documents, including order ID, product, account, sales unit, and ship-from site ID.",sap/byd/odata/scm_outblogisticscontrol_analytics.svc/RPSCMODPB01_Q0004QueryResults
scm_outblogisticscontrol_analytics.svc,RPSCMODPB01_Q0005QueryResults,SCMODPB01,Outbound Delivery Performance Details,"Provides transaction data of outbound delivery documents, including order ID, product, account, sales unit, and ship-from site ID.",sap/byd/odata/scm_outblogisticscontrol_analytics.svc/RPSCMODPB01_Q0005QueryResults
scm_outblogisticscontrol_analytics.svc,RPSCMODPB01_Q0020QueryResults,SCMODPB01,Outbound Delivery Performance Details,"Provides transaction data of outbound delivery documents, including order ID, product, account, sales unit, and ship-from site ID.",sap/byd/odata/scm_outblogisticscontrol_analytics.svc/RPSCMODPB01_Q0020QueryResults
scm_outboundlogistics_analytics.svc,RPCONSGTU01_Q0001QueryResults,CONSGTU01,Customer Consignment Report,"Provides a comprehensive view of the customer consignment quantities, which are open for fill-up, delivered, open for invoicing, invoiced, returned, etc.",sap/byd/odata/scm_outboundlogistics_analytics.svc/RPCONSGTU01_Q0001QueryResults
scm_outboundlogistics_analytics.svc,RPSCMCFJU01_Q0001QueryResults,SCMCFJU01,Confirmation Journal,"Provides transaction data related to inventory changes and inventory movements, including goods issues/receipts/movements. It also shows changes to inventory as a result of confirmed warehouse and production tasks.",sap/byd/odata/scm_outboundlogistics_analytics.svc/RPSCMCFJU01_Q0001QueryResults
scm_outboundlogistics_analytics.svc,RPSCMOBDB04_Q0001QueryResults,SCMOBDB04,Outbound Delivery Item Party Details,Outbound Delivery Item Party Details,sap/byd/odata/scm_outboundlogistics_analytics.svc/RPSCMOBDB04_Q0001QueryResults
scm_physicalinventory_analytics.svc,RPSCMCFJU01_Q0001QueryResults,SCMCFJU01,Confirmation Journal,"Provides transaction data related to inventory changes and inventory movements, including goods issues/receipts/movements. It also shows changes to inventory as a result of confirmed warehouse and production tasks.",sap/byd/odata/scm_physicalinventory_analytics.svc/RPSCMCFJU01_Q0001QueryResults
scm_physicalinventory_analytics.svc,RPSCMINBU01_Q0001QueryResults,SCMINBU01,,,sap/byd/odata/scm_physicalinventory_analytics.svc/RPSCMINBU01_Q0001QueryResults
scm_physicalinventory_analytics.svc,RPSCMINBU03_Q0001QueryResults,SCMINBU03,Inventory Balance,The Inventory Balance report provides details of the user’s opening and ending balance of inventory at a location and logistics area. It also shows details of incoming and outgoing inventory over a defined period of time.,sap/byd/odata/scm_physicalinventory_analytics.svc/RPSCMINBU03_Q0001QueryResults
scm_physicalinventory_analytics.svc,RPSCMINVAGV04_Q0001QueryResults,SCMINVAGV04,Inventory Ageing,,sap/byd/odata/scm_physicalinventory_analytics.svc/RPSCMINVAGV04_Q0001QueryResults
scm_physicalinventory_analytics.svc,RPSCMINVAGV05_Q0001QueryResults,SCMINVAGV05,Inventory Ageing for Predelivered Stock,,sap/byd/odata/scm_physicalinventory_analytics.svc/RPSCMINVAGV05_Q0001QueryResults
scm_physicalinventory_analytics.svc,RPSCMPIV01_Q0001QueryResults,SCMPIV01,Physical Inventory Count Items,,sap/byd/odata/scm_physicalinventory_analytics.svc/RPSCMPIV01_Q0001QueryResults
scm_productioncontrol_analytics.svc,RPSCMCFJU01_Q0001QueryResults,SCMCFJU01,Confirmation Journal,"Provides transaction data related to inventory changes and inventory movements, including goods issues/receipts/movements. It also shows changes to inventory as a result of confirmed warehouse and production tasks.",sap/byd/odata/scm_productioncontrol_analytics.svc/RPSCMCFJU01_Q0001QueryResults
scm_productioncontrol_analytics.svc,RPSCMPOHDROPU01_Q0001QueryResults,SCMPOHDROPU01,Production Order By Header Output Products,,sap/byd/odata/scm_productioncontrol_analytics.svc/RPSCMPOHDROPU01_Q0001QueryResults
scm_productioncontrol_analytics.svc,RPSCMPOHDROPU02_Q0001QueryResults,SCMPOHDROPU02,Production Orders/Lot: Dates and Quantities,Production Orders/Lot: Dates and Quantities,sap/byd/odata/scm_productioncontrol_analytics.svc/RPSCMPOHDROPU02_Q0001QueryResults
scm_productioncontrol_analytics.svc,RPSCMPPTU01_Q0001QueryResults,SCMPPTU01,Production Processing Times,Provides transaction data of planned and actual processing times of production orders.,sap/byd/odata/scm_productioncontrol_analytics.svc/RPSCMPPTU01_Q0001QueryResults
scm_productioncontrol_analytics.svc,RPSCMPRFU01_Q0001QueryResults,SCMPRFU01,Production Request Fulfillment,"Provides transaction data of production request fulfillment, including planned and actual quantities, and dates.",sap/byd/odata/scm_productioncontrol_analytics.svc/RPSCMPRFU01_Q0001QueryResults
scm_productioncontrol_analytics.svc,RPSCMYASU01_Q0001QueryResults,SCMYASU01,Yield & Scrap,Provides transaction data of planned and actual scrap of production orders.,sap/byd/odata/scm_productioncontrol_analytics.svc/RPSCMYASU01_Q0001QueryResults
scm_supplyplanning_analytics.svc,RPSCMCDU01_Q0001QueryResults,SCMCDU01,Customer Demand Details,"Provides the details of all customer demands from various sources like sales order, service order, stock transfer order & project stock order.",sap/byd/odata/scm_supplyplanning_analytics.svc/RPSCMCDU01_Q0001QueryResults
scm_supplyplanning_analytics.svc,RPSCMCFJU01_Q0001QueryResults,SCMCFJU01,Confirmation Journal,"Provides transaction data related to inventory changes and inventory movements, including goods issues/receipts/movements. It also shows changes to inventory as a result of confirmed warehouse and production tasks.",sap/byd/odata/scm_supplyplanning_analytics.svc/RPSCMCFJU01_Q0001QueryResults
scm_supplyplanning_analytics.svc,RPSCMODPB01_OTIFQueryResults,,,,sap/byd/odata/scm_supplyplanning_analytics.svc/RPSCMODPB01_OTIFQueryResults
scm_supplyplanning_analytics.svc,RPSCMODPB01_Q0001QueryResults,SCMODPB01,Outbound Delivery Performance Details,"Provides transaction data of outbound delivery documents, including order ID, product, account, sales unit, and ship-from site ID.",sap/byd/odata/scm_supplyplanning_analytics.svc/RPSCMODPB01_Q0001QueryResults
scm_supplyplanning_analytics.svc,RPSCMODPB01_Q0002QueryResults,SCMODPB01,Outbound Delivery Performance Details,"Provides transaction data of outbound delivery documents, including order ID, product, account, sales unit, and ship-from site ID.",sap/byd/odata/scm_supplyplanning_analytics.svc/RPSCMODPB01_Q0002QueryResults
scm_supplyplanning_analytics.svc,RPSCMODPB01_Q0003QueryResults,SCMODPB01,Outbound Delivery Performance Details,"Provides transaction data of outbound delivery documents, including order ID, product, account, sales unit, and ship-from site ID.",sap/byd/odata/scm_supplyplanning_analytics.svc/RPSCMODPB01_Q0003QueryResults
scm_supplyplanning_analytics.svc,RPSCMODPB01_Q0004QueryResults,SCMODPB01,Outbound Delivery Performance Details,"Provides transaction data of outbound delivery documents, including order ID, product, account, sales unit, and ship-from site ID.",sap/byd/odata/scm_supplyplanning_analytics.svc/RPSCMODPB01_Q0004QueryResults
scm_supplyplanning_analytics.svc,RPSCMODPB01_Q0005QueryResults,SCMODPB01,Outbound Delivery Performance Details,"Provides transaction data of outbound delivery documents, including order ID, product, account, sales unit, and ship-from site ID.",sap/byd/odata/scm_supplyplanning_analytics.svc/RPSCMODPB01_Q0005QueryResults
scm_supplyplanning_analytics.svc,RPSCMODPB01_Q0020QueryResults,SCMODPB01,Outbound Delivery Performance Details,"Provides transaction data of outbound delivery documents, including order ID, product, account, sales unit, and ship-from site ID.",sap/byd/odata/scm_supplyplanning_analytics.svc/RPSCMODPB01_Q0020QueryResults
srm_goodsservicereceipts_analytics.svc,RPSRMCT_B03_Q0001QueryResults,SRMCT_B03,Purchasing Contract Item Release,"Provides transaction data of released items in a purchasing contract, including contract details, supplier information, contract item details, value, quantity, and status.",sap/byd/odata/srm_goodsservicereceipts_analytics.svc/RPSRMCT_B03_Q0001QueryResults
srm_goodsservicereceipts_analytics.svc,RPSRMGR_B02_Q0001QueryResults,SRMGR_B02,Goods Receipt Item Details,"Provides transaction data of goods receipt items, including the net value, the quantity, the product, and the transaction date.",sap/byd/odata/srm_goodsservicereceipts_analytics.svc/RPSRMGR_B02_Q0001QueryResults
srm_goodsservicereceipts_analytics.svc,RPSRMPO_B02_Q0004QueryResults,SRMPO_B02,Purchase Order Item Details,"Provides transaction data of purchase order items, including the net value, the quantity, the delivery date, and the ordering date.",sap/byd/odata/srm_goodsservicereceipts_analytics.svc/RPSRMPO_B02_Q0004QueryResults
srm_goodsservicereceipts_analytics.svc,RPSRMPO_B02_Q0005QueryResults,SRMPO_B02,Purchase Order Item Details,"Provides transaction data of purchase order items, including the net value, the quantity, the delivery date, and the ordering date.",sap/byd/odata/srm_goodsservicereceipts_analytics.svc/RPSRMPO_B02_Q0005QueryResults
srm_goodsservicereceipts_analytics.svc,RPSRMPO_B02_Q0006QueryResults,SRMPO_B02,Purchase Order Item Details,"Provides transaction data of purchase order items, including the net value, the quantity, the delivery date, and the ordering date.",sap/byd/odata/srm_goodsservicereceipts_analytics.svc/RPSRMPO_B02_Q0006QueryResults
srm_goodsservicereceipts_analytics.svc,RPSRMPO_B02_Q0007QueryResults,SRMPO_B02,Purchase Order Item Details,"Provides transaction data of purchase order items, including the net value, the quantity, the delivery date, and the ordering date.",sap/byd/odata/srm_goodsservicereceipts_analytics.svc/RPSRMPO_B02_Q0007QueryResults
srm_goodsservicereceipts_analytics.svc,RPSRMPO_B03_Q0001QueryResults,SRMPO_B03,Purchase Order Account Assignment,"Provides transaction data of the purchase orders created per account assignment, including the net value, the quantity, the ordering date, and the account assignment.",sap/byd/odata/srm_goodsservicereceipts_analytics.svc/RPSRMPO_B03_Q0001QueryResults
srm_goodsservicereceipts_analytics.svc,RPSRMPO_U01_Q0001QueryResults,SRMPO_U01,Purchase Order Items with Extended Tracking Details,Purchase Order Items with Extended Tracking Details,sap/byd/odata/srm_goodsservicereceipts_analytics.svc/RPSRMPO_U01_Q0001QueryResults
srm_productportfolio_analytics.svc,RPSRMIV_B03_Q0002QueryResults,SRMIV_B03,Supplier Invoice Item Details,"Provides transaction data of supplier invoice items, such as the net value, quantity, and the cost center.",sap/byd/odata/srm_productportfolio_analytics.svc/RPSRMIV_B03_Q0002QueryResults
srm_productportfolio_analytics.svc,RPSRMIV_B03_Q0003QueryResults,SRMIV_B03,Supplier Invoice Item Details,"Provides transaction data of supplier invoice items, such as the net value, quantity, and the cost center.",sap/byd/odata/srm_productportfolio_analytics.svc/RPSRMIV_B03_Q0003QueryResults
srm_productportfolio_analytics.svc,RPSRMIV_B03_Q0004QueryResults,SRMIV_B03,Supplier Invoice Item Details,"Provides transaction data of supplier invoice items, such as the net value, quantity, and the cost center.",sap/byd/odata/srm_productportfolio_analytics.svc/RPSRMIV_B03_Q0004QueryResults
srm_productportfolio_analytics.svc,RPSRMIV_B03_Q0005QueryResults,SRMIV_B03,Supplier Invoice Item Details,"Provides transaction data of supplier invoice items, such as the net value, quantity, and the cost center.",sap/byd/odata/srm_productportfolio_analytics.svc/RPSRMIV_B03_Q0005QueryResults
srm_productportfolio_analytics.svc,RPSRMIV_B03_Q0013QueryResults,SRMIV_B03,Supplier Invoice Item Details,"Provides transaction data of supplier invoice items, such as the net value, quantity, and the cost center.",sap/byd/odata/srm_productportfolio_analytics.svc/RPSRMIV_B03_Q0013QueryResults
srm_productportfolio_analytics.svc,RPSRMIV_B03_Q0014QueryResults,SRMIV_B03,Supplier Invoice Item Details,"Provides transaction data of supplier invoice items, such as the net value, quantity, and the cost center.",sap/byd/odata/srm_productportfolio_analytics.svc/RPSRMIV_B03_Q0014QueryResults
srm_productportfolio_analytics.svc,RPSRMPO_B02_Q0006QueryResults,SRMPO_B02,Purchase Order Item Details,"Provides transaction data of purchase order items, including the net value, the quantity, the delivery date, and the ordering date.",sap/byd/odata/srm_productportfolio_analytics.svc/RPSRMPO_B02_Q0006QueryResults
srm_productportfolio_analytics.svc,RPSRMPRC_B01_SCALES_REPORTQueryResults,,,,sap/byd/odata/srm_productportfolio_analytics.svc/RPSRMPRC_B01_SCALES_REPORTQueryResults
srm_purchrequestsorders.svc,codelists,,,,sap/byd/odata/srm_purchrequestsorders.svc/codelists
srm_purchrequestsorders_analytics.svc,RPSRMCT_B03_Q0001QueryResults,SRMCT_B03,Purchasing Contract Item Release,"Provides transaction data of released items in a purchasing contract, including contract details, supplier information, contract item details, value, quantity, and status.",sap/byd/odata/srm_purchrequestsorders_analytics.svc/RPSRMCT_B03_Q0001QueryResults
srm_purchrequestsorders_analytics.svc,RPSRMIV_B03_MQ0003QueryResults,SRMIV_B03,Supplier Invoice Item Details,"Provides transaction data of supplier invoice items, such as the net value, quantity, and the cost center.",sap/byd/odata/srm_purchrequestsorders_analytics.svc/RPSRMIV_B03_MQ0003QueryResults
srm_purchrequestsorders_analytics.svc,RPSRMIV_B03_MQ0004QueryResults,SRMIV_B03,Supplier Invoice Item Details,"Provides transaction data of supplier invoice items, such as the net value, quantity, and the cost center.",sap/byd/odata/srm_purchrequestsorders_analytics.svc/RPSRMIV_B03_MQ0004QueryResults
srm_purchrequestsorders_analytics.svc,RPSRMIV_B03_MQ0022QueryResults,SRMIV_B03,Supplier Invoice Item Details,"Provides transaction data of supplier invoice items, such as the net value, quantity, and the cost center.",sap/byd/odata/srm_purchrequestsorders_analytics.svc/RPSRMIV_B03_MQ0022QueryResults
srm_purchrequestsorders_analytics.svc,RPSRMIV_B03_Q0004QueryResults,SRMIV_B03,Supplier Invoice Item Details,"Provides transaction data of supplier invoice items, such as the net value, quantity, and the cost center.",sap/byd/odata/srm_purchrequestsorders_analytics.svc/RPSRMIV_B03_Q0004QueryResults
srm_purchrequestsorders_analytics.svc,RPSRMIV_B03_Q0023QueryResults,SRMIV_B03,Supplier Invoice Item Details,"Provides transaction data of supplier invoice items, such as the net value, quantity, and the cost center.",sap/byd/odata/srm_purchrequestsorders_analytics.svc/RPSRMIV_B03_Q0023QueryResults
srm_purchrequestsorders_analytics.svc,RPSRMPO_B02_MQ0009QueryResults,SRMPO_B02,Purchase Order Item Details,"Provides transaction data of purchase order items, including the net value, the quantity, the delivery date, and the ordering date.",sap/byd/odata/srm_purchrequestsorders_analytics.svc/RPSRMPO_B02_MQ0009QueryResults
srm_purchrequestsorders_analytics.svc,RPSRMPO_B02_Q0001QueryResults,SRMPO_B02,Purchase Order Item Details,"Provides transaction data of purchase order items, including the net value, the quantity, the delivery date, and the ordering date.",sap/byd/odata/srm_purchrequestsorders_analytics.svc/RPSRMPO_B02_Q0001QueryResults
srm_purchrequestsorders_analytics.svc,RPSRMPO_B02_Q0003QueryResults,SRMPO_B02,Purchase Order Item Details,"Provides transaction data of purchase order items, including the net value, the quantity, the delivery date, and the ordering date.",sap/byd/odata/srm_purchrequestsorders_analytics.svc/RPSRMPO_B02_Q0003QueryResults
srm_purchrequestsorders_analytics.svc,RPSRMPO_B02_Q0004QueryResults,SRMPO_B02,Purchase Order Item Details,"Provides transaction data of purchase order items, including the net value, the quantity, the delivery date, and the ordering date.",sap/byd/odata/srm_purchrequestsorders_analytics.svc/RPSRMPO_B02_Q0004QueryResults
srm_purchrequestsorders_analytics.svc,RPSRMPO_B02_Q0005QueryResults,SRMPO_B02,Purchase Order Item Details,"Provides transaction data of purchase order items, including the net value, the quantity, the delivery date, and the ordering date.",sap/byd/odata/srm_purchrequestsorders_analytics.svc/RPSRMPO_B02_Q0005QueryResults
srm_purchrequestsorders_analytics.svc,RPSRMPO_B02_Q0006QueryResults,SRMPO_B02,Purchase Order Item Details,"Provides transaction data of purchase order items, including the net value, the quantity, the delivery date, and the ordering date.",sap/byd/odata/srm_purchrequestsorders_analytics.svc/RPSRMPO_B02_Q0006QueryResults
srm_purchrequestsorders_analytics.svc,RPSRMPO_B02_Q0007QueryResults,SRMPO_B02,Purchase Order Item Details,"Provides transaction data of purchase order items, including the net value, the quantity, the delivery date, and the ordering date.",sap/byd/odata/srm_purchrequestsorders_analytics.svc/RPSRMPO_B02_Q0007QueryResults
srm_purchrequestsorders_analytics.svc,RPSRMPO_B02_Q0009QueryResults,SRMPO_B02,Purchase Order Item Details,"Provides transaction data of purchase order items, including the net value, the quantity, the delivery date, and the ordering date.",sap/byd/odata/srm_purchrequestsorders_analytics.svc/RPSRMPO_B02_Q0009QueryResults
srm_purchrequestsorders_analytics.svc,RPSRMPO_B03_Q0001QueryResults,SRMPO_B03,Purchase Order Account Assignment,"Provides transaction data of the purchase orders created per account assignment, including the net value, the quantity, the ordering date, and the account assignment.",sap/byd/odata/srm_purchrequestsorders_analytics.svc/RPSRMPO_B03_Q0001QueryResults
srm_purchrequestsorders_analytics.svc,RPSRMPO_U01_Q0001QueryResults,SRMPO_U01,Purchase Order Items with Extended Tracking Details,Purchase Order Items with Extended Tracking Details,sap/byd/odata/srm_purchrequestsorders_analytics.svc/RPSRMPO_U01_Q0001QueryResults
srm_purchrequestsorders_analytics.svc,RPSRMPO_U02_Q0001QueryResults,SRMPO_U02,Purchase Order Delivery Reliability,Purchase Order Delivery Reliability,sap/byd/odata/srm_purchrequestsorders_analytics.svc/RPSRMPO_U02_Q0001QueryResults
srm_purchrequestsorders_analytics.svc,RPSRMPR_B02_Q0001QueryResults,SRMPR_B02,Purchase Request Item Details,"Provides transaction data of purchase request items, including the requester, the net value, the quantity, the creation date, and the delivery date.",sap/byd/odata/srm_purchrequestsorders_analytics.svc/RPSRMPR_B02_Q0001QueryResults
srm_purchrequestsorders_analytics.svc,RPSRMPR_B03_Q0001QueryResults,SRMPR_B03,Purchase Request Account Assignment,"Provides transaction data of the purchase requests created per account assignment, including the net value, the quantity, the ordering date, and the account assignment.",sap/byd/odata/srm_purchrequestsorders_analytics.svc/RPSRMPR_B03_Q0001QueryResults
srm_purchrequestsorders_analytics.svc,RPSRMRTS_B01_Q0001QueryResults,SRMRTS_B01,Return to Suppliers,"Provides transaction data of return to suppliers, including the product, the supplier, the site, the quantity and other information.",sap/byd/odata/srm_purchrequestsorders_analytics.svc/RPSRMRTS_B01_Q0001QueryResults
srm_supplierbase_analytics.svc,RPBPSP_PRD_CAT_LIFE_Q00001QueryResults,BPSP_PRD_CAT_LIFE,Supplier Product Category Lifecycle,"Provides details of supplier product category lifecycle data, such as product category, enagement status, market segementation and validity periods.",sap/byd/odata/srm_supplierbase_analytics.svc/RPBPSP_PRD_CAT_LIFE_Q00001QueryResults
srm_supplierbase_analytics.svc,RPBUPASUPPLIERCOLLB01_Q0001QueryResults,BUPASUPPLIERCOLLB01,Supplier Collaboration Data,"Provides the collaboration data of a supplier, including data of the related supplier, such as the account ID, name, and address.",sap/byd/odata/srm_supplierbase_analytics.svc/RPBUPASUPPLIERCOLLB01_Q0001QueryResults
srm_supplierbase_analytics.svc,RPBUPSPP_Q0001QueryResults,BUPSPP,,,sap/byd/odata/srm_supplierbase_analytics.svc/RPBUPSPP_Q0001QueryResults
srm_supplierbase_analytics.svc,RPBUPSPP_Q0002QueryResults,BUPSPP,,,sap/byd/odata/srm_supplierbase_analytics.svc/RPBUPSPP_Q0002QueryResults
srm_supplierbase_analytics.svc,RPFND_SUP_FINDATA_Q0001QueryResults,FND_SUP_FINDATA,Supplier Payment Data,Provides the payment data of a supplier.,sap/byd/odata/srm_supplierbase_analytics.svc/RPFND_SUP_FINDATA_Q0001QueryResults
srm_supplierbase_analytics.svc,RPSRMIV_B03_Q0001QueryResults,SRMIV_B03,Supplier Invoice Item Details,"Provides transaction data of supplier invoice items, such as the net value, quantity, and the cost center.",sap/byd/odata/srm_supplierbase_analytics.svc/RPSRMIV_B03_Q0001QueryResults
srm_supplierbase_analytics.svc,RPSRMIV_B03_Q0004QueryResults,SRMIV_B03,Supplier Invoice Item Details,"Provides transaction data of supplier invoice items, such as the net value, quantity, and the cost center.",sap/byd/odata/srm_supplierbase_analytics.svc/RPSRMIV_B03_Q0004QueryResults
srm_supplierbase_analytics.svc,RPSRMIV_B03_Q0006QueryResults,SRMIV_B03,Supplier Invoice Item Details,"Provides transaction data of supplier invoice items, such as the net value, quantity, and the cost center.",sap/byd/odata/srm_supplierbase_analytics.svc/RPSRMIV_B03_Q0006QueryResults
srm_supplierbase_analytics.svc,RPSRMIV_B03_Q0010QueryResults,SRMIV_B03,Supplier Invoice Item Details,"Provides transaction data of supplier invoice items, such as the net value, quantity, and the cost center.",sap/byd/odata/srm_supplierbase_analytics.svc/RPSRMIV_B03_Q0010QueryResults
srm_supplierbase_analytics.svc,RPSRMIV_B03_Q0012QueryResults,SRMIV_B03,Supplier Invoice Item Details,"Provides transaction data of supplier invoice items, such as the net value, quantity, and the cost center.",sap/byd/odata/srm_supplierbase_analytics.svc/RPSRMIV_B03_Q0012QueryResults
srm_supplierbase_analytics.svc,RPSRMIV_B03_Q0015QueryResults,SRMIV_B03,Supplier Invoice Item Details,"Provides transaction data of supplier invoice items, such as the net value, quantity, and the cost center.",sap/byd/odata/srm_supplierbase_analytics.svc/RPSRMIV_B03_Q0015QueryResults
srm_supplierbase_analytics.svc,RPSRMIV_B03_Q0023QueryResults,SRMIV_B03,Supplier Invoice Item Details,"Provides transaction data of supplier invoice items, such as the net value, quantity, and the cost center.",sap/byd/odata/srm_supplierbase_analytics.svc/RPSRMIV_B03_Q0023QueryResults
srm_supplierbase_analytics.svc,RPSRMPO_B02_Q0002QueryResults,SRMPO_B02,Purchase Order Item Details,"Provides transaction data of purchase order items, including the net value, the quantity, the delivery date, and the ordering date.",sap/byd/odata/srm_supplierbase_analytics.svc/RPSRMPO_B02_Q0002QueryResults
srm_supplierbase_analytics.svc,RPSRMPO_B02_Q0007QueryResults,SRMPO_B02,Purchase Order Item Details,"Provides transaction data of purchase order items, including the net value, the quantity, the delivery date, and the ordering date.",sap/byd/odata/srm_supplierbase_analytics.svc/RPSRMPO_B02_Q0007QueryResults
srm_supplierinvoicing.svc,codelists,,,,sap/byd/odata/srm_supplierinvoicing.svc/codelists
srm_supplierinvoicing_analytics.svc,RPFINDUEU04_QICP0004QueryResults,FINDUEU04,Trade Receivables Payables Register,"Provides information about the document amount, the payment amount, and cash discounts of the trade receivables and payables resulting from the business transactions of a company. Aggregates information from the following Data Sources: AP/AR Details, Dunning Items, Reset Clearing Adjustment amount. This data source forms the basis for the following key reports: Open Item List - Suppliers/Customers; Details Item List -Suppliers/Customers; Aging List -Suppliers/Customers; Forecast List -Suppliers/Customers; Payment Statistics -Suppliers/Customers.",sap/byd/odata/srm_supplierinvoicing_analytics.svc/RPFINDUEU04_QICP0004QueryResults
srm_supplierinvoicing_analytics.svc,RPSRMCT_B03_Q0001QueryResults,SRMCT_B03,Purchasing Contract Item Release,"Provides transaction data of released items in a purchasing contract, including contract details, supplier information, contract item details, value, quantity, and status.",sap/byd/odata/srm_supplierinvoicing_analytics.svc/RPSRMCT_B03_Q0001QueryResults
srm_supplierinvoicing_analytics.svc,RPSRMIV_B03_Q0007QueryResults,SRMIV_B03,Supplier Invoice Item Details,"Provides transaction data of supplier invoice items, such as the net value, quantity, and the cost center.",sap/byd/odata/srm_supplierinvoicing_analytics.svc/RPSRMIV_B03_Q0007QueryResults
srm_supplierinvoicing_analytics.svc,RPSRMIV_B03_Q0020QueryResults,SRMIV_B03,Supplier Invoice Item Details,"Provides transaction data of supplier invoice items, such as the net value, quantity, and the cost center.",sap/byd/odata/srm_supplierinvoicing_analytics.svc/RPSRMIV_B03_Q0020QueryResults
srm_supplierinvoicing_analytics.svc,RPSRMIV_UDC_Q0001QueryResults,SRMIV_UDC,Spend per Product,Provides an overview of the total costs (with additional costs) of supplier invoices per product and supplier.,sap/byd/odata/srm_supplierinvoicing_analytics.svc/RPSRMIV_UDC_Q0001QueryResults
srm_supplierinvoicing_analytics.svc,RPSRMIX_U01_Q0001QueryResults,SRMIX_U01,Supplier Invoice and Supplier Invoice Exception Analysis,"Provides transaction data about the invoices with exceptions, the corresponding invoice values, the percent of invoices and invoice values with exceptions, and the number of exceptions as well as the kind of exception.",sap/byd/odata/srm_supplierinvoicing_analytics.svc/RPSRMIX_U01_Q0001QueryResults
srm_supplierinvoicing_analytics.svc,RPSRMLCA_B01_Q0001QueryResults,SRMLCA_B01,Landed Cost Allocation Details,"Provides allocation document details such as allocation document ID, item ID, status, type, landed cost component, category, product ID, supplier, service provider, landed cost invoice, invoice posting date, invoice status, purchase order, purchase order currency, actual delivery date, planned amount, allocated amount, delivery quantity, gross weight, gross volume, allocated total invoice amount and allocated total credit memo amount.",sap/byd/odata/srm_supplierinvoicing_analytics.svc/RPSRMLCA_B01_Q0001QueryResults
srm_supplierinvoicing_analytics.svc,RPSRMPO_B02_MQ0009QueryResults,SRMPO_B02,Purchase Order Item Details,"Provides transaction data of purchase order items, including the net value, the quantity, the delivery date, and the ordering date.",sap/byd/odata/srm_supplierinvoicing_analytics.svc/RPSRMPO_B02_MQ0009QueryResults
