entity_file,column,rows,non_blank,blank,distinct_values,flags,sample_values
account_account.csv,id,213,213,0,30+,,sap_account_150000 | sap_account_151000 | sap_account_151001 | sap_account_151006 | sap_account_152000
account_account.csv,code,213,213,0,30+,,150000 | 151000 | 151001 | 151006 | 152000
account_account.csv,name,213,213,0,30+,,Accounts Payable-Domestic | Accounts Payable-International | Accounts Payable-Employees | DANLAW INC ECB | Advances From Customers
account_account.csv,account_type,213,213,0,9,,liability_payable | asset_current | liability_current | asset_fixed | asset_receivable
account_account.csv,reconcile,213,213,0,2,,True | False
account_account.csv,sap__fin_costandrevenue_analytics.svc__RPFINCACU04_Q0002QueryResults__CGLACCT,213,147,66,30+,,161020 | 254906 | 300054 | 300055 | 301010
account_account.csv,sap__fin_costandrevenue_analytics.svc__RPFINCACU04_Q0002QueryResults__TGLACCT,213,147,66,30+,,Tax Collected at Source | TCS Receivable from Supplier | Domestic Sales - | Domestic Sales - New Business | Export Sales - New Business
account_account.csv,sap__fin_audit_analytics.svc__RPFINGLAU02_Q0002QueryResults__CGLACCT,213,13,200,13,,150000 | 151000 | 152000 | 163455 | 163456
account_account.csv,sap__fin_audit_analytics.svc__RPFINGLAU02_Q0002QueryResults__TGLACCT,213,13,200,13,,Accounts Payable-Domestic | Accounts Payable-International | Advances From Customers | IGST-Payable-Goa-RCM | CGST-Payable-Goa-RCM
account_account.csv,sap__fin_generalledger_analytics.svc__RPFINFXAU05_Q0001QueryResults__CGLACCT,213,40,173,30+,,201010 | 202010 | 202210 | 203000 | 203010
account_account.csv,sap__fin_generalledger_analytics.svc__RPFINFXAU05_Q0001QueryResults__TGLACCT,213,40,173,30+,,Land - Leasehold | Buildings - Factory | Buildings - Others | Plant & Machinery - Imported | Plant & Machinery (Prod Equipment)
account_account.csv,sap__fin_generalledger_analytics.svc__RPFINFCDU02_Q0001QueryResults__CGLACCT,213,53,160,30+,,150000 | 151000 | 151001 | 151006 | 203110
account_account.csv,sap__fin_generalledger_analytics.svc__RPFINFCDU02_Q0001QueryResults__TGLACCT,213,53,160,30+,,Accounts Payable-Domestic | Accounts Payable-International | Accounts Payable-Employees | DANLAW INC ECB | Plant & Machinery (Other Equipment)
account_account.csv,sap__fin_audit_analytics.svc__RPFININVU03_Q0001QueryResults__CGLACCT,213,4,209,4,,700044 | 700045 | 700046 | 700047
account_account.csv,sap__fin_audit_analytics.svc__RPFININVU03_Q0001QueryResults__TGLACCT,213,4,209,4,,GR/IR clearing-Unbills Payable | GR/IR clearing-Purchase in Transit | GR/IR services not yet invoiced | GR/IR services not yet delivered
account_analytic_account.csv,id,2,2,0,2,,sap_pc_71000 | sap_pc_71100
account_analytic_account.csv,name,2,2,0,2,,Danlaw Technologies India Limited | EMS-Electronic Manufacturing Service
account_analytic_account.csv,code,2,2,0,2,,71000 | 71100
account_analytic_account.csv,plan_id/id,2,2,0,1,,sap_analytic_plan_cost_centers
account_analytic_account.csv,sap__khprofitcentre__ProfitCentreCollection__ID,2,2,0,2,,71000 | 71100
account_analytic_account.csv,sap__khprofitcentre__ProfitCentreCollection__ObjectID,2,2,0,2,,00163E5F7A721EE987A835E9FA7EEA67 | 00163E5F7A721EE987A84B491229EAD0
account_analytic_account.csv,sap__khprofitcentre__ProfitCentreCollection__UUID,2,2,0,2,,00163E5F-7A72-1EE9-87A8-35E9FA7EEA67 | 00163E5F-7A72-1EE9-87A8-4B491229EAD0
account_analytic_account.csv,sap__khprofitcentre__DefinitionCollection__BusinessCharacterCode,2,2,0,2,JSON_ARRAY,"[""13"", ""9"", ""2"", ""3"", ""4"", ""14""] | [""2"", ""3"", ""4""]"
account_analytic_account.csv,sap__khprofitcentre__DefinitionCollection__BusinessCharacterCodeText,2,2,0,2,JSON_ARRAY,"[""Permanent Establishment"", ""Reporting Line Unit"", ""Segment"", ""Profit Center"", ""Cost Center"", ""Functional Unit""] | [""Segment"", ""Profit Center"", ""Cost Center""]"
account_analytic_account.csv,sap__khprofitcentre__DefinitionCollection__EndDate,2,2,0,1,,9999-12-31 00:00:00
account_analytic_account.csv,sap__khprofitcentre__DefinitionCollection__ObjectID,2,2,0,2,JSON_ARRAY,"[""00163E5F7A721EE987A839D9CD4F2A84"", ""00163E5F7A721EE987A83A44D4846A85"", ""00163E5F7A721EE987A83AC860CAAA85"", ""00163E5F7A721EE987A83AC860CC2A85"", ""00163E5F7A721EE987A83AF420784A85"", ""00163E5F7A721EE987A8446B261BCACB""] | [""00163E5F7A721EE987A84F44E4F6AAD4"", ""00163E5F7A721EE987A84F44E4F80AD4"", ""00163E5F7A721EE987A84F718CC7CAD4""]"
account_analytic_account.csv,sap__khprofitcentre__DefinitionCollection__ParentObjectID,2,2,0,2,,00163E5F7A721EE987A835E9FA7EEA67 | 00163E5F7A721EE987A84B491229EAD0
account_analytic_account.csv,sap__khprofitcentre__DefinitionCollection__StartDate,2,2,0,1,,1991-07-31 00:00:00
account_analytic_account.csv,sap__khprofitcentre__NameCollection__EndDate,2,2,0,1,,9999-12-31 00:00:00
account_analytic_account.csv,sap__khprofitcentre__NameCollection__Name,2,2,0,2,,Danlaw Technologies India Limited | EMS-Electronic Manufacturing Service
account_analytic_account.csv,sap__khprofitcentre__NameCollection__ObjectID,2,2,0,2,,FA163E39381E1EED9CA46A7882280EED | 00163E5F7A721EE987A84DE9C8A86AD3
account_analytic_account.csv,sap__khprofitcentre__NameCollection__ParentObjectID,2,2,0,2,,00163E5F7A721EE987A835E9FA7EEA67 | 00163E5F7A721EE987A84B491229EAD0
account_analytic_account.csv,sap__khprofitcentre__NameCollection__StartDate,2,2,0,2,,2022-12-01 00:00:00 | 1991-07-31 00:00:00
account_analytic_account.csv,sap__khprofitcentre__SegmentNameCollection__Name,2,2,0,2,,Danlaw Technologies India Limited | EMS-Electronic Manufacturing Service
account_analytic_account.csv,sap__khprofitcentre__SegmentNameCollection__ObjectID,2,2,0,2,,FA163E39381E1EED9CA46A7882280EED | 00163E5F7A721EE987A84DE9C8A86AD3
account_analytic_account.csv,sap__khprofitcentre__SegmentNameCollection__ParentObjectID,2,2,0,2,,00163E5F7A721EE987A835E9FA7EEA67 | 00163E5F7A721EE987A84B491229EAD0
account_analytic_account.csv,sap__khprofitcentre__SuperordinateProfitCentreNameCollection__Name,2,2,0,2,,Danlaw Technologies India Limited | EMS-Electronic Manufacturing Service
account_analytic_account.csv,sap__khprofitcentre__SuperordinateProfitCentreNameCollection__ObjectID,2,2,0,2,,FA163E39381E1EED9CA46A7882280EED | 00163E5F7A721EE987A84DE9C8A86AD3
account_analytic_account.csv,sap__khprofitcentre__SuperordinateProfitCentreNameCollection__ParentObjectID,2,2,0,2,,00163E5F7A721EE987A835E9FA7EEA67 | 00163E5F7A721EE987A84B491229EAD0
account_analytic_account_cc.csv,id,13,13,0,13,,sap_cost_center_00163E5F_7A72_1EE9_87A8_35E9FA7EEA67 | sap_cost_center_00163E5F_7A72_1EE9_87A8_4B491229EAD0 | sap_cost_center_00163E5F_7A72_1EE9_87A8_5637CD726B34 | sap_cost_center_00163E5F_7A72_1EE9_87A8_5DF1F0EB2B45 | sap_cost_center_00163E5F_7A72_1EE9_87A8_6949A837ABAC
account_analytic_account_cc.csv,name,13,13,0,13,,Danlaw Technologies India Limited | EMS-Electronic Manufacturing Service | Production | Accounts | Quality Assurance
account_analytic_account_cc.csv,code,13,13,0,13,,71000 | 71100 | 71101 | 71102 | 71103
account_analytic_account_cc.csv,plan_id/id,13,13,0,1,,sap_analytic_plan_cost_centers
account_analytic_account_cc.csv,sap__costcentre__CostCentreCollection__ID,13,13,0,13,,71000 | 71100 | 71101 | 71102 | 71103
account_analytic_account_cc.csv,sap__costcentre__CostCentreCollection__MostRecentDefaultName,13,13,0,13,,Danlaw Technologies India Limited | EMS-Electronic Manufacturing Service | Production | Accounts | Quality Assurance
account_analytic_account_cc.csv,sap__costcentre__CostCentreCollection__MostRecentSuperodinateCompanyID,13,13,0,1,,70000
account_analytic_account_cc.csv,sap__costcentre__CostCentreCollection__MostRecentSuperodinateCompanyUUID,13,13,0,1,,00163E5F-7A72-1EE9-87A8-1D692B73CA0C
account_analytic_account_cc.csv,sap__costcentre__CostCentreCollection__MostRecentSuperodinatePermanentEstablishmentID,13,13,0,1,,71000
account_analytic_account_cc.csv,sap__costcentre__CostCentreCollection__MostRecentSuperodinatePermanentEstablishmentUUID,13,13,0,1,,00163E5F-7A72-1EE9-87A8-35E9FA7EEA67
account_analytic_account_cc.csv,sap__costcentre__CostCentreCollection__ObjectID,13,13,0,13,,00163E5F7A721EE987A835E9FA7EEA67 | 00163E5F7A721EE987A84B491229EAD0 | 00163E5F7A721EE987A85637CD726B34 | 00163E5F7A721EE987A85DF1F0EB2B45 | 00163E5F7A721EE987A86949A837ABAC
account_analytic_account_cc.csv,sap__costcentre__CostCentreCollection__UUID,13,13,0,13,,00163E5F-7A72-1EE9-87A8-35E9FA7EEA67 | 00163E5F-7A72-1EE9-87A8-4B491229EAD0 | 00163E5F-7A72-1EE9-87A8-5637CD726B34 | 00163E5F-7A72-1EE9-87A8-5DF1F0EB2B45 | 00163E5F-7A72-1EE9-87A8-6949A837ABAC
account_analytic_plan.csv,id,1,1,0,1,,sap_analytic_plan_cost_centers
account_analytic_plan.csv,name,1,1,0,1,,SAP Cost Centers
account_bank_statement.csv,id,404,404,0,30+,,sap_bstmt_00163E5F7A721ED98ADF8681D9C1641A | sap_bstmt_00163E5F7A721ED98ADF86C64DEF641A | sap_bstmt_00163E5F7A721EE98CEC3697111C3AEF | sap_bstmt_00163E876A901ED9B6BA57B9C6AE76B5 | sap_bstmt_00163E876A901ED9B6F0370602169FF9
account_bank_statement.csv,name,404,404,0,30+,,0 | 1 | 30 | 31 | 32
account_bank_statement.csv,date,404,404,0,30+,,2019-01-31 | 2019-09-17 | 2019-09-19 | 2019-09-28 | 2019-09-30
account_bank_statement.csv,balance_start,404,404,0,30+,,0.000000 | 605751.660000 | 56545876.480000 | 51760493.480000 | 47208150.480000
account_bank_statement.csv,balance_end_real,404,404,0,30+,,17758045.670000 | 605751.660000 | 677129.660000 | 51760493.480000 | 47208150.480000
account_bank_statement.csv,sap__khhousebankstatement__HouseBankStatementCollection__AccountingTransactionDate,404,404,0,30+,,2019-01-31 00:00:00 | 2019-09-17 00:00:00 | 2019-09-19 00:00:00 | 2019-09-28 00:00:00 | 2019-09-30 00:00:00
account_bank_statement.csv,sap__khhousebankstatement__HouseBankStatementCollection__BankAccountDescription,404,404,0,3,,Savings Account | SBI Commercial Branch CC Account | SBI Commercial Branch Term Loan Account
account_bank_statement.csv,sap__khhousebankstatement__HouseBankStatementCollection__BankAccountDescriptionLanguageCode,404,404,0,1,,EN
account_bank_statement.csv,sap__khhousebankstatement__HouseBankStatementCollection__BankAccountDescriptionLanguageCodeText,404,404,0,1,,English
account_bank_statement.csv,sap__khhousebankstatement__HouseBankStatementCollection__BankAccountInternalID,404,404,0,4,,3 | 4 | 39776744857 | 39782151224
account_bank_statement.csv,sap__khhousebankstatement__HouseBankStatementCollection__BankAccountStandardID,404,0,404,0,,
account_bank_statement.csv,sap__khhousebankstatement__HouseBankStatementCollection__BankAccountTypeCode,404,229,175,1,,SG
account_bank_statement.csv,sap__khhousebankstatement__HouseBankStatementCollection__BankAccountTypeCodeText,404,229,175,1,,Savings
account_bank_statement.csv,sap__khhousebankstatement__HouseBankStatementCollection__ClosingBalanceAmount,404,404,0,30+,,17758045.670000 | 605751.660000 | 677129.660000 | 51760493.480000 | 47208150.480000
account_bank_statement.csv,sap__khhousebankstatement__HouseBankStatementCollection__CreditTotalAmount,404,404,0,30+,,17758045.670000 | 605751.660000 | 71378.000000 | 0.000000 | 35821418.000000
account_bank_statement.csv,sap__khhousebankstatement__HouseBankStatementCollection__CurrencyCode,404,404,0,1,,INR
account_bank_statement.csv,sap__khhousebankstatement__HouseBankStatementCollection__CurrencyCodeText,404,404,0,1,,Indian Rupee
account_bank_statement.csv,sap__khhousebankstatement__HouseBankStatementCollection__Date,404,404,0,30+,,2019-01-31 00:00:00 | 2019-09-17 00:00:00 | 2019-09-19 00:00:00 | 2019-09-28 00:00:00 | 2019-09-30 00:00:00
account_bank_statement.csv,sap__khhousebankstatement__HouseBankStatementCollection__DebitTotalAmount,404,404,0,30+,,0.000000 | 4785383.000000 | 4552343.000000 | 1620209.000000 | 41470695.000000
account_bank_statement.csv,sap__khhousebankstatement__HouseBankStatementCollection__DocumentID,404,404,0,30+,,20 | 21 | 22 | 54 | 55
account_bank_statement.csv,sap__khhousebankstatement__HouseBankStatementCollection__HouseBankAccountID,404,404,0,4,,30571028998 | 510101002933518 | 39776744857_CC | 39782151224_TL
account_bank_statement.csv,sap__khhousebankstatement__HouseBankStatementCollection__HouseBankFormattedName,404,404,0,3,,State Bank Of India | CORPORATION BANK | SBI Commercial Branch
account_bank_statement.csv,sap__khhousebankstatement__HouseBankStatementCollection__HouseBankID,404,0,404,0,,
account_bank_statement.csv,sap__khhousebankstatement__HouseBankStatementCollection__ID,404,404,0,30+,,0 | 1 | 30 | 31 | 32
account_bank_statement.csv,sap__khhousebankstatement__HouseBankStatementCollection__ItemTotalNumberValue,404,404,0,30+,,1 | 14 | 9 | 4 | 69
account_bank_statement.csv,sap__khhousebankstatement__HouseBankStatementCollection__LifeCycleStatusCode,404,404,0,3,,2 | 3 | 1
account_bank_statement.csv,sap__khhousebankstatement__HouseBankStatementCollection__LifeCycleStatusCodeText,404,404,0,3,,Posted | Canceled | In Preparation
account_bank_statement.csv,sap__khhousebankstatement__HouseBankStatementCollection__ObjectID,404,404,0,30+,,00163E5F7A721ED98ADF8681D9C1641A | 00163E5F7A721ED98ADF86C64DEF641A | 00163E5F7A721EE98CEC3697111C3AEF | 00163E876A901ED9B6BA57B9C6AE76B5 | 00163E876A901ED9B6F0370602169FF9
account_bank_statement.csv,sap__khhousebankstatement__HouseBankStatementCollection__OpeningBalanceAmount,404,404,0,30+,,0.000000 | 605751.660000 | 56545876.480000 | 51760493.480000 | 47208150.480000
account_bank_statement.csv,sap__khhousebankstatement__HouseBankStatementCollection__OverallPostprocessingCode,404,404,0,4,,4 | 1 | 3 | 2
account_bank_statement.csv,sap__khhousebankstatement__HouseBankStatementCollection__OverallPostprocessingCodeText,404,404,0,4,,Not Relevant | Not Required | Required | In Process
account_bank_statement.csv,sap__khhousebankstatement__HouseBankStatementCollection__ValidityYear,404,404,0,8,,2019 | 2020 | 2021 | 2022 | 2024
account_move_credit_note.csv,id,802,802,0,30+,,sap_ccredit_36 | sap_ccredit_41 | sap_ccredit_193 | sap_ccredit_199 | sap_ccredit_116
account_move_credit_note.csv,name,802,802,0,30+,,"36 | Credit note no 07, rej of emer | Cr note No 01 Inv 4000600497 | Credit note No 02 Inv 2019-100195 | Credit Note 08/25.03 to ABB"
account_move_credit_note.csv,partner_id/id,802,801,1,20,,sap_bp_1121778 | sap_bp_1124503 | sap_bp_1120645 | sap_bp_1127393 | sap_bp_1122824
account_move_credit_note.csv,invoice_date,802,802,0,30+,,2019-03-02 | 2019-06-25 | 2019-03-28 | 2021-04-08 | 2019-02-26
account_move_credit_note.csv,move_type,802,802,0,1,,out_refund
account_move_credit_note.csv,state,802,802,0,1,,posted
account_move_credit_note.csv,currency_id/id,802,801,1,1,,base.INR
account_move_credit_note.csv,amount_total,802,802,0,30+,,0.000000 | -11911.000000 | -1280101.760000 | -5795.900000 | -331880.570000
account_move_credit_note.csv,sap__khcustomerinvoicerequest__CustomerInvoiceRequestCollection__BaseBusinessTransactionDocumentID,802,6,796,6,,36 | 41 | 193 | 199 | 116
account_move_credit_note.csv,sap__khcustomerinvoicerequest__CustomerInvoiceRequestCollection__BaseBusinessTransactionDocumentTypeCode,802,6,796,2,,29 | 32
account_move_credit_note.csv,sap__khcustomerinvoicerequest__CustomerInvoiceRequestCollection__BaseBusinessTransactionDocumentTypeCodeText,802,6,796,2,,Customer Invoice Request | Customer Return
account_move_credit_note.csv,sap__khcustomerinvoicerequest__CustomerInvoiceRequestCollection__BillToPartyID,802,5,797,5,,1116013 | 1124503 | 1121778 | 1120645 | 1127393
account_move_credit_note.csv,sap__khcustomerinvoicerequest__CustomerInvoiceRequestCollection__BuyerPartyID,802,5,797,5,,1116013 | 1124503 | 1121778 | 1120645 | 1127393
account_move_credit_note.csv,sap__khcustomerinvoicerequest__CustomerInvoiceRequestCollection__ConsistencyStatusCode,802,6,796,2,,2 | 3
account_move_credit_note.csv,sap__khcustomerinvoicerequest__CustomerInvoiceRequestCollection__ConsistencyStatusCodeText,802,6,796,2,,Inconsistent | Consistent
account_move_credit_note.csv,sap__khcustomerinvoicerequest__CustomerInvoiceRequestCollection__CreationDateTime,802,6,796,6,,2019-03-02 10:16:16 | 2019-06-12 09:07:36 | 2019-06-25 09:13:06 | 2019-06-25 09:45:16 | 2019-03-28 05:14:22
account_move_credit_note.csv,sap__khcustomerinvoicerequest__CustomerInvoiceRequestCollection__CurrencyCode,802,1,801,1,,INR
account_move_credit_note.csv,sap__khcustomerinvoicerequest__CustomerInvoiceRequestCollection__CurrencyCodeText,802,1,801,1,,Indian Rupee
account_move_credit_note.csv,sap__khcustomerinvoicerequest__CustomerInvoiceRequestCollection__EmployeeResponsiblePartyID,802,5,797,3,,8000000018 | 8000000078 | 8000000054
account_move_credit_note.csv,sap__khcustomerinvoicerequest__CustomerInvoiceRequestCollection__InvoicingStatusCode,802,5,797,2,,1 | 3
account_move_credit_note.csv,sap__khcustomerinvoicerequest__CustomerInvoiceRequestCollection__InvoicingStatusCodeText,802,5,797,2,,Not Invoiced | Invoiced
account_move_credit_note.csv,sap__khcustomerinvoicerequest__CustomerInvoiceRequestCollection__LastChangeDateTime,802,6,796,6,,2019-03-28 05:18:10 | 2019-07-02 03:47:17 | 2019-06-25 09:13:06 | 2019-06-25 09:45:16 | 2019-03-28 05:14:22
account_move_credit_note.csv,sap__khcustomerinvoicerequest__CustomerInvoiceRequestCollection__LifeCycleStatusCode,802,0,802,0,,
account_move_credit_note.csv,sap__khcustomerinvoicerequest__CustomerInvoiceRequestCollection__LifeCycleStatusCodeText,802,0,802,0,,
account_move_credit_note.csv,sap__khcustomerinvoicerequest__CustomerInvoiceRequestCollection__Name,802,4,798,4,,Cr note No 01 Inv 4000600497 | Credit note No 02 Inv 2019-100195 | Credit Note 08/25.03 to ABB | AL TCU New Design Top Cover
account_move_credit_note.csv,sap__khcustomerinvoicerequest__CustomerInvoiceRequestCollection__ObjectID,802,6,796,6,,00163E5F7A721ED98F9A85F2347E4447 | 00163E876AE21ED9A39E307DF90E0524 | 00163E876AD01EE9A5E51F222CE96D47 | 00163E876AD01EE9A5E59846EC5AAFB1 | 00163E876AF11ED994A2E2B28924EE76
account_move_credit_note.csv,sap__khcustomerinvoicerequest__CustomerInvoiceRequestCollection__PaymentAuthorisationStatusCode,802,5,797,1,,4
account_move_credit_note.csv,sap__khcustomerinvoicerequest__CustomerInvoiceRequestCollection__PaymentAuthorisationStatusCodeText,802,5,797,1,,Authorization not Required
account_move_credit_note.csv,sap__khcustomerinvoicerequest__CustomerInvoiceRequestCollection__PriceDateTime,802,0,802,0,,
account_move_credit_note.csv,sap__khcustomerinvoicerequest__CustomerInvoiceRequestCollection__PriceDateTimeZoneCode,802,0,802,0,,
account_move_credit_note.csv,sap__khcustomerinvoicerequest__CustomerInvoiceRequestCollection__PriceDateTimeZoneCodeText,802,0,802,0,,
account_move_credit_note.csv,sap__khcustomerinvoicerequest__CustomerInvoiceRequestCollection__ProcessingOverviewStatusCode,802,6,796,1,,1
account_move_credit_note.csv,sap__khcustomerinvoicerequest__CustomerInvoiceRequestCollection__ProcessingOverviewStatusCodeText,802,6,796,1,,Processed
account_move_credit_note.csv,sap__khcustomerinvoicerequest__CustomerInvoiceRequestCollection__ProposedInvoiceDate,802,6,796,5,,2019-03-02 00:00:00 | 2019-06-12 00:00:00 | 2019-06-25 00:00:00 | 2019-03-28 00:00:00 | 2021-04-08 00:00:00
account_move_credit_note.csv,sap__khcustomerinvoicerequest__CustomerInvoiceRequestCollection__ProvisionDate,802,0,802,0,,
account_move_credit_note.csv,sap__khcustomerinvoicerequest__CustomerInvoiceRequestCollection__ReferenceBusinessTransactionDocumentID,802,1,801,1,,5020914098/03.05.2019
account_move_credit_note.csv,sap__khcustomerinvoicerequest__CustomerInvoiceRequestCollection__TotalGrossAmount,802,6,796,5,,0.000000 | -32560.710000 | -1280101.760000 | -5795.900000 | -331880.570000
account_move_credit_note.csv,sap__khcustomerinvoicerequest__CustomerInvoiceRequestCollection__TotalGrossAmountCurrencyCode,802,5,797,1,,INR
account_move_credit_note.csv,sap__khcustomerinvoicerequest__CustomerInvoiceRequestCollection__TotalGrossAmountCurrencyCodeText,802,5,797,1,,Indian Rupee
account_move_credit_note.csv,sap__khcustomerinvoicerequest__CustomerInvoiceRequestCollection__TotalNetAmount,802,6,796,5,,0.000000 | -27593.820000 | -1084832.000000 | -4911.780000 | -290911.090000
account_move_credit_note.csv,sap__khcustomerinvoicerequest__CustomerInvoiceRequestCollection__TotalNetAmountCurrencyCode,802,5,797,1,,INR
account_move_credit_note.csv,sap__khcustomerinvoicerequest__CustomerInvoiceRequestCollection__TotalNetAmountCurrencyCodeText,802,5,797,1,,Indian Rupee
account_move_credit_note.csv,sap__khcustomerinvoicerequest__CustomerInvoiceRequestCollection__TotalTaxAmount,802,6,796,5,,0.000000 | -4966.890000 | -195269.760000 | -884.120000 | -40969.480000
account_move_credit_note.csv,sap__khcustomerinvoicerequest__CustomerInvoiceRequestCollection__TotalTaxAmountCurrencyCode,802,5,797,1,,INR
account_move_credit_note.csv,sap__khcustomerinvoicerequest__CustomerInvoiceRequestCollection__TotalTaxAmountCurrencyCodeText,802,5,797,1,,Indian Rupee
account_move_credit_note.csv,sap__khcustomerinvoicerequest__CustomerInvoiceRequestCollection__TypeCode,802,6,796,2,,1463 | 1459
account_move_credit_note.csv,sap__khcustomerinvoicerequest__CustomerInvoiceRequestCollection__TypeCodeText,802,6,796,2,,Manual Credit Memo Request | Customer Return Invoice Request
account_move_credit_note.csv,sap__khcustomerinvoicerequest__CashDiscountTermsCollection__FullPaymentEndDate,802,6,796,5,,2019-03-02 00:00:00 | 2019-06-23 00:00:00 | 2019-07-25 00:00:00 | 2019-04-27 00:00:00 | 2021-05-08 00:00:00
account_move_credit_note.csv,sap__khcustomerinvoicerequest__CashDiscountTermsCollection__ObjectID,802,6,796,6,,00163E5F7A721ED98F9A85F2347F4447 | 00163E876AE21ED9A39E307DF9158524 | 00163E876AD01EE9A5E51F222CEA6D47 | 00163E876AD01EE9A5E59846EC5BAFB1 | 00163E876AF11ED994A2E2B28925EE76
account_move_credit_note.csv,sap__khcustomerinvoicerequest__CashDiscountTermsCollection__ParentObjectID,802,6,796,6,,00163E5F7A721ED98F9A85F2347E4447 | 00163E876AE21ED9A39E307DF90E0524 | 00163E876AD01EE9A5E51F222CE96D47 | 00163E876AD01EE9A5E59846EC5AAFB1 | 00163E876AF11ED994A2E2B28924EE76
account_move_credit_note.csv,sap__khcustomerinvoicerequest__CashDiscountTermsCollection__PaymentBaselineDate,802,6,796,5,,2019-03-02 00:00:00 | 2019-05-24 00:00:00 | 2019-06-25 00:00:00 | 2019-03-28 00:00:00 | 2021-04-08 00:00:00
account_move_credit_note.csv,sap__khcustomerinvoicerequest__CashDiscountTermsCollection__PaymentTermsCode,802,5,797,1,,1003
account_move_credit_note.csv,sap__khcustomerinvoicerequest__CashDiscountTermsCollection__PaymentTermsCodeText,802,5,797,1,,30 days net
account_move_credit_note.csv,sap__khcustomerinvoicerequest__ItemCollection__BaseBusinessTransactionDocumentItemID,802,6,796,3,JSON_ARRAY,"10 | [""10"", ""20"", ""30""] | [""10"", ""20"", ""30"", ""40"", ""50"", ""60"", ""70"", ""80""]"
account_move_credit_note.csv,sap__khcustomerinvoicerequest__ItemCollection__CancellationStatusCode,802,6,796,2,,4 | 1
account_move_credit_note.csv,sap__khcustomerinvoicerequest__ItemCollection__CancellationStatusCodeText,802,6,796,2,,Canceled | Not Canceled
account_move_credit_note.csv,sap__khcustomerinvoicerequest__ItemCollection__Description,802,5,797,5,JSON_ARRAY,"2119809001PCB COMPL3RP-AW30-05(102621037 | Driver Board InV 4000600497 | Credit note Inv 2019-100195 | [""Rej of Goods Inv 4000600631/29.01"", ""Rej of Goods Inv 4000600667/31.01"", ""Rej of Goods Inv 2017150243/31.05""] | [""AL TCU New Design Top Cover"", ""AL TCU New Design Bottom cover Trans LED"", ""AL TCU New Design Battery LID"", ""AL TCU New Design Main Gasket cord ty"", ""AL TCU New Design Battery  LID cord typ"", ""AL TCU New Design Connector moulded gask"", ""SCREW M3 Self-Tapping KA 3 x 10"", ""PAN PHILIPS MACHINE S M3 X 6 MM SS304""]"
account_move_credit_note.csv,sap__khcustomerinvoicerequest__ItemCollection__GrossAmount,802,6,796,6,JSON_ARRAY,"0.000000 | -32560.710000 | -1280101.760000 | -5795.900000 | [""-101605.360000"", ""-166972.360000"", ""-63302.850000""]"
account_move_credit_note.csv,sap__khcustomerinvoicerequest__ItemCollection__GrossAmountCurrencyCode,802,5,797,1,,INR
account_move_credit_note.csv,sap__khcustomerinvoicerequest__ItemCollection__GrossAmountCurrencyCodeText,802,5,797,1,,Indian Rupee
account_move_credit_note.csv,sap__khcustomerinvoicerequest__ItemCollection__InvoicingRestrictionCode,802,0,802,0,,
account_move_credit_note.csv,sap__khcustomerinvoicerequest__ItemCollection__InvoicingRestrictionCodeText,802,0,802,0,,
account_move_credit_note.csv,sap__khcustomerinvoicerequest__ItemCollection__InvoicingRestrictionReasonCode,802,0,802,0,,
account_move_credit_note.csv,sap__khcustomerinvoicerequest__ItemCollection__InvoicingRestrictionReasonCodeText,802,0,802,0,,
account_move_credit_note.csv,sap__khcustomerinvoicerequest__ItemCollection__InvoicingStatusCode,802,6,796,2,,1 | 3
account_move_credit_note.csv,sap__khcustomerinvoicerequest__ItemCollection__InvoicingStatusCodeText,802,6,796,2,,Not Invoiced | Invoiced
account_move_credit_note.csv,sap__khcustomerinvoicerequest__ItemCollection__NetAmount,802,6,796,6,JSON_ARRAY,"0.000000 | -27593.820000 | -1084832.000000 | -4911.780000 | [""-86106.240000"", ""-141502.000000"", ""-63302.850000""]"
account_move_credit_note.csv,sap__khcustomerinvoicerequest__ItemCollection__NetAmountCurrencyCode,802,5,797,1,,INR
account_move_credit_note.csv,sap__khcustomerinvoicerequest__ItemCollection__NetAmountCurrencyCodeText,802,5,797,1,,Indian Rupee
account_move_credit_note.csv,sap__khcustomerinvoicerequest__ItemCollection__ObjectID,802,6,796,6,JSON_ARRAY,"00163E5F7A721ED98F9A85F2347F2447 | 00163E876AE21ED9A39E307DF914A524 | 00163E876AD01EE9A5E51F222CEA4D47 | 00163E876AD01EE9A5E59846EC5B8FB1 | [""00163E876AF11ED994A2E2B28925CE76"", ""00163E876AF11ED994A2EA0D7718EEC6"", ""00163E876AF11ED994A2EBD0406C6EC8""]"
account_move_credit_note.csv,sap__khcustomerinvoicerequest__ItemCollection__ParentObjectID,802,6,796,6,,00163E5F7A721ED98F9A85F2347E4447 | 00163E876AE21ED9A39E307DF90E0524 | 00163E876AD01EE9A5E51F222CE96D47 | 00163E876AD01EE9A5E59846EC5AAFB1 | 00163E876AF11ED994A2E2B28924EE76
account_move_credit_note.csv,sap__khcustomerinvoicerequest__ItemCollection__ProcessingTypeCode,802,6,796,1,,CCMI
account_move_credit_note.csv,sap__khcustomerinvoicerequest__ItemCollection__ProcessingTypeCodeText,802,6,796,1,,Credit Memo Item
account_move_credit_note.csv,sap__khcustomerinvoicerequest__ItemCollection__ProductID,802,1,801,1,,3RP15051AW30
account_move_credit_note.csv,sap__khcustomerinvoicerequest__ItemCollection__ProductTypeCode,802,1,801,1,,1
account_move_credit_note.csv,sap__khcustomerinvoicerequest__ItemCollection__ProductTypeCodeText,802,1,801,1,,Material
account_move_credit_note.csv,sap__khcustomerinvoicerequest__ItemCollection__Quantity,802,6,796,6,JSON_ARRAY,"1.00000000000000 | 41.00000000000000 | 280.00000000000000 | 6.00000000000000 | [""288.00000000000000"", ""200.00000000000000"", ""65.00000000000000""]"
account_move_credit_note.csv,sap__khcustomerinvoicerequest__ItemCollection__QuantityUnitCode,802,5,797,1,,ZNO
account_move_credit_note.csv,sap__khcustomerinvoicerequest__ItemCollection__QuantityUnitCodeText,802,5,797,1,,Number
account_move_credit_note.csv,sap__khcustomerinvoicerequest__ItemCollection__TaxAmount,802,6,796,6,JSON_ARRAY,"0.000000 | -4966.890000 | -195269.760000 | -884.120000 | [""-15499.120000"", ""-25470.360000"", ""0.000000""]"
account_move_credit_note.csv,sap__khcustomerinvoicerequest__ItemCollection__TaxAmountCurrencyCode,802,5,797,1,,INR
account_move_credit_note.csv,sap__khcustomerinvoicerequest__ItemCollection__TaxAmountCurrencyCodeText,802,5,797,1,,Indian Rupee
account_move_credit_note.csv,sap__khcustomerinvoicerequest__PaymentControlCollection__Note,802,0,802,0,,
account_move_credit_note.csv,sap__khcustomerinvoicerequest__PaymentControlCollection__ObjectID,802,6,796,6,,00163E5F7A721ED98F9A85F23480A447 | 00163E876AE21ED9A39E307DF915A524 | 00163E876AD01EE9A5E51F222CEBCD47 | 00163E876AD01EE9A5E59846EC5D0FB1 | 00163E876AF11ED994A2E2B289274E76
account_move_credit_note.csv,sap__khcustomerinvoicerequest__PaymentControlCollection__ParentObjectID,802,6,796,6,,00163E5F7A721ED98F9A85F2347E4447 | 00163E876AE21ED9A39E307DF90E0524 | 00163E876AD01EE9A5E51F222CE96D47 | 00163E876AD01EE9A5E59846EC5AAFB1 | 00163E876AF11ED994A2E2B28924EE76
account_move_credit_note.csv,sap__khcustomerinvoicerequest__PaymentControlCollection__PaymentBlockingReasonCode,802,0,802,0,,
account_move_credit_note.csv,sap__khcustomerinvoicerequest__PaymentControlCollection__PaymentBlockingReasonCodeText,802,0,802,0,,
account_move_credit_note.csv,sap__khcustomerinvoicerequest__PaymentControlCollection__PaymentFormCode,802,0,802,0,,
account_move_credit_note.csv,sap__khcustomerinvoicerequest__PaymentControlCollection__PaymentFormCodeText,802,0,802,0,,
account_move_credit_note.csv,sap__khcustomerinvoicerequest__PaymentControlCollection__PaymentReferenceID,802,0,802,0,,
account_move_credit_note.csv,sap__khcustomerinvoicerequest__PaymentControlCollection__PaymentReferenceTypeCode,802,0,802,0,,
account_move_credit_note.csv,sap__khcustomerinvoicerequest__PaymentControlCollection__PaymentReferenceTypeCodeText,802,0,802,0,,
account_move_credit_note.csv,sap__khcustomerinvoicerequest__SalesUnitPartyCollection__ObjectID,802,6,796,6,JSON_ARRAY,"[""00163E5F7A721ED98F9A85F2347E44471"", ""00163E5F7A721ED98F9A85F2347E44472"", ""00163E5F7A721ED98F9A85F2347E44473"", ""00163E5F7A721ED98F9A85F2347E44474""] | [""00163E876AE21ED9A39E307DF90E05241"", ""00163E876AE21ED9A39E307DF90E05242"", ""00163E876AE21ED9A39E307DF90E05243"", ""00163E876AE21ED9A39E307DF90E05244"", ""00163E876AE21ED9A39E307DF90E05245"", ""00163E876AE21ED9A39E307DF90E05246"", ""00163E876AE21ED9A39E307DF90E05247"", ""00163E876AE21ED9A39E307DF90E05248""] | [""00163E876AD01EE9A5E51F222CE96D471"", ""00163E876AD01EE9A5E51F222CE96D472"", ""00163E876AD01EE9A5E51F222CE96D473"", ""00163E876AD01EE9A5E51F222CE96D474"", ""00163E876AD01EE9A5E51F222CE96D475"", ""00163E876AD01EE9A5E51F222CE96D476"", ""00163E876AD01EE9A5E51F222CE96D477"", ""00163E876AD01EE9A5E51F222CE96D478"", ""00163E876AD01EE9A5E51F222CE96D479""] | [""00163E876AD01EE9A5E59846EC5AAFB11"", ""00163E876AD01EE9A5E59846EC5AAFB12"", ""00163E876AD01EE9A5E59846EC5AAFB13"", ""00163E876AD01EE9A5E59846EC5AAFB14"", ""00163E876AD01EE9A5E59846EC5AAFB15"", ""00163E876AD01EE9A5E59846EC5AAFB16"", ""00163E876AD01EE9A5E59846EC5AAFB17"", ""00163E876AD01EE9A5E59846EC5AAFB18"", ""00163E876AD01EE9A5E59846EC5AAFB19""] | [""00163E876AF11ED994A2E2B28924EE761"", ""00163E876AF11ED994A2E2B28924EE762"", ""00163E876AF11ED994A2E2B28924EE763"", ""00163E876AF11ED994A2E2B28924EE764"", ""00163E876AF11ED994A2E2B28924EE765"", ""00163E876AF11ED994A2E2B28924EE766"", ""00163E876AF11ED994A2E2B28924EE767"", ""00163E876AF11ED994A2E2B28924EE768"", ""00163E876AF11ED994A2E2B28924EE769""]"
account_move_credit_note.csv,sap__khcustomerinvoicerequest__SalesUnitPartyCollection__ParentObjectID,802,6,796,6,,00163E5F7A721ED98F9A85F2347E4447 | 00163E876AE21ED9A39E307DF90E0524 | 00163E876AD01EE9A5E51F222CE96D47 | 00163E876AD01EE9A5E59846EC5AAFB1 | 00163E876AF11ED994A2E2B28924EE76
account_move_credit_note.csv,sap__khcustomerinvoicerequest__SalesUnitPartyCollection__PartyID,802,5,797,5,JSON_ARRAY,"[""1116013"", ""70000"", ""1116013"", ""1116013"", ""71000"", ""71000"", ""1116013"", ""8000000018""] | [""1124503"", ""8000000078"", ""71000"", ""71000"", ""1124503"", ""1124503"", ""8000000078"", ""1124503"", ""70000""] | [""1121778"", ""8000000078"", ""71000"", ""71000"", ""1121778"", ""1121778"", ""8000000078"", ""1121778"", ""70000""] | [""1120645"", ""8000000078"", ""71000"", ""71000"", ""1120645"", ""1120645"", ""8000000078"", ""1120645"", ""70000""] | [""1127393"", ""8000000054"", ""71000"", ""71000"", ""1127393"", ""1127393"", ""8000000054"", ""1127393"", ""70000""]"
account_move_customer_invoice.csv,id,30081,30081,0,30+,,sap_cinv_00163E5F7A721ED98B87C8B0CF635702 | sap_cinv_00163E5F7A721ED98B8994D04BB2BF99 | sap_cinv_00163E5F7A721ED98B899D9BCE467FEB | sap_cinv_00163E5F7A721ED98BD64ED29E9839AB | sap_cinv_00163E5F7A721ED98BEF66599E764F77
account_move_customer_invoice.csv,partner_id/id,30081,30081,0,30+,,sap_bp_1121778 | sap_bp_1121709 | sap_bp_1123122 | sap_bp_1113761 | sap_bp_1116013
account_move_customer_invoice.csv,invoice_date,30081,30081,0,30+,,2019-02-09 | 2019-02-12 | 2019-02-13 | 2019-02-14 | 2019-02-18
account_move_customer_invoice.csv,move_type,30081,30081,0,1,,out_invoice
account_move_customer_invoice.csv,state,30081,30081,0,1,,posted
account_move_customer_invoice.csv,currency_id/id,30081,30081,0,5,,base.INR | base.GBP | base.USD | base.EUR | base.JPY
account_move_customer_invoice.csv,amount_total,30081,30081,0,30+,,43727.960000 | 70371.220000 | 19215.690000 | 197039.020000 | 43888.980000
account_move_customer_invoice.csv,sap__khcustomerinvoice__CustomerInvoiceCollection__ApprovalStatusCode,30081,30081,0,2,,1 | 2
account_move_customer_invoice.csv,sap__khcustomerinvoice__CustomerInvoiceCollection__ApprovalStatusCodeText,30081,30081,0,2,,Not Started | Approval not Necessary
account_move_customer_invoice.csv,sap__khcustomerinvoice__CustomerInvoiceCollection__CancellationDocumentIndicator,30081,30081,0,2,,False | True
account_move_customer_invoice.csv,sap__khcustomerinvoice__CustomerInvoiceCollection__ConsistencyStatusCode,30081,30081,0,2,,3 | 2
account_move_customer_invoice.csv,sap__khcustomerinvoice__CustomerInvoiceCollection__ConsistencyStatusCodeText,30081,30081,0,2,,Consistent | Inconsistent
account_move_customer_invoice.csv,sap__khcustomerinvoice__CustomerInvoiceCollection__CreationDateTime,30081,30081,0,30+,,2019-02-09 07:45:01 | 2019-02-09 09:26:59 | 2019-02-09 09:27:48 | 2019-02-12 10:40:06 | 2019-02-13 10:37:01
account_move_customer_invoice.csv,sap__khcustomerinvoice__CustomerInvoiceCollection__Date,30081,30081,0,30+,,2019-02-09 00:00:00 | 2019-02-12 00:00:00 | 2019-02-13 00:00:00 | 2019-02-14 00:00:00 | 2019-02-18 00:00:00
account_move_customer_invoice.csv,sap__khcustomerinvoice__CustomerInvoiceCollection__DeviatingPostingDate,30081,403,29678,30+,,2019-03-06 00:00:00 | 2019-03-01 00:00:00 | 2019-03-15 00:00:00 | 2019-03-19 00:00:00 | 2019-09-12 00:00:00
account_move_customer_invoice.csv,sap__khcustomerinvoice__CustomerInvoiceCollection__ID,30081,30081,0,30+,,2018-100001 | 2018-100002 | 2018-100003 | 2018-100004 | 2018-100005
account_move_customer_invoice.csv,sap__khcustomerinvoice__CustomerInvoiceCollection__ObjectID,30081,30081,0,30+,,00163E5F7A721ED98B87C8B0CF635702 | 00163E5F7A721ED98B8994D04BB2BF99 | 00163E5F7A721ED98B899D9BCE467FEB | 00163E5F7A721ED98BD64ED29E9839AB | 00163E5F7A721ED98BEF66599E764F77
account_move_customer_invoice.csv,sap__khcustomerinvoice__CustomerInvoiceCollection__ProcessingTypeCode,30081,30081,0,3,,CI | CCM | CDP
account_move_customer_invoice.csv,sap__khcustomerinvoice__CustomerInvoiceCollection__ProcessingTypeCodeText,30081,30081,0,3,,Invoice | Credit Memo | Down Payment Request
account_move_customer_invoice.csv,sap__khcustomerinvoice__CustomerInvoiceCollection__ReferenceBusinessTransactionDocumentID,30081,30081,0,30+,,2018-100001 | 2018-100002 | 2018-100003 | 2018-100004 | 2018-100005
account_move_customer_invoice.csv,sap__khcustomerinvoice__CustomerInvoiceCollection__ReleaseStatusCode,30081,30081,0,3,,3 | 5 | 4
account_move_customer_invoice.csv,sap__khcustomerinvoice__CustomerInvoiceCollection__ReleaseStatusCodeText,30081,30081,0,3,,Released | Release Canceled | Release Discarded
account_move_customer_invoice.csv,sap__khcustomerinvoice__CustomerInvoiceCollection__TotalGrossAmount,30081,30081,0,30+,,51599.000000 | 83038.000000 | 22674.500000 | 232506.000000 | 51789.000000
account_move_customer_invoice.csv,sap__khcustomerinvoice__CustomerInvoiceCollection__TotalGrossAmountCurrencyCode,30081,30081,0,5,,INR | GBP | USD | EUR | JPY
account_move_customer_invoice.csv,sap__khcustomerinvoice__CustomerInvoiceCollection__TotalGrossAmountCurrencyCodeText,30081,30081,0,5,,Indian Rupee | Pound Sterling | US Dollar | Euro | Yen
account_move_customer_invoice.csv,sap__khcustomerinvoice__CustomerInvoiceCollection__TotalNetAmount,30081,30081,0,30+,,43727.960000 | 70371.220000 | 19215.690000 | 197039.020000 | 43888.980000
account_move_customer_invoice.csv,sap__khcustomerinvoice__CustomerInvoiceCollection__TotalNetAmountCurrencyCode,30081,30081,0,5,,INR | GBP | USD | EUR | JPY
account_move_customer_invoice.csv,sap__khcustomerinvoice__CustomerInvoiceCollection__TotalNetAmountCurrencyCodeText,30081,30081,0,5,,Indian Rupee | Pound Sterling | US Dollar | Euro | Yen
account_move_customer_invoice.csv,sap__khcustomerinvoice__CustomerInvoiceCollection__TotalTaxAmount,30081,30081,0,30+,,7871.040000 | 12666.780000 | 3458.810000 | 35466.980000 | 7900.020000
account_move_customer_invoice.csv,sap__khcustomerinvoice__CustomerInvoiceCollection__TotalTaxAmountCurrencyCode,30081,30081,0,5,,INR | GBP | USD | EUR | JPY
account_move_customer_invoice.csv,sap__khcustomerinvoice__CustomerInvoiceCollection__TotalTaxAmountCurrencyCodeText,30081,30081,0,5,,Indian Rupee | Pound Sterling | US Dollar | Euro | Yen
account_move_customer_invoice.csv,sap__khcustomerinvoice__CustomerInvoiceCollection__TypeCode,30081,30081,0,1,,28
account_move_customer_invoice.csv,sap__khcustomerinvoice__CustomerInvoiceCollection__TypeCodeText,30081,30081,0,1,,Customer Invoice
account_move_customer_invoice.csv,sap__khcustomerinvoice__BusinessTransactionDocumentReferenceCollection__ID,30081,266,29815,30+,,2018-100074 | DPT-8-2018 | 2018-100203 | DPT-3-2018 | 2019-100868
account_move_customer_invoice.csv,sap__khcustomerinvoice__BusinessTransactionDocumentReferenceCollection__ItemID,30081,0,30081,0,,
account_move_customer_invoice.csv,sap__khcustomerinvoice__BusinessTransactionDocumentReferenceCollection__ItemTypeCode,30081,0,30081,0,,
account_move_customer_invoice.csv,sap__khcustomerinvoice__BusinessTransactionDocumentReferenceCollection__ItemTypeCodeText,30081,0,30081,0,,
account_move_customer_invoice.csv,sap__khcustomerinvoice__BusinessTransactionDocumentReferenceCollection__ObjectID,30081,266,29815,30+,,00163E5F7A721ED98DD25304DE0F2514 | 00163E708BF91ED992ABEBD97D39091A | 00163E708BF91ED99391B3B5A7A8E4D7 | 00163E708BF91EE991DC59FEB009917A | 00163E876A901ED9B8A0E86FA578A953
account_move_customer_invoice.csv,sap__khcustomerinvoice__BusinessTransactionDocumentReferenceCollection__ParentObjectID,30081,266,29815,30+,,00163E5F7A721ED98DD25304DE0EE514 | 00163E708BF91ED992ABEBD97D38C91A | 00163E708BF91ED99391B3B5A7A8A4D7 | 00163E708BF91EE991DC59FEB009517A | 00163E876A901ED9B8A0E86FA5786953
account_move_customer_invoice.csv,sap__khcustomerinvoice__BusinessTransactionDocumentReferenceCollection__RelationshipRoleCode,30081,266,29815,1,,1
account_move_customer_invoice.csv,sap__khcustomerinvoice__BusinessTransactionDocumentReferenceCollection__RelationshipRoleCodeText,30081,266,29815,1,,Predecessor
account_move_customer_invoice.csv,sap__khcustomerinvoice__BusinessTransactionDocumentReferenceCollection__TypeCode,30081,266,29815,1,,28
account_move_customer_invoice.csv,sap__khcustomerinvoice__BusinessTransactionDocumentReferenceCollection__TypeCodeText,30081,266,29815,1,,Customer Invoice
account_move_customer_invoice.csv,sap__khcustomerinvoice__BuyerPartyCollection__ObjectID,30081,30081,0,30+,JSON_ARRAY,"[""00163E5F7A721ED98B87C8B0CF6357021"", ""00163E5F7A721ED98B87C8B0CF6357022"", ""00163E5F7A721ED98B87C8B0CF6357023"", ""00163E5F7A721ED98B87C8B0CF6357024"", ""00163E5F7A721ED98B87C8B0CF6357025"", ""00163E5F7A721ED98B87C8B0CF6357026""] | [""00163E5F7A721ED98B8994D04BB2BF991"", ""00163E5F7A721ED98B8994D04BB2BF992"", ""00163E5F7A721ED98B8994D04BB2BF993"", ""00163E5F7A721ED98B8994D04BB2BF994"", ""00163E5F7A721ED98B8994D04BB2BF995"", ""00163E5F7A721ED98B8994D04BB2BF996""] | [""00163E5F7A721ED98B899D9BCE467FEB1"", ""00163E5F7A721ED98B899D9BCE467FEB2"", ""00163E5F7A721ED98B899D9BCE467FEB3"", ""00163E5F7A721ED98B899D9BCE467FEB4"", ""00163E5F7A721ED98B899D9BCE467FEB5"", ""00163E5F7A721ED98B899D9BCE467FEB6""] | [""00163E5F7A721ED98BD64ED29E9839AB1"", ""00163E5F7A721ED98BD64ED29E9839AB2"", ""00163E5F7A721ED98BD64ED29E9839AB3"", ""00163E5F7A721ED98BD64ED29E9839AB4"", ""00163E5F7A721ED98BD64ED29E9839AB5"", ""00163E5F7A721ED98BD64ED29E9839AB6""] | [""00163E5F7A721ED98BEF66599E764F771"", ""00163E5F7A721ED98BEF66599E764F772"", ""00163E5F7A721ED98BEF66599E764F773"", ""00163E5F7A721ED98BEF66599E764F774"", ""00163E5F7A721ED98BEF66599E764F775"", ""00163E5F7A721ED98BEF66599E764F776""]"
account_move_customer_invoice.csv,sap__khcustomerinvoice__BuyerPartyCollection__ParentObjectID,30081,30081,0,30+,,00163E5F7A721ED98B87C8B0CF635702 | 00163E5F7A721ED98B8994D04BB2BF99 | 00163E5F7A721ED98B899D9BCE467FEB | 00163E5F7A721ED98BD64ED29E9839AB | 00163E5F7A721ED98BEF66599E764F77
account_move_customer_invoice.csv,sap__khcustomerinvoice__BuyerPartyCollection__PartyID,30081,30081,0,30+,JSON_ARRAY,"[""1121778"", ""1121778"", ""71000"", ""70000"", ""71000"", ""1121778""] | [""1121709"", ""1121709"", ""71000"", ""70000"", ""71000"", ""1121709""] | [""1123122"", ""1123122"", ""71000"", ""70000"", ""71000"", ""1123122""] | [""1113761"", ""1113761"", ""71000"", ""70000"", ""71000"", ""1113761""] | [""1116013"", ""1116013"", ""71000"", ""70000"", ""71000"", ""1116013""]"
account_move_customer_invoice.csv,sap__khcustomerinvoice__CashDiscountTermsCollection__FullPaymentEndDate,30081,29994,87,30+,,2019-03-11 00:00:00 | 2019-03-14 00:00:00 | 2019-03-15 00:00:00 | 2019-03-16 00:00:00 | 2019-04-19 00:00:00
account_move_customer_invoice.csv,sap__khcustomerinvoice__CashDiscountTermsCollection__ObjectID,30081,29994,87,30+,,00163E5F7A721ED98B87C8B0CF64B702 | 00163E5F7A721ED98B8994D04BB41F99 | 00163E5F7A721ED98B899D9BCE47DFEB | 00163E5F7A721ED98BD64ED29E9999AB | 00163E5F7A721ED98BEF66599E77AF77
account_move_customer_invoice.csv,sap__khcustomerinvoice__CashDiscountTermsCollection__ParentObjectID,30081,29994,87,30+,,00163E5F7A721ED98B87C8B0CF635702 | 00163E5F7A721ED98B8994D04BB2BF99 | 00163E5F7A721ED98B899D9BCE467FEB | 00163E5F7A721ED98BD64ED29E9839AB | 00163E5F7A721ED98BEF66599E764F77
account_move_customer_invoice.csv,sap__khcustomerinvoice__CashDiscountTermsCollection__PaymentBaselineDate,30081,29994,87,30+,,2019-02-09 00:00:00 | 2019-02-12 00:00:00 | 2019-02-13 00:00:00 | 2019-02-14 00:00:00 | 2019-02-18 00:00:00
account_move_customer_invoice.csv,sap__khcustomerinvoice__CashDiscountTermsCollection__PaymentTermsCode,30081,29579,502,7,,1003 | 1005 | Z010 | 1001 | 1028
account_move_customer_invoice.csv,sap__khcustomerinvoice__CashDiscountTermsCollection__PaymentTermsCodeText,30081,29579,502,7,,"30 days net | 60 days net | Against Delivery | Payable immediately due net | 30 days from Invoice Date, End of month"
account_move_customer_invoice.csv,sap__khcustomerinvoice__InvolvedPartyCollection__ObjectID,30081,30081,0,30+,JSON_ARRAY,"[""00163E5F7A721ED98B87C8B0CF6357021"", ""00163E5F7A721ED98B87C8B0CF6357022"", ""00163E5F7A721ED98B87C8B0CF6357023"", ""00163E5F7A721ED98B87C8B0CF6357024"", ""00163E5F7A721ED98B87C8B0CF6357025"", ""00163E5F7A721ED98B87C8B0CF6357026""] | [""00163E5F7A721ED98B8994D04BB2BF991"", ""00163E5F7A721ED98B8994D04BB2BF992"", ""00163E5F7A721ED98B8994D04BB2BF993"", ""00163E5F7A721ED98B8994D04BB2BF994"", ""00163E5F7A721ED98B8994D04BB2BF995"", ""00163E5F7A721ED98B8994D04BB2BF996""] | [""00163E5F7A721ED98B899D9BCE467FEB1"", ""00163E5F7A721ED98B899D9BCE467FEB2"", ""00163E5F7A721ED98B899D9BCE467FEB3"", ""00163E5F7A721ED98B899D9BCE467FEB4"", ""00163E5F7A721ED98B899D9BCE467FEB5"", ""00163E5F7A721ED98B899D9BCE467FEB6""] | [""00163E5F7A721ED98BD64ED29E9839AB1"", ""00163E5F7A721ED98BD64ED29E9839AB2"", ""00163E5F7A721ED98BD64ED29E9839AB3"", ""00163E5F7A721ED98BD64ED29E9839AB4"", ""00163E5F7A721ED98BD64ED29E9839AB5"", ""00163E5F7A721ED98BD64ED29E9839AB6""] | [""00163E5F7A721ED98BEF66599E764F771"", ""00163E5F7A721ED98BEF66599E764F772"", ""00163E5F7A721ED98BEF66599E764F773"", ""00163E5F7A721ED98BEF66599E764F774"", ""00163E5F7A721ED98BEF66599E764F775"", ""00163E5F7A721ED98BEF66599E764F776""]"
account_move_customer_invoice.csv,sap__khcustomerinvoice__InvolvedPartyCollection__ParentObjectID,30081,30081,0,30+,,00163E5F7A721ED98B87C8B0CF635702 | 00163E5F7A721ED98B8994D04BB2BF99 | 00163E5F7A721ED98B899D9BCE467FEB | 00163E5F7A721ED98BD64ED29E9839AB | 00163E5F7A721ED98BEF66599E764F77
account_move_customer_invoice.csv,sap__khcustomerinvoice__InvolvedPartyCollection__PartyID,30081,30081,0,30+,JSON_ARRAY,"[""1121778"", ""1121778"", ""71000"", ""70000"", ""71000"", ""1121778""] | [""1121709"", ""1121709"", ""71000"", ""70000"", ""71000"", ""1121709""] | [""1123122"", ""1123122"", ""71000"", ""70000"", ""71000"", ""1123122""] | [""1113761"", ""1113761"", ""71000"", ""70000"", ""71000"", ""1113761""] | [""1116013"", ""1116013"", ""71000"", ""70000"", ""71000"", ""1116013""]"
account_move_customer_invoice.csv,sap__khcustomerinvoice__InvolvedPartyCollection__PartyTypeCode,30081,30081,0,2,JSON_ARRAY,"[""147"", ""159"", ""410"", ""154"", ""209"", ""147""] | [""159"", ""159"", ""410"", ""154"", ""209"", ""159""]"
account_move_customer_invoice.csv,sap__khcustomerinvoice__InvolvedPartyCollection__PartyTypeCodeText,30081,30081,0,2,JSON_ARRAY,"[""Business Partner"", ""Account"", ""Functional Unit"", ""Company"", ""Business Residence"", ""Business Partner""] | [""Account"", ""Account"", ""Functional Unit"", ""Company"", ""Business Residence"", ""Account""]"
account_move_customer_invoice.csv,sap__khcustomerinvoice__InvolvedPartyCollection__RoleCode,30081,30081,0,1,JSON_ARRAY,"[""10"", ""1001"", ""1101"", ""2"", ""202"", ""8""]"
account_move_customer_invoice.csv,sap__khcustomerinvoice__InvolvedPartyCollection__RoleCodeText,30081,30081,0,1,JSON_ARRAY,"[""Bill-To"", ""Account"", ""Invoicing Unit"", ""Seller"", ""Tax Reporting Unit"", ""Payer""]"
account_move_customer_invoice.csv,sap__khcustomerinvoice__ItemCollection__CashDiscountDeductibleIndicator,30081,30081,0,1,,False
account_move_customer_invoice.csv,sap__khcustomerinvoice__ItemCollection__Description,30081,30075,6,30+,"JSON_ARRAY,VERY_LONG_TEXT",EMERALD BASIC RELEASE - BOM LS/IN 80% | Bajaj ETB Sensor | 19239.00.48 Cover Assly With PCB Gasolin | EMERALD BASIC RELEASE - BOM 40% | DellOrto Dual Output Rotation Sensor
account_move_customer_invoice.csv,sap__khcustomerinvoice__ItemCollection__GrossAmount,30081,30081,0,30+,"JSON_ARRAY,VERY_LONG_TEXT",51599.000000 | 83038.000000 | 22674.500000 | 232506.000000 | 51789.000000
account_move_customer_invoice.csv,sap__khcustomerinvoice__ItemCollection__GrossAmountCurrencyCode,30081,30081,0,5,,INR | GBP | USD | EUR | JPY
account_move_customer_invoice.csv,sap__khcustomerinvoice__ItemCollection__GrossAmountCurrencyCodeText,30081,30081,0,5,,Indian Rupee | Pound Sterling | US Dollar | Euro | Yen
account_move_customer_invoice.csv,sap__khcustomerinvoice__ItemCollection__ID,30081,30081,0,23,JSON_ARRAY,"10 | [""10"", ""20""] | [""10"", ""20"", ""30""] | [""10"", ""20"", ""30"", ""40""] | [""10"", ""20"", ""30"", ""40"", ""50"", ""60"", ""70""]"
account_move_customer_invoice.csv,sap__khcustomerinvoice__ItemCollection__NetAmount,30081,30081,0,30+,"JSON_ARRAY,VERY_LONG_TEXT",43727.960000 | 70371.220000 | 19215.690000 | 197039.020000 | 43888.980000
account_move_customer_invoice.csv,sap__khcustomerinvoice__ItemCollection__NetAmountCurrencyCode,30081,30081,0,5,,INR | GBP | USD | EUR | JPY
account_move_customer_invoice.csv,sap__khcustomerinvoice__ItemCollection__NetAmountCurrencyCodeText,30081,30081,0,5,,Indian Rupee | Pound Sterling | US Dollar | Euro | Yen
account_move_customer_invoice.csv,sap__khcustomerinvoice__ItemCollection__ObjectID,30081,30081,0,30+,"JSON_ARRAY,VERY_LONG_TEXT",00163E5F7A721ED98B87C8B0CF671702 | 00163E5F7A721ED98B8994D04BB67F99 | 00163E5F7A721ED98B899D9BCE4A3FEB | 00163E5F7A721ED98BD64ED29E9BF9AB | 00163E5F7A721ED98BEF66599E7A0F77
account_move_customer_invoice.csv,sap__khcustomerinvoice__ItemCollection__ParentObjectID,30081,30081,0,30+,,00163E5F7A721ED98B87C8B0CF635702 | 00163E5F7A721ED98B8994D04BB2BF99 | 00163E5F7A721ED98B899D9BCE467FEB | 00163E5F7A721ED98BD64ED29E9839AB | 00163E5F7A721ED98BEF66599E764F77
account_move_customer_invoice.csv,sap__khcustomerinvoice__ItemCollection__ProcessingTypeCode,30081,30081,0,2,,CII | CCMI
account_move_customer_invoice.csv,sap__khcustomerinvoice__ItemCollection__ProcessingTypeCodeText,30081,30081,0,2,,Invoice Item | Credit Memo Item
account_move_customer_invoice.csv,sap__khcustomerinvoice__ItemCollection__ProductID,30081,28903,1178,30+,"JSON_ARRAY,VERY_LONG_TEXT",LF90044 | 730511 | 19239000048 | LF90286 | 186380048
account_move_customer_invoice.csv,sap__khcustomerinvoice__ItemCollection__ProductTypeCode,30081,28903,1178,4,JSON_ARRAY,"1 | 3 | [""1"", ""1"", ""1"", ""1"", """"] | [""1"", """"]"
account_move_customer_invoice.csv,sap__khcustomerinvoice__ItemCollection__ProductTypeCodeText,30081,28903,1178,4,JSON_ARRAY,"Material | Individual Product | [""Material"", ""Material"", ""Material"", ""Material"", """"] | [""Material"", """"]"
account_move_customer_invoice.csv,sap__khcustomerinvoice__ItemCollection__Quantity,30081,30081,0,30+,"JSON_ARRAY,VERY_LONG_TEXT",100.00000000000000 | 450.00000000000000 | 120.00000000000000 | 1260.00000000000000 | 3.00000000000000
account_move_customer_invoice.csv,sap__khcustomerinvoice__ItemCollection__QuantityUnitCode,30081,29342,739,30+,JSON_ARRAY,"ZNO | EA | KGM | [""EA"", ""KGM""] | ZN"
account_move_customer_invoice.csv,sap__khcustomerinvoice__ItemCollection__QuantityUnitCodeText,30081,29342,739,30+,JSON_ARRAY,"Number | Each | Kilogram | [""Each"", ""Kilogram""] | Units"
account_move_customer_invoice.csv,sap__khcustomerinvoice__ItemCollection__TaxAmount,30081,30081,0,30+,"JSON_ARRAY,VERY_LONG_TEXT",7871.040000 | 12666.780000 | 3458.810000 | 35466.980000 | 7900.020000
account_move_customer_invoice.csv,sap__khcustomerinvoice__ItemCollection__TaxAmountCurrencyCode,30081,30081,0,5,,INR | GBP | USD | EUR | JPY
account_move_customer_invoice.csv,sap__khcustomerinvoice__ItemCollection__TaxAmountCurrencyCodeText,30081,30081,0,5,,Indian Rupee | Pound Sterling | US Dollar | Euro | Yen
account_move_customer_invoice.csv,sap__khcustomerinvoice__ItemPriceAndTaxCalculationCollection__CountryCode,30081,30081,0,1,,IN
account_move_customer_invoice.csv,sap__khcustomerinvoice__ItemPriceAndTaxCalculationCollection__CountryCodeText,30081,30081,0,1,,India
account_move_customer_invoice.csv,sap__khcustomerinvoice__ItemPriceAndTaxCalculationCollection__ObjectID,30081,30081,0,30+,"JSON_ARRAY,VERY_LONG_TEXT",00163E5F7A721ED98B87C8B0CF671702 | 00163E5F7A721ED98B8994D04BB67F99 | 00163E5F7A721ED98B899D9BCE4A3FEB | 00163E5F7A721ED98BD64ED29E9BF9AB | 00163E5F7A721ED98BEF66599E7A0F77
account_move_customer_invoice.csv,sap__khcustomerinvoice__ItemPriceAndTaxCalculationCollection__ParentObjectID,30081,30081,0,30+,,00163E5F7A721ED98B87C8B0CF635702 | 00163E5F7A721ED98B8994D04BB2BF99 | 00163E5F7A721ED98B899D9BCE467FEB | 00163E5F7A721ED98BD64ED29E9839AB | 00163E5F7A721ED98BEF66599E764F77
account_move_customer_invoice.csv,sap__khcustomerinvoice__ItemPriceAndTaxCalculationCollection__RegisterDateTime,30081,30081,0,30+,"JSON_ARRAY,VERY_LONG_TEXT",2019-02-08 09:49:53 | 2019-02-08 09:14:13 | 2019-02-09 04:36:34 | 2019-02-08 10:39:25 | 2019-02-12 08:21:47
account_move_customer_invoice.csv,sap__khcustomerinvoice__ItemPriceAndTaxCalculationCollection__TaxJurisdictionCode,30081,0,30081,0,,
account_move_customer_invoice.csv,sap__khcustomerinvoice__ItemPriceAndTaxCalculationCollection__TaxJurisdictionCodeText,30081,0,30081,0,,
account_move_customer_invoice.csv,sap__khcustomerinvoice__ItemPriceAndTaxCalculationCollection__TaxationCharacteristicsCode,30081,30081,0,19,JSON_ARRAY,560 | 561 | 564 | 500 | 567
account_move_customer_invoice.csv,sap__khcustomerinvoice__ItemPriceAndTaxCalculationCollection__TaxationCharacteristicsCodeText,30081,0,30081,0,,
account_move_customer_invoice.csv,sap__khcustomerinvoice__ItemPriceAndTaxCalculationCollection__WithholdingTaxationCharacteristicsCode,30081,0,30081,0,,
account_move_customer_invoice.csv,sap__khcustomerinvoice__ItemPriceAndTaxCalculationCollection__WithholdingTaxationCharacteristicsCodeText,30081,0,30081,0,,
account_move_customer_invoice.csv,sap__khcustomerinvoice__PriceAndTaxCalculationCollection__CurrencyCode,30081,30081,0,5,,INR | GBP | USD | EUR | JPY
account_move_customer_invoice.csv,sap__khcustomerinvoice__PriceAndTaxCalculationCollection__CurrencyCodeText,30081,30081,0,5,,Indian Rupee | Pound Sterling | US Dollar | Euro | Yen
account_move_customer_invoice.csv,sap__khcustomerinvoice__PriceAndTaxCalculationCollection__ObjectID,30081,30081,0,30+,,00163E5F7A721ED98B87C8B0CF635702 | 00163E5F7A721ED98B8994D04BB2BF99 | 00163E5F7A721ED98B899D9BCE467FEB | 00163E5F7A721ED98BD64ED29E9839AB | 00163E5F7A721ED98BEF66599E764F77
account_move_customer_invoice.csv,sap__khcustomerinvoice__PriceAndTaxCalculationCollection__ParentObjectID,30081,30081,0,30+,,00163E5F7A721ED98B87C8B0CF635702 | 00163E5F7A721ED98B8994D04BB2BF99 | 00163E5F7A721ED98B899D9BCE467FEB | 00163E5F7A721ED98BD64ED29E9839AB | 00163E5F7A721ED98BEF66599E764F77
account_move_customer_invoice.csv,sap__khcustomerinvoice__PriceAndTaxCalculationCollection__PricingProcedureCode,30081,30081,0,3,,PPSTD1 | PPGDP1 | PPNDP1
account_move_customer_invoice.csv,sap__khcustomerinvoice__PriceAndTaxCalculationCollection__PricingProcedureCodeText,30081,30081,0,3,,Standard procedure | Gross Down Payment Procedure | Net Down Payment Procedure
account_move_customer_invoice_line.csv,id,35514,35514,0,30+,,sap_cinv_item_00163E5F7A721ED98B87C8B0CF671702 | sap_cinv_item_00163E5F7A721ED98B8994D04BB67F99 | sap_cinv_item_00163E5F7A721ED98B899D9BCE4A3FEB | sap_cinv_item_00163E5F7A721ED98BD64ED29E9BF9AB | sap_cinv_item_00163E5F7A721ED98BEF66599E7A0F77
account_move_customer_invoice_line.csv,move_id/id,35514,35514,0,30+,,sap_cinv_00163E5F7A721ED98B87C8B0CF635702 | sap_cinv_00163E5F7A721ED98B8994D04BB2BF99 | sap_cinv_00163E5F7A721ED98B899D9BCE467FEB | sap_cinv_00163E5F7A721ED98BD64ED29E9839AB | sap_cinv_00163E5F7A721ED98BEF66599E764F77
account_move_customer_invoice_line.csv,product_id/id,35514,34002,1512,30+,,sap_prod_LF90044 | sap_prod_730511 | sap_prod_19239000048 | sap_prod_LF90286 | sap_prod_186380048
account_move_customer_invoice_line.csv,name,35514,35514,0,30+,,EMERALD BASIC RELEASE - BOM LS/IN 80% | Bajaj ETB Sensor | 19239.00.48 Cover Assly With PCB Gasolin | EMERALD BASIC RELEASE - BOM 40% | DellOrto Dual Output Rotation Sensor
account_move_customer_invoice_line.csv,quantity,35514,35514,0,30+,,100.00000000000000 | 450.00000000000000 | 120.00000000000000 | 1260.00000000000000 | 3.00000000000000
account_move_customer_invoice_line.csv,price_unit,35514,35514,0,30+,,43727.960000 | 70371.220000 | 19215.690000 | 197039.020000 | 43888.980000
account_move_customer_invoice_line.csv,sap__khcustomerinvoice__ItemCollection__CashDiscountDeductibleIndicator,35514,35514,0,1,,False
account_move_customer_invoice_line.csv,sap__khcustomerinvoice__ItemCollection__Description,35514,35508,6,30+,,EMERALD BASIC RELEASE - BOM LS/IN 80% | Bajaj ETB Sensor | 19239.00.48 Cover Assly With PCB Gasolin | EMERALD BASIC RELEASE - BOM 40% | DellOrto Dual Output Rotation Sensor
account_move_customer_invoice_line.csv,sap__khcustomerinvoice__ItemCollection__GrossAmount,35514,35514,0,30+,,51599.000000 | 83038.000000 | 22674.500000 | 232506.000000 | 51789.000000
account_move_customer_invoice_line.csv,sap__khcustomerinvoice__ItemCollection__GrossAmountCurrencyCode,35514,35514,0,5,,INR | GBP | USD | EUR | JPY
account_move_customer_invoice_line.csv,sap__khcustomerinvoice__ItemCollection__GrossAmountCurrencyCodeText,35514,35514,0,5,,Indian Rupee | Pound Sterling | US Dollar | Euro | Yen
account_move_customer_invoice_line.csv,sap__khcustomerinvoice__ItemCollection__ID,35514,35514,0,30+,,10 | 20 | 30 | 40 | 50
account_move_customer_invoice_line.csv,sap__khcustomerinvoice__ItemCollection__NetAmount,35514,35514,0,30+,,43727.960000 | 70371.220000 | 19215.690000 | 197039.020000 | 43888.980000
account_move_customer_invoice_line.csv,sap__khcustomerinvoice__ItemCollection__NetAmountCurrencyCode,35514,35514,0,5,,INR | GBP | USD | EUR | JPY
account_move_customer_invoice_line.csv,sap__khcustomerinvoice__ItemCollection__NetAmountCurrencyCodeText,35514,35514,0,5,,Indian Rupee | Pound Sterling | US Dollar | Euro | Yen
account_move_customer_invoice_line.csv,sap__khcustomerinvoice__ItemCollection__ObjectID,35514,35514,0,30+,,00163E5F7A721ED98B87C8B0CF671702 | 00163E5F7A721ED98B8994D04BB67F99 | 00163E5F7A721ED98B899D9BCE4A3FEB | 00163E5F7A721ED98BD64ED29E9BF9AB | 00163E5F7A721ED98BEF66599E7A0F77
account_move_customer_invoice_line.csv,sap__khcustomerinvoice__ItemCollection__ParentObjectID,35514,35514,0,30+,,00163E5F7A721ED98B87C8B0CF635702 | 00163E5F7A721ED98B8994D04BB2BF99 | 00163E5F7A721ED98B899D9BCE467FEB | 00163E5F7A721ED98BD64ED29E9839AB | 00163E5F7A721ED98BEF66599E764F77
account_move_customer_invoice_line.csv,sap__khcustomerinvoice__ItemCollection__ProcessingTypeCode,35514,35514,0,2,,CII | CCMI
account_move_customer_invoice_line.csv,sap__khcustomerinvoice__ItemCollection__ProcessingTypeCodeText,35514,35514,0,2,,Invoice Item | Credit Memo Item
account_move_customer_invoice_line.csv,sap__khcustomerinvoice__ItemCollection__ProductID,35514,34002,1512,30+,,LF90044 | 730511 | 19239000048 | LF90286 | 186380048
account_move_customer_invoice_line.csv,sap__khcustomerinvoice__ItemCollection__ProductTypeCode,35514,34002,1512,2,,1 | 3
account_move_customer_invoice_line.csv,sap__khcustomerinvoice__ItemCollection__ProductTypeCodeText,35514,34002,1512,2,,Material | Individual Product
account_move_customer_invoice_line.csv,sap__khcustomerinvoice__ItemCollection__Quantity,35514,35514,0,30+,,100.00000000000000 | 450.00000000000000 | 120.00000000000000 | 1260.00000000000000 | 3.00000000000000
account_move_customer_invoice_line.csv,sap__khcustomerinvoice__ItemCollection__QuantityUnitCode,35514,34775,739,7,,ZNO | EA | KGM | ZN | MTR
account_move_customer_invoice_line.csv,sap__khcustomerinvoice__ItemCollection__QuantityUnitCodeText,35514,34775,739,7,,Number | Each | Kilogram | Units | Meter
account_move_customer_invoice_line.csv,sap__khcustomerinvoice__ItemCollection__TaxAmount,35514,35514,0,30+,,7871.040000 | 12666.780000 | 3458.810000 | 35466.980000 | 7900.020000
account_move_customer_invoice_line.csv,sap__khcustomerinvoice__ItemCollection__TaxAmountCurrencyCode,35514,35514,0,5,,INR | GBP | USD | EUR | JPY
account_move_customer_invoice_line.csv,sap__khcustomerinvoice__ItemCollection__TaxAmountCurrencyCodeText,35514,35514,0,5,,Indian Rupee | Pound Sterling | US Dollar | Euro | Yen
account_move_customer_invoice_line.csv,sap__khcustomerinvoice__ItemBusinessTransactionDocumentReferenceCollection__ID,35514,35514,0,30+,JSON_ARRAY,"[""10000001"", ""8-1"", ""1530294137""] | [""10000000"", ""8-2"", ""WO18190051""] | [""10000009"", ""8-3"", ""WO18190051""] | [""10000000"", ""8-4"", ""WO18190051""] | [""10000004"", ""8-5"", ""1530301945""]"
account_move_customer_invoice_line.csv,sap__khcustomerinvoice__ItemBusinessTransactionDocumentReferenceCollection__ItemID,35514,35514,0,30+,JSON_ARRAY,"[""10"", ""10"", """"] | [""20"", ""20"", """"] | [""20"", ""10"", """"] | [""80"", ""20"", """"] | 10"
account_move_customer_invoice_line.csv,sap__khcustomerinvoice__ItemBusinessTransactionDocumentReferenceCollection__ItemTypeCode,35514,35514,0,7,JSON_ARRAY,"[""28"", ""14"", """"] | 002 | [""35"", ""28"", ""002""] | [""28"", ""14""] | [""35"", ""002"", ""28""]"
account_move_customer_invoice_line.csv,sap__khcustomerinvoice__ItemBusinessTransactionDocumentReferenceCollection__ItemTypeCodeText,35514,35514,0,7,JSON_ARRAY,"[""Sales Item"", ""Delivery Standard Item"", """"] | Invoice Item | [""Customer Return Item"", ""Sales Item"", ""Invoice Item""] | [""Sales Item"", ""Delivery Standard Item""] | [""Customer Return Item"", ""Invoice Item"", ""Sales Item""]"
account_move_customer_invoice_line.csv,sap__khcustomerinvoice__ItemBusinessTransactionDocumentReferenceCollection__ObjectID,35514,35514,0,30+,JSON_ARRAY,"[""00163E5F7A721ED98B87C8B0CF677702"", ""00163E5F7A721ED98B87C8B0CF679702"", ""00163E5F7A721ED98B87C8B0CF67B702""] | [""00163E5F7A721ED98B8994D04BB6DF99"", ""00163E5F7A721ED98B8994D04BB6FF99"", ""00163E5F7A721ED98B8994D04BB71F99""] | [""00163E5F7A721ED98B899D9BCE4A9FEB"", ""00163E5F7A721ED98B899D9BCE4ABFEB"", ""00163E5F7A721ED98B899D9BCE4ADFEB""] | [""00163E5F7A721ED98BD64ED29E9C59AB"", ""00163E5F7A721ED98BD64ED29E9C79AB"", ""00163E5F7A721ED98BD64ED29E9C99AB""] | [""00163E5F7A721ED98BEF66599E7A6F77"", ""00163E5F7A721ED98BEF66599E7A8F77"", ""00163E5F7A721ED98BEF66599E7AAF77""]"
account_move_customer_invoice_line.csv,sap__khcustomerinvoice__ItemBusinessTransactionDocumentReferenceCollection__ParentObjectID,35514,35514,0,30+,,00163E5F7A721ED98B87C8B0CF671702 | 00163E5F7A721ED98B8994D04BB67F99 | 00163E5F7A721ED98B899D9BCE4A3FEB | 00163E5F7A721ED98BD64ED29E9BF9AB | 00163E5F7A721ED98BEF66599E7A0F77
account_move_customer_invoice_line.csv,sap__khcustomerinvoice__ItemBusinessTransactionDocumentReferenceCollection__RelationshipRoleCode,35514,35514,0,1,,1
account_move_customer_invoice_line.csv,sap__khcustomerinvoice__ItemBusinessTransactionDocumentReferenceCollection__RelationshipRoleCodeText,35514,35514,0,1,,Predecessor
account_move_customer_invoice_line.csv,sap__khcustomerinvoice__ItemBusinessTransactionDocumentReferenceCollection__TypeCode,35514,35514,0,7,JSON_ARRAY,"[""114"", ""73"", ""001""] | 29 | [""32"", ""114"", ""28""] | [""114"", ""73""] | [""32"", ""28"", ""114""]"
account_move_customer_invoice_line.csv,sap__khcustomerinvoice__ItemBusinessTransactionDocumentReferenceCollection__TypeCodeText,35514,35514,0,7,JSON_ARRAY,"[""Sales Order"", ""Outbound Delivery"", ""Purchase Order""] | Customer Invoice Request | [""Customer Return"", ""Sales Order"", ""Customer Invoice""] | [""Sales Order"", ""Outbound Delivery""] | [""Customer Return"", ""Customer Invoice"", ""Sales Order""]"
account_move_open_customer.csv,id,846,846,0,30+,,sap_openinv_94 | sap_openinv_1347 | sap_openinv_2478 | sap_openinv_2897 | sap_openinv_3031
account_move_open_customer.csv,name,846,846,0,30+,,94 | 1347 | 2478 | 2897 | 3031
account_move_open_customer.csv,partner_id/id,846,846,0,22,,sap_bp_1000020 | sap_bp_1113761 | sap_bp_1116013 | sap_bp_1121595 | sap_bp_1121709
account_move_open_customer.csv,invoice_date,846,846,0,30+,,2026-01-02 | 2024-03-23 | 2025-05-23 | 2024-07-03 | 2025-06-05
account_move_open_customer.csv,move_type,846,846,0,1,,out_invoice
account_move_open_customer.csv,state,846,846,0,1,,posted
account_move_open_customer.csv,currency_id/id,846,846,0,1,,base.USD
account_move_open_customer.csv,amount_total,846,846,0,30+,,-3261.00 | -2561.00 | -3601.00 | 59596.00 | 1.33
account_move_open_customer.csv,sap__fin_receivablesar_analytics.svc__RPFINDUEU04_Q0007QueryResults__CCOMP_UUID,846,846,0,1,,70000
account_move_open_customer.csv,sap__fin_receivablesar_analytics.svc__RPFINDUEU04_Q0007QueryResults__CIM_BP_UUID,846,846,0,22,,1000020 | 1113761 | 1116013 | 1121595 | 1121709
account_move_open_customer.csv,sap__fin_receivablesar_analytics.svc__RPFINDUEU04_Q0007QueryResults__CIM_B_BTD_DATE,846,846,0,30+,,2026-01-02 00:00:00 | 2024-03-23 00:00:00 | 2025-05-23 00:00:00 | 2024-07-03 00:00:00 | 2025-06-05 00:00:00
account_move_open_customer.csv,sap__fin_receivablesar_analytics.svc__RPFINDUEU04_Q0007QueryResults__CIM_B_BTD_ID,846,846,0,30+,,94 | 1347 | 2478 | 2897 | 3031
account_move_open_customer.csv,sap__fin_receivablesar_analytics.svc__RPFINDUEU04_Q0007QueryResults__CIM_TRANSCURR,846,846,0,1,,INR
account_move_open_customer.csv,sap__fin_receivablesar_analytics.svc__RPFINDUEU04_Q0007QueryResults__FCOUTSTANDING_AMNT,846,846,0,30+,,"-32.61 USD | -25.61 USD | -36.01 USD | 595.96 USD | 1,326.47 USD"
account_move_open_customer.csv,sap__fin_receivablesar_analytics.svc__RPFINDUEU04_Q0007QueryResults__FCOVEDUE_AMNT,846,358,488,30+,,-32.61 USD | -25.61 USD | -36.01 USD | 310.46 USD | 654.97 USD
account_move_open_vendor.csv,id,1417,1417,0,30+,,sap_vinv_00163E5F7A721ED98ECB6BF51CDF5F7F | sap_vinv_00163E5F7A721EE99097C62323DF1462 | sap_vinv_00163E5F7A721EE99097CEFA5339D467 | sap_vinv_00163E708BF91ED993A57DC26F9FBD75 | sap_vinv_00163E708BF91EE991DB58EF1291CD8B
account_move_open_vendor.csv,partner_id/id,1417,1417,0,30+,,sap_bp_4000090 | sap_bp_2009777 | sap_bp_5030111 | sap_bp_2014993 | sap_bp_8000320
account_move_open_vendor.csv,invoice_date,1417,1416,1,30+,,2018-12-21 | 2019-02-20 | 2019-02-05 | 2019-02-08 | 2019-02-12
account_move_open_vendor.csv,move_type,1417,1417,0,1,,in_invoice
account_move_open_vendor.csv,state,1417,1417,0,1,,posted
account_move_open_vendor.csv,currency_id/id,1417,1417,0,4,,base.INR | base.JPY | base.USD | base.EUR
account_move_open_vendor.csv,amount_total,1417,1417,0,30+,,14000.000000 | 8840.000000 | 51320.000000 | 56631.360000 | 3500.000000
account_move_open_vendor.csv,sap__khsupplierinvoice__SupplierInvoiceCollection__ApprovalStatusCode,1417,1417,0,2,,2 | 1
account_move_open_vendor.csv,sap__khsupplierinvoice__SupplierInvoiceCollection__ApprovalStatusCodeText,1417,1417,0,2,,Approval not Necessary | Not Started
account_move_open_vendor.csv,sap__khsupplierinvoice__SupplierInvoiceCollection__CancellationDocumentIndicator,1417,1417,0,2,,True | False
account_move_open_vendor.csv,sap__khsupplierinvoice__SupplierInvoiceCollection__CreationDateTime,1417,1417,0,30+,,2019-02-27 06:46:39 | 2019-03-07 09:49:19 | 2019-03-07 09:50:53 | 2019-03-23 05:24:43 | 2019-03-15 04:28:49
account_move_open_vendor.csv,sap__khsupplierinvoice__SupplierInvoiceCollection__DataOriginTypeCode,1417,1417,0,1,,1
account_move_open_vendor.csv,sap__khsupplierinvoice__SupplierInvoiceCollection__DataOriginTypeCodeText,1417,1417,0,1,,Manual data entry
account_move_open_vendor.csv,sap__khsupplierinvoice__SupplierInvoiceCollection__ID,1417,1417,0,30+,,116 | 218 | 219 | 405 | 321
account_move_open_vendor.csv,sap__khsupplierinvoice__SupplierInvoiceCollection__InvoiceDate,1417,1416,1,30+,,2018-12-21 00:00:00 | 2019-02-20 00:00:00 | 2019-02-05 00:00:00 | 2019-02-08 00:00:00 | 2019-02-12 00:00:00
account_move_open_vendor.csv,sap__khsupplierinvoice__SupplierInvoiceCollection__InvoiceDescription,1417,1411,6,30+,,Processng fee-GOA-IPB fr Bldg expansion | 558/18-9/20.02.19 PO:3000001 Boxes | 531/18-19/05.02.19 PO:30000144 Boxes | Adv pmt fr booking of picnic venue PI:05 | Sup of USB Adapter
account_move_open_vendor.csv,sap__khsupplierinvoice__SupplierInvoiceCollection__ItemsGrossAmountIndicator,1417,1417,0,2,,True | False
account_move_open_vendor.csv,sap__khsupplierinvoice__SupplierInvoiceCollection__LifeCycleStatusCode,1417,1417,0,4,,8 | 11 | 2 | 1
account_move_open_vendor.csv,sap__khsupplierinvoice__SupplierInvoiceCollection__LifeCycleStatusCodeText,1417,1417,0,4,,Posted | Partially Paid | Exception | In Process
account_move_open_vendor.csv,sap__khsupplierinvoice__SupplierInvoiceCollection__ObjectID,1417,1417,0,30+,,00163E5F7A721ED98ECB6BF51CDF5F7F | 00163E5F7A721EE99097C62323DF1462 | 00163E5F7A721EE99097CEFA5339D467 | 00163E708BF91ED993A57DC26F9FBD75 | 00163E708BF91EE991DB58EF1291CD8B
account_move_open_vendor.csv,sap__khsupplierinvoice__SupplierInvoiceCollection__PostingStatusCode,1417,1417,0,2,,3 | 1
account_move_open_vendor.csv,sap__khsupplierinvoice__SupplierInvoiceCollection__PostingStatusCodeText,1417,1417,0,2,,Posted | Not Posted
account_move_open_vendor.csv,sap__khsupplierinvoice__SupplierInvoiceCollection__ReceiptDate,1417,1417,0,30+,,2019-02-02 00:00:00 | 2019-03-02 00:00:00 | 2019-02-09 00:00:00 | 2019-03-12 00:00:00 | 2019-02-23 00:00:00
account_move_open_vendor.csv,sap__khsupplierinvoice__SupplierInvoiceCollection__TotalGrossAmount,1417,1417,0,30+,,14000.000000 | 9900.800000 | 57478.400000 | 66825.000000 | 4130.000000
account_move_open_vendor.csv,sap__khsupplierinvoice__SupplierInvoiceCollection__TotalGrossAmountCurrencyCode,1417,1417,0,4,,INR | JPY | USD | EUR
account_move_open_vendor.csv,sap__khsupplierinvoice__SupplierInvoiceCollection__TotalGrossAmountCurrencyCodeText,1417,1417,0,4,,Indian Rupee | Yen | US Dollar | Euro
account_move_open_vendor.csv,sap__khsupplierinvoice__SupplierInvoiceCollection__TotalNetAmount,1417,1417,0,30+,,14000.000000 | 8840.000000 | 51320.000000 | 56631.360000 | 3500.000000
account_move_open_vendor.csv,sap__khsupplierinvoice__SupplierInvoiceCollection__TotalNetAmountCurrencyCode,1417,1417,0,4,,INR | JPY | USD | EUR
account_move_open_vendor.csv,sap__khsupplierinvoice__SupplierInvoiceCollection__TotalNetAmountCurrencyCodeText,1417,1417,0,4,,Indian Rupee | Yen | US Dollar | Euro
account_move_open_vendor.csv,sap__khsupplierinvoice__SupplierInvoiceCollection__TotalTaxAmount,1417,1417,0,30+,,0.000000 | 1060.800000 | 6158.400000 | 10193.640000 | 630.000000
account_move_open_vendor.csv,sap__khsupplierinvoice__SupplierInvoiceCollection__TotalTaxAmountCurrencyCode,1417,1417,0,4,,INR | JPY | USD | EUR
account_move_open_vendor.csv,sap__khsupplierinvoice__SupplierInvoiceCollection__TotalTaxAmountCurrencyCodeText,1417,1417,0,4,,Indian Rupee | Yen | US Dollar | Euro
account_move_open_vendor.csv,sap__khsupplierinvoice__SupplierInvoiceCollection__TransactionDate,1417,1416,1,30+,,2019-02-04 00:00:00 | 2019-03-05 00:00:00 | 2019-03-02 00:00:00 | 2019-03-01 00:00:00 | 2019-03-14 00:00:00
account_move_open_vendor.csv,sap__khsupplierinvoice__SupplierInvoiceCollection__TypeCode,1417,1417,0,3,,004 | 817 | 005
account_move_open_vendor.csv,sap__khsupplierinvoice__SupplierInvoiceCollection__TypeCodeText,1417,1417,0,3,,Invoice | Down Payment Request | Credit Memo
account_move_open_vendor.csv,sap__khsupplierinvoice__SupplierInvoiceCollection__UUID,1417,1417,0,30+,,00163E5F-7A72-1ED9-8ECB-6BF51CDF5F7F | 00163E5F-7A72-1EE9-9097-C62323DF1462 | 00163E5F-7A72-1EE9-9097-CEFA5339D467 | 00163E70-8BF9-1ED9-93A5-7DC26F9FBD75 | 00163E70-8BF9-1EE9-91DB-58EF1291CD8B
account_move_open_vendor.csv,sap__khsupplierinvoice__BillToPartyCollection__ObjectID,1417,1417,0,30+,JSON_ARRAY,"[""00163E5F7A721ED98ECB6BF51CE61F7F"", ""00163E5F7A721ED98ECB6BF51CE63F7F"", ""00163E5F7A721ED98ECB6BF51CE65F7F"", ""00163E5F7A721ED98ECB6BF51CE77F7F"", ""00163E5F7A721ED98ECB6BF51CE8DF7F"", ""00163E5F7A721ED98ECB6BF51CE8FF7F"", ""00163E5F7A721ED98ECB6BF51CEA1F7F""] | [""00163E5F7A721EE99097C62323EBF462"", ""00163E5F7A721EE99097C62323EC1462"", ""00163E5F7A721EE99097C62323EC3462"", ""00163E5F7A721EE99097C62323ED5462"", ""00163E5F7A721EE99097C62323EEB462"", ""00163E5F7A721EE99097C62323EED462"", ""00163E5F7A721EE99097C62323EFF462""] | [""00163E5F7A721EE99097CEFA5345D467"", ""00163E5F7A721EE99097CEFA5345F467"", ""00163E5F7A721EE99097CEFA53461467"", ""00163E5F7A721EE99097CEFA53473467"", ""00163E5F7A721EE99097CEFA53489467"", ""00163E5F7A721EE99097CEFA5348B467"", ""00163E5F7A721EE99097CEFA5349D467""] | [""00163E708BF91ED993A57DC26FA73D75"", ""00163E708BF91ED993A57DC26FA75D75"", ""00163E708BF91ED993A57DC26FA77D75"", ""00163E708BF91ED993A57DC26FA89D75"", ""00163E708BF91ED993A57DC26FA9FD75"", ""00163E708BF91ED993A57DC26FAA1D75"", ""00163E708BF91ED993A57DC26FAB3D75""] | [""00163E708BF91EE991DB58EF1299AD8B"", ""00163E708BF91EE991DB58EF1299CD8B"", ""00163E708BF91EE991DB58EF1299ED8B"", ""00163E708BF91EE991DB58EF129B0D8B"", ""00163E708BF91EE991DB58EF129C6D8B"", ""00163E708BF91EE991DB58EF129C8D8B"", ""00163E708BF91EE991DB58EF129DAD8B""]"
account_move_open_vendor.csv,sap__khsupplierinvoice__BillToPartyCollection__ParentObjectID,1417,1417,0,30+,,00163E5F7A721ED98ECB6BF51CDF5F7F | 00163E5F7A721EE99097C62323DF1462 | 00163E5F7A721EE99097CEFA5339D467 | 00163E708BF91ED993A57DC26F9FBD75 | 00163E708BF91EE991DB58EF1291CD8B
account_move_open_vendor.csv,sap__khsupplierinvoice__BillToPartyCollection__PartyID,1417,1417,0,30+,JSON_ARRAY,"[""70000"", ""70000"", ""4000090"", ""4000090"", ""70000"", ""4000090"", ""G185""] | [""70000"", ""70000"", ""2009777"", ""2009777"", ""70000"", ""2009777"", ""G185""] | [""70000"", ""70000"", ""5030111"", ""5030111"", ""70000"", ""5030111"", ""7000003""] | [""70000"", ""70000"", ""2014993"", ""2014993"", ""70000"", ""2014993"", ""G185""] | [""70000"", ""70000"", ""5030111"", ""5030111"", ""70000"", ""5030111"", ""G185""]"
account_move_open_vendor.csv,sap__khsupplierinvoice__BuyerPartyCollection__ObjectID,1417,1417,0,30+,JSON_ARRAY,"[""00163E5F7A721ED98ECB6BF51CE61F7F"", ""00163E5F7A721ED98ECB6BF51CE63F7F"", ""00163E5F7A721ED98ECB6BF51CE65F7F"", ""00163E5F7A721ED98ECB6BF51CE77F7F"", ""00163E5F7A721ED98ECB6BF51CE8DF7F"", ""00163E5F7A721ED98ECB6BF51CE8FF7F"", ""00163E5F7A721ED98ECB6BF51CEA1F7F""] | [""00163E5F7A721EE99097C62323EBF462"", ""00163E5F7A721EE99097C62323EC1462"", ""00163E5F7A721EE99097C62323EC3462"", ""00163E5F7A721EE99097C62323ED5462"", ""00163E5F7A721EE99097C62323EEB462"", ""00163E5F7A721EE99097C62323EED462"", ""00163E5F7A721EE99097C62323EFF462""] | [""00163E5F7A721EE99097CEFA5345D467"", ""00163E5F7A721EE99097CEFA5345F467"", ""00163E5F7A721EE99097CEFA53461467"", ""00163E5F7A721EE99097CEFA53473467"", ""00163E5F7A721EE99097CEFA53489467"", ""00163E5F7A721EE99097CEFA5348B467"", ""00163E5F7A721EE99097CEFA5349D467""] | [""00163E708BF91ED993A57DC26FA73D75"", ""00163E708BF91ED993A57DC26FA75D75"", ""00163E708BF91ED993A57DC26FA77D75"", ""00163E708BF91ED993A57DC26FA89D75"", ""00163E708BF91ED993A57DC26FA9FD75"", ""00163E708BF91ED993A57DC26FAA1D75"", ""00163E708BF91ED993A57DC26FAB3D75""] | [""00163E708BF91EE991DB58EF1299AD8B"", ""00163E708BF91EE991DB58EF1299CD8B"", ""00163E708BF91EE991DB58EF1299ED8B"", ""00163E708BF91EE991DB58EF129B0D8B"", ""00163E708BF91EE991DB58EF129C6D8B"", ""00163E708BF91EE991DB58EF129C8D8B"", ""00163E708BF91EE991DB58EF129DAD8B""]"
account_move_open_vendor.csv,sap__khsupplierinvoice__BuyerPartyCollection__ParentObjectID,1417,1417,0,30+,,00163E5F7A721ED98ECB6BF51CDF5F7F | 00163E5F7A721EE99097C62323DF1462 | 00163E5F7A721EE99097CEFA5339D467 | 00163E708BF91ED993A57DC26F9FBD75 | 00163E708BF91EE991DB58EF1291CD8B
account_move_open_vendor.csv,sap__khsupplierinvoice__BuyerPartyCollection__PartyID,1417,1417,0,30+,JSON_ARRAY,"[""70000"", ""70000"", ""4000090"", ""4000090"", ""70000"", ""4000090"", ""G185""] | [""70000"", ""70000"", ""2009777"", ""2009777"", ""70000"", ""2009777"", ""G185""] | [""70000"", ""70000"", ""5030111"", ""5030111"", ""70000"", ""5030111"", ""7000003""] | [""70000"", ""70000"", ""2014993"", ""2014993"", ""70000"", ""2014993"", ""G185""] | [""70000"", ""70000"", ""5030111"", ""5030111"", ""70000"", ""5030111"", ""G185""]"
account_move_open_vendor.csv,sap__khsupplierinvoice__CashDiscountTermsCollection__Code,1417,1402,15,22,,0001 | Z005 | Z022 | Z026 | Z029
account_move_open_vendor.csv,sap__khsupplierinvoice__CashDiscountTermsCollection__CodeText,1417,1402,15,20,,"Due net payable immediately | 30 days from the date of invoice subject to acceptance | 100 % against profroma invoice | 15days from the dt of Invoice,subject to acceptance | Referred Terms of Payment Text"
account_move_open_vendor.csv,sap__khsupplierinvoice__CashDiscountTermsCollection__FullPaymentEndDate,1417,1417,0,30+,,2019-02-02 00:00:00 | 2019-04-01 00:00:00 | 2019-02-08 00:00:00 | 2019-02-27 00:00:00 | 2019-02-16 00:00:00
account_move_open_vendor.csv,sap__khsupplierinvoice__CashDiscountTermsCollection__ObjectID,1417,1417,0,30+,,00163E5F7A721ED98ECB6BF51CEE1F7F | 00163E5F7A721EE99097C62323F45462 | 00163E5F7A721EE99097CEFA534E5467 | 00163E708BF91ED993A57DC26FAF5D75 | 00163E708BF91EE991DB58EF12A20D8B
account_move_open_vendor.csv,sap__khsupplierinvoice__CashDiscountTermsCollection__ParentObjectID,1417,1417,0,30+,,00163E5F7A721ED98ECB6BF51CDF5F7F | 00163E5F7A721EE99097C62323DF1462 | 00163E5F7A721EE99097CEFA5339D467 | 00163E708BF91ED993A57DC26F9FBD75 | 00163E708BF91EE991DB58EF1291CD8B
account_move_open_vendor.csv,sap__khsupplierinvoice__CashDiscountTermsCollection__PaymentBaselineDate,1417,1417,0,30+,,2019-02-02 00:00:00 | 2019-03-02 00:00:00 | 2019-02-08 00:00:00 | 2019-02-12 00:00:00 | 2019-02-16 00:00:00
account_move_open_vendor.csv,sap__khsupplierinvoice__ConfirmedInboundDeliveryReferenceCollection__BusinessTransactionDocumentRelationshipRoleCode,1417,1417,0,30+,"JSON_ARRAY,VERY_LONG_TEXT","[""7"", ""1""] | [""7"", ""7"", ""1"", ""3"", ""1"", ""1"", ""3""] | [""7"", ""7"", ""1"", ""3"", ""3"", ""1"", ""1""] | [""7"", ""1"", ""1"", ""3""] | [""7"", ""1"", ""1""]"
account_move_open_vendor.csv,sap__khsupplierinvoice__ConfirmedInboundDeliveryReferenceCollection__BusinessTransactionDocumentRelationshipRoleCodeText,1417,1417,0,30+,"JSON_ARRAY,VERY_LONG_TEXT","[""Business Partner Document"", ""Predecessor""] | [""Business Partner Document"", ""Business Partner Document"", ""Predecessor"", ""Used Document"", ""Predecessor"", ""Predecessor"", ""Used Document""] | [""Business Partner Document"", ""Business Partner Document"", ""Predecessor"", ""Used Document"", ""Used Document"", ""Predecessor"", ""Predecessor""] | [""Business Partner Document"", ""Predecessor"", ""Predecessor"", ""Used Document""] | [""Business Partner Document"", ""Predecessor"", ""Predecessor""]"
account_move_open_vendor.csv,sap__khsupplierinvoice__ConfirmedInboundDeliveryReferenceCollection__ID,1417,1417,0,30+,"JSON_ARRAY,VERY_LONG_TEXT","[""6/2018/GOA-IPB/373"", ""28""] | [""558/18-19"", ""558/18-19"", ""30000001"", ""488"", ""155"", ""36"", ""1""] | [""531/18-19"", ""531/18-19"", ""30000144"", ""498"", ""168"", ""143"", ""42""] | [""PI:05"", ""390""] | [""78"", ""30000162"", ""319"", ""225""]"
account_move_open_vendor.csv,sap__khsupplierinvoice__ConfirmedInboundDeliveryReferenceCollection__ObjectID,1417,1417,0,30+,"JSON_ARRAY,VERY_LONG_TEXT","[""00163E5F7A721ED98ECB6BF51CECDF7F"", ""00163E5F7A721ED98ECB6BF51CF15F7F""] | [""00163E5F7A721EE99097C62323F2B462"", ""00163E5F7A721EE99097C62323FB7462"", ""00163E5F7A721EE99097C62323FB9462"", ""00163E5F7A721EE99097C62323FBB462"", ""00163E5F7A721EE99097C62323FBD462"", ""00163E5F7A721EE99097C62323FBF462"", ""00163E5F7A721EE99097C62323FC1462""] | [""00163E5F7A721EE99097CEFA534C9467"", ""00163E5F7A721EE99097CF0DF4ED7467"", ""00163E5F7A721EE99097CF0DF4ED9467"", ""00163E5F7A721EE99097CF0DF4EDB467"", ""00163E5F7A721EE99097CF0DF4EDD467"", ""00163E5F7A721EE99097CF0DF4EDF467"", ""00163E5F7A721EE99097CF0DF4EE1467""] | [""00163E708BF91ED993A57DC26FADDD75"", ""00163E708BF91ED993A57DC26FB2DD75""] | [""00163E708BF91EE991DB58EF12A06D8B"", ""00163E708BF91EE991DB58EF12A84D8B"", ""00163E708BF91EE991DB58EF12A86D8B"", ""00163E708BF91EE991DB58EF12A88D8B""]"
account_move_open_vendor.csv,sap__khsupplierinvoice__ConfirmedInboundDeliveryReferenceCollection__ParentObjectID,1417,1417,0,30+,,00163E5F7A721ED98ECB6BF51CDF5F7F | 00163E5F7A721EE99097C62323DF1462 | 00163E5F7A721EE99097CEFA5339D467 | 00163E708BF91ED993A57DC26F9FBD75 | 00163E708BF91EE991DB58EF1291CD8B
account_move_open_vendor.csv,sap__khsupplierinvoice__ConfirmedInboundDeliveryReferenceCollection__TypeCode,1417,1417,0,30+,"JSON_ARRAY,VERY_LONG_TEXT","[""28"", ""004""] | [""28"", ""73"", ""001"", ""128"", ""004"", ""282"", ""128""] | [""28"", ""73"", ""001"", ""128"", ""128"", ""004"", ""282""] | [""28"", ""817""] | [""28"", ""001"", ""004"", ""128""]"
account_move_open_vendor.csv,sap__khsupplierinvoice__ConfirmedInboundDeliveryReferenceCollection__TypeCodeText,1417,1417,0,30+,"JSON_ARRAY,VERY_LONG_TEXT","[""Customer Invoice"", ""Invoice""] | [""Customer Invoice"", ""Outbound Delivery"", ""Purchase Order"", ""Supplier Invoice Request"", ""Invoice"", ""Goods And Service Confirmation"", ""Supplier Invoice Request""] | [""Customer Invoice"", ""Outbound Delivery"", ""Purchase Order"", ""Supplier Invoice Request"", ""Supplier Invoice Request"", ""Invoice"", ""Goods And Service Confirmation""] | [""Customer Invoice"", ""Down Payment Request""] | [""Customer Invoice"", ""Purchase Order"", ""Invoice"", ""Supplier Invoice Request""]"
account_move_open_vendor.csv,sap__khsupplierinvoice__ConfirmedInboundDeliveryReferenceCollection__UUID,1417,1362,55,30+,"JSON_ARRAY,VERY_LONG_TEXT","["""", ""00163E5F-7A72-1ED9-8BEC-4387099E81A5""] | ["""", """", ""00163E5F-7A72-1EE9-8AF1-D3E4A26C82E1"", ""00163E5F-7A8F-1EE9-8F95-88148C5C8E07"", ""00163E5F-7A72-1EE9-8FDE-AA36C86D33AE"", ""00163E5F-7A72-1EE9-8F95-8118BCEAEEEE"", ""00163E5F-7A8F-1EE9-8B84-7286A1F48408""] | ["""", """", ""00163E5F-7A72-1EE9-8CE9-465FA0DEEE34"", ""00163E5F-7A8F-1EE9-8F95-B86B9DEC4EDD"", ""00163E5F-7A8F-1ED9-8CEA-AB4A95D32278"", ""00163E5F-7A72-1EE9-8F96-81FA966053A6"", ""00163E5F-7A72-1EE9-8F95-B53F3F054FC0""] | ["""", ""00163E70-8BF9-1EE9-938B-63717BA00A20""] | ["""", ""00163E5F-7A72-1ED9-8CFF-92DAB68FF2F4"", ""00163E70-8BF9-1EE9-91DB-129EFE22CC26"", ""00163E5F-7A8F-1ED9-8D9D-B85B25B2CBE4""]"
account_move_open_vendor.csv,sap__khsupplierinvoice__ExternalReferenceCollection__BusinessTransactionDocumentRelationshipRoleCode,1417,1417,0,30+,"JSON_ARRAY,VERY_LONG_TEXT","[""7"", ""1""] | [""7"", ""7"", ""1"", ""3"", ""1"", ""1"", ""3""] | [""7"", ""7"", ""1"", ""3"", ""3"", ""1"", ""1""] | [""7"", ""1"", ""1"", ""3""] | [""7"", ""1"", ""1""]"
account_move_open_vendor.csv,sap__khsupplierinvoice__ExternalReferenceCollection__BusinessTransactionDocumentRelationshipRoleCodeText,1417,1417,0,30+,"JSON_ARRAY,VERY_LONG_TEXT","[""Business Partner Document"", ""Predecessor""] | [""Business Partner Document"", ""Business Partner Document"", ""Predecessor"", ""Used Document"", ""Predecessor"", ""Predecessor"", ""Used Document""] | [""Business Partner Document"", ""Business Partner Document"", ""Predecessor"", ""Used Document"", ""Used Document"", ""Predecessor"", ""Predecessor""] | [""Business Partner Document"", ""Predecessor"", ""Predecessor"", ""Used Document""] | [""Business Partner Document"", ""Predecessor"", ""Predecessor""]"
account_move_open_vendor.csv,sap__khsupplierinvoice__ExternalReferenceCollection__ID,1417,1417,0,30+,"JSON_ARRAY,VERY_LONG_TEXT","[""6/2018/GOA-IPB/373"", ""28""] | [""558/18-19"", ""558/18-19"", ""30000001"", ""488"", ""155"", ""36"", ""1""] | [""531/18-19"", ""531/18-19"", ""30000144"", ""498"", ""168"", ""143"", ""42""] | [""PI:05"", ""390""] | [""78"", ""30000162"", ""319"", ""225""]"
account_move_open_vendor.csv,sap__khsupplierinvoice__ExternalReferenceCollection__ObjectID,1417,1417,0,30+,"JSON_ARRAY,VERY_LONG_TEXT","[""00163E5F7A721ED98ECB6BF51CECDF7F"", ""00163E5F7A721ED98ECB6BF51CF15F7F""] | [""00163E5F7A721EE99097C62323F2B462"", ""00163E5F7A721EE99097C62323FB7462"", ""00163E5F7A721EE99097C62323FB9462"", ""00163E5F7A721EE99097C62323FBB462"", ""00163E5F7A721EE99097C62323FBD462"", ""00163E5F7A721EE99097C62323FBF462"", ""00163E5F7A721EE99097C62323FC1462""] | [""00163E5F7A721EE99097CEFA534C9467"", ""00163E5F7A721EE99097CF0DF4ED7467"", ""00163E5F7A721EE99097CF0DF4ED9467"", ""00163E5F7A721EE99097CF0DF4EDB467"", ""00163E5F7A721EE99097CF0DF4EDD467"", ""00163E5F7A721EE99097CF0DF4EDF467"", ""00163E5F7A721EE99097CF0DF4EE1467""] | [""00163E708BF91ED993A57DC26FADDD75"", ""00163E708BF91ED993A57DC26FB2DD75""] | [""00163E708BF91EE991DB58EF12A06D8B"", ""00163E708BF91EE991DB58EF12A84D8B"", ""00163E708BF91EE991DB58EF12A86D8B"", ""00163E708BF91EE991DB58EF12A88D8B""]"
account_move_open_vendor.csv,sap__khsupplierinvoice__ExternalReferenceCollection__ParentObjectID,1417,1417,0,30+,,00163E5F7A721ED98ECB6BF51CDF5F7F | 00163E5F7A721EE99097C62323DF1462 | 00163E5F7A721EE99097CEFA5339D467 | 00163E708BF91ED993A57DC26F9FBD75 | 00163E708BF91EE991DB58EF1291CD8B
account_move_open_vendor.csv,sap__khsupplierinvoice__ExternalReferenceCollection__TypeCode,1417,1417,0,30+,"JSON_ARRAY,VERY_LONG_TEXT","[""28"", ""004""] | [""28"", ""73"", ""001"", ""128"", ""004"", ""282"", ""128""] | [""28"", ""73"", ""001"", ""128"", ""128"", ""004"", ""282""] | [""28"", ""817""] | [""28"", ""001"", ""004"", ""128""]"
account_move_open_vendor.csv,sap__khsupplierinvoice__ExternalReferenceCollection__TypeCodeText,1417,1417,0,30+,"JSON_ARRAY,VERY_LONG_TEXT","[""Customer Invoice"", ""Invoice""] | [""Customer Invoice"", ""Outbound Delivery"", ""Purchase Order"", ""Supplier Invoice Request"", ""Invoice"", ""Goods And Service Confirmation"", ""Supplier Invoice Request""] | [""Customer Invoice"", ""Outbound Delivery"", ""Purchase Order"", ""Supplier Invoice Request"", ""Supplier Invoice Request"", ""Invoice"", ""Goods And Service Confirmation""] | [""Customer Invoice"", ""Down Payment Request""] | [""Customer Invoice"", ""Purchase Order"", ""Invoice"", ""Supplier Invoice Request""]"
account_move_open_vendor.csv,sap__khsupplierinvoice__ItemCollection__Description,1417,1417,0,30+,"JSON_ARRAY,VERY_LONG_TEXT","Legal & Statutory Exp | TPKG -0031 corrugated boxes | [""TPKG/DEV/0026  corrugated boxes"", ""TPKG/DEV/0025  corrugated boxes"", ""TPKG/DEV/0026  corrugated boxes"", ""TPKG/DEV/0025  corrugated boxes""] | Booking of Picnic Venue | D-Link - Network USB Adaptor"
account_move_open_vendor.csv,sap__khsupplierinvoice__ItemCollection__DirectMaterialIndicator,1417,1417,0,17,"JSON_ARRAY,VERY_LONG_TEXT","False | True | [""False"", ""True"", ""True"", ""True"", ""True"", ""True"", ""True"", ""True"", ""True"", ""True"", ""True"", ""True"", ""True"", ""True"", ""True"", ""True"", ""True"", ""True"", ""False"", ""True"", ""True"", ""True"", ""True"", ""True"", ""True"", ""True"", ""True"", ""True"", ""True"", ""True"", ""True"", ""True"", ""True"", ""True"", ""True"", ""True""] | [""False"", ""True"", ""False"", ""True""] | [""False"", ""True"", ""True"", ""False"", ""True"", ""True""]"
account_move_open_vendor.csv,sap__khsupplierinvoice__ItemCollection__GrossAmount,1417,1417,0,30+,"JSON_ARRAY,VERY_LONG_TEXT","14000.000000 | 9900.800000 | [""29030.400000"", ""28448.000000"", ""29030.400000"", ""28448.000000""] | 66825.000000 | 4130.000000"
account_move_open_vendor.csv,sap__khsupplierinvoice__ItemCollection__GrossAmountCurrencyCode,1417,1417,0,4,,INR | JPY | USD | EUR
account_move_open_vendor.csv,sap__khsupplierinvoice__ItemCollection__GrossAmountCurrencyCodeText,1417,1417,0,4,,Indian Rupee | Yen | US Dollar | Euro
account_move_open_vendor.csv,sap__khsupplierinvoice__ItemCollection__GrossUnitPriceAmount,1417,1417,0,30+,"JSON_ARRAY,VERY_LONG_TEXT","14000.000000 | 190.400000 | [""302.400000"", ""284.480000"", ""302.400000"", ""284.480000""] | 66825.000000 | 826.000000"
account_move_open_vendor.csv,sap__khsupplierinvoice__ItemCollection__GrossUnitPriceBaseQuantity,1417,1417,0,11,JSON_ARRAY,"1.00000000000000 | 0.00000000000000 | [""0.00000000000000"", ""1.00000000000000"", ""1.00000000000000""] | [""0.00000000000000"", ""0.00000000000000"", ""1.00000000000000"", ""1.00000000000000"", ""1.00000000000000"", ""1.00000000000000""] | [""1.00000000000000"", ""0.00000000000000"", ""1.00000000000000"", ""1.00000000000000"", ""1.00000000000000"", ""1.00000000000000"", ""1.00000000000000""]"
account_move_open_vendor.csv,sap__khsupplierinvoice__ItemCollection__GrossUnitPriceBaseUnitCode,1417,1416,1,30+,"JSON_ARRAY,VERY_LONG_TEXT","ZNO | EA | KGM | [""ZNO"", ""ZNO"", ""ZNO"", ""ZNO"", ""ZNO"", ""ZNO"", ""ZNO"", ""ZNO"", ""ZNO"", ""MTR"", ""ZNO"", ""ZNO"", ""ZNO"", ""ZNO"", ""ZNO"", ""ZNO"", ""ZNO"", ""ZNO"", ""ZNO"", ""MTR""] | LTR"
account_move_open_vendor.csv,sap__khsupplierinvoice__ItemCollection__GrossUnitPriceCurrencyCode,1417,1417,0,4,,INR | JPY | USD | EUR
account_move_open_vendor.csv,sap__khsupplierinvoice__ItemCollection__ID,1417,1417,0,30+,"JSON_ARRAY,VERY_LONG_TEXT","[""1"", ""1.1""] | [""2"", ""1"", ""2.1"", ""1.1""] | [""DP-1"", ""1"", ""DP-1.1"", ""1.1""] | [""11"", ""10"", ""9"", ""8"", ""7"", ""6"", ""5"", ""4"", ""3"", ""2"", ""1"", ""11.1"", ""10.1"", ""9.1"", ""8.1"", ""7.1"", ""6.1"", ""5.1"", ""4.1"", ""3.1"", ""2.1"", ""1.1""] | [""4"", ""3"", ""2"", ""1"", ""4.1"", ""3.1"", ""2.1"", ""1.1""]"
account_move_open_vendor.csv,sap__khsupplierinvoice__ItemCollection__NetAmount,1417,1417,0,30+,"JSON_ARRAY,VERY_LONG_TEXT","14000.000000 | 8840.000000 | [""25920.000000"", ""25400.000000"", ""25920.000000"", ""25400.000000""] | 56631.360000 | 3500.000000"
account_move_open_vendor.csv,sap__khsupplierinvoice__ItemCollection__NetAmountCurrencyCode,1417,1417,0,4,,INR | JPY | USD | EUR
account_move_open_vendor.csv,sap__khsupplierinvoice__ItemCollection__NetAmountCurrencyCodeText,1417,1417,0,4,,Indian Rupee | Yen | US Dollar | Euro
account_move_open_vendor.csv,sap__khsupplierinvoice__ItemCollection__NetUnitPriceAmount,1417,1417,0,30+,"JSON_ARRAY,VERY_LONG_TEXT","14000.000000 | 170.000000 | [""270.000000"", ""254.000000"", ""270.000000"", ""254.000000""] | 56631.360000 | 700.000000"
account_move_open_vendor.csv,sap__khsupplierinvoice__ItemCollection__NetUnitPriceBaseQuantity,1417,1417,0,11,JSON_ARRAY,"1.00000000000000 | 0.00000000000000 | [""0.00000000000000"", ""1.00000000000000"", ""1.00000000000000""] | [""0.00000000000000"", ""0.00000000000000"", ""1.00000000000000"", ""1.00000000000000"", ""1.00000000000000"", ""1.00000000000000""] | [""1.00000000000000"", ""0.00000000000000"", ""1.00000000000000"", ""1.00000000000000"", ""1.00000000000000"", ""1.00000000000000"", ""1.00000000000000""]"
account_move_open_vendor.csv,sap__khsupplierinvoice__ItemCollection__NetUnitPriceBaseUnitCode,1417,1416,1,30+,"JSON_ARRAY,VERY_LONG_TEXT","ZNO | EA | KGM | [""ZNO"", ""ZNO"", ""ZNO"", ""ZNO"", ""ZNO"", ""ZNO"", ""ZNO"", ""ZNO"", ""ZNO"", ""MTR"", ""ZNO"", ""ZNO"", ""ZNO"", ""ZNO"", ""ZNO"", ""ZNO"", ""ZNO"", ""ZNO"", ""ZNO"", ""MTR""] | LTR"
account_move_open_vendor.csv,sap__khsupplierinvoice__ItemCollection__NetUnitPriceCurrencyCode,1417,1417,0,4,,INR | JPY | USD | EUR
account_move_open_vendor.csv,sap__khsupplierinvoice__ItemCollection__ObjectID,1417,1417,0,30+,"JSON_ARRAY,VERY_LONG_TEXT","[""00163E5F7A721ED98ECB6BF51CEE9F7F"", ""00163E5F7A721ED98ECB6BF51CF05F7F""] | [""00163E5F7A721EE99097C62323F59462"", ""00163E5F7A721EE99097C62323F97462""] | [""00163E5F7A721EE99097CEFA534F9467"", ""00163E5F7A721EE99097CEFA534FB467"", ""00163E5F7A721EE99097CEFA5355D467"", ""00163E5F7A721EE99097CEFA5356D467""] | [""00163E708BF91ED993A57DC26FAFDD75"", ""00163E708BF91ED993A57DC26FB1DD75""] | [""00163E708BF91EE991DB58EF12A34D8B"", ""00163E708BF91EE991DB58EF12A70D8B""]"
account_move_open_vendor.csv,sap__khsupplierinvoice__ItemCollection__ParentObjectID,1417,1417,0,30+,,00163E5F7A721ED98ECB6BF51CDF5F7F | 00163E5F7A721EE99097C62323DF1462 | 00163E5F7A721EE99097CEFA5339D467 | 00163E708BF91ED993A57DC26F9FBD75 | 00163E708BF91EE991DB58EF1291CD8B
account_move_open_vendor.csv,sap__khsupplierinvoice__ItemCollection__ProductCategoryInternalID,1417,958,459,30+,"JSON_ARRAY,VERY_LONG_TEXT",OTH | Z310 | Z360 | LED | 400
account_move_open_vendor.csv,sap__khsupplierinvoice__ItemCollection__ProductID,1417,795,622,30+,"JSON_ARRAY,VERY_LONG_TEXT","IJCHSLEDORD | CFNX0021XXXX | ["""", ""LTD1SRES530"", ""LTD3SRES501"", ""LTTTPL0042"", ""LTTTPL0041"", ""LTTTPL0039"", ""LTTTPL0038"", ""LTTTPL0037"", ""LTTTPL0035"", ""LTTTPL0055"", ""LTTTPL0005"", ""BGTPSLED701"", ""GCCSSRES811"", ""GCCOSRES801"", ""GCCSSLED604"", ""GCCSSCON309"", ""GCCSSCAP220"", ""GCFPSCAP219"", """", ""LTD1SRES530"", ""LTD3SRES501"", ""LTTTPL0042"", ""LTTTPL0041"", ""LTTTPL0039"", ""LTTTPL0038"", ""LTTTPL0037"", ""LTTTPL0035"", ""LTTTPL0055"", ""LTTTPL0005"", ""BGTPSLED701"", ""GCCSSRES811"", ""GCCOSRES801"", ""GCCSSLED604"", ""GCCSSCON309"", ""GCCSSCAP220"", ""GCFPSCAP219""] | ["""", ""LTTTPL0050"", """", ""LTTTPL0050""] | [""DLBMSCAP201"", ""LTC2SICS639"", ""LTCCSCAP112"", ""SIA5E00494668"", ""DLBMSCAP201"", ""LTC2SICS639"", ""LTCCSCAP112"", ""SIA5E00494668""]"
account_move_open_vendor.csv,sap__khsupplierinvoice__ItemCollection__ProductTypeCode,1417,964,453,7,JSON_ARRAY,"1 | [""2"", ""1"", ""1"", ""2"", ""1"", ""1""] | ["""", ""1"", """", ""1""] | 2 | ["""", ""1"", ""1"", ""1"", ""1"", ""1"", ""1"", ""1"", ""1"", ""1"", ""1"", ""1"", """", ""1"", ""1"", ""1"", ""1"", ""1"", ""1"", ""1"", ""1"", ""1"", ""1"", ""1""]"
account_move_open_vendor.csv,sap__khsupplierinvoice__ItemCollection__ProductTypeCodeText,1417,964,453,7,JSON_ARRAY,"Material | [""Service"", ""Material"", ""Material"", ""Service"", ""Material"", ""Material""] | ["""", ""Material"", """", ""Material""] | Service | ["""", ""Material"", ""Material"", ""Material"", ""Material"", ""Material"", ""Material"", ""Material"", ""Material"", ""Material"", ""Material"", ""Material"", """", ""Material"", ""Material"", ""Material"", ""Material"", ""Material"", ""Material"", ""Material"", ""Material"", ""Material"", ""Material"", ""Material""]"
account_move_open_vendor.csv,sap__khsupplierinvoice__ItemCollection__Quantity,1417,1417,0,30+,"JSON_ARRAY,VERY_LONG_TEXT","1.00000000000000 | 52.00000000000000 | [""96.00000000000000"", ""100.00000000000000"", ""96.00000000000000"", ""100.00000000000000""] | 5.00000000000000 | [""6.00000000000000"", ""10.00000000000000"", ""4.00000000000000"", ""5.00000000000000"", ""2.00000000000000"", ""1.00000000000000"", ""1.00000000000000"", ""3.00000000000000"", ""6.00000000000000"", ""43.00000000000000"", ""10.00000000000000"", ""6.00000000000000"", ""10.00000000000000"", ""4.00000000000000"", ""5.00000000000000"", ""2.00000000000000"", ""1.00000000000000"", ""1.00000000000000"", ""3.00000000000000"", ""6.00000000000000"", ""43.00000000000000"", ""10.00000000000000""]"
account_move_open_vendor.csv,sap__khsupplierinvoice__ItemCollection__QuantityUnitCode,1417,1416,1,30+,"JSON_ARRAY,VERY_LONG_TEXT","ZNO | EA | KGM | [""ZNO"", ""ZNO"", ""ZNO"", ""ZNO"", ""ZNO"", ""ZNO"", ""ZNO"", ""ZNO"", ""ZNO"", ""MTR"", ""ZNO"", ""ZNO"", ""ZNO"", ""ZNO"", ""ZNO"", ""ZNO"", ""ZNO"", ""ZNO"", ""ZNO"", ""MTR""] | LTR"
account_move_open_vendor.csv,sap__khsupplierinvoice__ItemCollection__QuantityUnitCodeText,1417,1416,1,30+,"JSON_ARRAY,VERY_LONG_TEXT","Number | Each | Kilogram | [""Number"", ""Number"", ""Number"", ""Number"", ""Number"", ""Number"", ""Number"", ""Number"", ""Number"", ""Meter"", ""Number"", ""Number"", ""Number"", ""Number"", ""Number"", ""Number"", ""Number"", ""Number"", ""Number"", ""Meter""] | Liter"
account_move_open_vendor.csv,sap__khsupplierinvoice__ItemCollection__TaxAmount,1417,1417,0,30+,"JSON_ARRAY,VERY_LONG_TEXT","0.000000 | 1060.800000 | [""3110.400000"", ""3048.000000"", ""3110.400000"", ""3048.000000""] | 10193.640000 | 630.000000"
account_move_open_vendor.csv,sap__khsupplierinvoice__ItemCollection__TaxAmountCurrencyCode,1417,1417,0,4,,INR | JPY | USD | EUR
account_move_open_vendor.csv,sap__khsupplierinvoice__ItemCollection__TaxAmountCurrencyCodeText,1417,1417,0,4,,Indian Rupee | Yen | US Dollar | Euro
account_move_open_vendor.csv,sap__khsupplierinvoice__ItemCollection__TypeCode,1417,1417,0,30+,JSON_ARRAY,"002 | 80 | [""79"", ""002"", ""79"", ""002""] | [""79"", ""79"", ""002"", ""79"", ""79"", ""002""] | [""006"", ""002"", ""006"", ""002""]"
account_move_open_vendor.csv,sap__khsupplierinvoice__ItemCollection__TypeCodeText,1417,1417,0,30+,JSON_ARRAY,"Invoice Item | Down Payment Request Item | [""Down Payment Credit Item"", ""Invoice Item"", ""Down Payment Credit Item"", ""Invoice Item""] | [""Down Payment Credit Item"", ""Down Payment Credit Item"", ""Invoice Item"", ""Down Payment Credit Item"", ""Down Payment Credit Item"", ""Invoice Item""] | [""Subsequent Credit Item"", ""Invoice Item"", ""Subsequent Credit Item"", ""Invoice Item""]"
account_move_open_vendor.csv,sap__khsupplierinvoice__ItemCollection__UUID,1417,1417,0,30+,"JSON_ARRAY,VERY_LONG_TEXT","[""00163E5F-7A72-1ED9-8ECB-6BF51CEE9F7F"", ""00163E5F-7A72-1ED9-8ECB-6BF51CF05F7F""] | [""00163E5F-7A72-1EE9-9097-C62323F59462"", ""00163E5F-7A72-1EE9-9097-C62323F97462""] | [""00163E5F-7A72-1EE9-9097-CEFA534F9467"", ""00163E5F-7A72-1EE9-9097-CEFA534FB467"", ""00163E5F-7A72-1EE9-9097-CEFA5355D467"", ""00163E5F-7A72-1EE9-9097-CEFA5356D467""] | [""00163E70-8BF9-1ED9-93A5-7DC26FAFDD75"", ""00163E70-8BF9-1ED9-93A5-7DC26FB1DD75""] | [""00163E70-8BF9-1EE9-91DB-58EF12A34D8B"", ""00163E70-8BF9-1EE9-91DB-58EF12A70D8B""]"
account_move_open_vendor.csv,sap__khsupplierinvoice__ItemTaxCalculationCollection__CountryCode,1417,1417,0,6,JSON_ARRAY,"IN | ["""", ""IN""] | ["""", """", ""IN""] | ["""", ""IN"", ""IN"", ""IN"", ""IN"", ""IN"", ""IN"", ""IN"", ""IN"", ""IN"", ""IN"", ""IN""] | ["""", ""IN"", ""IN""]"
account_move_open_vendor.csv,sap__khsupplierinvoice__ItemTaxCalculationCollection__CountryCodeText,1417,1417,0,6,JSON_ARRAY,"India | ["""", ""India""] | ["""", """", ""India""] | ["""", ""India"", ""India"", ""India"", ""India"", ""India"", ""India"", ""India"", ""India"", ""India"", ""India"", ""India""] | ["""", ""India"", ""India""]"
account_move_open_vendor.csv,sap__khsupplierinvoice__ItemTaxCalculationCollection__ObjectID,1417,1417,0,30+,"JSON_ARRAY,VERY_LONG_TEXT","00163E5F7A721ED98ECB6BF51CEE9F7F | 00163E5F7A721EE99097C62323F59462 | [""00163E5F7A721EE99097CEFA534F9467"", ""00163E5F7A721EE99097CEFA534FB467""] | 00163E708BF91ED993A57DC26FAFDD75 | 00163E708BF91EE991DB58EF12A34D8B"
account_move_open_vendor.csv,sap__khsupplierinvoice__ItemTaxCalculationCollection__ParentObjectID,1417,1417,0,30+,,00163E5F7A721ED98ECB6BF51CDF5F7F | 00163E5F7A721EE99097C62323DF1462 | 00163E5F7A721EE99097CEFA5339D467 | 00163E708BF91ED993A57DC26F9FBD75 | 00163E708BF91EE991DB58EF1291CD8B
account_move_open_vendor.csv,sap__khsupplierinvoice__ItemTaxCalculationCollection__TaxJurisdictionCode,1417,0,1417,0,,
account_move_open_vendor.csv,sap__khsupplierinvoice__ItemTaxCalculationCollection__TaxJurisdictionCodeText,1417,0,1417,0,,
account_move_open_vendor.csv,sap__khsupplierinvoice__ItemTaxCalculationCollection__TaxationCode,1417,1417,0,30+,JSON_ARRAY,"2 | 84 | ["""", ""2""] | [""84"", ""2""] | 83"
account_move_open_vendor.csv,sap__khsupplierinvoice__ItemTaxCalculationCollection__TaxationCodeText,1417,0,1417,0,,
account_move_open_vendor.csv,sap__khsupplierinvoice__ItemTaxCalculationCollection__WithholdingTaxCode,1417,1289,128,26,JSON_ARRAY,"2 | 1 | [""2"", ""1""] | [""2"", ""2"", ""1""] | [""2"", """"]"
account_move_open_vendor.csv,sap__khsupplierinvoice__ItemTaxCalculationCollection__WithholdingTaxCodeText,1417,1289,128,26,"JSON_ARRAY,VERY_LONG_TEXT","Provided Automatically by Tax Calculation Service | Provided by an Unspecified External Source | [""Provided Automatically by Tax Calculation Service"", ""Provided by an Unspecified External Source""] | [""Provided Automatically by Tax Calculation Service"", ""Provided Automatically by Tax Calculation Service"", ""Provided by an Unspecified External Source""] | [""Provided Automatically by Tax Calculation Service"", """"]"
account_move_open_vendor.csv,sap__khsupplierinvoice__PurchaseOrderReferenceCollection__BusinessTransactionDocumentRelationshipRoleCode,1417,1417,0,30+,"JSON_ARRAY,VERY_LONG_TEXT","[""7"", ""1""] | [""7"", ""7"", ""1"", ""3"", ""1"", ""1"", ""3""] | [""7"", ""7"", ""1"", ""3"", ""3"", ""1"", ""1""] | [""7"", ""1"", ""1"", ""3""] | [""7"", ""1"", ""1""]"
account_move_open_vendor.csv,sap__khsupplierinvoice__PurchaseOrderReferenceCollection__BusinessTransactionDocumentRelationshipRoleCodeText,1417,1417,0,30+,"JSON_ARRAY,VERY_LONG_TEXT","[""Business Partner Document"", ""Predecessor""] | [""Business Partner Document"", ""Business Partner Document"", ""Predecessor"", ""Used Document"", ""Predecessor"", ""Predecessor"", ""Used Document""] | [""Business Partner Document"", ""Business Partner Document"", ""Predecessor"", ""Used Document"", ""Used Document"", ""Predecessor"", ""Predecessor""] | [""Business Partner Document"", ""Predecessor"", ""Predecessor"", ""Used Document""] | [""Business Partner Document"", ""Predecessor"", ""Predecessor""]"
account_move_open_vendor.csv,sap__khsupplierinvoice__PurchaseOrderReferenceCollection__ID,1417,1417,0,30+,"JSON_ARRAY,VERY_LONG_TEXT","[""6/2018/GOA-IPB/373"", ""28""] | [""558/18-19"", ""558/18-19"", ""30000001"", ""488"", ""155"", ""36"", ""1""] | [""531/18-19"", ""531/18-19"", ""30000144"", ""498"", ""168"", ""143"", ""42""] | [""PI:05"", ""390""] | [""78"", ""30000162"", ""319"", ""225""]"
account_move_open_vendor.csv,sap__khsupplierinvoice__PurchaseOrderReferenceCollection__ObjectID,1417,1417,0,30+,"JSON_ARRAY,VERY_LONG_TEXT","[""00163E5F7A721ED98ECB6BF51CECDF7F"", ""00163E5F7A721ED98ECB6BF51CF15F7F""] | [""00163E5F7A721EE99097C62323F2B462"", ""00163E5F7A721EE99097C62323FB7462"", ""00163E5F7A721EE99097C62323FB9462"", ""00163E5F7A721EE99097C62323FBB462"", ""00163E5F7A721EE99097C62323FBD462"", ""00163E5F7A721EE99097C62323FBF462"", ""00163E5F7A721EE99097C62323FC1462""] | [""00163E5F7A721EE99097CEFA534C9467"", ""00163E5F7A721EE99097CF0DF4ED7467"", ""00163E5F7A721EE99097CF0DF4ED9467"", ""00163E5F7A721EE99097CF0DF4EDB467"", ""00163E5F7A721EE99097CF0DF4EDD467"", ""00163E5F7A721EE99097CF0DF4EDF467"", ""00163E5F7A721EE99097CF0DF4EE1467""] | [""00163E708BF91ED993A57DC26FADDD75"", ""00163E708BF91ED993A57DC26FB2DD75""] | [""00163E708BF91EE991DB58EF12A06D8B"", ""00163E708BF91EE991DB58EF12A84D8B"", ""00163E708BF91EE991DB58EF12A86D8B"", ""00163E708BF91EE991DB58EF12A88D8B""]"
account_move_open_vendor.csv,sap__khsupplierinvoice__PurchaseOrderReferenceCollection__ParentObjectID,1417,1417,0,30+,,00163E5F7A721ED98ECB6BF51CDF5F7F | 00163E5F7A721EE99097C62323DF1462 | 00163E5F7A721EE99097CEFA5339D467 | 00163E708BF91ED993A57DC26F9FBD75 | 00163E708BF91EE991DB58EF1291CD8B
account_move_open_vendor.csv,sap__khsupplierinvoice__PurchaseOrderReferenceCollection__TypeCode,1417,1417,0,30+,"JSON_ARRAY,VERY_LONG_TEXT","[""28"", ""004""] | [""28"", ""73"", ""001"", ""128"", ""004"", ""282"", ""128""] | [""28"", ""73"", ""001"", ""128"", ""128"", ""004"", ""282""] | [""28"", ""817""] | [""28"", ""001"", ""004"", ""128""]"
account_move_open_vendor.csv,sap__khsupplierinvoice__PurchaseOrderReferenceCollection__TypeCodeText,1417,1417,0,30+,"JSON_ARRAY,VERY_LONG_TEXT","[""Customer Invoice"", ""Invoice""] | [""Customer Invoice"", ""Outbound Delivery"", ""Purchase Order"", ""Supplier Invoice Request"", ""Invoice"", ""Goods And Service Confirmation"", ""Supplier Invoice Request""] | [""Customer Invoice"", ""Outbound Delivery"", ""Purchase Order"", ""Supplier Invoice Request"", ""Supplier Invoice Request"", ""Invoice"", ""Goods And Service Confirmation""] | [""Customer Invoice"", ""Down Payment Request""] | [""Customer Invoice"", ""Purchase Order"", ""Invoice"", ""Supplier Invoice Request""]"
account_move_open_vendor.csv,sap__khsupplierinvoice__PurchaseOrderReferenceCollection__UUID,1417,1362,55,30+,"JSON_ARRAY,VERY_LONG_TEXT","["""", ""00163E5F-7A72-1ED9-8BEC-4387099E81A5""] | ["""", """", ""00163E5F-7A72-1EE9-8AF1-D3E4A26C82E1"", ""00163E5F-7A8F-1EE9-8F95-88148C5C8E07"", ""00163E5F-7A72-1EE9-8FDE-AA36C86D33AE"", ""00163E5F-7A72-1EE9-8F95-8118BCEAEEEE"", ""00163E5F-7A8F-1EE9-8B84-7286A1F48408""] | ["""", """", ""00163E5F-7A72-1EE9-8CE9-465FA0DEEE34"", ""00163E5F-7A8F-1EE9-8F95-B86B9DEC4EDD"", ""00163E5F-7A8F-1ED9-8CEA-AB4A95D32278"", ""00163E5F-7A72-1EE9-8F96-81FA966053A6"", ""00163E5F-7A72-1EE9-8F95-B53F3F054FC0""] | ["""", ""00163E70-8BF9-1EE9-938B-63717BA00A20""] | ["""", ""00163E5F-7A72-1ED9-8CFF-92DAB68FF2F4"", ""00163E70-8BF9-1EE9-91DB-129EFE22CC26"", ""00163E5F-7A8F-1ED9-8D9D-B85B25B2CBE4""]"
account_move_open_vendor.csv,sap__khsupplierinvoice__SellerPartyCollection__ObjectID,1417,1417,0,30+,JSON_ARRAY,"[""00163E5F7A721ED98ECB6BF51CE61F7F"", ""00163E5F7A721ED98ECB6BF51CE63F7F"", ""00163E5F7A721ED98ECB6BF51CE65F7F"", ""00163E5F7A721ED98ECB6BF51CE77F7F"", ""00163E5F7A721ED98ECB6BF51CE8DF7F"", ""00163E5F7A721ED98ECB6BF51CE8FF7F"", ""00163E5F7A721ED98ECB6BF51CEA1F7F""] | [""00163E5F7A721EE99097C62323EBF462"", ""00163E5F7A721EE99097C62323EC1462"", ""00163E5F7A721EE99097C62323EC3462"", ""00163E5F7A721EE99097C62323ED5462"", ""00163E5F7A721EE99097C62323EEB462"", ""00163E5F7A721EE99097C62323EED462"", ""00163E5F7A721EE99097C62323EFF462""] | [""00163E5F7A721EE99097CEFA5345D467"", ""00163E5F7A721EE99097CEFA5345F467"", ""00163E5F7A721EE99097CEFA53461467"", ""00163E5F7A721EE99097CEFA53473467"", ""00163E5F7A721EE99097CEFA53489467"", ""00163E5F7A721EE99097CEFA5348B467"", ""00163E5F7A721EE99097CEFA5349D467""] | [""00163E708BF91ED993A57DC26FA73D75"", ""00163E708BF91ED993A57DC26FA75D75"", ""00163E708BF91ED993A57DC26FA77D75"", ""00163E708BF91ED993A57DC26FA89D75"", ""00163E708BF91ED993A57DC26FA9FD75"", ""00163E708BF91ED993A57DC26FAA1D75"", ""00163E708BF91ED993A57DC26FAB3D75""] | [""00163E708BF91EE991DB58EF1299AD8B"", ""00163E708BF91EE991DB58EF1299CD8B"", ""00163E708BF91EE991DB58EF1299ED8B"", ""00163E708BF91EE991DB58EF129B0D8B"", ""00163E708BF91EE991DB58EF129C6D8B"", ""00163E708BF91EE991DB58EF129C8D8B"", ""00163E708BF91EE991DB58EF129DAD8B""]"
account_move_open_vendor.csv,sap__khsupplierinvoice__SellerPartyCollection__ParentObjectID,1417,1417,0,30+,,00163E5F7A721ED98ECB6BF51CDF5F7F | 00163E5F7A721EE99097C62323DF1462 | 00163E5F7A721EE99097CEFA5339D467 | 00163E708BF91ED993A57DC26F9FBD75 | 00163E708BF91EE991DB58EF1291CD8B
account_move_open_vendor.csv,sap__khsupplierinvoice__SellerPartyCollection__PartyID,1417,1417,0,30+,JSON_ARRAY,"[""70000"", ""70000"", ""4000090"", ""4000090"", ""70000"", ""4000090"", ""G185""] | [""70000"", ""70000"", ""2009777"", ""2009777"", ""70000"", ""2009777"", ""G185""] | [""70000"", ""70000"", ""5030111"", ""5030111"", ""70000"", ""5030111"", ""7000003""] | [""70000"", ""70000"", ""2014993"", ""2014993"", ""70000"", ""2014993"", ""G185""] | [""70000"", ""70000"", ""5030111"", ""5030111"", ""70000"", ""5030111"", ""G185""]"
account_move_open_vendor.csv,sap__khsupplierinvoice__SupplierInvoiceExceptionReferenceCollection__ObjectID,1417,1417,0,30+,"JSON_ARRAY,VERY_LONG_TEXT","[""00163E5F7A721ED98ECB6BF51CECDF7F"", ""00163E5F7A721ED98ECB6BF51CF15F7F""] | [""00163E5F7A721EE99097C62323F2B462"", ""00163E5F7A721EE99097C62323FB7462"", ""00163E5F7A721EE99097C62323FB9462"", ""00163E5F7A721EE99097C62323FBB462"", ""00163E5F7A721EE99097C62323FBD462"", ""00163E5F7A721EE99097C62323FBF462"", ""00163E5F7A721EE99097C62323FC1462""] | [""00163E5F7A721EE99097CEFA534C9467"", ""00163E5F7A721EE99097CF0DF4ED7467"", ""00163E5F7A721EE99097CF0DF4ED9467"", ""00163E5F7A721EE99097CF0DF4EDB467"", ""00163E5F7A721EE99097CF0DF4EDD467"", ""00163E5F7A721EE99097CF0DF4EDF467"", ""00163E5F7A721EE99097CF0DF4EE1467""] | [""00163E708BF91ED993A57DC26FADDD75"", ""00163E708BF91ED993A57DC26FB2DD75""] | [""00163E708BF91EE991DB58EF12A06D8B"", ""00163E708BF91EE991DB58EF12A84D8B"", ""00163E708BF91EE991DB58EF12A86D8B"", ""00163E708BF91EE991DB58EF12A88D8B""]"
account_move_open_vendor.csv,sap__khsupplierinvoice__SupplierInvoiceExceptionReferenceCollection__ParentObjectID,1417,1417,0,30+,,00163E5F7A721ED98ECB6BF51CDF5F7F | 00163E5F7A721EE99097C62323DF1462 | 00163E5F7A721EE99097CEFA5339D467 | 00163E708BF91ED993A57DC26F9FBD75 | 00163E708BF91EE991DB58EF1291CD8B
account_move_vendor_bill.csv,id,55261,55261,0,30+,,sap_vinv_00163E5F7A721ED98B840301263744D9 | sap_vinv_00163E5F7A721ED98B85328EE7C16A81 | sap_vinv_00163E5F7A721ED98B87F06BC86797C0 | sap_vinv_00163E5F7A721ED98B8861DB83E4D9DA | sap_vinv_00163E5F7A721ED98B888B500C09DAB8
account_move_vendor_bill.csv,partner_id/id,55261,55261,0,30+,,sap_bp_5022451 | sap_bp_5012433 | sap_bp_5012402 | sap_bp_5031456 | sap_bp_5029820
account_move_vendor_bill.csv,invoice_date,55261,55247,14,30+,,2018-12-31 | 2019-02-01 | 2019-02-02 | 2019-02-04 | 2019-02-05
account_move_vendor_bill.csv,move_type,55261,55261,0,1,,in_invoice
account_move_vendor_bill.csv,state,55261,55261,0,1,,posted
account_move_vendor_bill.csv,currency_id/id,55261,55258,3,5,,base.INR | base.USD | base.EUR | base.JPY | base.SGD
account_move_vendor_bill.csv,amount_total,55261,55261,0,30+,,895778.820000 | 6475.000000 | 85305.000000 | 289940.000000 | 14549.000000
account_move_vendor_bill.csv,sap__khsupplierinvoice__SupplierInvoiceCollection__ApprovalStatusCode,55261,55261,0,2,,1 | 2
account_move_vendor_bill.csv,sap__khsupplierinvoice__SupplierInvoiceCollection__ApprovalStatusCodeText,55261,55261,0,2,,Not Started | Approval not Necessary
account_move_vendor_bill.csv,sap__khsupplierinvoice__SupplierInvoiceCollection__CancellationDocumentIndicator,55261,55261,0,2,,False | True
account_move_vendor_bill.csv,sap__khsupplierinvoice__SupplierInvoiceCollection__CreationDateTime,55261,55261,0,30+,,2019-02-09 04:48:03 | 2019-02-09 05:19:42 | 2019-02-09 07:59:56 | 2019-02-09 08:25:39 | 2019-02-09 08:33:41
account_move_vendor_bill.csv,sap__khsupplierinvoice__SupplierInvoiceCollection__DataOriginTypeCode,55261,55261,0,2,,1 | 19
account_move_vendor_bill.csv,sap__khsupplierinvoice__SupplierInvoiceCollection__DataOriginTypeCodeText,55261,55261,0,2,,Manual data entry | External application
account_move_vendor_bill.csv,sap__khsupplierinvoice__SupplierInvoiceCollection__ID,55261,55261,0,30+,,1 | 2 | 3 | 4 | 5
account_move_vendor_bill.csv,sap__khsupplierinvoice__SupplierInvoiceCollection__InvoiceDate,55261,55247,14,30+,,2018-12-31 00:00:00 | 2019-02-01 00:00:00 | 2019-02-02 00:00:00 | 2019-02-04 00:00:00 | 2019-02-05 00:00:00
account_move_vendor_bill.csv,sap__khsupplierinvoice__SupplierInvoiceCollection__InvoiceDescription,55261,55196,65,30+,,Supp of Packg labours- Jan'19 | Supp  of water thru tanker- Jan'19 | Transport facility - Jan'19 | Supp of Lunch/Dinner to co emp-Jan'19 | Supp of  Breakfast fr 1st shift Jan'19
account_move_vendor_bill.csv,sap__khsupplierinvoice__SupplierInvoiceCollection__ItemsGrossAmountIndicator,55261,55261,0,2,,True | False
account_move_vendor_bill.csv,sap__khsupplierinvoice__SupplierInvoiceCollection__LifeCycleStatusCode,55261,55261,0,7,,7 | 12 | 9 | 8 | 11
account_move_vendor_bill.csv,sap__khsupplierinvoice__SupplierInvoiceCollection__LifeCycleStatusCodeText,55261,55261,0,7,,Voided | Paid | Canceled | Posted | Partially Paid
account_move_vendor_bill.csv,sap__khsupplierinvoice__SupplierInvoiceCollection__ObjectID,55261,55261,0,30+,,00163E5F7A721ED98B840301263744D9 | 00163E5F7A721ED98B85328EE7C16A81 | 00163E5F7A721ED98B87F06BC86797C0 | 00163E5F7A721ED98B8861DB83E4D9DA | 00163E5F7A721ED98B888B500C09DAB8
account_move_vendor_bill.csv,sap__khsupplierinvoice__SupplierInvoiceCollection__PostingStatusCode,55261,55261,0,3,,2 | 3 | 1
account_move_vendor_bill.csv,sap__khsupplierinvoice__SupplierInvoiceCollection__PostingStatusCodeText,55261,55261,0,3,,Voided | Posted | Not Posted
account_move_vendor_bill.csv,sap__khsupplierinvoice__SupplierInvoiceCollection__ReceiptDate,55261,55261,0,30+,,2019-02-07 00:00:00 | 2019-02-04 00:00:00 | 2019-02-09 00:00:00 | 2019-02-11 00:00:00 | 2019-02-02 00:00:00
account_move_vendor_bill.csv,sap__khsupplierinvoice__SupplierInvoiceCollection__TotalGrossAmount,55261,55261,0,30+,,1057019.000000 | 6475.000000 | 85305.000000 | 289940.000000 | 14549.000000
account_move_vendor_bill.csv,sap__khsupplierinvoice__SupplierInvoiceCollection__TotalGrossAmountCurrencyCode,55261,55258,3,5,,INR | USD | EUR | JPY | SGD
account_move_vendor_bill.csv,sap__khsupplierinvoice__SupplierInvoiceCollection__TotalGrossAmountCurrencyCodeText,55261,55258,3,5,,Indian Rupee | US Dollar | Euro | Yen | Singapore Dollar
account_move_vendor_bill.csv,sap__khsupplierinvoice__SupplierInvoiceCollection__TotalNetAmount,55261,55261,0,30+,,895778.820000 | 6475.000000 | 85305.000000 | 289940.000000 | 14549.000000
account_move_vendor_bill.csv,sap__khsupplierinvoice__SupplierInvoiceCollection__TotalNetAmountCurrencyCode,55261,55258,3,5,,INR | USD | EUR | JPY | SGD
account_move_vendor_bill.csv,sap__khsupplierinvoice__SupplierInvoiceCollection__TotalNetAmountCurrencyCodeText,55261,55258,3,5,,Indian Rupee | US Dollar | Euro | Yen | Singapore Dollar
account_move_vendor_bill.csv,sap__khsupplierinvoice__SupplierInvoiceCollection__TotalTaxAmount,55261,55261,0,30+,,161240.180000 | 0.000000 | 615.200000 | 170.000000 | 526.580000
account_move_vendor_bill.csv,sap__khsupplierinvoice__SupplierInvoiceCollection__TotalTaxAmountCurrencyCode,55261,55258,3,5,,INR | USD | EUR | JPY | SGD
account_move_vendor_bill.csv,sap__khsupplierinvoice__SupplierInvoiceCollection__TotalTaxAmountCurrencyCodeText,55261,55258,3,5,,Indian Rupee | US Dollar | Euro | Yen | Singapore Dollar
account_move_vendor_bill.csv,sap__khsupplierinvoice__SupplierInvoiceCollection__TransactionDate,55261,55247,14,30+,,2019-02-09 00:00:00 | 2019-02-11 00:00:00 | 2019-02-12 00:00:00 | 2019-02-04 00:00:00 | 2019-02-13 00:00:00
account_move_vendor_bill.csv,sap__khsupplierinvoice__SupplierInvoiceCollection__TypeCode,55261,55261,0,4,,004 | 817 | 005 | 539
account_move_vendor_bill.csv,sap__khsupplierinvoice__SupplierInvoiceCollection__TypeCodeText,55261,55261,0,4,,Invoice | Down Payment Request | Credit Memo | Customs Duty Invoice
account_move_vendor_bill.csv,sap__khsupplierinvoice__SupplierInvoiceCollection__UUID,55261,55261,0,30+,,00163E5F-7A72-1ED9-8B84-0301263744D9 | 00163E5F-7A72-1ED9-8B85-328EE7C16A81 | 00163E5F-7A72-1ED9-8B87-F06BC86797C0 | 00163E5F-7A72-1ED9-8B88-61DB83E4D9DA | 00163E5F-7A72-1ED9-8B88-8B500C09DAB8
account_move_vendor_bill.csv,sap__khsupplierinvoice__BillToPartyCollection__ObjectID,55261,55261,0,30+,JSON_ARRAY,"[""00163E5F7A721ED98B840301263784D9"", ""00163E5F7A721ED98B840301263844D9"", ""00163E5F7A721ED98B840301263AA4D9"", ""00163E5F7A721ED98B840301263AC4D9"", ""00163E5F7A721ED98B8404AB153344D9"", ""00163E5F7A721ED98B8404AB1537A4D9"", ""00163E5F7A721ED98B8404AB1537C4D9"", ""00163E5F7A721EE98BCFDAF6D8027C08""] | [""00163E5F7A721ED98B85328EE7C1AA81"", ""00163E5F7A721ED98B85328EE7C26A81"", ""00163E5F7A721ED98B85328EE7C4CA81"", ""00163E5F7A721ED98B85328EE7C4EA81"", ""00163E5F7A721ED98B8533B76BAFCA81"", ""00163E5F7A721ED98B8533B76BB4CA81"", ""00163E5F7A721ED98B8533B76BB4EA81""] | [""00163E5F7A721ED98B87F06BC867D7C0"", ""00163E5F7A721ED98B87F06BC86897C0"", ""00163E5F7A721ED98B87F06BC86AF7C0"", ""00163E5F7A721ED98B87F06BC86B17C0"", ""00163E5F7A721ED98B87F160BDB617C0"", ""00163E5F7A721ED98B87F160BDBA77C0"", ""00163E5F7A721ED98B87F160BDBA97C0""] | [""00163E5F7A721ED98B8861DB83E519DA"", ""00163E5F7A721ED98B8861DB83E5D9DA"", ""00163E5F7A721ED98B8861DB83E839DA"", ""00163E5F7A721ED98B8861DB83E859DA"", ""00163E5F7A721ED98B8864077C2E19DC"", ""00163E5F7A721ED98B8864077C3279DC"", ""00163E5F7A721ED98B8864077C3299DC""] | [""00163E5F7A721ED98B888B500C0A1AB8"", ""00163E5F7A721ED98B888B500C0ADAB8"", ""00163E5F7A721ED98B888B500C0D3AB8"", ""00163E5F7A721ED98B888B500C0D5AB8"", ""00163E5F7A721ED98B888C879641DAB8"", ""00163E5F7A721ED98B888C8796463AB8"", ""00163E5F7A721ED98B888C8796465AB8""]"
account_move_vendor_bill.csv,sap__khsupplierinvoice__BillToPartyCollection__ParentObjectID,55261,55261,0,30+,,00163E5F7A721ED98B840301263744D9 | 00163E5F7A721ED98B85328EE7C16A81 | 00163E5F7A721ED98B87F06BC86797C0 | 00163E5F7A721ED98B8861DB83E4D9DA | 00163E5F7A721ED98B888B500C09DAB8
account_move_vendor_bill.csv,sap__khsupplierinvoice__BillToPartyCollection__PartyID,55261,55261,0,30+,JSON_ARRAY,"[""70000"", ""G185"", ""70000"", ""70000"", ""5022451"", ""5022451"", ""5022451"", """"] | [""70000"", ""G113"", ""70000"", ""70000"", ""5012433"", ""5012433"", ""5012433""] | [""70000"", ""G113"", ""70000"", ""70000"", ""5012402"", ""5012402"", ""5012402""] | [""70000"", ""G113"", ""70000"", ""70000"", ""5031456"", ""5031456"", ""5031456""] | [""70000"", ""G113"", ""70000"", ""70000"", ""5029820"", ""5029820"", ""5029820""]"
account_move_vendor_bill.csv,sap__khsupplierinvoice__BuyerPartyCollection__ObjectID,55261,55261,0,30+,JSON_ARRAY,"[""00163E5F7A721ED98B840301263784D9"", ""00163E5F7A721ED98B840301263844D9"", ""00163E5F7A721ED98B840301263AA4D9"", ""00163E5F7A721ED98B840301263AC4D9"", ""00163E5F7A721ED98B8404AB153344D9"", ""00163E5F7A721ED98B8404AB1537A4D9"", ""00163E5F7A721ED98B8404AB1537C4D9"", ""00163E5F7A721EE98BCFDAF6D8027C08""] | [""00163E5F7A721ED98B85328EE7C1AA81"", ""00163E5F7A721ED98B85328EE7C26A81"", ""00163E5F7A721ED98B85328EE7C4CA81"", ""00163E5F7A721ED98B85328EE7C4EA81"", ""00163E5F7A721ED98B8533B76BAFCA81"", ""00163E5F7A721ED98B8533B76BB4CA81"", ""00163E5F7A721ED98B8533B76BB4EA81""] | [""00163E5F7A721ED98B87F06BC867D7C0"", ""00163E5F7A721ED98B87F06BC86897C0"", ""00163E5F7A721ED98B87F06BC86AF7C0"", ""00163E5F7A721ED98B87F06BC86B17C0"", ""00163E5F7A721ED98B87F160BDB617C0"", ""00163E5F7A721ED98B87F160BDBA77C0"", ""00163E5F7A721ED98B87F160BDBA97C0""] | [""00163E5F7A721ED98B8861DB83E519DA"", ""00163E5F7A721ED98B8861DB83E5D9DA"", ""00163E5F7A721ED98B8861DB83E839DA"", ""00163E5F7A721ED98B8861DB83E859DA"", ""00163E5F7A721ED98B8864077C2E19DC"", ""00163E5F7A721ED98B8864077C3279DC"", ""00163E5F7A721ED98B8864077C3299DC""] | [""00163E5F7A721ED98B888B500C0A1AB8"", ""00163E5F7A721ED98B888B500C0ADAB8"", ""00163E5F7A721ED98B888B500C0D3AB8"", ""00163E5F7A721ED98B888B500C0D5AB8"", ""00163E5F7A721ED98B888C879641DAB8"", ""00163E5F7A721ED98B888C8796463AB8"", ""00163E5F7A721ED98B888C8796465AB8""]"
account_move_vendor_bill.csv,sap__khsupplierinvoice__BuyerPartyCollection__ParentObjectID,55261,55261,0,30+,,00163E5F7A721ED98B840301263744D9 | 00163E5F7A721ED98B85328EE7C16A81 | 00163E5F7A721ED98B87F06BC86797C0 | 00163E5F7A721ED98B8861DB83E4D9DA | 00163E5F7A721ED98B888B500C09DAB8
account_move_vendor_bill.csv,sap__khsupplierinvoice__BuyerPartyCollection__PartyID,55261,55261,0,30+,JSON_ARRAY,"[""70000"", ""G185"", ""70000"", ""70000"", ""5022451"", ""5022451"", ""5022451"", """"] | [""70000"", ""G113"", ""70000"", ""70000"", ""5012433"", ""5012433"", ""5012433""] | [""70000"", ""G113"", ""70000"", ""70000"", ""5012402"", ""5012402"", ""5012402""] | [""70000"", ""G113"", ""70000"", ""70000"", ""5031456"", ""5031456"", ""5031456""] | [""70000"", ""G113"", ""70000"", ""70000"", ""5029820"", ""5029820"", ""5029820""]"
account_move_vendor_bill.csv,sap__khsupplierinvoice__CashDiscountTermsCollection__Code,55261,54286,975,24,,0001 | Z029 | Z005 | Z013 | Z026
account_move_vendor_bill.csv,sap__khsupplierinvoice__CashDiscountTermsCollection__CodeText,55261,54286,975,22,,"Due net payable immediately | Referred Terms of Payment Text | 30 days from the date of invoice subject to acceptance | 07 days from the date of invoice subject to acceptance | 15days from the dt of Invoice,subject to acceptance"
account_move_vendor_bill.csv,sap__khsupplierinvoice__CashDiscountTermsCollection__FullPaymentEndDate,55261,55251,10,30+,,2019-02-07 00:00:00 | 2019-02-04 00:00:00 | 2019-02-09 00:00:00 | 2019-02-11 00:00:00 | 2019-02-02 00:00:00
account_move_vendor_bill.csv,sap__khsupplierinvoice__CashDiscountTermsCollection__ObjectID,55261,55261,0,30+,,00163E5F7A721ED98B840301263C04D9 | 00163E5F7A721ED98B85328EE7C62A81 | 00163E5F7A721ED98B87F06BC86C57C0 | 00163E5F7A721ED98B8861DB83E999DA | 00163E5F7A721ED98B888B500C0E9AB8
account_move_vendor_bill.csv,sap__khsupplierinvoice__CashDiscountTermsCollection__ParentObjectID,55261,55261,0,30+,,00163E5F7A721ED98B840301263744D9 | 00163E5F7A721ED98B85328EE7C16A81 | 00163E5F7A721ED98B87F06BC86797C0 | 00163E5F7A721ED98B8861DB83E4D9DA | 00163E5F7A721ED98B888B500C09DAB8
account_move_vendor_bill.csv,sap__khsupplierinvoice__CashDiscountTermsCollection__PaymentBaselineDate,55261,55251,10,30+,,2019-02-07 00:00:00 | 2019-02-04 00:00:00 | 2019-02-09 00:00:00 | 2019-02-11 00:00:00 | 2019-02-02 00:00:00
account_move_vendor_bill.csv,sap__khsupplierinvoice__ConfirmedInboundDeliveryReferenceCollection__BusinessTransactionDocumentRelationshipRoleCode,55261,55261,0,30+,"JSON_ARRAY,VERY_LONG_TEXT","7 | [""7"", ""2""] | [""7"", ""10"", ""2""] | [""7"", ""10""] | [""7"", ""2"", ""2""]"
account_move_vendor_bill.csv,sap__khsupplierinvoice__ConfirmedInboundDeliveryReferenceCollection__BusinessTransactionDocumentRelationshipRoleCodeText,55261,55261,0,30+,"JSON_ARRAY,VERY_LONG_TEXT","Business Partner Document | [""Business Partner Document"", ""Successor""] | [""Business Partner Document"", ""Exception"", ""Successor""] | [""Business Partner Document"", ""Exception""] | [""Business Partner Document"", ""Successor"", ""Successor""]"
account_move_vendor_bill.csv,sap__khsupplierinvoice__ConfirmedInboundDeliveryReferenceCollection__ID,55261,55261,0,30+,"JSON_ARRAY,VERY_LONG_TEXT","9277/7/79/80/9281 | [""366"", ""70""] | [""295"", ""123""] | [""1/18-19/JANUARY"", ""127""] | [""JAN''19"", ""129""]"
account_move_vendor_bill.csv,sap__khsupplierinvoice__ConfirmedInboundDeliveryReferenceCollection__ObjectID,55261,55261,0,30+,"JSON_ARRAY,VERY_LONG_TEXT","00163E5F7A721ED98B84088F206BA4DD | [""00163E5F7A721ED98B8534D69DB0AA82"", ""00163E5F7A8F1EE98CE908F81F491CA7""] | [""00163E5F7A721ED98B87F2EF0D8F97C6"", ""00163E5F7A8F1EE98E97018A218756F9""] | [""00163E5F7A721ED98B8867321111D9DE"", ""00163E5F7A8F1EE98E97018C63B8D6F9""] | [""00163E5F7A721ED98B88A643181DBB2E"", ""00163E5F7A8F1EE98E970189D11316F9""]"
account_move_vendor_bill.csv,sap__khsupplierinvoice__ConfirmedInboundDeliveryReferenceCollection__ParentObjectID,55261,55261,0,30+,,00163E5F7A721ED98B840301263744D9 | 00163E5F7A721ED98B85328EE7C16A81 | 00163E5F7A721ED98B87F06BC86797C0 | 00163E5F7A721ED98B8861DB83E4D9DA | 00163E5F7A721ED98B888B500C09DAB8
account_move_vendor_bill.csv,sap__khsupplierinvoice__ConfirmedInboundDeliveryReferenceCollection__TypeCode,55261,55261,0,30+,"JSON_ARRAY,VERY_LONG_TEXT","28 | [""28"", ""36""] | [""28"", ""106"", ""36""] | [""28"", ""106""] | [""28"", ""004"", ""36""]"
account_move_vendor_bill.csv,sap__khsupplierinvoice__ConfirmedInboundDeliveryReferenceCollection__TypeCodeText,55261,55261,0,30+,"JSON_ARRAY,VERY_LONG_TEXT","Customer Invoice | [""Customer Invoice"", ""Clearing""] | [""Customer Invoice"", ""Invoice Exception"", ""Clearing""] | [""Customer Invoice"", ""Invoice Exception""] | [""Customer Invoice"", ""Invoice"", ""Clearing""]"
account_move_vendor_bill.csv,sap__khsupplierinvoice__ConfirmedInboundDeliveryReferenceCollection__UUID,55261,55194,67,30+,"JSON_ARRAY,VERY_LONG_TEXT","["""", ""00163E5F-7A72-1EE9-8CE6-EFA16C68A410""] | ["""", ""00163E5F-7A72-1ED9-8DE6-362D3EAC1F0A""] | ["""", ""00163E5F-7A72-1EE9-8DE6-919CC1AEC0DE""] | ["""", ""00163E5F-7A72-1EE9-8DE6-B5653797E14E""] | ["""", ""00163E5F-7A72-1ED9-8DD2-183D7F7543DE""]"
account_move_vendor_bill.csv,sap__khsupplierinvoice__ExternalReferenceCollection__BusinessTransactionDocumentRelationshipRoleCode,55261,55261,0,30+,"JSON_ARRAY,VERY_LONG_TEXT","7 | [""7"", ""2""] | [""7"", ""10"", ""2""] | [""7"", ""10""] | [""7"", ""2"", ""2""]"
account_move_vendor_bill.csv,sap__khsupplierinvoice__ExternalReferenceCollection__BusinessTransactionDocumentRelationshipRoleCodeText,55261,55261,0,30+,"JSON_ARRAY,VERY_LONG_TEXT","Business Partner Document | [""Business Partner Document"", ""Successor""] | [""Business Partner Document"", ""Exception"", ""Successor""] | [""Business Partner Document"", ""Exception""] | [""Business Partner Document"", ""Successor"", ""Successor""]"
account_move_vendor_bill.csv,sap__khsupplierinvoice__ExternalReferenceCollection__ID,55261,55261,0,30+,"JSON_ARRAY,VERY_LONG_TEXT","9277/7/79/80/9281 | [""366"", ""70""] | [""295"", ""123""] | [""1/18-19/JANUARY"", ""127""] | [""JAN''19"", ""129""]"
account_move_vendor_bill.csv,sap__khsupplierinvoice__ExternalReferenceCollection__ObjectID,55261,55261,0,30+,"JSON_ARRAY,VERY_LONG_TEXT","00163E5F7A721ED98B84088F206BA4DD | [""00163E5F7A721ED98B8534D69DB0AA82"", ""00163E5F7A8F1EE98CE908F81F491CA7""] | [""00163E5F7A721ED98B87F2EF0D8F97C6"", ""00163E5F7A8F1EE98E97018A218756F9""] | [""00163E5F7A721ED98B8867321111D9DE"", ""00163E5F7A8F1EE98E97018C63B8D6F9""] | [""00163E5F7A721ED98B88A643181DBB2E"", ""00163E5F7A8F1EE98E970189D11316F9""]"
account_move_vendor_bill.csv,sap__khsupplierinvoice__ExternalReferenceCollection__ParentObjectID,55261,55261,0,30+,,00163E5F7A721ED98B840301263744D9 | 00163E5F7A721ED98B85328EE7C16A81 | 00163E5F7A721ED98B87F06BC86797C0 | 00163E5F7A721ED98B8861DB83E4D9DA | 00163E5F7A721ED98B888B500C09DAB8
account_move_vendor_bill.csv,sap__khsupplierinvoice__ExternalReferenceCollection__TypeCode,55261,55261,0,30+,"JSON_ARRAY,VERY_LONG_TEXT","28 | [""28"", ""36""] | [""28"", ""106"", ""36""] | [""28"", ""106""] | [""28"", ""004"", ""36""]"
account_move_vendor_bill.csv,sap__khsupplierinvoice__ExternalReferenceCollection__TypeCodeText,55261,55261,0,30+,"JSON_ARRAY,VERY_LONG_TEXT","Customer Invoice | [""Customer Invoice"", ""Clearing""] | [""Customer Invoice"", ""Invoice Exception"", ""Clearing""] | [""Customer Invoice"", ""Invoice Exception""] | [""Customer Invoice"", ""Invoice"", ""Clearing""]"
account_move_vendor_bill.csv,sap__khsupplierinvoice__ItemCollection__Description,55261,55250,11,30+,"JSON_ARRAY,VERY_LONG_TEXT","Supp of Packg  labours- ems | Supp of water thru tanker- Jan'19 | [""Transport facility to co emp- Jan'19"", ""Transport facility to co emp- Jan'19"", ""GST EXP"", ""GST EXP""] | [""Supp of Lunch/dinner- Jan'19"", ""Supp of Lunch/dinner- Jan'19"", ""GST exp"", ""GST exp""] | Supp of breakfast - Jan'19"
account_move_vendor_bill.csv,sap__khsupplierinvoice__ItemCollection__DirectMaterialIndicator,55261,55256,5,30+,"JSON_ARRAY,VERY_LONG_TEXT","False | [""True"", ""True"", ""False"", ""False""] | True | [""True"", ""True"", ""True"", ""True"", ""True"", ""True"", ""True"", ""True"", ""True"", ""True"", ""True"", ""True"", ""True"", ""True"", ""True"", ""True"", ""True"", ""True"", ""True"", ""True"", ""True"", ""True"", ""True"", ""True"", ""True"", ""True"", ""True"", ""True"", ""True"", ""True"", ""True"", ""True"", ""True"", ""True"", ""True"", ""True"", ""True"", ""True"", ""True"", ""True"", ""True"", ""True"", ""True"", ""True"", ""True"", ""True"", ""True"", ""True"", ""True"", ""True"", ""True"", ""True"", ""True"", ""True"", ""True"", ""True"", ""True"", ""True"", ""True"", ""True"", ""False"", ""False""] | [""True"", ""True"", ""True"", ""True"", ""True"", ""True"", ""True"", ""True"", ""False"", ""False""]"
account_move_vendor_bill.csv,sap__khsupplierinvoice__ItemCollection__GrossAmount,55261,55256,5,30+,"JSON_ARRAY,VERY_LONG_TEXT","1057019.000000 | 6475.000000 | [""72292.000000"", ""72292.000000"", ""13013.000000"", ""13013.000000""] | [""245712.000000"", ""245712.000000"", ""44228.000000"", ""44228.000000""] | 14549.000000"
account_move_vendor_bill.csv,sap__khsupplierinvoice__ItemCollection__GrossAmountCurrencyCode,55261,55253,8,5,,INR | USD | EUR | JPY | SGD
account_move_vendor_bill.csv,sap__khsupplierinvoice__ItemCollection__GrossAmountCurrencyCodeText,55261,55253,8,5,,Indian Rupee | US Dollar | Euro | Yen | Singapore Dollar
account_move_vendor_bill.csv,sap__khsupplierinvoice__ItemCollection__GrossUnitPriceAmount,55261,55256,5,30+,"JSON_ARRAY,VERY_LONG_TEXT","1057019.000000 | 6475.000000 | [""72292.000000"", ""72292.000000"", ""13013.000000"", ""13013.000000""] | [""245712.000000"", ""245712.000000"", ""44228.000000"", ""44228.000000""] | 14549.000000"
account_move_vendor_bill.csv,sap__khsupplierinvoice__ItemCollection__GrossUnitPriceBaseQuantity,55261,55256,5,30+,"JSON_ARRAY,VERY_LONG_TEXT","1.00000000000000 | 0.00000000000000 | [""1.00000000000000"", ""1.00000000000000"", ""0.00000000000000"", ""0.00000000000000""] | [""0.00000000000000"", ""1.00000000000000"", ""1.00000000000000"", ""1.00000000000000"", ""1.00000000000000"", ""1.00000000000000"", ""1.00000000000000"", ""1.00000000000000"", ""1.00000000000000"", ""1.00000000000000"", ""1.00000000000000""] | [""1.00000000000000"", ""1.00000000000000"", ""0.00000000000000"", ""1.00000000000000"", ""1.00000000000000"", ""1.00000000000000"", ""1.00000000000000"", ""1.00000000000000"", ""1.00000000000000"", ""1.00000000000000""]"
account_move_vendor_bill.csv,sap__khsupplierinvoice__ItemCollection__GrossUnitPriceBaseUnitCode,55261,55248,13,30+,"JSON_ARRAY,VERY_LONG_TEXT","EA | ZNO | [""ZNO"", ""ZNO"", ""EA"", ""EA""] | LTR | MTR"
account_move_vendor_bill.csv,sap__khsupplierinvoice__ItemCollection__GrossUnitPriceCurrencyCode,55261,55253,8,5,,INR | USD | EUR | JPY | SGD
account_move_vendor_bill.csv,sap__khsupplierinvoice__ItemCollection__ID,55261,55256,5,30+,"JSON_ARRAY,VERY_LONG_TEXT","[""1"", ""1.1""] | [""1"", ""1.1"", ""2"", ""2.1""] | [""1"", ""1.1"", ""2"", ""2.1"", ""3"", ""3.1"", ""4"", ""4.1"", ""5"", ""5.1"", ""6"", ""6.1"", ""7"", ""7.1"", ""8"", ""8.1"", ""9"", ""9.1"", ""10"", ""10.1""] | [""1"", ""1.1"", ""2"", ""2.1"", ""3"", ""3.1"", ""4"", ""4.1"", ""5"", ""5.1"", ""6"", ""6.1"", ""7"", ""7.1"", ""8"", ""8.1"", ""9"", ""9.1"", ""10"", ""10.1"", ""11"", ""11.1"", ""12"", ""12.1"", ""13"", ""13.1"", ""14"", ""14.1"", ""15"", ""15.1"", ""16"", ""16.1"", ""17"", ""17.1"", ""18"", ""18.1"", ""19"", ""19.1"", ""20"", ""20.1""] | [""1"", ""1.1"", ""2"", ""2.1"", ""3"", ""3.1"", ""4"", ""4.1"", ""5"", ""5.1"", ""6"", ""6.1"", ""7"", ""7.1"", ""8"", ""8.1""]"
account_move_vendor_bill.csv,sap__khsupplierinvoice__ItemCollection__NetAmount,55261,55256,5,30+,"JSON_ARRAY,VERY_LONG_TEXT","895778.820000 | 6475.000000 | [""72292.000000"", ""72292.000000"", ""13013.000000"", ""13013.000000""] | [""245712.000000"", ""245712.000000"", ""44228.000000"", ""44228.000000""] | 14549.000000"
account_move_vendor_bill.csv,sap__khsupplierinvoice__ItemCollection__NetAmountCurrencyCode,55261,55253,8,5,,INR | USD | EUR | JPY | SGD
account_move_vendor_bill.csv,sap__khsupplierinvoice__ItemCollection__NetAmountCurrencyCodeText,55261,55253,8,5,,Indian Rupee | US Dollar | Euro | Yen | Singapore Dollar
account_move_vendor_bill.csv,sap__khsupplierinvoice__ItemCollection__NetUnitPriceAmount,55261,55256,5,30+,"JSON_ARRAY,VERY_LONG_TEXT","895778.820000 | 6475.000000 | [""72292.000000"", ""72292.000000"", ""13013.000000"", ""13013.000000""] | [""245712.000000"", ""245712.000000"", ""44228.000000"", ""44228.000000""] | 14549.000000"
account_move_vendor_bill.csv,sap__khsupplierinvoice__ItemCollection__NetUnitPriceBaseQuantity,55261,55256,5,30+,"JSON_ARRAY,VERY_LONG_TEXT","1.00000000000000 | 0.00000000000000 | [""1.00000000000000"", ""1.00000000000000"", ""0.00000000000000"", ""0.00000000000000""] | [""0.00000000000000"", ""1.00000000000000"", ""1.00000000000000"", ""1.00000000000000"", ""1.00000000000000"", ""1.00000000000000"", ""1.00000000000000"", ""1.00000000000000"", ""1.00000000000000"", ""1.00000000000000"", ""1.00000000000000""] | [""1.00000000000000"", ""1.00000000000000"", ""0.00000000000000"", ""1.00000000000000"", ""1.00000000000000"", ""1.00000000000000"", ""1.00000000000000"", ""1.00000000000000"", ""1.00000000000000"", ""1.00000000000000""]"
account_move_vendor_bill.csv,sap__khsupplierinvoice__ItemCollection__NetUnitPriceBaseUnitCode,55261,55248,13,30+,"JSON_ARRAY,VERY_LONG_TEXT","EA | ZNO | [""ZNO"", ""ZNO"", ""EA"", ""EA""] | LTR | MTR"
account_move_vendor_bill.csv,sap__khsupplierinvoice__ItemCollection__NetUnitPriceCurrencyCode,55261,55253,8,5,,INR | USD | EUR | JPY | SGD
account_move_vendor_bill.csv,sap__khsupplierinvoice__ItemCollection__ObjectID,55261,55256,5,30+,"JSON_ARRAY,VERY_LONG_TEXT","[""00163E5F7A721ED98B840301263C44D9"", ""00163E5F7A721ED98B840301263D04D9""] | [""00163E5F7A721ED98B85328EE7C66A81"", ""00163E5F7A721ED98B85328EE7C72A81""] | [""00163E5F7A721ED98B87F06BC86C97C0"", ""00163E5F7A721ED98B87F06BC86D57C0"", ""00163E5F7A721ED98B87FD35DC36F7CD"", ""00163E5F7A721ED98B87FD35DC38F7CD""] | [""00163E5F7A721ED98B8861DB83E9D9DA"", ""00163E5F7A721ED98B8861DB83EA99DA"", ""00163E5F7A721ED98B886F07708339E1"", ""00163E5F7A721ED98B886F07708539E1""] | [""00163E5F7A721ED98B888B500C0EDAB8"", ""00163E5F7A721ED98B888B500C0F9AB8""]"
account_move_vendor_bill.csv,sap__khsupplierinvoice__ItemCollection__ParentObjectID,55261,55256,5,30+,,00163E5F7A721ED98B840301263744D9 | 00163E5F7A721ED98B85328EE7C16A81 | 00163E5F7A721ED98B87F06BC86797C0 | 00163E5F7A721ED98B8861DB83E4D9DA | 00163E5F7A721ED98B888B500C09DAB8
account_move_vendor_bill.csv,sap__khsupplierinvoice__ItemCollection__ProductCategoryInternalID,55261,37214,18047,30+,"JSON_ARRAY,VERY_LONG_TEXT","[""400"", ""400"", """", """"] | OTH | TRN | 400 | PCB"
account_move_vendor_bill.csv,sap__khsupplierinvoice__ItemCollection__ProductID,55261,29049,26212,30+,"JSON_ARRAY,VERY_LONG_TEXT","[""CFNX0021XXXX"", ""CFNX0021XXXX"", """", """"] | SITTWB00026 | TLFLUX0810 | [""IJCHMPCB004"", ""IJCHMPCB003"", ""IJCHMPCB002"", ""IJCHMPCB001"", ""IJCHMPCB004"", ""IJCHMPCB003"", ""IJCHMPCB002"", ""IJCHMPCB001""] | LTD2TTRN524"
account_move_vendor_bill.csv,sap__khsupplierinvoice__ItemCollection__ProductTypeCode,55261,38708,16553,30+,JSON_ARRAY,"1 | [""1"", ""1"", """", """"] | [""2"", ""1"", ""2"", ""1""] | [""1"", ""1"", ""1"", ""1"", ""1"", ""1"", """", """"] | [""1"", ""1"", ""1"", ""1"", """", """"]"
account_move_vendor_bill.csv,sap__khsupplierinvoice__ItemCollection__ProductTypeCodeText,55261,38708,16553,30+,"JSON_ARRAY,VERY_LONG_TEXT","Material | [""Material"", ""Material"", """", """"] | [""Service"", ""Material"", ""Service"", ""Material""] | [""Material"", ""Material"", ""Material"", ""Material"", ""Material"", ""Material"", """", """"] | [""Material"", ""Material"", ""Material"", ""Material"", """", """"]"
account_move_vendor_bill.csv,sap__khsupplierinvoice__ItemCollection__Quantity,55261,55256,5,30+,"JSON_ARRAY,VERY_LONG_TEXT","1.00000000000000 | [""2.00000000000000"", ""2.00000000000000"", ""1.00000000000000"", ""1.00000000000000""] | 200.00000000000000 | 6.00000000000000 | 9400.00000000000000"
account_move_vendor_bill.csv,sap__khsupplierinvoice__ItemCollection__QuantityUnitCode,55261,55248,13,30+,"JSON_ARRAY,VERY_LONG_TEXT","EA | ZNO | [""ZNO"", ""ZNO"", ""EA"", ""EA""] | LTR | MTR"
account_move_vendor_bill.csv,sap__khsupplierinvoice__ItemCollection__QuantityUnitCodeText,55261,55248,13,30+,"JSON_ARRAY,VERY_LONG_TEXT","Each | Number | [""Number"", ""Number"", ""Each"", ""Each""] | Liter | Meter"
account_move_vendor_bill.csv,sap__khsupplierinvoice__ItemCollection__TaxAmount,55261,55256,5,30+,"JSON_ARRAY,VERY_LONG_TEXT",161240.180000 | 0.000000 | 615.200000 | 170.000000 | 526.580000
account_move_vendor_bill.csv,sap__khsupplierinvoice__ItemCollection__TaxAmountCurrencyCode,55261,55253,8,5,,INR | USD | EUR | JPY | SGD
account_move_vendor_bill.csv,sap__khsupplierinvoice__ItemCollection__TaxAmountCurrencyCodeText,55261,55253,8,5,,Indian Rupee | US Dollar | Euro | Yen | Singapore Dollar
account_move_vendor_bill.csv,sap__khsupplierinvoice__ItemCollection__TypeCode,55261,55256,5,30+,"JSON_ARRAY,VERY_LONG_TEXT","002 | [""002"", ""002"", ""006"", ""006""] | [""002"", ""002"", ""002"", ""002"", ""002"", ""002"", ""002"", ""002"", ""002"", ""002"", ""002"", ""002"", ""002"", ""002"", ""002"", ""002"", ""002"", ""002"", ""006"", ""006""] | 80 | 003"
account_move_vendor_bill.csv,sap__khsupplierinvoice__ItemCollection__TypeCodeText,55261,55256,5,30+,"JSON_ARRAY,VERY_LONG_TEXT","Invoice Item | [""Invoice Item"", ""Invoice Item"", ""Subsequent Credit Item"", ""Subsequent Credit Item""] | [""Invoice Item"", ""Invoice Item"", ""Invoice Item"", ""Invoice Item"", ""Invoice Item"", ""Invoice Item"", ""Invoice Item"", ""Invoice Item"", ""Invoice Item"", ""Invoice Item"", ""Invoice Item"", ""Invoice Item"", ""Invoice Item"", ""Invoice Item"", ""Invoice Item"", ""Invoice Item"", ""Invoice Item"", ""Invoice Item"", ""Subsequent Credit Item"", ""Subsequent Credit Item""] | Down Payment Request Item | Credit Memo Item"
account_move_vendor_bill.csv,sap__khsupplierinvoice__ItemCollection__UUID,55261,55256,5,30+,"JSON_ARRAY,VERY_LONG_TEXT","[""00163E5F-7A72-1ED9-8B84-0301263C44D9"", ""00163E5F-7A72-1ED9-8B84-0301263D04D9""] | [""00163E5F-7A72-1ED9-8B85-328EE7C66A81"", ""00163E5F-7A72-1ED9-8B85-328EE7C72A81""] | [""00163E5F-7A72-1ED9-8B87-F06BC86C97C0"", ""00163E5F-7A72-1ED9-8B87-F06BC86D57C0"", ""00163E5F-7A72-1ED9-8B87-FD35DC36F7CD"", ""00163E5F-7A72-1ED9-8B87-FD35DC38F7CD""] | [""00163E5F-7A72-1ED9-8B88-61DB83E9D9DA"", ""00163E5F-7A72-1ED9-8B88-61DB83EA99DA"", ""00163E5F-7A72-1ED9-8B88-6F07708339E1"", ""00163E5F-7A72-1ED9-8B88-6F07708539E1""] | [""00163E5F-7A72-1ED9-8B88-8B500C0EDAB8"", ""00163E5F-7A72-1ED9-8B88-8B500C0F9AB8""]"
account_move_vendor_bill.csv,sap__khsupplierinvoice__ItemTaxCalculationCollection__CountryCode,55261,55256,5,30+,JSON_ARRAY,"IN | [""IN"", """"] | ["""", ""IN""] | [""IN"", ""IN"", ""IN"", """"] | [""IN"", ""IN"", """"]"
account_move_vendor_bill.csv,sap__khsupplierinvoice__ItemTaxCalculationCollection__CountryCodeText,55261,55256,5,30+,JSON_ARRAY,"India | [""India"", """"] | ["""", ""India""] | [""India"", ""India"", ""India"", """"] | [""India"", ""India"", """"]"
account_move_vendor_bill.csv,sap__khsupplierinvoice__ItemTaxCalculationCollection__ObjectID,55261,55256,5,30+,"JSON_ARRAY,VERY_LONG_TEXT","00163E5F7A721ED98B840301263C44D9 | 00163E5F7A721ED98B85328EE7C66A81 | [""00163E5F7A721ED98B87F06BC86C97C0"", ""00163E5F7A721ED98B87FD35DC36F7CD""] | [""00163E5F7A721ED98B8861DB83E9D9DA"", ""00163E5F7A721ED98B886F07708339E1""] | 00163E5F7A721ED98B888B500C0EDAB8"
account_move_vendor_bill.csv,sap__khsupplierinvoice__ItemTaxCalculationCollection__ParentObjectID,55261,55256,5,30+,,00163E5F7A721ED98B840301263744D9 | 00163E5F7A721ED98B85328EE7C16A81 | 00163E5F7A721ED98B87F06BC86797C0 | 00163E5F7A721ED98B8861DB83E4D9DA | 00163E5F7A721ED98B888B500C09DAB8
account_move_vendor_bill.csv,sap__khsupplierinvoice__ItemTaxCalculationCollection__TaxJurisdictionCode,55261,0,55261,0,,
account_move_vendor_bill.csv,sap__khsupplierinvoice__ItemTaxCalculationCollection__TaxJurisdictionCodeText,55261,0,55261,0,,
account_move_vendor_bill.csv,sap__khsupplierinvoice__ItemTaxCalculationCollection__TaxationCode,55261,55251,10,30+,JSON_ARRAY,"84 | 2 | [""84"", ""2""] | 83 | [""84"", ""84"", ""84"", ""84"", ""84"", ""84"", ""84"", ""84"", ""84"", ""2""]"
account_move_vendor_bill.csv,sap__khsupplierinvoice__ItemTaxCalculationCollection__TaxationCodeText,55261,0,55261,0,,
account_move_vendor_bill.csv,sap__khsupplierinvoice__ItemTaxCalculationCollection__WithholdingTaxCode,55261,49684,5577,30+,JSON_ARRAY,"1 | 2 | [""2"", ""1""] | [""2"", ""2"", ""2"", ""2"", ""2"", ""2"", ""2"", ""2"", ""2"", ""1""] | [""2"", """"]"
account_move_vendor_bill.csv,sap__khsupplierinvoice__ItemTaxCalculationCollection__WithholdingTaxCodeText,55261,49684,5577,30+,"JSON_ARRAY,VERY_LONG_TEXT","Provided by an Unspecified External Source | Provided Automatically by Tax Calculation Service | [""Provided Automatically by Tax Calculation Service"", ""Provided by an Unspecified External Source""] | [""Provided Automatically by Tax Calculation Service"", ""Provided Automatically by Tax Calculation Service"", ""Provided Automatically by Tax Calculation Service"", ""Provided Automatically by Tax Calculation Service"", ""Provided Automatically by Tax Calculation Service"", ""Provided Automatically by Tax Calculation Service"", ""Provided Automatically by Tax Calculation Service"", ""Provided Automatically by Tax Calculation Service"", ""Provided Automatically by Tax Calculation Service"", ""Provided by an Unspecified External Source""] | [""Provided Automatically by Tax Calculation Service"", """"]"
account_move_vendor_bill.csv,sap__khsupplierinvoice__PurchaseOrderReferenceCollection__BusinessTransactionDocumentRelationshipRoleCode,55261,55261,0,30+,"JSON_ARRAY,VERY_LONG_TEXT","7 | [""7"", ""2""] | [""7"", ""10"", ""2""] | [""7"", ""10""] | [""7"", ""2"", ""2""]"
account_move_vendor_bill.csv,sap__khsupplierinvoice__PurchaseOrderReferenceCollection__BusinessTransactionDocumentRelationshipRoleCodeText,55261,55261,0,30+,"JSON_ARRAY,VERY_LONG_TEXT","Business Partner Document | [""Business Partner Document"", ""Successor""] | [""Business Partner Document"", ""Exception"", ""Successor""] | [""Business Partner Document"", ""Exception""] | [""Business Partner Document"", ""Successor"", ""Successor""]"
account_move_vendor_bill.csv,sap__khsupplierinvoice__PurchaseOrderReferenceCollection__ID,55261,55261,0,30+,"JSON_ARRAY,VERY_LONG_TEXT","9277/7/79/80/9281 | [""366"", ""70""] | [""295"", ""123""] | [""1/18-19/JANUARY"", ""127""] | [""JAN''19"", ""129""]"
account_move_vendor_bill.csv,sap__khsupplierinvoice__PurchaseOrderReferenceCollection__ObjectID,55261,55261,0,30+,"JSON_ARRAY,VERY_LONG_TEXT","00163E5F7A721ED98B84088F206BA4DD | [""00163E5F7A721ED98B8534D69DB0AA82"", ""00163E5F7A8F1EE98CE908F81F491CA7""] | [""00163E5F7A721ED98B87F2EF0D8F97C6"", ""00163E5F7A8F1EE98E97018A218756F9""] | [""00163E5F7A721ED98B8867321111D9DE"", ""00163E5F7A8F1EE98E97018C63B8D6F9""] | [""00163E5F7A721ED98B88A643181DBB2E"", ""00163E5F7A8F1EE98E970189D11316F9""]"
account_move_vendor_bill.csv,sap__khsupplierinvoice__PurchaseOrderReferenceCollection__ParentObjectID,55261,55261,0,30+,,00163E5F7A721ED98B840301263744D9 | 00163E5F7A721ED98B85328EE7C16A81 | 00163E5F7A721ED98B87F06BC86797C0 | 00163E5F7A721ED98B8861DB83E4D9DA | 00163E5F7A721ED98B888B500C09DAB8
account_move_vendor_bill.csv,sap__khsupplierinvoice__PurchaseOrderReferenceCollection__TypeCode,55261,55261,0,30+,"JSON_ARRAY,VERY_LONG_TEXT","28 | [""28"", ""36""] | [""28"", ""106"", ""36""] | [""28"", ""106""] | [""28"", ""004"", ""36""]"
account_move_vendor_bill.csv,sap__khsupplierinvoice__PurchaseOrderReferenceCollection__TypeCodeText,55261,55261,0,30+,"JSON_ARRAY,VERY_LONG_TEXT","Customer Invoice | [""Customer Invoice"", ""Clearing""] | [""Customer Invoice"", ""Invoice Exception"", ""Clearing""] | [""Customer Invoice"", ""Invoice Exception""] | [""Customer Invoice"", ""Invoice"", ""Clearing""]"
account_move_vendor_bill.csv,sap__khsupplierinvoice__PurchaseOrderReferenceCollection__UUID,55261,55194,67,30+,"JSON_ARRAY,VERY_LONG_TEXT","["""", ""00163E5F-7A72-1EE9-8CE6-EFA16C68A410""] | ["""", ""00163E5F-7A72-1ED9-8DE6-362D3EAC1F0A""] | ["""", ""00163E5F-7A72-1EE9-8DE6-919CC1AEC0DE""] | ["""", ""00163E5F-7A72-1EE9-8DE6-B5653797E14E""] | ["""", ""00163E5F-7A72-1ED9-8DD2-183D7F7543DE""]"
account_move_vendor_bill.csv,sap__khsupplierinvoice__SellerPartyCollection__ObjectID,55261,55261,0,30+,JSON_ARRAY,"[""00163E5F7A721ED98B840301263784D9"", ""00163E5F7A721ED98B840301263844D9"", ""00163E5F7A721ED98B840301263AA4D9"", ""00163E5F7A721ED98B840301263AC4D9"", ""00163E5F7A721ED98B8404AB153344D9"", ""00163E5F7A721ED98B8404AB1537A4D9"", ""00163E5F7A721ED98B8404AB1537C4D9"", ""00163E5F7A721EE98BCFDAF6D8027C08""] | [""00163E5F7A721ED98B85328EE7C1AA81"", ""00163E5F7A721ED98B85328EE7C26A81"", ""00163E5F7A721ED98B85328EE7C4CA81"", ""00163E5F7A721ED98B85328EE7C4EA81"", ""00163E5F7A721ED98B8533B76BAFCA81"", ""00163E5F7A721ED98B8533B76BB4CA81"", ""00163E5F7A721ED98B8533B76BB4EA81""] | [""00163E5F7A721ED98B87F06BC867D7C0"", ""00163E5F7A721ED98B87F06BC86897C0"", ""00163E5F7A721ED98B87F06BC86AF7C0"", ""00163E5F7A721ED98B87F06BC86B17C0"", ""00163E5F7A721ED98B87F160BDB617C0"", ""00163E5F7A721ED98B87F160BDBA77C0"", ""00163E5F7A721ED98B87F160BDBA97C0""] | [""00163E5F7A721ED98B8861DB83E519DA"", ""00163E5F7A721ED98B8861DB83E5D9DA"", ""00163E5F7A721ED98B8861DB83E839DA"", ""00163E5F7A721ED98B8861DB83E859DA"", ""00163E5F7A721ED98B8864077C2E19DC"", ""00163E5F7A721ED98B8864077C3279DC"", ""00163E5F7A721ED98B8864077C3299DC""] | [""00163E5F7A721ED98B888B500C0A1AB8"", ""00163E5F7A721ED98B888B500C0ADAB8"", ""00163E5F7A721ED98B888B500C0D3AB8"", ""00163E5F7A721ED98B888B500C0D5AB8"", ""00163E5F7A721ED98B888C879641DAB8"", ""00163E5F7A721ED98B888C8796463AB8"", ""00163E5F7A721ED98B888C8796465AB8""]"
account_move_vendor_bill.csv,sap__khsupplierinvoice__SellerPartyCollection__ParentObjectID,55261,55261,0,30+,,00163E5F7A721ED98B840301263744D9 | 00163E5F7A721ED98B85328EE7C16A81 | 00163E5F7A721ED98B87F06BC86797C0 | 00163E5F7A721ED98B8861DB83E4D9DA | 00163E5F7A721ED98B888B500C09DAB8
account_move_vendor_bill.csv,sap__khsupplierinvoice__SellerPartyCollection__PartyID,55261,55261,0,30+,JSON_ARRAY,"[""70000"", ""G185"", ""70000"", ""70000"", ""5022451"", ""5022451"", ""5022451"", """"] | [""70000"", ""G113"", ""70000"", ""70000"", ""5012433"", ""5012433"", ""5012433""] | [""70000"", ""G113"", ""70000"", ""70000"", ""5012402"", ""5012402"", ""5012402""] | [""70000"", ""G113"", ""70000"", ""70000"", ""5031456"", ""5031456"", ""5031456""] | [""70000"", ""G113"", ""70000"", ""70000"", ""5029820"", ""5029820"", ""5029820""]"
account_move_vendor_bill.csv,sap__khsupplierinvoice__SupplierInvoiceExceptionReferenceCollection__ObjectID,55261,55261,0,30+,"JSON_ARRAY,VERY_LONG_TEXT","00163E5F7A721ED98B84088F206BA4DD | [""00163E5F7A721ED98B8534D69DB0AA82"", ""00163E5F7A8F1EE98CE908F81F491CA7""] | [""00163E5F7A721ED98B87F2EF0D8F97C6"", ""00163E5F7A8F1EE98E97018A218756F9""] | [""00163E5F7A721ED98B8867321111D9DE"", ""00163E5F7A8F1EE98E97018C63B8D6F9""] | [""00163E5F7A721ED98B88A643181DBB2E"", ""00163E5F7A8F1EE98E970189D11316F9""]"
account_move_vendor_bill.csv,sap__khsupplierinvoice__SupplierInvoiceExceptionReferenceCollection__ParentObjectID,55261,55261,0,30+,,00163E5F7A721ED98B840301263744D9 | 00163E5F7A721ED98B85328EE7C16A81 | 00163E5F7A721ED98B87F06BC86797C0 | 00163E5F7A721ED98B8861DB83E4D9DA | 00163E5F7A721ED98B888B500C09DAB8
account_move_vendor_bill_line.csv,id,211733,211733,0,30+,,sap_vinv_item_00163E5F7A721ED98B840301263C44D9 | sap_vinv_item_00163E5F7A721ED98B840301263D04D9 | sap_vinv_item_00163E5F7A721ED98B85328EE7C66A81 | sap_vinv_item_00163E5F7A721ED98B85328EE7C72A81 | sap_vinv_item_00163E5F7A721ED98B87F06BC86C97C0
account_move_vendor_bill_line.csv,move_id/id,211733,211733,0,30+,,sap_vinv_00163E5F7A721ED98B840301263744D9 | sap_vinv_00163E5F7A721ED98B85328EE7C16A81 | sap_vinv_00163E5F7A721ED98B87F06BC86797C0 | sap_vinv_00163E5F7A721ED98B8861DB83E4D9DA | sap_vinv_00163E5F7A721ED98B888B500C09DAB8
account_move_vendor_bill_line.csv,product_id/id,211733,109363,102370,30+,,sap_prod_CFNX0021XXXX | sap_prod_SITTWB00026 | sap_prod_TLFLUX0810 | sap_prod_IJCHMPCB004 | sap_prod_IJCHMPCB003
account_move_vendor_bill_line.csv,name,211733,211733,0,30+,,Supp of Packg  labours- ems | Supp of water thru tanker- Jan'19 | Transport facility to co emp- Jan'19 | GST EXP | Supp of Lunch/dinner- Jan'19
account_move_vendor_bill_line.csv,quantity,211733,211733,0,30+,,1.00000000000000 | 2.00000000000000 | 200.00000000000000 | 6.00000000000000 | 9400.00000000000000
account_move_vendor_bill_line.csv,price_unit,211733,211733,0,30+,,895778.820000 | 6475.000000 | 72292.000000 | 13013.000000 | 245712.000000
account_move_vendor_bill_line.csv,sap__khsupplierinvoice__ItemCollection__Description,211733,211719,14,30+,,Supp of Packg  labours- ems | Supp of water thru tanker- Jan'19 | Transport facility to co emp- Jan'19 | GST EXP | Supp of Lunch/dinner- Jan'19
account_move_vendor_bill_line.csv,sap__khsupplierinvoice__ItemCollection__DirectMaterialIndicator,211733,211733,0,2,,False | True
account_move_vendor_bill_line.csv,sap__khsupplierinvoice__ItemCollection__GrossAmount,211733,211733,0,30+,,1057019.000000 | 6475.000000 | 72292.000000 | 13013.000000 | 245712.000000
account_move_vendor_bill_line.csv,sap__khsupplierinvoice__ItemCollection__GrossAmountCurrencyCode,211733,211727,6,5,,INR | USD | EUR | JPY | SGD
account_move_vendor_bill_line.csv,sap__khsupplierinvoice__ItemCollection__GrossAmountCurrencyCodeText,211733,211727,6,5,,Indian Rupee | US Dollar | Euro | Yen | Singapore Dollar
account_move_vendor_bill_line.csv,sap__khsupplierinvoice__ItemCollection__GrossUnitPriceAmount,211733,211733,0,30+,,1057019.000000 | 6475.000000 | 72292.000000 | 13013.000000 | 245712.000000
account_move_vendor_bill_line.csv,sap__khsupplierinvoice__ItemCollection__GrossUnitPriceBaseQuantity,211733,211733,0,9,,1.00000000000000 | 0.00000000000000 | 2.00000000000000 | 100.00000000000000 | 13500.00000000000000
account_move_vendor_bill_line.csv,sap__khsupplierinvoice__ItemCollection__GrossUnitPriceBaseUnitCode,211733,211645,88,22,,EA | ZNO | LTR | MTR | FOT
account_move_vendor_bill_line.csv,sap__khsupplierinvoice__ItemCollection__GrossUnitPriceCurrencyCode,211733,211727,6,5,,INR | USD | EUR | JPY | SGD
account_move_vendor_bill_line.csv,sap__khsupplierinvoice__ItemCollection__ID,211733,211733,0,30+,,1 | 1.1 | 2 | 2.1 | 3
account_move_vendor_bill_line.csv,sap__khsupplierinvoice__ItemCollection__NetAmount,211733,211733,0,30+,,895778.820000 | 6475.000000 | 72292.000000 | 13013.000000 | 245712.000000
account_move_vendor_bill_line.csv,sap__khsupplierinvoice__ItemCollection__NetAmountCurrencyCode,211733,211727,6,5,,INR | USD | EUR | JPY | SGD
account_move_vendor_bill_line.csv,sap__khsupplierinvoice__ItemCollection__NetAmountCurrencyCodeText,211733,211727,6,5,,Indian Rupee | US Dollar | Euro | Yen | Singapore Dollar
account_move_vendor_bill_line.csv,sap__khsupplierinvoice__ItemCollection__NetUnitPriceAmount,211733,211733,0,30+,,895778.820000 | 6475.000000 | 72292.000000 | 13013.000000 | 245712.000000
account_move_vendor_bill_line.csv,sap__khsupplierinvoice__ItemCollection__NetUnitPriceBaseQuantity,211733,211733,0,9,,1.00000000000000 | 0.00000000000000 | 2.00000000000000 | 100.00000000000000 | 13500.00000000000000
account_move_vendor_bill_line.csv,sap__khsupplierinvoice__ItemCollection__NetUnitPriceBaseUnitCode,211733,211645,88,22,,EA | ZNO | LTR | MTR | FOT
account_move_vendor_bill_line.csv,sap__khsupplierinvoice__ItemCollection__NetUnitPriceCurrencyCode,211733,211727,6,5,,INR | USD | EUR | JPY | SGD
account_move_vendor_bill_line.csv,sap__khsupplierinvoice__ItemCollection__ObjectID,211733,211733,0,30+,,00163E5F7A721ED98B840301263C44D9 | 00163E5F7A721ED98B840301263D04D9 | 00163E5F7A721ED98B85328EE7C66A81 | 00163E5F7A721ED98B85328EE7C72A81 | 00163E5F7A721ED98B87F06BC86C97C0
account_move_vendor_bill_line.csv,sap__khsupplierinvoice__ItemCollection__ParentObjectID,211733,211733,0,30+,,00163E5F7A721ED98B840301263744D9 | 00163E5F7A721ED98B85328EE7C16A81 | 00163E5F7A721ED98B87F06BC86797C0 | 00163E5F7A721ED98B8861DB83E4D9DA | 00163E5F7A721ED98B888B500C09DAB8
account_move_vendor_bill_line.csv,sap__khsupplierinvoice__ItemCollection__ProductCategoryInternalID,211733,146483,65250,30+,,400 | OTH | TRN | PCB | CAP
account_move_vendor_bill_line.csv,sap__khsupplierinvoice__ItemCollection__ProductID,211733,109363,102370,30+,,CFNX0021XXXX | SITTWB00026 | TLFLUX0810 | IJCHMPCB004 | IJCHMPCB003
account_move_vendor_bill_line.csv,sap__khsupplierinvoice__ItemCollection__ProductTypeCode,211733,157009,54724,2,,1 | 2
account_move_vendor_bill_line.csv,sap__khsupplierinvoice__ItemCollection__ProductTypeCodeText,211733,157009,54724,2,,Material | Service
account_move_vendor_bill_line.csv,sap__khsupplierinvoice__ItemCollection__Quantity,211733,211733,0,30+,,1.00000000000000 | 2.00000000000000 | 200.00000000000000 | 6.00000000000000 | 9400.00000000000000
account_move_vendor_bill_line.csv,sap__khsupplierinvoice__ItemCollection__QuantityUnitCode,211733,211645,88,22,,EA | ZNO | LTR | MTR | FOT
account_move_vendor_bill_line.csv,sap__khsupplierinvoice__ItemCollection__QuantityUnitCodeText,211733,211645,88,22,,Each | Number | Liter | Meter | Foot
account_move_vendor_bill_line.csv,sap__khsupplierinvoice__ItemCollection__TaxAmount,211733,211733,0,30+,,161240.180000 | 0.000000 | 615.200000 | 170.000000 | 526.580000
account_move_vendor_bill_line.csv,sap__khsupplierinvoice__ItemCollection__TaxAmountCurrencyCode,211733,211727,6,5,,INR | USD | EUR | JPY | SGD
account_move_vendor_bill_line.csv,sap__khsupplierinvoice__ItemCollection__TaxAmountCurrencyCodeText,211733,211727,6,5,,Indian Rupee | US Dollar | Euro | Yen | Singapore Dollar
account_move_vendor_bill_line.csv,sap__khsupplierinvoice__ItemCollection__TypeCode,211733,211733,0,7,,002 | 006 | 80 | 003 | 79
account_move_vendor_bill_line.csv,sap__khsupplierinvoice__ItemCollection__TypeCodeText,211733,211733,0,7,,Invoice Item | Subsequent Credit Item | Down Payment Request Item | Credit Memo Item | Down Payment Credit Item
account_move_vendor_bill_line.csv,sap__khsupplierinvoice__ItemCollection__UUID,211733,211733,0,30+,,00163E5F-7A72-1ED9-8B84-0301263C44D9 | 00163E5F-7A72-1ED9-8B84-0301263D04D9 | 00163E5F-7A72-1ED9-8B85-328EE7C66A81 | 00163E5F-7A72-1ED9-8B85-328EE7C72A81 | 00163E5F-7A72-1ED9-8B87-F06BC86C97C0
account_move_vendor_bill_line.csv,sap__khsupplierinvoice__ItemConfirmedInboundDeliveryReferenceCollection__ID,211733,181127,30606,30+,JSON_ARRAY,9277/7/79/80/9281 | 366 | 295 | 1/18-19/JANUARY | JAN''19
account_move_vendor_bill_line.csv,sap__khsupplierinvoice__ItemConfirmedInboundDeliveryReferenceCollection__ItemID,211733,181122,30611,30+,JSON_ARRAY,1 | 2 | 3 | 4 | 5
account_move_vendor_bill_line.csv,sap__khsupplierinvoice__ItemConfirmedInboundDeliveryReferenceCollection__ObjectID,211733,181127,30606,30+,JSON_ARRAY,00163E5F7A721ED98B84088F206BC4DD | 00163E5F7A721ED98B8534D69DB0CA82 | 00163E5F7A721ED98B87F2EF0D8FB7C6 | 00163E5F7A721ED98B87FD35DC3757CD | 00163E5F7A721ED98B8867321111F9DE
account_move_vendor_bill_line.csv,sap__khsupplierinvoice__ItemConfirmedInboundDeliveryReferenceCollection__ParentObjectID,211733,181127,30606,30+,,00163E5F7A721ED98B840301263C44D9 | 00163E5F7A721ED98B85328EE7C66A81 | 00163E5F7A721ED98B87F06BC86C97C0 | 00163E5F7A721ED98B87FD35DC36F7CD | 00163E5F7A721ED98B8861DB83E9D9DA
account_move_vendor_bill_line.csv,sap__khsupplierinvoice__ItemPurchaseOrderReferenceCollection__ID,211733,181127,30606,30+,JSON_ARRAY,9277/7/79/80/9281 | 366 | 295 | 1/18-19/JANUARY | JAN''19
account_move_vendor_bill_line.csv,sap__khsupplierinvoice__ItemPurchaseOrderReferenceCollection__ItemID,211733,181122,30611,30+,JSON_ARRAY,1 | 2 | 3 | 4 | 5
account_move_vendor_bill_line.csv,sap__khsupplierinvoice__ItemPurchaseOrderReferenceCollection__ObjectID,211733,181127,30606,30+,JSON_ARRAY,00163E5F7A721ED98B84088F206BC4DD | 00163E5F7A721ED98B8534D69DB0CA82 | 00163E5F7A721ED98B87F2EF0D8FB7C6 | 00163E5F7A721ED98B87FD35DC3757CD | 00163E5F7A721ED98B8867321111F9DE
account_move_vendor_bill_line.csv,sap__khsupplierinvoice__ItemPurchaseOrderReferenceCollection__ParentObjectID,211733,181127,30606,30+,,00163E5F7A721ED98B840301263C44D9 | 00163E5F7A721ED98B85328EE7C66A81 | 00163E5F7A721ED98B87F06BC86C97C0 | 00163E5F7A721ED98B87FD35DC36F7CD | 00163E5F7A721ED98B8861DB83E9D9DA
account_move_vendor_credit.csv,id,152,152,0,30+,,sap_vcredit_94 | sap_vcredit_40 | sap_vcredit_42 | sap_vcredit_18305 | sap_vcredit_12890
account_move_vendor_credit.csv,name,152,152,0,30+,,94 | 40 | 42 | 18305 | 12890
account_move_vendor_credit.csv,partner_id/id,152,152,0,30+,,sap_bp_2018814 | sap_bp_5030479 | sap_bp_5012419 | sap_bp_2019050 | sap_bp_8000260
account_move_vendor_credit.csv,invoice_date,152,150,2,30+,,2019-01-09 | 2019-02-08 | 2022-01-08 | 2021-03-31 | 2025-01-07
account_move_vendor_credit.csv,move_type,152,152,0,1,,in_refund
account_move_vendor_credit.csv,state,152,152,0,1,,posted
account_move_vendor_credit.csv,currency_id/id,152,152,0,3,,base.INR | base.USD | base.EUR
account_move_vendor_credit.csv,amount_total,152,152,0,30+,,1690.000000 | 482742.000000 | 125312.000000 | 495.600000 | 461.000000
account_move_vendor_credit.csv,sap__khsupplierinvoice__SupplierInvoiceCollection__ApprovalStatusCode,152,152,0,2,,2 | 1
account_move_vendor_credit.csv,sap__khsupplierinvoice__SupplierInvoiceCollection__ApprovalStatusCodeText,152,152,0,2,,Approval not Necessary | Not Started
account_move_vendor_credit.csv,sap__khsupplierinvoice__SupplierInvoiceCollection__CancellationDocumentIndicator,152,152,0,2,,False | True
account_move_vendor_credit.csv,sap__khsupplierinvoice__SupplierInvoiceCollection__CreationDateTime,152,152,0,30+,,2019-02-21 11:07:43 | 2019-02-18 09:34:27 | 2019-02-18 09:55:51 | 2022-01-10 10:17:45 | 2021-04-03 06:48:21
account_move_vendor_credit.csv,sap__khsupplierinvoice__SupplierInvoiceCollection__DataOriginTypeCode,152,152,0,1,,1
account_move_vendor_credit.csv,sap__khsupplierinvoice__SupplierInvoiceCollection__DataOriginTypeCodeText,152,152,0,1,,Manual data entry
account_move_vendor_credit.csv,sap__khsupplierinvoice__SupplierInvoiceCollection__ID,152,152,0,30+,,94 | 40 | 42 | 18305 | 12890
account_move_vendor_credit.csv,sap__khsupplierinvoice__SupplierInvoiceCollection__InvoiceDate,152,150,2,30+,,2019-01-09 00:00:00 | 2019-02-08 00:00:00 | 2022-01-08 00:00:00 | 2021-03-31 00:00:00 | 2025-01-07 00:00:00
account_move_vendor_credit.csv,sap__khsupplierinvoice__SupplierInvoiceCollection__InvoiceDescription,152,148,4,30+,,invoice booked to wrong vendor A/c | DN for online rejection Qty1400ns | DOC:12835 CN/03 ADJ INV;637 | Bill Discounting Chrgs fr 18/11-12/12/24 | Rej on Radiant I:V25-15367/31.01PO:11966
account_move_vendor_credit.csv,sap__khsupplierinvoice__SupplierInvoiceCollection__ItemsGrossAmountIndicator,152,152,0,2,,True | False
account_move_vendor_credit.csv,sap__khsupplierinvoice__SupplierInvoiceCollection__LifeCycleStatusCode,152,152,0,5,,12 | 9 | 8 | 7 | 1
account_move_vendor_credit.csv,sap__khsupplierinvoice__SupplierInvoiceCollection__LifeCycleStatusCodeText,152,152,0,5,,Paid | Canceled | Posted | Voided | In Process
account_move_vendor_credit.csv,sap__khsupplierinvoice__SupplierInvoiceCollection__ObjectID,152,152,0,30+,,00163E5F7A721ED98DB82E8FF2DD2ED8 | 00163E5F7A721EE98CE9B4E88385F00A | 00163E5F7A721EE98CEC2EDB4F16FAEB | 00163EA9426E1EDC9CBFB5F30CFC8B7E | 00163EA942DA1EEBA588FEE749EEBC8F
account_move_vendor_credit.csv,sap__khsupplierinvoice__SupplierInvoiceCollection__PostingStatusCode,152,152,0,3,,3 | 2 | 1
account_move_vendor_credit.csv,sap__khsupplierinvoice__SupplierInvoiceCollection__PostingStatusCodeText,152,152,0,3,,Posted | Voided | Not Posted
account_move_vendor_credit.csv,sap__khsupplierinvoice__SupplierInvoiceCollection__ReceiptDate,152,152,0,30+,,2019-02-21 00:00:00 | 2019-02-08 00:00:00 | 2022-01-08 00:00:00 | 2021-03-31 00:00:00 | 2025-01-08 00:00:00
account_move_vendor_credit.csv,sap__khsupplierinvoice__SupplierInvoiceCollection__TotalGrossAmount,152,152,0,30+,,1690.000000 | 482742.000000 | 125312.000000 | 495.600000 | 461.000000
account_move_vendor_credit.csv,sap__khsupplierinvoice__SupplierInvoiceCollection__TotalGrossAmountCurrencyCode,152,152,0,3,,INR | USD | EUR
account_move_vendor_credit.csv,sap__khsupplierinvoice__SupplierInvoiceCollection__TotalGrossAmountCurrencyCodeText,152,152,0,3,,Indian Rupee | US Dollar | Euro
account_move_vendor_credit.csv,sap__khsupplierinvoice__SupplierInvoiceCollection__TotalNetAmount,152,152,0,30+,,1432.200000 | 482742.000000 | 125312.000000 | 420.000000 | 390.680000
account_move_vendor_credit.csv,sap__khsupplierinvoice__SupplierInvoiceCollection__TotalNetAmountCurrencyCode,152,152,0,3,,INR | USD | EUR
account_move_vendor_credit.csv,sap__khsupplierinvoice__SupplierInvoiceCollection__TotalNetAmountCurrencyCodeText,152,152,0,3,,Indian Rupee | US Dollar | Euro
account_move_vendor_credit.csv,sap__khsupplierinvoice__SupplierInvoiceCollection__TotalTaxAmount,152,152,0,30+,,257.800000 | 0.000000 | 75.600000 | 70.320000 | 5141.500000
account_move_vendor_credit.csv,sap__khsupplierinvoice__SupplierInvoiceCollection__TotalTaxAmountCurrencyCode,152,152,0,3,,INR | USD | EUR
account_move_vendor_credit.csv,sap__khsupplierinvoice__SupplierInvoiceCollection__TotalTaxAmountCurrencyCodeText,152,152,0,3,,Indian Rupee | US Dollar | Euro
account_move_vendor_credit.csv,sap__khsupplierinvoice__SupplierInvoiceCollection__TransactionDate,152,150,2,30+,,2019-02-21 00:00:00 | 2019-02-08 00:00:00 | 2022-01-08 00:00:00 | 2021-03-31 00:00:00 | 2025-01-08 00:00:00
account_move_vendor_credit.csv,sap__khsupplierinvoice__SupplierInvoiceCollection__TypeCode,152,152,0,1,,005
account_move_vendor_credit.csv,sap__khsupplierinvoice__SupplierInvoiceCollection__TypeCodeText,152,152,0,1,,Credit Memo
account_move_vendor_credit.csv,sap__khsupplierinvoice__SupplierInvoiceCollection__UUID,152,152,0,30+,,00163E5F-7A72-1ED9-8DB8-2E8FF2DD2ED8 | 00163E5F-7A72-1EE9-8CE9-B4E88385F00A | 00163E5F-7A72-1EE9-8CEC-2EDB4F16FAEB | 00163EA9-426E-1EDC-9CBF-B5F30CFC8B7E | 00163EA9-42DA-1EEB-A588-FEE749EEBC8F
account_move_vendor_credit.csv,sap__khsupplierinvoice__BillToPartyCollection__ObjectID,152,152,0,30+,JSON_ARRAY,"[""00163E5F7A721ED98DB82E8FF2DD6ED8"", ""00163E5F7A721ED98DB82E8FF2DE2ED8"", ""00163E5F7A721ED98DB82E8FF2E06ED8"", ""00163E5F7A721ED98DB82E8FF2E08ED8"", ""00163E5F7A721ED98DB82F9955126ED9"", ""00163E5F7A721ED98DB82F995516CED9"", ""00163E5F7A721ED98DB82F995516EED9""] | [""00163E5F7A721EE98CE9B4E88386300A"", ""00163E5F7A721EE98CE9B4E88386F00A"", ""00163E5F7A721EE98CE9B4E88389500A"", ""00163E5F7A721EE98CE9B4E88389700A"", ""00163E5F7A721EE98CE9B5FE1301D00A"", ""00163E5F7A721EE98CE9B5FE1306300A"", ""00163E5F7A721EE98CE9B5FE1306500A""] | [""00163E5F7A721EE98CEC2EDB4F173AEB"", ""00163E5F7A721EE98CEC2EDB4F17FAEB"", ""00163E5F7A721EE98CEC2EDB4F1A5AEB"", ""00163E5F7A721EE98CEC2EDB4F1A7AEB"", ""00163E5F7A721EE98CEC3046550B1AEB"", ""00163E5F7A721EE98CEC3046550F7AEB"", ""00163E5F7A721EE98CEC3046550F9AEB""] | [""00163EA9426E1EDC9CBFB5F30CFCCB7E"", ""00163EA9426E1EDC9CBFB5F30CFDEB7E"", ""00163EA9426E1EDC9CBFB5F30CFE0B7E"", ""00163EA9426E1EDC9CBFB5F30CFE2B7E"", ""00163EA9426E1EDC9CBFB5F30CFF8B7E"", ""00163EA9426E1EDC9CBFB5F30D00CB7E"", ""00163EA9426E1EDC9CBFB5F30D02AB7E""] | [""00163EA942DA1EEBA588FEE749EEFC8F"", ""00163EA942DA1EEBA588FEE749EFBC8F"", ""00163EA942DA1EEBA588FEE749F21C8F"", ""00163EA942DA1EEBA588FEE749F23C8F"", ""00163EA942DA1EEBA5890107B7B5DC91"", ""00163EA942DA1EEBA5890107B7BA3C91"", ""00163EA942DA1EEBA5890107B7BA5C91""]"
account_move_vendor_credit.csv,sap__khsupplierinvoice__BillToPartyCollection__ParentObjectID,152,152,0,30+,,00163E5F7A721ED98DB82E8FF2DD2ED8 | 00163E5F7A721EE98CE9B4E88385F00A | 00163E5F7A721EE98CEC2EDB4F16FAEB | 00163EA9426E1EDC9CBFB5F30CFC8B7E | 00163EA942DA1EEBA588FEE749EEBC8F
account_move_vendor_credit.csv,sap__khsupplierinvoice__BillToPartyCollection__PartyID,152,152,0,30+,JSON_ARRAY,"[""70000"", ""7000003"", ""70000"", ""70000"", ""2018814"", ""2018814"", ""2018814""] | [""70000"", ""G185"", ""70000"", ""70000"", ""5030479"", ""5030479"", ""5030479""] | [""70000"", ""G185"", ""70000"", ""70000"", ""5012419"", ""5012419"", ""5012419""] | [""2019050"", ""70000"", ""2019050"", ""2019050"", ""70000"", ""G002"", ""70000""] | [""70000"", ""G113"", ""70000"", ""70000"", ""8000260"", ""8000260"", ""8000260""]"
account_move_vendor_credit.csv,sap__khsupplierinvoice__BuyerPartyCollection__ObjectID,152,152,0,30+,JSON_ARRAY,"[""00163E5F7A721ED98DB82E8FF2DD6ED8"", ""00163E5F7A721ED98DB82E8FF2DE2ED8"", ""00163E5F7A721ED98DB82E8FF2E06ED8"", ""00163E5F7A721ED98DB82E8FF2E08ED8"", ""00163E5F7A721ED98DB82F9955126ED9"", ""00163E5F7A721ED98DB82F995516CED9"", ""00163E5F7A721ED98DB82F995516EED9""] | [""00163E5F7A721EE98CE9B4E88386300A"", ""00163E5F7A721EE98CE9B4E88386F00A"", ""00163E5F7A721EE98CE9B4E88389500A"", ""00163E5F7A721EE98CE9B4E88389700A"", ""00163E5F7A721EE98CE9B5FE1301D00A"", ""00163E5F7A721EE98CE9B5FE1306300A"", ""00163E5F7A721EE98CE9B5FE1306500A""] | [""00163E5F7A721EE98CEC2EDB4F173AEB"", ""00163E5F7A721EE98CEC2EDB4F17FAEB"", ""00163E5F7A721EE98CEC2EDB4F1A5AEB"", ""00163E5F7A721EE98CEC2EDB4F1A7AEB"", ""00163E5F7A721EE98CEC3046550B1AEB"", ""00163E5F7A721EE98CEC3046550F7AEB"", ""00163E5F7A721EE98CEC3046550F9AEB""] | [""00163EA9426E1EDC9CBFB5F30CFCCB7E"", ""00163EA9426E1EDC9CBFB5F30CFDEB7E"", ""00163EA9426E1EDC9CBFB5F30CFE0B7E"", ""00163EA9426E1EDC9CBFB5F30CFE2B7E"", ""00163EA9426E1EDC9CBFB5F30CFF8B7E"", ""00163EA9426E1EDC9CBFB5F30D00CB7E"", ""00163EA9426E1EDC9CBFB5F30D02AB7E""] | [""00163EA942DA1EEBA588FEE749EEFC8F"", ""00163EA942DA1EEBA588FEE749EFBC8F"", ""00163EA942DA1EEBA588FEE749F21C8F"", ""00163EA942DA1EEBA588FEE749F23C8F"", ""00163EA942DA1EEBA5890107B7B5DC91"", ""00163EA942DA1EEBA5890107B7BA3C91"", ""00163EA942DA1EEBA5890107B7BA5C91""]"
account_move_vendor_credit.csv,sap__khsupplierinvoice__BuyerPartyCollection__ParentObjectID,152,152,0,30+,,00163E5F7A721ED98DB82E8FF2DD2ED8 | 00163E5F7A721EE98CE9B4E88385F00A | 00163E5F7A721EE98CEC2EDB4F16FAEB | 00163EA9426E1EDC9CBFB5F30CFC8B7E | 00163EA942DA1EEBA588FEE749EEBC8F
account_move_vendor_credit.csv,sap__khsupplierinvoice__BuyerPartyCollection__PartyID,152,152,0,30+,JSON_ARRAY,"[""70000"", ""7000003"", ""70000"", ""70000"", ""2018814"", ""2018814"", ""2018814""] | [""70000"", ""G185"", ""70000"", ""70000"", ""5030479"", ""5030479"", ""5030479""] | [""70000"", ""G185"", ""70000"", ""70000"", ""5012419"", ""5012419"", ""5012419""] | [""2019050"", ""70000"", ""2019050"", ""2019050"", ""70000"", ""G002"", ""70000""] | [""70000"", ""G113"", ""70000"", ""70000"", ""8000260"", ""8000260"", ""8000260""]"
account_move_vendor_credit.csv,sap__khsupplierinvoice__CashDiscountTermsCollection__Code,152,151,1,13,,0001 | Z029 | Z026 | Z002 | Z005
account_move_vendor_credit.csv,sap__khsupplierinvoice__CashDiscountTermsCollection__CodeText,152,151,1,12,,"Due net payable immediately | Referred Terms of Payment Text | 15days from the dt of Invoice,subject to acceptance | 30 days from the date of invoice subject to acceptance | 60days from the dt of Invoice,subject to acceptance"
account_move_vendor_credit.csv,sap__khsupplierinvoice__CashDiscountTermsCollection__FullPaymentEndDate,152,151,1,30+,,2019-02-21 00:00:00 | 2019-02-08 00:00:00 | 2022-01-02 00:00:00 | 2021-03-31 00:00:00 | 2025-02-06 00:00:00
account_move_vendor_credit.csv,sap__khsupplierinvoice__CashDiscountTermsCollection__ObjectID,152,152,0,30+,,00163E5F7A721ED98DB82E8FF2E1CED8 | 00163E5F7A721EE98CE9B4E8838AB00A | 00163E5F7A721EE98CEC2EDB4F1BBAEB | 00163EA9426E1EDC9CBFB5F30D05CB7E | 00163EA942DA1EEBA588FEE749F37C8F
account_move_vendor_credit.csv,sap__khsupplierinvoice__CashDiscountTermsCollection__ParentObjectID,152,152,0,30+,,00163E5F7A721ED98DB82E8FF2DD2ED8 | 00163E5F7A721EE98CE9B4E88385F00A | 00163E5F7A721EE98CEC2EDB4F16FAEB | 00163EA9426E1EDC9CBFB5F30CFC8B7E | 00163EA942DA1EEBA588FEE749EEBC8F
account_move_vendor_credit.csv,sap__khsupplierinvoice__CashDiscountTermsCollection__PaymentBaselineDate,152,151,1,30+,,2019-02-21 00:00:00 | 2019-02-08 00:00:00 | 2021-12-18 00:00:00 | 2021-03-31 00:00:00 | 2025-01-07 00:00:00
account_move_vendor_credit.csv,sap__khsupplierinvoice__ConfirmedInboundDeliveryReferenceCollection__BusinessTransactionDocumentRelationshipRoleCode,152,152,0,30+,"JSON_ARRAY,VERY_LONG_TEXT","[""7"", ""2""] | [""17"", ""1"", ""1"", ""3"", ""7"", ""2""] | [""2"", ""7""] | [""7"", ""2"", ""2""] | [""17"", ""1"", ""1"", ""3"", ""7"", ""2"", ""2""]"
account_move_vendor_credit.csv,sap__khsupplierinvoice__ConfirmedInboundDeliveryReferenceCollection__BusinessTransactionDocumentRelationshipRoleCodeText,152,152,0,30+,"JSON_ARRAY,VERY_LONG_TEXT","[""Business Partner Document"", ""Successor""] | [""Information Provider"", ""Predecessor"", ""Predecessor"", ""Used Document"", ""Business Partner Document"", ""Successor""] | [""Successor"", ""Business Partner Document""] | [""Business Partner Document"", ""Successor"", ""Successor""] | [""Information Provider"", ""Predecessor"", ""Predecessor"", ""Used Document"", ""Business Partner Document"", ""Successor"", ""Successor""]"
account_move_vendor_credit.csv,sap__khsupplierinvoice__ConfirmedInboundDeliveryReferenceCollection__ID,152,152,0,30+,"JSON_ARRAY,VERY_LONG_TEXT","[""JKML-04058"", ""118""] | [""1"", ""75""] | [""2"", ""312""] | [""18037"", ""30006353"", ""18037"", ""14524"", ""DEAL/GDR/2021-22/07"", ""608""] | [""1292"", ""CN/03 ADJ INV;637""]"
account_move_vendor_credit.csv,sap__khsupplierinvoice__ConfirmedInboundDeliveryReferenceCollection__ObjectID,152,152,0,30+,"JSON_ARRAY,VERY_LONG_TEXT","[""00163E5F7A721ED98DB83E002C3EEF42"", ""00163E5F7A8F1EE98DE4685E5EC1C903""] | [""00163E5F7A721EE98CE9B77F4178104E"", ""00163E5F7A8F1ED98CEC2A18A0BF08E8""] | [""00163E5F7A721EE98CEC3335603E7AEF"", ""00163E5F7A8F1EE990F90D81CCD084AE""] | [""00163EA9426E1EDC9CBFB5F30D03CB7E"", ""00163EA9426E1EDC9CBFB60A13B66B7E"", ""00163EA9426E1EDC9CBFB60A13B6AB7E"", ""00163EA9426E1EDC9CBFB60A13B74B7E"", ""00163EA9426E1EDC9CBFBCBD45874B80"", ""00163EA9433C1EECA58E8DB40524A46A""] | [""00163EA910281EEBA6E840565020BE6F"", ""00163EA942DA1EEBA5890370A3993C92""]"
account_move_vendor_credit.csv,sap__khsupplierinvoice__ConfirmedInboundDeliveryReferenceCollection__ParentObjectID,152,152,0,30+,,00163E5F7A721ED98DB82E8FF2DD2ED8 | 00163E5F7A721EE98CE9B4E88385F00A | 00163E5F7A721EE98CEC2EDB4F16FAEB | 00163EA9426E1EDC9CBFB5F30CFC8B7E | 00163EA942DA1EEBA588FEE749EEBC8F
account_move_vendor_credit.csv,sap__khsupplierinvoice__ConfirmedInboundDeliveryReferenceCollection__TypeCode,152,152,0,30+,"JSON_ARRAY,VERY_LONG_TEXT","[""28"", ""36""] | [""004"", ""001"", ""004"", ""128"", ""28"", ""36""] | [""36"", ""28""] | [""001"", ""001"", ""004"", ""128"", ""28"", ""36""] | [""28"", ""36"", ""36""]"
account_move_vendor_credit.csv,sap__khsupplierinvoice__ConfirmedInboundDeliveryReferenceCollection__TypeCodeText,152,152,0,30+,"JSON_ARRAY,VERY_LONG_TEXT","[""Customer Invoice"", ""Clearing""] | [""Invoice"", ""Purchase Order"", ""Invoice"", ""Supplier Invoice Request"", ""Customer Invoice"", ""Clearing""] | [""Clearing"", ""Customer Invoice""] | [""Purchase Order"", ""Purchase Order"", ""Invoice"", ""Supplier Invoice Request"", ""Customer Invoice"", ""Clearing""] | [""Customer Invoice"", ""Clearing"", ""Clearing""]"
account_move_vendor_credit.csv,sap__khsupplierinvoice__ConfirmedInboundDeliveryReferenceCollection__UUID,152,151,1,30+,"JSON_ARRAY,VERY_LONG_TEXT","["""", ""00163E5F-7A72-1ED9-8DE4-67A57B8CB77F""] | ["""", ""00163E5F-7A72-1EE9-8CEC-2576C3DD1A8A""] | ["""", ""00163E70-8BF9-1EE9-90F9-0B8B4E66EEB1""] | [""00163EA9-426E-1EEC-98F9-A46BC41A9144"", ""00163EA9-426E-1EDC-8689-B976574A771A"", ""00163EA9-426E-1EEC-98F9-A46BC41A9144"", ""00163EA9-433C-1EDC-868D-35D37F0160AD"", """", ""00163EA9-426E-1EDC-A58B-EC31125FFE75""] | [""00163EA9-42DA-1EDB-A6BD-1E8DD25054E3"", """"]"
account_move_vendor_credit.csv,sap__khsupplierinvoice__ExternalReferenceCollection__BusinessTransactionDocumentRelationshipRoleCode,152,152,0,30+,"JSON_ARRAY,VERY_LONG_TEXT","[""7"", ""2""] | [""17"", ""1"", ""1"", ""3"", ""7"", ""2""] | [""2"", ""7""] | [""7"", ""2"", ""2""] | [""17"", ""1"", ""1"", ""3"", ""7"", ""2"", ""2""]"
account_move_vendor_credit.csv,sap__khsupplierinvoice__ExternalReferenceCollection__BusinessTransactionDocumentRelationshipRoleCodeText,152,152,0,30+,"JSON_ARRAY,VERY_LONG_TEXT","[""Business Partner Document"", ""Successor""] | [""Information Provider"", ""Predecessor"", ""Predecessor"", ""Used Document"", ""Business Partner Document"", ""Successor""] | [""Successor"", ""Business Partner Document""] | [""Business Partner Document"", ""Successor"", ""Successor""] | [""Information Provider"", ""Predecessor"", ""Predecessor"", ""Used Document"", ""Business Partner Document"", ""Successor"", ""Successor""]"
account_move_vendor_credit.csv,sap__khsupplierinvoice__ExternalReferenceCollection__ID,152,152,0,30+,"JSON_ARRAY,VERY_LONG_TEXT","[""JKML-04058"", ""118""] | [""1"", ""75""] | [""2"", ""312""] | [""18037"", ""30006353"", ""18037"", ""14524"", ""DEAL/GDR/2021-22/07"", ""608""] | [""1292"", ""CN/03 ADJ INV;637""]"
account_move_vendor_credit.csv,sap__khsupplierinvoice__ExternalReferenceCollection__ObjectID,152,152,0,30+,"JSON_ARRAY,VERY_LONG_TEXT","[""00163E5F7A721ED98DB83E002C3EEF42"", ""00163E5F7A8F1EE98DE4685E5EC1C903""] | [""00163E5F7A721EE98CE9B77F4178104E"", ""00163E5F7A8F1ED98CEC2A18A0BF08E8""] | [""00163E5F7A721EE98CEC3335603E7AEF"", ""00163E5F7A8F1EE990F90D81CCD084AE""] | [""00163EA9426E1EDC9CBFB5F30D03CB7E"", ""00163EA9426E1EDC9CBFB60A13B66B7E"", ""00163EA9426E1EDC9CBFB60A13B6AB7E"", ""00163EA9426E1EDC9CBFB60A13B74B7E"", ""00163EA9426E1EDC9CBFBCBD45874B80"", ""00163EA9433C1EECA58E8DB40524A46A""] | [""00163EA910281EEBA6E840565020BE6F"", ""00163EA942DA1EEBA5890370A3993C92""]"
account_move_vendor_credit.csv,sap__khsupplierinvoice__ExternalReferenceCollection__ParentObjectID,152,152,0,30+,,00163E5F7A721ED98DB82E8FF2DD2ED8 | 00163E5F7A721EE98CE9B4E88385F00A | 00163E5F7A721EE98CEC2EDB4F16FAEB | 00163EA9426E1EDC9CBFB5F30CFC8B7E | 00163EA942DA1EEBA588FEE749EEBC8F
account_move_vendor_credit.csv,sap__khsupplierinvoice__ExternalReferenceCollection__TypeCode,152,152,0,30+,"JSON_ARRAY,VERY_LONG_TEXT","[""28"", ""36""] | [""004"", ""001"", ""004"", ""128"", ""28"", ""36""] | [""36"", ""28""] | [""001"", ""001"", ""004"", ""128"", ""28"", ""36""] | [""28"", ""36"", ""36""]"
account_move_vendor_credit.csv,sap__khsupplierinvoice__ExternalReferenceCollection__TypeCodeText,152,152,0,30+,"JSON_ARRAY,VERY_LONG_TEXT","[""Customer Invoice"", ""Clearing""] | [""Invoice"", ""Purchase Order"", ""Invoice"", ""Supplier Invoice Request"", ""Customer Invoice"", ""Clearing""] | [""Clearing"", ""Customer Invoice""] | [""Purchase Order"", ""Purchase Order"", ""Invoice"", ""Supplier Invoice Request"", ""Customer Invoice"", ""Clearing""] | [""Customer Invoice"", ""Clearing"", ""Clearing""]"
account_move_vendor_credit.csv,sap__khsupplierinvoice__ItemCollection__Description,152,151,1,30+,"JSON_ARRAY,VERY_LONG_TEXT",Wrong vendor posting | SAF | SAF Amount | NUT HEX M3-SS 304 | DOC:12835 CN/03 ADJ INV;637
account_move_vendor_credit.csv,sap__khsupplierinvoice__ItemCollection__DirectMaterialIndicator,152,151,1,2,,False | True
account_move_vendor_credit.csv,sap__khsupplierinvoice__ItemCollection__GrossAmount,152,151,1,30+,JSON_ARRAY,1690.000000 | 482742.000000 | 125312.000000 | 495.600000 | 461.000000
account_move_vendor_credit.csv,sap__khsupplierinvoice__ItemCollection__GrossAmountCurrencyCode,152,151,1,3,,INR | USD | EUR
account_move_vendor_credit.csv,sap__khsupplierinvoice__ItemCollection__GrossAmountCurrencyCodeText,152,151,1,3,,Indian Rupee | US Dollar | Euro
account_move_vendor_credit.csv,sap__khsupplierinvoice__ItemCollection__GrossUnitPriceAmount,152,151,1,30+,"JSON_ARRAY,VERY_LONG_TEXT",1690.000000 | 482742.000000 | 125312.000000 | 0.350000 | 461.000000
account_move_vendor_credit.csv,sap__khsupplierinvoice__ItemCollection__GrossUnitPriceBaseQuantity,152,151,1,1,,1.00000000000000
account_move_vendor_credit.csv,sap__khsupplierinvoice__ItemCollection__GrossUnitPriceBaseUnitCode,152,151,1,4,,ZNO | EA | XBX | KGM
account_move_vendor_credit.csv,sap__khsupplierinvoice__ItemCollection__GrossUnitPriceCurrencyCode,152,151,1,3,,INR | USD | EUR
account_move_vendor_credit.csv,sap__khsupplierinvoice__ItemCollection__ID,152,151,1,18,"JSON_ARRAY,VERY_LONG_TEXT","[""1"", ""1.1""] | [""2"", ""2.1""] | [""3"", ""3.1""] | [""1"", ""1.1"", ""2"", ""2.1""] | [""2"", ""2.2"", ""2.1""]"
account_move_vendor_credit.csv,sap__khsupplierinvoice__ItemCollection__NetAmount,152,151,1,30+,JSON_ARRAY,1432.200000 | 482742.000000 | 125312.000000 | 420.000000 | 390.680000
account_move_vendor_credit.csv,sap__khsupplierinvoice__ItemCollection__NetAmountCurrencyCode,152,151,1,3,,INR | USD | EUR
account_move_vendor_credit.csv,sap__khsupplierinvoice__ItemCollection__NetAmountCurrencyCodeText,152,151,1,3,,Indian Rupee | US Dollar | Euro
account_move_vendor_credit.csv,sap__khsupplierinvoice__ItemCollection__NetUnitPriceAmount,152,151,1,30+,JSON_ARRAY,1432.200000 | 482742.000000 | 125312.000000 | 0.300000 | 390.680000
account_move_vendor_credit.csv,sap__khsupplierinvoice__ItemCollection__NetUnitPriceBaseQuantity,152,151,1,1,,1.00000000000000
account_move_vendor_credit.csv,sap__khsupplierinvoice__ItemCollection__NetUnitPriceBaseUnitCode,152,151,1,4,,ZNO | EA | XBX | KGM
account_move_vendor_credit.csv,sap__khsupplierinvoice__ItemCollection__NetUnitPriceCurrencyCode,152,151,1,3,,INR | USD | EUR
account_move_vendor_credit.csv,sap__khsupplierinvoice__ItemCollection__ObjectID,152,151,1,30+,"JSON_ARRAY,VERY_LONG_TEXT","[""00163E5F7A721ED98DB82E8FF2E20ED8"", ""00163E5F7A721ED98DB82E8FF2E2CED8""] | [""00163E5F7A721EE98CE9B4E8838AF00A"", ""00163E5F7A721EE98CE9B4E8838BB00A""] | [""00163E5F7A721EE98CEC2EDB4F1BFAEB"", ""00163E5F7A721EE98CEC2EDB4F1CBAEB""] | [""00163EA9426E1EDC9CBFB5F30D062B7E"", ""00163EA9426E1EDC9CBFB60A13AB4B7E""] | [""00163EA942DA1EEBA588FEE749F3BC8F"", ""00163EA942DA1EEBA588FEE749F47C8F""]"
account_move_vendor_credit.csv,sap__khsupplierinvoice__ItemCollection__ParentObjectID,152,151,1,30+,,00163E5F7A721ED98DB82E8FF2DD2ED8 | 00163E5F7A721EE98CE9B4E88385F00A | 00163E5F7A721EE98CEC2EDB4F16FAEB | 00163EA9426E1EDC9CBFB5F30CFC8B7E | 00163EA942DA1EEBA588FEE749EEBC8F
account_move_vendor_credit.csv,sap__khsupplierinvoice__ItemCollection__ProductCategoryInternalID,152,101,51,10,,OTH | PCB | 400 | ICS | TRN
account_move_vendor_credit.csv,sap__khsupplierinvoice__ItemCollection__ProductID,152,101,51,30+,"JSON_ARRAY,VERY_LONG_TEXT",DAL4MOTH646 | DL2SMOTH922 | LTD3MPCB304 | DAL4MOTH643 | DLBMMOTH917
account_move_vendor_credit.csv,sap__khsupplierinvoice__ItemCollection__ProductTypeCode,152,101,51,1,,1
account_move_vendor_credit.csv,sap__khsupplierinvoice__ItemCollection__ProductTypeCodeText,152,101,51,1,,Material
account_move_vendor_credit.csv,sap__khsupplierinvoice__ItemCollection__Quantity,152,151,1,30+,JSON_ARRAY,1.00000000000000 | 1400.00000000000000 | 5.00000000000000 | 2124.00000000000000 | 40000.00000000000000
account_move_vendor_credit.csv,sap__khsupplierinvoice__ItemCollection__QuantityUnitCode,152,151,1,4,,ZNO | EA | XBX | KGM
account_move_vendor_credit.csv,sap__khsupplierinvoice__ItemCollection__QuantityUnitCodeText,152,151,1,4,,Number | Each | Box | Kilogram
account_move_vendor_credit.csv,sap__khsupplierinvoice__ItemCollection__TaxAmount,152,151,1,30+,JSON_ARRAY,257.800000 | 0.000000 | 75.600000 | 70.320000 | 5141.500000
account_move_vendor_credit.csv,sap__khsupplierinvoice__ItemCollection__TaxAmountCurrencyCode,152,151,1,3,,INR | USD | EUR
account_move_vendor_credit.csv,sap__khsupplierinvoice__ItemCollection__TaxAmountCurrencyCodeText,152,151,1,3,,Indian Rupee | US Dollar | Euro
account_move_vendor_credit.csv,sap__khsupplierinvoice__ItemCollection__TypeCode,152,151,1,1,,003
account_move_vendor_credit.csv,sap__khsupplierinvoice__ItemCollection__TypeCodeText,152,151,1,1,,Credit Memo Item
account_move_vendor_credit.csv,sap__khsupplierinvoice__ItemCollection__UUID,152,151,1,30+,"JSON_ARRAY,VERY_LONG_TEXT","[""00163E5F-7A72-1ED9-8DB8-2E8FF2E20ED8"", ""00163E5F-7A72-1ED9-8DB8-2E8FF2E2CED8""] | [""00163E5F-7A72-1EE9-8CE9-B4E8838AF00A"", ""00163E5F-7A72-1EE9-8CE9-B4E8838BB00A""] | [""00163E5F-7A72-1EE9-8CEC-2EDB4F1BFAEB"", ""00163E5F-7A72-1EE9-8CEC-2EDB4F1CBAEB""] | [""00163EA9-426E-1EDC-9CBF-B5F30D062B7E"", ""00163EA9-426E-1EDC-9CBF-B60A13AB4B7E""] | [""00163EA9-42DA-1EEB-A588-FEE749F3BC8F"", ""00163EA9-42DA-1EEB-A588-FEE749F47C8F""]"
account_move_vendor_credit.csv,sap__khsupplierinvoice__ItemTaxCalculationCollection__CountryCode,152,151,1,1,,IN
account_move_vendor_credit.csv,sap__khsupplierinvoice__ItemTaxCalculationCollection__CountryCodeText,152,151,1,1,,India
account_move_vendor_credit.csv,sap__khsupplierinvoice__ItemTaxCalculationCollection__ObjectID,152,151,1,30+,JSON_ARRAY,00163E5F7A721ED98DB82E8FF2E20ED8 | 00163E5F7A721EE98CE9B4E8838AF00A | 00163E5F7A721EE98CEC2EDB4F1BFAEB | 00163EA9426E1EDC9CBFB5F30D062B7E | 00163EA942DA1EEBA588FEE749F3BC8F
account_move_vendor_credit.csv,sap__khsupplierinvoice__ItemTaxCalculationCollection__ParentObjectID,152,151,1,30+,,00163E5F7A721ED98DB82E8FF2DD2ED8 | 00163E5F7A721EE98CE9B4E88385F00A | 00163E5F7A721EE98CEC2EDB4F16FAEB | 00163EA9426E1EDC9CBFB5F30CFC8B7E | 00163EA942DA1EEBA588FEE749EEBC8F
account_move_vendor_credit.csv,sap__khsupplierinvoice__ItemTaxCalculationCollection__TaxJurisdictionCode,152,0,152,0,,
account_move_vendor_credit.csv,sap__khsupplierinvoice__ItemTaxCalculationCollection__TaxJurisdictionCodeText,152,0,152,0,,
account_move_vendor_credit.csv,sap__khsupplierinvoice__ItemTaxCalculationCollection__TaxationCode,152,151,1,7,JSON_ARRAY,"84 | 87 | 83 | 1 | [""83"", ""84""]"
account_move_vendor_credit.csv,sap__khsupplierinvoice__ItemTaxCalculationCollection__TaxationCodeText,152,0,152,0,,
account_move_vendor_credit.csv,sap__khsupplierinvoice__ItemTaxCalculationCollection__WithholdingTaxCode,152,142,10,2,,2 | 1
account_move_vendor_credit.csv,sap__khsupplierinvoice__ItemTaxCalculationCollection__WithholdingTaxCodeText,152,142,10,2,,Provided Automatically by Tax Calculation Service | Provided by an Unspecified External Source
account_move_vendor_credit.csv,sap__khsupplierinvoice__PurchaseOrderReferenceCollection__BusinessTransactionDocumentRelationshipRoleCode,152,152,0,30+,"JSON_ARRAY,VERY_LONG_TEXT","[""7"", ""2""] | [""17"", ""1"", ""1"", ""3"", ""7"", ""2""] | [""2"", ""7""] | [""7"", ""2"", ""2""] | [""17"", ""1"", ""1"", ""3"", ""7"", ""2"", ""2""]"
account_move_vendor_credit.csv,sap__khsupplierinvoice__PurchaseOrderReferenceCollection__BusinessTransactionDocumentRelationshipRoleCodeText,152,152,0,30+,"JSON_ARRAY,VERY_LONG_TEXT","[""Business Partner Document"", ""Successor""] | [""Information Provider"", ""Predecessor"", ""Predecessor"", ""Used Document"", ""Business Partner Document"", ""Successor""] | [""Successor"", ""Business Partner Document""] | [""Business Partner Document"", ""Successor"", ""Successor""] | [""Information Provider"", ""Predecessor"", ""Predecessor"", ""Used Document"", ""Business Partner Document"", ""Successor"", ""Successor""]"
account_move_vendor_credit.csv,sap__khsupplierinvoice__PurchaseOrderReferenceCollection__ID,152,152,0,30+,"JSON_ARRAY,VERY_LONG_TEXT","[""JKML-04058"", ""118""] | [""1"", ""75""] | [""2"", ""312""] | [""18037"", ""30006353"", ""18037"", ""14524"", ""DEAL/GDR/2021-22/07"", ""608""] | [""1292"", ""CN/03 ADJ INV;637""]"
account_move_vendor_credit.csv,sap__khsupplierinvoice__PurchaseOrderReferenceCollection__ObjectID,152,152,0,30+,"JSON_ARRAY,VERY_LONG_TEXT","[""00163E5F7A721ED98DB83E002C3EEF42"", ""00163E5F7A8F1EE98DE4685E5EC1C903""] | [""00163E5F7A721EE98CE9B77F4178104E"", ""00163E5F7A8F1ED98CEC2A18A0BF08E8""] | [""00163E5F7A721EE98CEC3335603E7AEF"", ""00163E5F7A8F1EE990F90D81CCD084AE""] | [""00163EA9426E1EDC9CBFB5F30D03CB7E"", ""00163EA9426E1EDC9CBFB60A13B66B7E"", ""00163EA9426E1EDC9CBFB60A13B6AB7E"", ""00163EA9426E1EDC9CBFB60A13B74B7E"", ""00163EA9426E1EDC9CBFBCBD45874B80"", ""00163EA9433C1EECA58E8DB40524A46A""] | [""00163EA910281EEBA6E840565020BE6F"", ""00163EA942DA1EEBA5890370A3993C92""]"
account_move_vendor_credit.csv,sap__khsupplierinvoice__PurchaseOrderReferenceCollection__ParentObjectID,152,152,0,30+,,00163E5F7A721ED98DB82E8FF2DD2ED8 | 00163E5F7A721EE98CE9B4E88385F00A | 00163E5F7A721EE98CEC2EDB4F16FAEB | 00163EA9426E1EDC9CBFB5F30CFC8B7E | 00163EA942DA1EEBA588FEE749EEBC8F
account_move_vendor_credit.csv,sap__khsupplierinvoice__PurchaseOrderReferenceCollection__TypeCode,152,152,0,30+,"JSON_ARRAY,VERY_LONG_TEXT","[""28"", ""36""] | [""004"", ""001"", ""004"", ""128"", ""28"", ""36""] | [""36"", ""28""] | [""001"", ""001"", ""004"", ""128"", ""28"", ""36""] | [""28"", ""36"", ""36""]"
account_move_vendor_credit.csv,sap__khsupplierinvoice__PurchaseOrderReferenceCollection__TypeCodeText,152,152,0,30+,"JSON_ARRAY,VERY_LONG_TEXT","[""Customer Invoice"", ""Clearing""] | [""Invoice"", ""Purchase Order"", ""Invoice"", ""Supplier Invoice Request"", ""Customer Invoice"", ""Clearing""] | [""Clearing"", ""Customer Invoice""] | [""Purchase Order"", ""Purchase Order"", ""Invoice"", ""Supplier Invoice Request"", ""Customer Invoice"", ""Clearing""] | [""Customer Invoice"", ""Clearing"", ""Clearing""]"
account_move_vendor_credit.csv,sap__khsupplierinvoice__PurchaseOrderReferenceCollection__UUID,152,151,1,30+,"JSON_ARRAY,VERY_LONG_TEXT","["""", ""00163E5F-7A72-1ED9-8DE4-67A57B8CB77F""] | ["""", ""00163E5F-7A72-1EE9-8CEC-2576C3DD1A8A""] | ["""", ""00163E70-8BF9-1EE9-90F9-0B8B4E66EEB1""] | [""00163EA9-426E-1EEC-98F9-A46BC41A9144"", ""00163EA9-426E-1EDC-8689-B976574A771A"", ""00163EA9-426E-1EEC-98F9-A46BC41A9144"", ""00163EA9-433C-1EDC-868D-35D37F0160AD"", """", ""00163EA9-426E-1EDC-A58B-EC31125FFE75""] | [""00163EA9-42DA-1EDB-A6BD-1E8DD25054E3"", """"]"
account_move_vendor_credit.csv,sap__khsupplierinvoice__SellerPartyCollection__ObjectID,152,152,0,30+,JSON_ARRAY,"[""00163E5F7A721ED98DB82E8FF2DD6ED8"", ""00163E5F7A721ED98DB82E8FF2DE2ED8"", ""00163E5F7A721ED98DB82E8FF2E06ED8"", ""00163E5F7A721ED98DB82E8FF2E08ED8"", ""00163E5F7A721ED98DB82F9955126ED9"", ""00163E5F7A721ED98DB82F995516CED9"", ""00163E5F7A721ED98DB82F995516EED9""] | [""00163E5F7A721EE98CE9B4E88386300A"", ""00163E5F7A721EE98CE9B4E88386F00A"", ""00163E5F7A721EE98CE9B4E88389500A"", ""00163E5F7A721EE98CE9B4E88389700A"", ""00163E5F7A721EE98CE9B5FE1301D00A"", ""00163E5F7A721EE98CE9B5FE1306300A"", ""00163E5F7A721EE98CE9B5FE1306500A""] | [""00163E5F7A721EE98CEC2EDB4F173AEB"", ""00163E5F7A721EE98CEC2EDB4F17FAEB"", ""00163E5F7A721EE98CEC2EDB4F1A5AEB"", ""00163E5F7A721EE98CEC2EDB4F1A7AEB"", ""00163E5F7A721EE98CEC3046550B1AEB"", ""00163E5F7A721EE98CEC3046550F7AEB"", ""00163E5F7A721EE98CEC3046550F9AEB""] | [""00163EA9426E1EDC9CBFB5F30CFCCB7E"", ""00163EA9426E1EDC9CBFB5F30CFDEB7E"", ""00163EA9426E1EDC9CBFB5F30CFE0B7E"", ""00163EA9426E1EDC9CBFB5F30CFE2B7E"", ""00163EA9426E1EDC9CBFB5F30CFF8B7E"", ""00163EA9426E1EDC9CBFB5F30D00CB7E"", ""00163EA9426E1EDC9CBFB5F30D02AB7E""] | [""00163EA942DA1EEBA588FEE749EEFC8F"", ""00163EA942DA1EEBA588FEE749EFBC8F"", ""00163EA942DA1EEBA588FEE749F21C8F"", ""00163EA942DA1EEBA588FEE749F23C8F"", ""00163EA942DA1EEBA5890107B7B5DC91"", ""00163EA942DA1EEBA5890107B7BA3C91"", ""00163EA942DA1EEBA5890107B7BA5C91""]"
account_move_vendor_credit.csv,sap__khsupplierinvoice__SellerPartyCollection__ParentObjectID,152,152,0,30+,,00163E5F7A721ED98DB82E8FF2DD2ED8 | 00163E5F7A721EE98CE9B4E88385F00A | 00163E5F7A721EE98CEC2EDB4F16FAEB | 00163EA9426E1EDC9CBFB5F30CFC8B7E | 00163EA942DA1EEBA588FEE749EEBC8F
account_move_vendor_credit.csv,sap__khsupplierinvoice__SellerPartyCollection__PartyID,152,152,0,30+,JSON_ARRAY,"[""70000"", ""7000003"", ""70000"", ""70000"", ""2018814"", ""2018814"", ""2018814""] | [""70000"", ""G185"", ""70000"", ""70000"", ""5030479"", ""5030479"", ""5030479""] | [""70000"", ""G185"", ""70000"", ""70000"", ""5012419"", ""5012419"", ""5012419""] | [""2019050"", ""70000"", ""2019050"", ""2019050"", ""70000"", ""G002"", ""70000""] | [""70000"", ""G113"", ""70000"", ""70000"", ""8000260"", ""8000260"", ""8000260""]"
account_move_vendor_credit.csv,sap__khsupplierinvoice__SupplierInvoiceExceptionReferenceCollection__ObjectID,152,152,0,30+,"JSON_ARRAY,VERY_LONG_TEXT","[""00163E5F7A721ED98DB83E002C3EEF42"", ""00163E5F7A8F1EE98DE4685E5EC1C903""] | [""00163E5F7A721EE98CE9B77F4178104E"", ""00163E5F7A8F1ED98CEC2A18A0BF08E8""] | [""00163E5F7A721EE98CEC3335603E7AEF"", ""00163E5F7A8F1EE990F90D81CCD084AE""] | [""00163EA9426E1EDC9CBFB5F30D03CB7E"", ""00163EA9426E1EDC9CBFB60A13B66B7E"", ""00163EA9426E1EDC9CBFB60A13B6AB7E"", ""00163EA9426E1EDC9CBFB60A13B74B7E"", ""00163EA9426E1EDC9CBFBCBD45874B80"", ""00163EA9433C1EECA58E8DB40524A46A""] | [""00163EA910281EEBA6E840565020BE6F"", ""00163EA942DA1EEBA5890370A3993C92""]"
account_move_vendor_credit.csv,sap__khsupplierinvoice__SupplierInvoiceExceptionReferenceCollection__ParentObjectID,152,152,0,30+,,00163E5F7A721ED98DB82E8FF2DD2ED8 | 00163E5F7A721EE98CE9B4E88385F00A | 00163E5F7A721EE98CEC2EDB4F16FAEB | 00163EA9426E1EDC9CBFB5F30CFC8B7E | 00163EA942DA1EEBA588FEE749EEBC8F
account_payment.csv,id,59493,59493,0,30+,,sap_pay_00163E5F7A721ED98ADF8681D9C3A41A | sap_pay_00163E5F7A721ED98ADF86C64DF1A41A | sap_pay_00163E5F7A721ED98ADFC3D23898A55D | sap_pay_00163E5F7A721ED98ADFC3F68CBE455E | sap_pay_00163E5F7A721ED98ADFC4129297455F
account_payment.csv,partner_id/id,59493,54360,5133,30+,,sap_bp_8000017 | sap_bp_4000090 | sap_bp_5012440 | sap_bp_5012433 | sap_bp_2010867
account_payment.csv,amount,59493,59493,0,30+,,17758045.670000 | 605751.660000 | -3857.000000 | -18000.000000 | -339237.000000
account_payment.csv,payment_type,59493,59493,0,2,,inbound | outbound
account_payment.csv,partner_type,59493,59493,0,2,,customer | supplier
account_payment.csv,date,59493,59493,0,30+,,2019-01-31 | 2019-02-09 | 2019-02-11 | 2019-02-08 | 2019-02-12
account_payment.csv,currency_id/id,59493,59493,0,5,,base.INR | base.USD | base.EUR | base.JPY | base.SGD
account_payment.csv,sap__khpayment__PaymentCollection__AccountingTransactionDate,59493,59493,0,30+,,2019-01-31 00:00:00 | 2019-02-09 00:00:00 | 2019-02-11 00:00:00 | 2019-02-08 00:00:00 | 2019-02-12 00:00:00
account_payment.csv,sap__khpayment__PaymentCollection__AllocationBusinessTransactionDocumentDate,59493,58121,1372,30+,,2019-01-31 00:00:00 | 2019-02-11 00:00:00 | 2019-02-08 00:00:00 | 2019-02-12 00:00:00 | 2019-02-04 00:00:00
account_payment.csv,sap__khpayment__PaymentCollection__BankPaymentExecutionDate,59493,1897,57596,30+,,2019-02-04 00:00:00 | 2019-02-19 00:00:00 | 2019-02-20 00:00:00 | 2019-02-23 00:00:00 | 2019-02-27 00:00:00
account_payment.csv,sap__khpayment__PaymentCollection__BusinessPartnerID,59493,54360,5133,30+,,8000017 | 4000090 | 5012440 | 5012433 | 2010867
account_payment.csv,sap__khpayment__PaymentCollection__BusinessPartnerName,59493,54360,5133,30+,,Amir Metal Corporation | ONE TIME - CSH | DHL EXPRESS (I) PVT LTD | Gurudas D Borkar | HICOTRONICS DEVICES PVT LTD.
account_payment.csv,sap__khpayment__PaymentCollection__CashLocationCurrencyAmount,59493,59493,0,30+,,17758045.670000 | 605751.660000 | -3857.000000 | -18000.000000 | -339237.000000
account_payment.csv,sap__khpayment__PaymentCollection__CashLocationCurrencyCode,59493,59493,0,1,,INR
account_payment.csv,sap__khpayment__PaymentCollection__CashLocationCurrencyCodeText,59493,59493,0,1,,Indian Rupee
account_payment.csv,sap__khpayment__PaymentCollection__CompanyID,59493,59493,0,1,,70000
account_payment.csv,sap__khpayment__PaymentCollection__CreationDateTime,59493,59493,0,30+,,2019-02-07 17:17:13 | 2019-02-07 17:17:14 | 2019-02-07 17:30:54 | 2019-02-07 17:30:56 | 2019-02-07 17:30:57
account_payment.csv,sap__khpayment__PaymentCollection__DocumentDate,59493,59493,0,30+,,2019-01-31 00:00:00 | 2019-02-09 00:00:00 | 2019-02-11 00:00:00 | 2019-02-08 00:00:00 | 2019-02-12 00:00:00
account_payment.csv,sap__khpayment__PaymentCollection__DocumentID,59493,59493,0,30+,,20 | 21 | 190197575 | 190148184 | 190148185
account_payment.csv,sap__khpayment__PaymentCollection__DocumentItemID,59493,27762,31731,30+,,1 | 2 | 14 | 13 | 12
account_payment.csv,sap__khpayment__PaymentCollection__DocumentTypeCode,59493,59493,0,4,,15 | 82 | 80 | 21
account_payment.csv,sap__khpayment__PaymentCollection__DocumentTypeCodeText,59493,59493,0,4,,Bank Statement | Manual Payment | Payment Advice | Cash Transfer
account_payment.csv,sap__khpayment__PaymentCollection__DocumentUUID,59493,59493,0,30+,,00163E5F-7A72-1ED9-8ADF-8681D9C1641A | 00163E5F-7A72-1ED9-8ADF-86C64DEF641A | 00163E5F-7A72-1ED9-8ADF-C3D23890855D | 00163E5F-7A72-1ED9-8ADF-C3F68CB6055E | 00163E5F-7A72-1ED9-8ADF-C412928F055F
account_payment.csv,sap__khpayment__PaymentCollection__ExternalReference,59493,55821,3672,30+,,0/1 | 469318 | 469331 | 469335 | 469336
account_payment.csv,sap__khpayment__PaymentCollection__LastChangeDateTime,59493,59493,0,30+,,2019-02-07 17:17:13 | 2019-02-07 17:17:14 | 2019-04-04 08:27:35 | 2019-04-04 11:22:47 | 2019-04-04 08:27:39
account_payment.csv,sap__khpayment__PaymentCollection__ObjectID,59493,59493,0,30+,,00163E5F7A721ED98ADF8681D9C3A41A | 00163E5F7A721ED98ADF86C64DF1A41A | 00163E5F7A721ED98ADFC3D23898A55D | 00163E5F7A721ED98ADFC3F68CBE455E | 00163E5F7A721ED98ADFC4129297455F
account_payment.csv,sap__khpayment__PaymentCollection__PaymentAllocationPostprocessingCode,59493,59493,0,4,,2 | 4 | 1 | 3
account_payment.csv,sap__khpayment__PaymentCollection__PaymentAllocationPostprocessingCodeText,59493,59493,0,4,,In Process | Not Relevant | Not Required | Required
account_payment.csv,sap__khpayment__PaymentCollection__PaymentDueDate,59493,0,59493,0,,
account_payment.csv,sap__khpayment__PaymentCollection__PaymentFormCode,59493,59491,2,3,,06 | 05 | 09
account_payment.csv,sap__khpayment__PaymentCollection__PaymentFormCodeText,59493,59491,2,3,,Check | Bank Transfer | Cash
account_payment.csv,sap__khpayment__PaymentCollection__PaymentProcedureCode,59493,28814,30679,4,,6 | 2 | 1 | 4
account_payment.csv,sap__khpayment__PaymentCollection__PaymentProcedureCodeText,59493,28814,30679,4,,Check printing | International bank transfer | Domestic bank transfer | Bank check
account_payment.csv,sap__khpayment__PaymentCollection__PaymentTransactionCategoryCode,59493,59493,0,8,,27 | 4 | 1 | 15 | 6
account_payment.csv,sap__khpayment__PaymentCollection__PaymentTransactionCategoryCodeText,59493,59493,0,8,,Other Incoming Payments | Outgoing Check | Outgoing Bank Transfer | Incoming Bank Transfer | Outgoing Cash
account_payment.csv,sap__khpayment__PaymentCollection__PaymentTransactionGroupID,59493,25002,34491,30+,,0 | 1 | 30 | 32 | 35
account_payment.csv,sap__khpayment__PaymentCollection__PaymentTransactionStatusCode,59493,59493,0,6,,5 | 8 | 6 | 4 | 2
account_payment.csv,sap__khpayment__PaymentCollection__PaymentTransactionStatusCodeText,59493,59493,0,6,,Confirmed | Approval Rejected | Canceled | In Transfer | In Approval
account_payment.csv,sap__khpayment__PaymentCollection__TransactionCurrencyAmount,59493,59493,0,30+,,17758045.670000 | 605751.660000 | -3857.000000 | -18000.000000 | -339237.000000
account_payment.csv,sap__khpayment__PaymentCollection__TransactionCurrencyCode,59493,59493,0,5,,INR | USD | EUR | JPY | SGD
account_payment.csv,sap__khpayment__PaymentCollection__TransactionCurrencyCodeText,59493,59493,0,5,,Indian Rupee | US Dollar | Euro | Yen | Singapore Dollar
account_payment.csv,sap__khpayment__PaymentCollection__ValueDate,59493,59493,0,30+,,2019-01-31 00:00:00 | 2019-01-08 00:00:00 | 2019-01-22 00:00:00 | 2019-01-23 00:00:00 | 2019-01-24 00:00:00
account_payment_term.csv,id,31,31,0,30+,,sap_payterm_1003 | sap_payterm_1005 | sap_payterm_Z010 | sap_payterm_1001 | sap_payterm_1028
account_payment_term.csv,name,31,31,0,29,,"30 days net | 60 days net | Against Delivery | Payable immediately due net | 30 days from Invoice Date, End of month"
account_payment_term.csv,sap__khcustomerinvoice__CashDiscountTermsCollection__FullPaymentEndDate,31,7,24,7,,2024-02-19 00:00:00 | 2024-02-28 00:00:00 | 2026-05-04 00:00:00 | 2023-12-29 00:00:00 | 2022-06-30 00:00:00
account_payment_term.csv,sap__khcustomerinvoice__CashDiscountTermsCollection__ObjectID,31,7,24,7,,FBBF25FF0BED1EEEADF1B5CF072E8B4B | FBBF25FF0BED1EDEA9DCEAF64219F921 | FA163EE3F7811FE191F45DED2D1C9EEC | FBBF25FF0BED1EDEA9C3DE973B0818C2 | FA163EE0C9301EDCB3F12D41C24AD093
account_payment_term.csv,sap__khcustomerinvoice__CashDiscountTermsCollection__ParentObjectID,31,7,24,7,,FBBF25FF0BED1EEEADF1B5CF072D2B4B | FBBF25FF0BED1EDEA9DCEADF22D0D921 | FA163EE3F7811FE191F45DED2D1B3EEC | FBBF25FF0BED1EDEA9C3DE973B06B8C2 | FA163EE0C9301EDCB3F12D41C2497093
account_payment_term.csv,sap__khcustomerinvoice__CashDiscountTermsCollection__PaymentBaselineDate,31,7,24,7,,2024-01-20 00:00:00 | 2023-12-30 00:00:00 | 2026-05-04 00:00:00 | 2023-12-29 00:00:00 | 2022-05-09 00:00:00
account_payment_term.csv,sap__khcustomerinvoice__CashDiscountTermsCollection__PaymentTermsCode,31,7,24,7,,1003 | 1005 | Z010 | 1001 | 1028
account_payment_term.csv,sap__khcustomerinvoice__CashDiscountTermsCollection__PaymentTermsCodeText,31,7,24,7,,"30 days net | 60 days net | Against Delivery | Payable immediately due net | 30 days from Invoice Date, End of month"
account_payment_term.csv,sap__khsupplierinvoice__CashDiscountTermsCollection__Code,31,24,7,24,,0001 | Z029 | Z005 | Z013 | Z026
account_payment_term.csv,sap__khsupplierinvoice__CashDiscountTermsCollection__CodeText,31,24,7,22,,"Due net payable immediately | Referred Terms of Payment Text | 30 days from the date of invoice subject to acceptance | 07 days from the date of invoice subject to acceptance | 15days from the dt of Invoice,subject to acceptance"
account_payment_term.csv,sap__khsupplierinvoice__CashDiscountTermsCollection__FullPaymentEndDate,31,24,7,20,,2024-01-15 00:00:00 | 2024-02-02 00:00:00 | 2022-08-12 00:00:00 | 2024-01-06 00:00:00 | 2026-05-12 00:00:00
account_payment_term.csv,sap__khsupplierinvoice__CashDiscountTermsCollection__ObjectID,31,24,7,24,,FBBF25FF0BED1EEEADECDE358538AB3D | FBBF25FF0BED1EEEADEA661D7D044B3A | FBBF25FF0BED1EEEADD503C05A39CAFE | FA163EE3F7811EDD86BEDFEE55F1F499 | FBBF25FF0BED1EEEADD1313A276DAAF4
account_payment_term.csv,sap__khsupplierinvoice__CashDiscountTermsCollection__ParentObjectID,31,24,7,24,,FBBF25FF0BED1EEEADECDE3585342B3D | FBBF25FF0BED1EEEADEA661D7CFF8B3A | FBBF25FF0BED1EEEADD503B04F298AFE | FA163EE3F7811EDD86BEDFEE55E0D499 | FBBF25FF0BED1EEEADD1312DC3D48AF4
account_payment_term.csv,sap__khsupplierinvoice__CashDiscountTermsCollection__PaymentBaselineDate,31,24,7,20,,2024-01-15 00:00:00 | 2024-01-03 00:00:00 | 2022-08-05 00:00:00 | 2023-12-22 00:00:00 | 2026-05-05 00:00:00
account_tax.csv,id,115,115,0,30+,,sap_tax_1_VAT_0_000000 | sap_tax_12_Service_Tax_0_000000 | sap_tax_25_Basic_Customs_Duty_0_000000_05_Goa | sap_tax_26_Education_Cess_on_Customs_0_000000_05_Goa | sap_tax_27_Sec_and_HCESS_on_Customs_0_000000_05_Goa
account_tax.csv,name,115,115,0,30+,,1-VAT 0.000000% | 12-Service Tax 0.000000% | 25-Basic Customs Duty 0.000000% 05-Goa | 26-Education Cess on Customs 0.000000% 05-Goa | 27-Sec and HCESS on Customs 0.000000% 05-Goa
account_tax.csv,amount,115,115,0,15,,0 | 0.075 | 0.1 | 1 | 2
account_tax.csv,amount_type,115,115,0,1,,percent
account_tax.csv,type_tax_use,115,115,0,1,,sale
account_tax.csv,description,115,115,0,14,,1-Non Taxable Acquisition (Product) | 2-Non Taxable Acquisition (Service) | 650-Scrap Sales - Intrastate - CGST + SGST + BCD + TCS ( Cal | 627-GST - Intrastate Sale of Scrap (CGST+ SGST)) | 626-GST - Interstate Sale of Scrap (IGST)
crm_lead.csv,id,0,0,0,0,,
crm_lead.csv,name,0,0,0,0,,
crm_lead.csv,expected_revenue,0,0,0,0,,
crm_lead.csv,probability,0,0,0,0,,
crm_lead.csv,type,0,0,0,0,,
crm_lead_closed.csv,id,0,0,0,0,,
crm_lead_closed.csv,name,0,0,0,0,,
crm_lead_closed.csv,expected_revenue,0,0,0,0,,
crm_lead_closed.csv,probability,0,0,0,0,,
crm_lead_closed.csv,type,0,0,0,0,,
crm_lead_open.csv,id,0,0,0,0,,
crm_lead_open.csv,name,0,0,0,0,,
crm_lead_open.csv,expected_revenue,0,0,0,0,,
crm_lead_open.csv,probability,0,0,0,0,,
crm_lead_open.csv,type,0,0,0,0,,
mrp_production.csv,id,9557,9557,0,30+,,sap_mo_00163E5F7A721ED98AF06F504168FBE0 | sap_mo_00163E5F7A721ED98AF0F6A3FB073EA9 | sap_mo_00163E5F7A721ED98B849DEBBC5AE81C | sap_mo_00163E5F7A721ED98B84D87EB26268F4 | sap_mo_00163E5F7A721ED98B84E445071EA948
mrp_production.csv,name,9557,9557,0,30+,,1 | 2 | 7 | 8 | 9
mrp_production.csv,product_id/id,9557,9557,0,30+,,sap_prod_730511 | sap_prod_LF90044 | sap_prod_19239000048 | sap_prod_LF91127 | sap_prod_LF90286
mrp_production.csv,product_qty,9557,9557,0,30+,,3237.00000000000000 | 592.00000000000000 | 240.00000000000000 | 504.00000000000000 | 1768.00000000000000
mrp_production.csv,date_planned_start,9557,9557,0,30+,,2019-02-08 | 2019-02-09 | 2019-02-11 | 2019-02-12 | 2019-05-11
mrp_production.csv,date_planned_finished,9557,9557,0,30+,,2019-02-28 | 2019-02-25 | 2019-02-11 | 2019-02-23 | 2019-03-29
mrp_production.csv,state,9557,9557,0,1,,done
mrp_production.csv,sap__khproductionorder__ProductionOrderCollection__BillOfMaterialID,9557,9557,0,30+,,730511 | LF90044 | 19239000048 | LF91127 | LF90286
mrp_production.csv,sap__khproductionorder__ProductionOrderCollection__BillOfOperationsID,9557,9557,0,30+,,730511 | LF90044 | 19239000048 | LF91127 | LF90286
mrp_production.csv,sap__khproductionorder__ProductionOrderCollection__CreationDateTime,9557,9557,0,30+,,2019-02-08 09:25:30 | 2019-02-08 09:55:47 | 2019-02-09 04:41:15 | 2019-02-09 04:54:22 | 2019-02-09 04:57:00
mrp_production.csv,sap__khproductionorder__ProductionOrderCollection__EarliestEndDateTime,9557,9557,0,30+,,2019-02-18 06:51:20 | 2019-02-15 18:29:01 | 2019-02-11 11:20:48 | 2019-02-15 20:23:12 | 2019-03-05 03:08:46
mrp_production.csv,sap__khproductionorder__ProductionOrderCollection__EarliestStartDateTime,9557,9557,0,30+,,2019-02-08 09:17:32 | 2019-02-08 09:53:21 | 2019-02-09 04:39:48 | 2019-02-09 04:49:03 | 2019-02-09 04:45:02
mrp_production.csv,sap__khproductionorder__ProductionOrderCollection__EarliestStartDateTimeChangedIndicator,9557,9557,0,1,,False
mrp_production.csv,sap__khproductionorder__ProductionOrderCollection__ID,9557,9557,0,30+,,1 | 2 | 7 | 8 | 9
mrp_production.csv,sap__khproductionorder__ProductionOrderCollection__LastChangeDateTime,9557,9557,0,30+,,2019-03-22 10:52:17 | 2019-03-30 07:08:24 | 2019-02-26 04:33:12 | 2019-02-28 05:58:15 | 2019-03-30 09:41:01
mrp_production.csv,sap__khproductionorder__ProductionOrderCollection__LatestEndDateTime,9557,9557,0,30+,,2019-02-28 06:46:20 | 2019-02-25 10:49:02 | 2019-02-11 11:20:48 | 2019-02-23 05:33:13 | 2019-03-29 06:03:45
mrp_production.csv,sap__khproductionorder__ProductionOrderCollection__LatestEndDateTimeChangedIndicator,9557,9557,0,1,,False
mrp_production.csv,sap__khproductionorder__ProductionOrderCollection__LatestStartDateTime,9557,9557,0,30+,,2019-02-08 09:17:32 | 2019-02-08 09:53:21 | 2019-02-09 04:39:48 | 2019-02-09 04:49:03 | 2019-02-09 04:45:02
mrp_production.csv,sap__khproductionorder__ProductionOrderCollection__LifeCycleStatusCode,9557,9557,0,5,,4 | 5 | 6 | 3 | 2
mrp_production.csv,sap__khproductionorder__ProductionOrderCollection__LifeCycleStatusCodeText,9557,9557,0,5,,Finished | Closed | Canceled | Started | Released
mrp_production.csv,sap__khproductionorder__ProductionOrderCollection__LogisticsAutomaticOutputRuleCode,9557,0,9557,0,,
mrp_production.csv,sap__khproductionorder__ProductionOrderCollection__LogisticsAutomaticOutputRuleCodeText,9557,0,9557,0,,
mrp_production.csv,sap__khproductionorder__ProductionOrderCollection__LogisticsTaskGenerationStrategyCode,9557,9557,0,1,,5
mrp_production.csv,sap__khproductionorder__ProductionOrderCollection__LogisticsTaskGenerationStrategyCodeText,9557,9557,0,1,,Reporting Point including Operations and Activities
mrp_production.csv,sap__khproductionorder__ProductionOrderCollection__MainProductOutput.ExpectedScrapPercent,9557,9557,0,1,,0.000000
mrp_production.csv,sap__khproductionorder__ProductionOrderCollection__MainProductOutput.FulfilledQuantity,9557,9557,0,30+,,3237.00000000000000 | 564.00000000000000 | 240.00000000000000 | 501.00000000000000 | 1741.00000000000000
mrp_production.csv,sap__khproductionorder__ProductionOrderCollection__MainProductOutput.FulfilledQuantityUnitCode,9557,9557,0,1,,ZNO
mrp_production.csv,sap__khproductionorder__ProductionOrderCollection__MainProductOutput.FulfilledQuantityUnitCodeText,9557,9557,0,1,,Number
mrp_production.csv,sap__khproductionorder__ProductionOrderCollection__MainProductOutput.ObjectID,9557,9557,0,30+,,00163E5F7A721ED98AF06F5041719BE0 | 00163E5F7A721ED98AF0F6A3FB14BEA9 | 00163E5F7A721ED98B849DEBBC63C81C | 00163E5F7A721ED98B84D87EB26FC8F4 | 00163E5F7A721ED98B84E445072C2948
mrp_production.csv,sap__khproductionorder__ProductionOrderCollection__MainProductOutput.OpenQuantity,9557,9557,0,30+,,0.00000000000000 | 2000.00000000000000 | 3000.00000000000000 | 2484.00000000000000 | 30.00000000000000
mrp_production.csv,sap__khproductionorder__ProductionOrderCollection__MainProductOutput.OpenQuantityUnitCode,9557,9557,0,1,,ZNO
mrp_production.csv,sap__khproductionorder__ProductionOrderCollection__MainProductOutput.OpenQuantityUnitCodeText,9557,9557,0,1,,Number
mrp_production.csv,sap__khproductionorder__ProductionOrderCollection__MainProductOutput.PlannedQuantity,9557,9557,0,30+,,3237.00000000000000 | 592.00000000000000 | 240.00000000000000 | 504.00000000000000 | 1768.00000000000000
mrp_production.csv,sap__khproductionorder__ProductionOrderCollection__MainProductOutput.PlannedQuantityUnitCode,9557,9557,0,1,,ZNO
mrp_production.csv,sap__khproductionorder__ProductionOrderCollection__MainProductOutput.PlannedQuantityUnitCodeText,9557,9557,0,1,,Number
mrp_production.csv,sap__khproductionorder__ProductionOrderCollection__MainProductOutput.ProductID,9557,9557,0,30+,,730511 | LF90044 | 19239000048 | LF91127 | LF90286
mrp_production.csv,sap__khproductionorder__ProductionOrderCollection__ObjectID,9557,9557,0,30+,,00163E5F7A721ED98AF06F504168FBE0 | 00163E5F7A721ED98AF0F6A3FB073EA9 | 00163E5F7A721ED98B849DEBBC5AE81C | 00163E5F7A721ED98B84D87EB26268F4 | 00163E5F7A721ED98B84E445071EA948
mrp_production.csv,sap__khproductionorder__ProductionOrderCollection__PriorityCode,9557,9557,0,1,,3
mrp_production.csv,sap__khproductionorder__ProductionOrderCollection__PriorityCodeText,9557,9557,0,1,,Normal
mrp_production.csv,sap__khproductionorder__ProductionOrderCollection__ProductionModelExplosionDate,9557,9557,0,30+,,2019-01-18 00:00:00 | 2019-01-22 00:00:00 | 2019-02-07 00:00:00 | 2019-01-25 00:00:00 | 2019-02-09 00:00:00
mrp_production.csv,sap__khproductionorder__ProductionOrderCollection__ProductionModelID,9557,9557,0,30+,,0000000000000000000000000000000000730511 | LF90044 | 0000000000000000000000000000019239000048 | LF91127 | LF90286
mrp_production.csv,sap__khproductionorder__ProductionOrderCollection__ProductionModelVersionID,9557,9557,0,22,,1 | 2 | 4 | 5 | 3
mrp_production.csv,sap__khproductionorder__ProductionOrderCollection__ReleaseDateTime,9557,9557,0,30+,,2019-02-07 09:17:32 | 2019-02-07 09:53:21 | 2019-02-08 04:39:48 | 2019-02-08 04:49:03 | 2019-02-08 04:45:02
mrp_production.csv,sap__khproductionorder__ProductionOrderCollection__RequestedEndDateTime,9557,9557,0,30+,,2019-02-28 06:46:20 | 2019-02-25 10:49:02 | 2019-02-11 10:15:48 | 2019-02-23 05:33:13 | 2019-03-29 06:03:45
mrp_production.csv,sap__khproductionorder__ProductionOrderCollection__RequestedStartDateTime,9557,9557,0,30+,,2019-02-08 09:17:32 | 2019-02-08 09:53:21 | 2019-02-09 04:39:48 | 2019-02-09 04:49:03 | 2019-02-09 04:45:02
mrp_production.csv,sap__khproductionorder__ProductionOrderCollection__SchedulingStatusCode,9557,9557,0,1,,3
mrp_production.csv,sap__khproductionorder__ProductionOrderCollection__SchedulingStatusCodeText,9557,9557,0,1,,Scheduled
mrp_production.csv,sap__khproductionorder__ProductionOrderCollection__SiteID,9557,9557,0,1,,71000
mrp_production.csv,sap__khproductionorder__ProductionOrderCollection__SiteName,9557,9557,0,1,,Danlaw Technologies India Limited
mrp_production.csv,sap__khproductionorder__ProductionOrderCollection__UUID,9557,9557,0,30+,,00163E5F-7A72-1ED9-8AF0-6F504168FBE0 | 00163E5F-7A72-1ED9-8AF0-F6A3FB073EA9 | 00163E5F-7A72-1ED9-8B84-9DEBBC5AE81C | 00163E5F-7A72-1ED9-8B84-D87EB26268F4 | 00163E5F-7A72-1ED9-8B84-E445071EA948
mrp_production.csv,sap__khproductionorder__ProductionOrderCollection____metadata.type,9557,9557,0,1,,cust.ProductionOrder
mrp_production.csv,sap__khproductionorder__ProductionOrderCollection____metadata.uri,9557,9557,0,30+,,https://my346623.sapbydesign.com/sap/byd/odata/cust/v1/khproductionorder/ProductionOrderCollection('00163E5F7A721ED98AF06F504168FBE0') | https://my346623.sapbydesign.com/sap/byd/odata/cust/v1/khproductionorder/ProductionOrderCollection('00163E5F7A721ED98AF0F6A3FB073EA9') | https://my346623.sapbydesign.com/sap/byd/odata/cust/v1/khproductionorder/ProductionOrderCollection('00163E5F7A721ED98B849DEBBC5AE81C') | https://my346623.sapbydesign.com/sap/byd/odata/cust/v1/khproductionorder/ProductionOrderCollection('00163E5F7A721ED98B84D87EB26268F4') | https://my346623.sapbydesign.com/sap/byd/odata/cust/v1/khproductionorder/ProductionOrderCollection('00163E5F7A721ED98B84E445071EA948')
mrp_production.csv,sap__khproductionorder__OperationCollection__CategoryCode,9557,9557,0,30+,JSON_ARRAY,"[""10"", ""1"", ""1"", ""1"", ""1"", ""1"", ""1"", ""1"", ""1"", ""8""] | [""10"", ""1"", ""1"", ""1"", ""1"", ""1"", ""1"", ""1"", ""8""] | [""10"", ""1"", ""1"", ""1"", ""8""] | [""10"", ""1"", ""1"", ""1"", ""1"", ""1"", ""8""] | [""10"", ""1"", ""1"", ""1"", ""1"", ""1"", ""1"", ""1"", ""1"", ""1"", ""8""]"
mrp_production.csv,sap__khproductionorder__OperationCollection__CategoryCodeText,9557,9557,0,30+,JSON_ARRAY,"[""Supply"", ""Make"", ""Make"", ""Make"", ""Make"", ""Make"", ""Make"", ""Make"", ""Make"", ""Quality Check""] | [""Supply"", ""Make"", ""Make"", ""Make"", ""Make"", ""Make"", ""Make"", ""Make"", ""Quality Check""] | [""Supply"", ""Make"", ""Make"", ""Make"", ""Quality Check""] | [""Supply"", ""Make"", ""Make"", ""Make"", ""Make"", ""Make"", ""Quality Check""] | [""Supply"", ""Make"", ""Make"", ""Make"", ""Make"", ""Make"", ""Make"", ""Make"", ""Make"", ""Make"", ""Quality Check""]"
mrp_production.csv,sap__khproductionorder__OperationCollection__ID,9557,9557,0,30+,JSON_ARRAY,"[""SO-1"", ""SMT"", ""AOI"", ""THSOLD"", ""ICT"", ""TESTING"", ""SINGULATN"", ""MANUALCOAT"", ""MECHASSY"", ""INSPECTION""] | [""SO-1"", ""SMT"", ""AOI"", ""THSOLD"", ""SINGULATN"", ""TESTING"", ""PACKING"", ""MANUALCOAT"", ""INSPECTION""] | [""SO-1"", ""MECHASSY"", ""THSOLD"", ""PACKING"", ""INSPECTION""] | [""SO-1"", ""SMT"", ""AOI"", ""THSOLD"", ""TESTING"", ""PACKING"", ""ROUTING"", ""MECHASSY"", ""INSPECTION""] | [""SO-1"", ""THSOLD"", ""MECHASSY"", ""PACKING"", ""INSPECTION""]"
mrp_production.csv,sap__khproductionorder__OperationCollection__MainResourceCategoryCode,9557,9557,0,25,JSON_ARRAY,"["""", ""1"", ""1"", ""1"", ""1"", ""1"", ""1"", ""1"", ""1"", ""1""] | ["""", ""1"", ""1"", ""1"", ""1"", ""1"", ""1"", ""1"", ""1""] | ["""", ""1"", ""1"", ""1"", ""1""] | ["""", ""1"", ""1"", ""1"", ""1"", ""1"", ""1""] | ["""", ""1"", ""1"", ""1"", ""1"", ""1"", ""1"", ""1"", ""1"", ""1"", ""1""]"
mrp_production.csv,sap__khproductionorder__OperationCollection__MainResourceCategoryCodeText,9557,9557,0,25,JSON_ARRAY,"["""", ""Equipment Resource"", ""Equipment Resource"", ""Equipment Resource"", ""Equipment Resource"", ""Equipment Resource"", ""Equipment Resource"", ""Equipment Resource"", ""Equipment Resource"", ""Equipment Resource""] | ["""", ""Equipment Resource"", ""Equipment Resource"", ""Equipment Resource"", ""Equipment Resource"", ""Equipment Resource"", ""Equipment Resource"", ""Equipment Resource"", ""Equipment Resource""] | ["""", ""Equipment Resource"", ""Equipment Resource"", ""Equipment Resource"", ""Equipment Resource""] | ["""", ""Equipment Resource"", ""Equipment Resource"", ""Equipment Resource"", ""Equipment Resource"", ""Equipment Resource"", ""Equipment Resource""] | ["""", ""Equipment Resource"", ""Equipment Resource"", ""Equipment Resource"", ""Equipment Resource"", ""Equipment Resource"", ""Equipment Resource"", ""Equipment Resource"", ""Equipment Resource"", ""Equipment Resource"", ""Equipment Resource""]"
mrp_production.csv,sap__khproductionorder__OperationCollection__ObjectID,9557,9557,0,30+,JSON_ARRAY,"[""00163E5F7A721ED98AF06F5041695BE0"", ""00163E5F7A721ED98AF06F504169DBE0"", ""00163E5F7A721ED98AF06F50416B7BE0"", ""00163E5F7A721ED98AF06F50416C3BE0"", ""00163E5F7A721ED98AF06F50416CFBE0"", ""00163E5F7A721ED98AF06F50416DBBE0"", ""00163E5F7A721ED98AF06F50416E7BE0"", ""00163E5F7A721ED98AF06F50416F3BE0"", ""00163E5F7A721ED98AF06F50416FFBE0"", ""00163E5F7A721ED98AF06F504170BBE0""] | [""00163E5F7A721ED98AF0F6A3FB079EA9"", ""00163E5F7A721ED98AF0F6A3FB081EA9"", ""00163E5F7A721ED98AF0F6A3FB0F5EA9"", ""00163E5F7A721ED98AF0F6A3FB101EA9"", ""00163E5F7A721ED98AF0F6A3FB10DEA9"", ""00163E5F7A721ED98AF0F6A3FB119EA9"", ""00163E5F7A721ED98AF0F6A3FB125EA9"", ""00163E5F7A721ED98AF0F6A3FB131EA9"", ""00163E5F7A721ED98AF0F6A3FB13DEA9""] | [""00163E5F7A721ED98B849DEBBC5B481C"", ""00163E5F7A721ED98B849DEBBC5BC81C"", ""00163E5F7A721ED98B849DEBBC5DA81C"", ""00163E5F7A721ED98B849DEBBC5E681C"", ""00163E5F7A721ED98B849DEBBC5F281C"", ""00163E5F7A721ED98B849DEBBC5FE81C"", ""00163E5F7A721ED98B849DEBBC60A81C"", ""00163E5F7A721ED98B849DEBBC61681C"", ""00163E5F7A721ED98B849DEBBC62281C"", ""00163E5F7A721ED98B849DEBBC62E81C""] | [""00163E5F7A721ED98B84D87EB262C8F4"", ""00163E5F7A721ED98B84D87EB26348F4"", ""00163E5F7A721ED98B84D87EB26A68F4"", ""00163E5F7A721ED98B84D87EB26B28F4"", ""00163E5F7A721ED98B84D87EB26BE8F4"", ""00163E5F7A721ED98B84D87EB26CA8F4"", ""00163E5F7A721ED98B84D87EB26D68F4"", ""00163E5F7A721ED98B84D87EB26E28F4"", ""00163E5F7A721ED98B84D87EB26EE8F4""] | [""00163E5F7A721ED98B84E445071F0948"", ""00163E5F7A721ED98B84E445071F8948"", ""00163E5F7A721ED98B84E4450726C948"", ""00163E5F7A721ED98B84E44507278948"", ""00163E5F7A721ED98B84E44507284948"", ""00163E5F7A721ED98B84E44507290948"", ""00163E5F7A721ED98B84E4450729C948"", ""00163E5F7A721ED98B84E445072A8948"", ""00163E5F7A721ED98B84E445072B4948""]"
mrp_production.csv,sap__khproductionorder__OperationCollection__ParentObjectID,9557,9557,0,30+,,00163E5F7A721ED98AF06F504168FBE0 | 00163E5F7A721ED98AF0F6A3FB073EA9 | 00163E5F7A721ED98B849DEBBC5AE81C | 00163E5F7A721ED98B84D87EB26268F4 | 00163E5F7A721ED98B84E445071EA948
mrp_production.csv,sap__khproductionorder__OperationCollection__ProcessingNetDuration,9557,9557,0,30+,JSON_ARRAY,"[""0"", ""6.47389"", ""9.71111"", ""38.8439"", ""6.47389"", ""25.8961"", ""9.71111"", ""6.47389"", ""25.8961"", ""4""] | [""0"", ""18.9439"", ""7.10389"", ""16.5761"", ""9.47194"", ""28.4161"", ""9.47194"", ""18.9439"", ""4""] | [""0"", ""0.48"", ""0.72"", ""2.88"", ""0.48"", ""1.92"", ""0.72"", ""0.48"", ""1.92"", ""4""] | [""0"", ""16.1281"", ""6.04806"", ""14.1119"", ""8.06389"", ""24.1919"", ""8.06389"", ""16.1281"", ""4""] | [""0"", ""56.5761"", ""21.2161"", ""49.5039"", ""28.2881"", ""84.8639"", ""28.2881"", ""56.5761"", ""4""]"
mrp_production.csv,sap__khproductionorder__OperationCollection__ResourceCategoryCode,9557,9557,0,25,JSON_ARRAY,"["""", ""1"", ""1"", ""1"", ""1"", ""1"", ""1"", ""1"", ""1"", ""1""] | ["""", ""1"", ""1"", ""1"", ""1"", ""1"", ""1"", ""1"", ""1""] | ["""", ""1"", ""1"", ""1"", ""1""] | ["""", ""1"", ""1"", ""1"", ""1"", ""1"", ""1""] | ["""", ""1"", ""1"", ""1"", ""1"", ""1"", ""1"", ""1"", ""1"", ""1"", ""1""]"
mrp_production.csv,sap__khproductionorder__OperationCollection__ResourceCategoryCodeText,9557,9557,0,25,JSON_ARRAY,"["""", ""Equipment Resource"", ""Equipment Resource"", ""Equipment Resource"", ""Equipment Resource"", ""Equipment Resource"", ""Equipment Resource"", ""Equipment Resource"", ""Equipment Resource"", ""Equipment Resource""] | ["""", ""Equipment Resource"", ""Equipment Resource"", ""Equipment Resource"", ""Equipment Resource"", ""Equipment Resource"", ""Equipment Resource"", ""Equipment Resource"", ""Equipment Resource""] | ["""", ""Equipment Resource"", ""Equipment Resource"", ""Equipment Resource"", ""Equipment Resource""] | ["""", ""Equipment Resource"", ""Equipment Resource"", ""Equipment Resource"", ""Equipment Resource"", ""Equipment Resource"", ""Equipment Resource""] | ["""", ""Equipment Resource"", ""Equipment Resource"", ""Equipment Resource"", ""Equipment Resource"", ""Equipment Resource"", ""Equipment Resource"", ""Equipment Resource"", ""Equipment Resource"", ""Equipment Resource"", ""Equipment Resource""]"
mrp_production.csv,sap__khproductionorder__OperationCollection__ResourceDescription,9557,9557,0,30+,JSON_ARRAY,"["""", ""SMT LINES WITH PRINTER, SPI, PLACEMENT &"", ""AUTOMATED INSPECTION USING INLINE OR OFF"", ""MANUAL SOLDERING"", ""MANUAL CONFORMAL COATING"", ""FUNCTIONAL TESTING & PROGRAMMING"", ""PCB SINGULATION"", ""MANUAL CONFORMAL COATING"", ""MECHANICAL ASSEMBLY"", ""FINAL INSPECTION""] | ["""", ""SMT LINES WITH PRINTER, SPI, PLACEMENT &"", ""AUTOMATED INSPECTION USING INLINE OR OFF"", ""MANUAL SOLDERING"", ""PCB SINGULATION"", ""FUNCTIONAL TESTING & PROGRAMMING"", ""PACKAGING IN CORRUGATED BOXES"", ""MANUAL CONFORMAL COATING"", ""FINAL INSPECTION""] | ["""", ""MECHANICAL ASSEMBLY"", ""MANUAL SOLDERING"", ""PACKAGING IN CORRUGATED BOXES"", ""FINAL INSPECTION""] | ["""", ""SMT LINES WITH PRINTER, SPI, PLACEMENT &"", ""AUTOMATED INSPECTION USING INLINE OR OFF"", ""MANUAL SOLDERING"", ""FUNCTIONAL TESTING & PROGRAMMING"", ""PACKAGING IN CORRUGATED BOXES"", ""PCBA ROUTING"", ""MECHANICAL ASSEMBLY"", ""FINAL INSPECTION""] | ["""", ""SMT LINES WITH PRINTER, SPI, PLACEMENT &"", ""AUTOMATED INSPECTION USING INLINE OR OFF"", ""MANUAL SOLDERING"", ""MANUAL CONFORMAL COATING"", ""FUNCTIONAL TESTING & PROGRAMMING"", ""PCB SINGULATION"", ""MANUAL CONFORMAL COATING"", ""MECHANICAL ASSEMBLY"", ""MECHANICAL ASSEMBLY""]"
mrp_production.csv,sap__khproductionorder__OperationCollection__ResourceID,9557,9557,0,30+,JSON_ARRAY,"["""", ""10100"", ""10200"", ""10600"", ""11700"", ""11100"", ""11000"", ""11700"", ""11800"", ""10800""] | ["""", ""10100"", ""10200"", ""10600"", ""11000"", ""11100"", ""11300"", ""11700"", ""10800""] | ["""", ""11800"", ""10600"", ""11300"", ""10800""] | ["""", ""10100"", ""10200"", ""10600"", ""11100"", ""11300"", ""11500"", ""11800"", ""10800""] | ["""", ""10100"", ""10200"", ""10600"", ""11700"", ""11100"", ""11000"", ""11700"", ""11800"", ""11800""]"
mrp_production.csv,sap__khproductionorder__OperationCollection__ResourceProductionSchedulingRelevanceIndicator,9557,9557,0,25,JSON_ARRAY,"[""False"", ""True"", ""True"", ""True"", ""True"", ""True"", ""True"", ""True"", ""True"", ""True""] | [""False"", ""True"", ""True"", ""True"", ""True"", ""True"", ""True"", ""True"", ""True""] | [""False"", ""True"", ""True"", ""True"", ""True""] | [""False"", ""True"", ""True"", ""True"", ""True"", ""True"", ""True""] | [""False"", ""True"", ""True"", ""True"", ""True"", ""True"", ""True"", ""True"", ""True"", ""True"", ""True""]"
mrp_production.csv,sap__khproductionorder__OperationCollection__TypeCode,9557,9557,0,30+,JSON_ARRAY,"[""10"", ""1"", ""1"", ""1"", ""1"", ""1"", ""1"", ""1"", ""1"", ""8""] | [""10"", ""1"", ""1"", ""1"", ""1"", ""1"", ""1"", ""1"", ""8""] | [""10"", ""1"", ""1"", ""1"", ""8""] | [""10"", ""1"", ""1"", ""1"", ""1"", ""1"", ""8""] | [""10"", ""1"", ""1"", ""1"", ""1"", ""1"", ""1"", ""1"", ""1"", ""1"", ""8""]"
mrp_production.csv,sap__khproductionorder__OperationCollection__TypeCodeText,9557,9557,0,30+,JSON_ARRAY,"[""Supply"", ""Make"", ""Make"", ""Make"", ""Make"", ""Make"", ""Make"", ""Make"", ""Make"", ""Check""] | [""Supply"", ""Make"", ""Make"", ""Make"", ""Make"", ""Make"", ""Make"", ""Make"", ""Check""] | [""Supply"", ""Make"", ""Make"", ""Make"", ""Check""] | [""Supply"", ""Make"", ""Make"", ""Make"", ""Make"", ""Make"", ""Check""] | [""Supply"", ""Make"", ""Make"", ""Make"", ""Make"", ""Make"", ""Make"", ""Make"", ""Make"", ""Make"", ""Check""]"
mrp_production.csv,sap__khproductionorder__OperationCollection__UUID,9557,9557,0,30+,JSON_ARRAY,"[""00163E5F-7A72-1ED9-8AF0-6F5041695BE0"", ""00163E5F-7A72-1ED9-8AF0-6F504169DBE0"", ""00163E5F-7A72-1ED9-8AF0-6F50416B7BE0"", ""00163E5F-7A72-1ED9-8AF0-6F50416C3BE0"", ""00163E5F-7A72-1ED9-8AF0-6F50416CFBE0"", ""00163E5F-7A72-1ED9-8AF0-6F50416DBBE0"", ""00163E5F-7A72-1ED9-8AF0-6F50416E7BE0"", ""00163E5F-7A72-1ED9-8AF0-6F50416F3BE0"", ""00163E5F-7A72-1ED9-8AF0-6F50416FFBE0"", ""00163E5F-7A72-1ED9-8AF0-6F504170BBE0""] | [""00163E5F-7A72-1ED9-8AF0-F6A3FB079EA9"", ""00163E5F-7A72-1ED9-8AF0-F6A3FB081EA9"", ""00163E5F-7A72-1ED9-8AF0-F6A3FB0F5EA9"", ""00163E5F-7A72-1ED9-8AF0-F6A3FB101EA9"", ""00163E5F-7A72-1ED9-8AF0-F6A3FB10DEA9"", ""00163E5F-7A72-1ED9-8AF0-F6A3FB119EA9"", ""00163E5F-7A72-1ED9-8AF0-F6A3FB125EA9"", ""00163E5F-7A72-1ED9-8AF0-F6A3FB131EA9"", ""00163E5F-7A72-1ED9-8AF0-F6A3FB13DEA9""] | [""00163E5F-7A72-1ED9-8B84-9DEBBC5B481C"", ""00163E5F-7A72-1ED9-8B84-9DEBBC5BC81C"", ""00163E5F-7A72-1ED9-8B84-9DEBBC5DA81C"", ""00163E5F-7A72-1ED9-8B84-9DEBBC5E681C"", ""00163E5F-7A72-1ED9-8B84-9DEBBC5F281C"", ""00163E5F-7A72-1ED9-8B84-9DEBBC5FE81C"", ""00163E5F-7A72-1ED9-8B84-9DEBBC60A81C"", ""00163E5F-7A72-1ED9-8B84-9DEBBC61681C"", ""00163E5F-7A72-1ED9-8B84-9DEBBC62281C"", ""00163E5F-7A72-1ED9-8B84-9DEBBC62E81C""] | [""00163E5F-7A72-1ED9-8B84-D87EB262C8F4"", ""00163E5F-7A72-1ED9-8B84-D87EB26348F4"", ""00163E5F-7A72-1ED9-8B84-D87EB26A68F4"", ""00163E5F-7A72-1ED9-8B84-D87EB26B28F4"", ""00163E5F-7A72-1ED9-8B84-D87EB26BE8F4"", ""00163E5F-7A72-1ED9-8B84-D87EB26CA8F4"", ""00163E5F-7A72-1ED9-8B84-D87EB26D68F4"", ""00163E5F-7A72-1ED9-8B84-D87EB26E28F4"", ""00163E5F-7A72-1ED9-8B84-D87EB26EE8F4""] | [""00163E5F-7A72-1ED9-8B84-E445071F0948"", ""00163E5F-7A72-1ED9-8B84-E445071F8948"", ""00163E5F-7A72-1ED9-8B84-E4450726C948"", ""00163E5F-7A72-1ED9-8B84-E44507278948"", ""00163E5F-7A72-1ED9-8B84-E44507284948"", ""00163E5F-7A72-1ED9-8B84-E44507290948"", ""00163E5F-7A72-1ED9-8B84-E4450729C948"", ""00163E5F-7A72-1ED9-8B84-E445072A8948"", ""00163E5F-7A72-1ED9-8B84-E445072B4948""]"
mrp_production_history.csv,id,9412,9412,0,30+,,sap_mo_hist_1 | sap_mo_hist_2 | sap_mo_hist_7 | sap_mo_hist_8 | sap_mo_hist_9
mrp_production_history.csv,name,9412,9412,0,30+,,1 | 2 | 7 | 8 | 9
mrp_production_history.csv,product_id/id,9412,9412,0,30+,,sap_prod_730511 | sap_prod_LF90044 | sap_prod_19239000048 | sap_prod_LF91127 | sap_prod_LF90286
mrp_production_history.csv,product_qty,9412,9412,0,30+,,3237.00000000000000 | 592.00000000000000 | 240.00000000000000 | 504.00000000000000 | 1768.00000000000000
mrp_production_history.csv,date_planned_start,9412,9412,0,30+,,2019-02-08 | 2019-02-09 | 2019-02-11 | 2019-02-12 | 2019-05-11
mrp_production_history.csv,date_planned_finished,9412,9412,0,30+,,2019-02-28 | 2019-02-25 | 2019-02-11 | 2019-02-23 | 2019-03-29
mrp_production_history.csv,state,9412,9412,0,2,,done | cancel
mrp_production_history.csv,sap__khproductionorder__ProductionOrderCollection__BillOfMaterialID,9412,9412,0,30+,,730511 | LF90044 | 19239000048 | LF91127 | LF90286
mrp_production_history.csv,sap__khproductionorder__ProductionOrderCollection__BillOfOperationsID,9412,9412,0,30+,,730511 | LF90044 | 19239000048 | LF91127 | LF90286
mrp_production_history.csv,sap__khproductionorder__ProductionOrderCollection__CreationDateTime,9412,9412,0,30+,,2019-02-08 09:25:30 | 2019-02-08 09:55:47 | 2019-02-09 04:41:15 | 2019-02-09 04:54:22 | 2019-02-09 04:57:00
mrp_production_history.csv,sap__khproductionorder__ProductionOrderCollection__EarliestEndDateTime,9412,9412,0,30+,,2019-02-18 06:51:20 | 2019-02-15 18:29:01 | 2019-02-11 11:20:48 | 2019-02-15 20:23:12 | 2019-03-05 03:08:46
mrp_production_history.csv,sap__khproductionorder__ProductionOrderCollection__EarliestStartDateTime,9412,9412,0,30+,,2019-02-08 09:17:32 | 2019-02-08 09:53:21 | 2019-02-09 04:39:48 | 2019-02-09 04:49:03 | 2019-02-09 04:45:02
mrp_production_history.csv,sap__khproductionorder__ProductionOrderCollection__EarliestStartDateTimeChangedIndicator,9412,9412,0,1,,False
mrp_production_history.csv,sap__khproductionorder__ProductionOrderCollection__ID,9412,9412,0,30+,,1 | 2 | 7 | 8 | 9
mrp_production_history.csv,sap__khproductionorder__ProductionOrderCollection__LastChangeDateTime,9412,9412,0,30+,,2019-03-22 10:52:17 | 2019-03-30 07:08:24 | 2019-02-26 04:33:12 | 2019-02-28 05:58:15 | 2019-03-30 09:41:01
mrp_production_history.csv,sap__khproductionorder__ProductionOrderCollection__LatestEndDateTime,9412,9412,0,30+,,2019-02-28 06:46:20 | 2019-02-25 10:49:02 | 2019-02-11 11:20:48 | 2019-02-23 05:33:13 | 2019-03-29 06:03:45
mrp_production_history.csv,sap__khproductionorder__ProductionOrderCollection__LatestEndDateTimeChangedIndicator,9412,9412,0,1,,False
mrp_production_history.csv,sap__khproductionorder__ProductionOrderCollection__LatestStartDateTime,9412,9412,0,30+,,2019-02-08 09:17:32 | 2019-02-08 09:53:21 | 2019-02-09 04:39:48 | 2019-02-09 04:49:03 | 2019-02-09 04:45:02
mrp_production_history.csv,sap__khproductionorder__ProductionOrderCollection__LifeCycleStatusCode,9412,9412,0,2,,4 | 6
mrp_production_history.csv,sap__khproductionorder__ProductionOrderCollection__LifeCycleStatusCodeText,9412,9412,0,2,,Finished | Canceled
mrp_production_history.csv,sap__khproductionorder__ProductionOrderCollection__LogisticsAutomaticOutputRuleCode,9412,0,9412,0,,
mrp_production_history.csv,sap__khproductionorder__ProductionOrderCollection__LogisticsAutomaticOutputRuleCodeText,9412,0,9412,0,,
mrp_production_history.csv,sap__khproductionorder__ProductionOrderCollection__LogisticsTaskGenerationStrategyCode,9412,9412,0,1,,5
mrp_production_history.csv,sap__khproductionorder__ProductionOrderCollection__LogisticsTaskGenerationStrategyCodeText,9412,9412,0,1,,Reporting Point including Operations and Activities
mrp_production_history.csv,sap__khproductionorder__ProductionOrderCollection__MainProductOutput.ExpectedScrapPercent,9412,9412,0,1,,0.000000
mrp_production_history.csv,sap__khproductionorder__ProductionOrderCollection__MainProductOutput.FulfilledQuantity,9412,9412,0,30+,,3237.00000000000000 | 564.00000000000000 | 240.00000000000000 | 501.00000000000000 | 1741.00000000000000
mrp_production_history.csv,sap__khproductionorder__ProductionOrderCollection__MainProductOutput.FulfilledQuantityUnitCode,9412,9412,0,1,,ZNO
mrp_production_history.csv,sap__khproductionorder__ProductionOrderCollection__MainProductOutput.FulfilledQuantityUnitCodeText,9412,9412,0,1,,Number
mrp_production_history.csv,sap__khproductionorder__ProductionOrderCollection__MainProductOutput.ObjectID,9412,9412,0,30+,,00163E5F7A721ED98AF06F5041719BE0 | 00163E5F7A721ED98AF0F6A3FB14BEA9 | 00163E5F7A721ED98B849DEBBC63C81C | 00163E5F7A721ED98B84D87EB26FC8F4 | 00163E5F7A721ED98B84E445072C2948
mrp_production_history.csv,sap__khproductionorder__ProductionOrderCollection__MainProductOutput.OpenQuantity,9412,9412,0,1,,0.00000000000000
mrp_production_history.csv,sap__khproductionorder__ProductionOrderCollection__MainProductOutput.OpenQuantityUnitCode,9412,9412,0,1,,ZNO
mrp_production_history.csv,sap__khproductionorder__ProductionOrderCollection__MainProductOutput.OpenQuantityUnitCodeText,9412,9412,0,1,,Number
mrp_production_history.csv,sap__khproductionorder__ProductionOrderCollection__MainProductOutput.PlannedQuantity,9412,9412,0,30+,,3237.00000000000000 | 592.00000000000000 | 240.00000000000000 | 504.00000000000000 | 1768.00000000000000
mrp_production_history.csv,sap__khproductionorder__ProductionOrderCollection__MainProductOutput.PlannedQuantityUnitCode,9412,9412,0,1,,ZNO
mrp_production_history.csv,sap__khproductionorder__ProductionOrderCollection__MainProductOutput.PlannedQuantityUnitCodeText,9412,9412,0,1,,Number
mrp_production_history.csv,sap__khproductionorder__ProductionOrderCollection__MainProductOutput.ProductID,9412,9412,0,30+,,730511 | LF90044 | 19239000048 | LF91127 | LF90286
mrp_production_history.csv,sap__khproductionorder__ProductionOrderCollection__ObjectID,9412,9412,0,30+,,00163E5F7A721ED98AF06F504168FBE0 | 00163E5F7A721ED98AF0F6A3FB073EA9 | 00163E5F7A721ED98B849DEBBC5AE81C | 00163E5F7A721ED98B84D87EB26268F4 | 00163E5F7A721ED98B84E445071EA948
mrp_production_history.csv,sap__khproductionorder__ProductionOrderCollection__PriorityCode,9412,9412,0,1,,3
mrp_production_history.csv,sap__khproductionorder__ProductionOrderCollection__PriorityCodeText,9412,9412,0,1,,Normal
mrp_production_history.csv,sap__khproductionorder__ProductionOrderCollection__ProductionModelExplosionDate,9412,9412,0,30+,,2019-01-18 00:00:00 | 2019-01-22 00:00:00 | 2019-02-07 00:00:00 | 2019-01-25 00:00:00 | 2019-02-09 00:00:00
mrp_production_history.csv,sap__khproductionorder__ProductionOrderCollection__ProductionModelID,9412,9412,0,30+,,0000000000000000000000000000000000730511 | LF90044 | 0000000000000000000000000000019239000048 | LF91127 | LF90286
mrp_production_history.csv,sap__khproductionorder__ProductionOrderCollection__ProductionModelVersionID,9412,9412,0,22,,1 | 2 | 4 | 5 | 3
mrp_production_history.csv,sap__khproductionorder__ProductionOrderCollection__ReleaseDateTime,9412,9412,0,30+,,2019-02-07 09:17:32 | 2019-02-07 09:53:21 | 2019-02-08 04:39:48 | 2019-02-08 04:49:03 | 2019-02-08 04:45:02
mrp_production_history.csv,sap__khproductionorder__ProductionOrderCollection__RequestedEndDateTime,9412,9412,0,30+,,2019-02-28 06:46:20 | 2019-02-25 10:49:02 | 2019-02-11 10:15:48 | 2019-02-23 05:33:13 | 2019-03-29 06:03:45
mrp_production_history.csv,sap__khproductionorder__ProductionOrderCollection__RequestedStartDateTime,9412,9412,0,30+,,2019-02-08 09:17:32 | 2019-02-08 09:53:21 | 2019-02-09 04:39:48 | 2019-02-09 04:49:03 | 2019-02-09 04:45:02
mrp_production_history.csv,sap__khproductionorder__ProductionOrderCollection__SchedulingStatusCode,9412,9412,0,1,,3
mrp_production_history.csv,sap__khproductionorder__ProductionOrderCollection__SchedulingStatusCodeText,9412,9412,0,1,,Scheduled
mrp_production_history.csv,sap__khproductionorder__ProductionOrderCollection__SiteID,9412,9412,0,1,,71000
mrp_production_history.csv,sap__khproductionorder__ProductionOrderCollection__SiteName,9412,9412,0,1,,Danlaw Technologies India Limited
mrp_production_history.csv,sap__khproductionorder__ProductionOrderCollection__UUID,9412,9412,0,30+,,00163E5F-7A72-1ED9-8AF0-6F504168FBE0 | 00163E5F-7A72-1ED9-8AF0-F6A3FB073EA9 | 00163E5F-7A72-1ED9-8B84-9DEBBC5AE81C | 00163E5F-7A72-1ED9-8B84-D87EB26268F4 | 00163E5F-7A72-1ED9-8B84-E445071EA948
mrp_production_history.csv,sap__khproductionorder__ProductionOrderCollection____metadata.type,9412,9412,0,1,,cust.ProductionOrder
mrp_production_history.csv,sap__khproductionorder__ProductionOrderCollection____metadata.uri,9412,9412,0,30+,,https://my346623.sapbydesign.com/sap/byd/odata/cust/v1/khproductionorder/ProductionOrderCollection('00163E5F7A721ED98AF06F504168FBE0') | https://my346623.sapbydesign.com/sap/byd/odata/cust/v1/khproductionorder/ProductionOrderCollection('00163E5F7A721ED98AF0F6A3FB073EA9') | https://my346623.sapbydesign.com/sap/byd/odata/cust/v1/khproductionorder/ProductionOrderCollection('00163E5F7A721ED98B849DEBBC5AE81C') | https://my346623.sapbydesign.com/sap/byd/odata/cust/v1/khproductionorder/ProductionOrderCollection('00163E5F7A721ED98B84D87EB26268F4') | https://my346623.sapbydesign.com/sap/byd/odata/cust/v1/khproductionorder/ProductionOrderCollection('00163E5F7A721ED98B84E445071EA948')
mrp_production_history.csv,sap__khproductionorder__OperationCollection__CategoryCode,9412,9412,0,30+,JSON_ARRAY,"[""10"", ""1"", ""1"", ""1"", ""1"", ""1"", ""1"", ""1"", ""1"", ""8""] | [""10"", ""1"", ""1"", ""1"", ""1"", ""1"", ""1"", ""1"", ""8""] | [""10"", ""1"", ""1"", ""1"", ""8""] | [""10"", ""1"", ""1"", ""1"", ""1"", ""1"", ""8""] | [""10"", ""1"", ""1"", ""1"", ""1"", ""1"", ""1"", ""1"", ""1"", ""1"", ""8""]"
mrp_production_history.csv,sap__khproductionorder__OperationCollection__CategoryCodeText,9412,9412,0,30+,JSON_ARRAY,"[""Supply"", ""Make"", ""Make"", ""Make"", ""Make"", ""Make"", ""Make"", ""Make"", ""Make"", ""Quality Check""] | [""Supply"", ""Make"", ""Make"", ""Make"", ""Make"", ""Make"", ""Make"", ""Make"", ""Quality Check""] | [""Supply"", ""Make"", ""Make"", ""Make"", ""Quality Check""] | [""Supply"", ""Make"", ""Make"", ""Make"", ""Make"", ""Make"", ""Quality Check""] | [""Supply"", ""Make"", ""Make"", ""Make"", ""Make"", ""Make"", ""Make"", ""Make"", ""Make"", ""Make"", ""Quality Check""]"
mrp_production_history.csv,sap__khproductionorder__OperationCollection__ID,9412,9412,0,30+,JSON_ARRAY,"[""SO-1"", ""SMT"", ""AOI"", ""THSOLD"", ""ICT"", ""TESTING"", ""SINGULATN"", ""MANUALCOAT"", ""MECHASSY"", ""INSPECTION""] | [""SO-1"", ""SMT"", ""AOI"", ""THSOLD"", ""SINGULATN"", ""TESTING"", ""PACKING"", ""MANUALCOAT"", ""INSPECTION""] | [""SO-1"", ""MECHASSY"", ""THSOLD"", ""PACKING"", ""INSPECTION""] | [""SO-1"", ""SMT"", ""AOI"", ""THSOLD"", ""TESTING"", ""PACKING"", ""ROUTING"", ""MECHASSY"", ""INSPECTION""] | [""SO-1"", ""THSOLD"", ""MECHASSY"", ""PACKING"", ""INSPECTION""]"
mrp_production_history.csv,sap__khproductionorder__OperationCollection__MainResourceCategoryCode,9412,9412,0,25,JSON_ARRAY,"["""", ""1"", ""1"", ""1"", ""1"", ""1"", ""1"", ""1"", ""1"", ""1""] | ["""", ""1"", ""1"", ""1"", ""1"", ""1"", ""1"", ""1"", ""1""] | ["""", ""1"", ""1"", ""1"", ""1""] | ["""", ""1"", ""1"", ""1"", ""1"", ""1"", ""1""] | ["""", ""1"", ""1"", ""1"", ""1"", ""1"", ""1"", ""1"", ""1"", ""1"", ""1""]"
mrp_production_history.csv,sap__khproductionorder__OperationCollection__MainResourceCategoryCodeText,9412,9412,0,25,JSON_ARRAY,"["""", ""Equipment Resource"", ""Equipment Resource"", ""Equipment Resource"", ""Equipment Resource"", ""Equipment Resource"", ""Equipment Resource"", ""Equipment Resource"", ""Equipment Resource"", ""Equipment Resource""] | ["""", ""Equipment Resource"", ""Equipment Resource"", ""Equipment Resource"", ""Equipment Resource"", ""Equipment Resource"", ""Equipment Resource"", ""Equipment Resource"", ""Equipment Resource""] | ["""", ""Equipment Resource"", ""Equipment Resource"", ""Equipment Resource"", ""Equipment Resource""] | ["""", ""Equipment Resource"", ""Equipment Resource"", ""Equipment Resource"", ""Equipment Resource"", ""Equipment Resource"", ""Equipment Resource""] | ["""", ""Equipment Resource"", ""Equipment Resource"", ""Equipment Resource"", ""Equipment Resource"", ""Equipment Resource"", ""Equipment Resource"", ""Equipment Resource"", ""Equipment Resource"", ""Equipment Resource"", ""Equipment Resource""]"
mrp_production_history.csv,sap__khproductionorder__OperationCollection__ObjectID,9412,9412,0,30+,JSON_ARRAY,"[""00163E5F7A721ED98AF06F5041695BE0"", ""00163E5F7A721ED98AF06F504169DBE0"", ""00163E5F7A721ED98AF06F50416B7BE0"", ""00163E5F7A721ED98AF06F50416C3BE0"", ""00163E5F7A721ED98AF06F50416CFBE0"", ""00163E5F7A721ED98AF06F50416DBBE0"", ""00163E5F7A721ED98AF06F50416E7BE0"", ""00163E5F7A721ED98AF06F50416F3BE0"", ""00163E5F7A721ED98AF06F50416FFBE0"", ""00163E5F7A721ED98AF06F504170BBE0""] | [""00163E5F7A721ED98AF0F6A3FB079EA9"", ""00163E5F7A721ED98AF0F6A3FB081EA9"", ""00163E5F7A721ED98AF0F6A3FB0F5EA9"", ""00163E5F7A721ED98AF0F6A3FB101EA9"", ""00163E5F7A721ED98AF0F6A3FB10DEA9"", ""00163E5F7A721ED98AF0F6A3FB119EA9"", ""00163E5F7A721ED98AF0F6A3FB125EA9"", ""00163E5F7A721ED98AF0F6A3FB131EA9"", ""00163E5F7A721ED98AF0F6A3FB13DEA9""] | [""00163E5F7A721ED98B849DEBBC5B481C"", ""00163E5F7A721ED98B849DEBBC5BC81C"", ""00163E5F7A721ED98B849DEBBC5DA81C"", ""00163E5F7A721ED98B849DEBBC5E681C"", ""00163E5F7A721ED98B849DEBBC5F281C"", ""00163E5F7A721ED98B849DEBBC5FE81C"", ""00163E5F7A721ED98B849DEBBC60A81C"", ""00163E5F7A721ED98B849DEBBC61681C"", ""00163E5F7A721ED98B849DEBBC62281C"", ""00163E5F7A721ED98B849DEBBC62E81C""] | [""00163E5F7A721ED98B84D87EB262C8F4"", ""00163E5F7A721ED98B84D87EB26348F4"", ""00163E5F7A721ED98B84D87EB26A68F4"", ""00163E5F7A721ED98B84D87EB26B28F4"", ""00163E5F7A721ED98B84D87EB26BE8F4"", ""00163E5F7A721ED98B84D87EB26CA8F4"", ""00163E5F7A721ED98B84D87EB26D68F4"", ""00163E5F7A721ED98B84D87EB26E28F4"", ""00163E5F7A721ED98B84D87EB26EE8F4""] | [""00163E5F7A721ED98B84E445071F0948"", ""00163E5F7A721ED98B84E445071F8948"", ""00163E5F7A721ED98B84E4450726C948"", ""00163E5F7A721ED98B84E44507278948"", ""00163E5F7A721ED98B84E44507284948"", ""00163E5F7A721ED98B84E44507290948"", ""00163E5F7A721ED98B84E4450729C948"", ""00163E5F7A721ED98B84E445072A8948"", ""00163E5F7A721ED98B84E445072B4948""]"
mrp_production_history.csv,sap__khproductionorder__OperationCollection__ParentObjectID,9412,9412,0,30+,,00163E5F7A721ED98AF06F504168FBE0 | 00163E5F7A721ED98AF0F6A3FB073EA9 | 00163E5F7A721ED98B849DEBBC5AE81C | 00163E5F7A721ED98B84D87EB26268F4 | 00163E5F7A721ED98B84E445071EA948
mrp_production_history.csv,sap__khproductionorder__OperationCollection__ProcessingNetDuration,9412,9412,0,30+,JSON_ARRAY,"[""0"", ""6.47389"", ""9.71111"", ""38.8439"", ""6.47389"", ""25.8961"", ""9.71111"", ""6.47389"", ""25.8961"", ""4""] | [""0"", ""18.9439"", ""7.10389"", ""16.5761"", ""9.47194"", ""28.4161"", ""9.47194"", ""18.9439"", ""4""] | [""0"", ""0.48"", ""0.72"", ""2.88"", ""0.48"", ""1.92"", ""0.72"", ""0.48"", ""1.92"", ""4""] | [""0"", ""16.1281"", ""6.04806"", ""14.1119"", ""8.06389"", ""24.1919"", ""8.06389"", ""16.1281"", ""4""] | [""0"", ""56.5761"", ""21.2161"", ""49.5039"", ""28.2881"", ""84.8639"", ""28.2881"", ""56.5761"", ""4""]"
mrp_production_history.csv,sap__khproductionorder__OperationCollection__ResourceCategoryCode,9412,9412,0,25,JSON_ARRAY,"["""", ""1"", ""1"", ""1"", ""1"", ""1"", ""1"", ""1"", ""1"", ""1""] | ["""", ""1"", ""1"", ""1"", ""1"", ""1"", ""1"", ""1"", ""1""] | ["""", ""1"", ""1"", ""1"", ""1""] | ["""", ""1"", ""1"", ""1"", ""1"", ""1"", ""1""] | ["""", ""1"", ""1"", ""1"", ""1"", ""1"", ""1"", ""1"", ""1"", ""1"", ""1""]"
mrp_production_history.csv,sap__khproductionorder__OperationCollection__ResourceCategoryCodeText,9412,9412,0,25,JSON_ARRAY,"["""", ""Equipment Resource"", ""Equipment Resource"", ""Equipment Resource"", ""Equipment Resource"", ""Equipment Resource"", ""Equipment Resource"", ""Equipment Resource"", ""Equipment Resource"", ""Equipment Resource""] | ["""", ""Equipment Resource"", ""Equipment Resource"", ""Equipment Resource"", ""Equipment Resource"", ""Equipment Resource"", ""Equipment Resource"", ""Equipment Resource"", ""Equipment Resource""] | ["""", ""Equipment Resource"", ""Equipment Resource"", ""Equipment Resource"", ""Equipment Resource""] | ["""", ""Equipment Resource"", ""Equipment Resource"", ""Equipment Resource"", ""Equipment Resource"", ""Equipment Resource"", ""Equipment Resource""] | ["""", ""Equipment Resource"", ""Equipment Resource"", ""Equipment Resource"", ""Equipment Resource"", ""Equipment Resource"", ""Equipment Resource"", ""Equipment Resource"", ""Equipment Resource"", ""Equipment Resource"", ""Equipment Resource""]"
mrp_production_history.csv,sap__khproductionorder__OperationCollection__ResourceDescription,9412,9412,0,30+,JSON_ARRAY,"["""", ""SMT LINES WITH PRINTER, SPI, PLACEMENT &"", ""AUTOMATED INSPECTION USING INLINE OR OFF"", ""MANUAL SOLDERING"", ""MANUAL CONFORMAL COATING"", ""FUNCTIONAL TESTING & PROGRAMMING"", ""PCB SINGULATION"", ""MANUAL CONFORMAL COATING"", ""MECHANICAL ASSEMBLY"", ""FINAL INSPECTION""] | ["""", ""SMT LINES WITH PRINTER, SPI, PLACEMENT &"", ""AUTOMATED INSPECTION USING INLINE OR OFF"", ""MANUAL SOLDERING"", ""PCB SINGULATION"", ""FUNCTIONAL TESTING & PROGRAMMING"", ""PACKAGING IN CORRUGATED BOXES"", ""MANUAL CONFORMAL COATING"", ""FINAL INSPECTION""] | ["""", ""MECHANICAL ASSEMBLY"", ""MANUAL SOLDERING"", ""PACKAGING IN CORRUGATED BOXES"", ""FINAL INSPECTION""] | ["""", ""SMT LINES WITH PRINTER, SPI, PLACEMENT &"", ""AUTOMATED INSPECTION USING INLINE OR OFF"", ""MANUAL SOLDERING"", ""FUNCTIONAL TESTING & PROGRAMMING"", ""PACKAGING IN CORRUGATED BOXES"", ""PCBA ROUTING"", ""MECHANICAL ASSEMBLY"", ""FINAL INSPECTION""] | ["""", ""SMT LINES WITH PRINTER, SPI, PLACEMENT &"", ""AUTOMATED INSPECTION USING INLINE OR OFF"", ""MANUAL SOLDERING"", ""MANUAL CONFORMAL COATING"", ""FUNCTIONAL TESTING & PROGRAMMING"", ""PCB SINGULATION"", ""MANUAL CONFORMAL COATING"", ""MECHANICAL ASSEMBLY"", ""MECHANICAL ASSEMBLY""]"
mrp_production_history.csv,sap__khproductionorder__OperationCollection__ResourceID,9412,9412,0,30+,JSON_ARRAY,"["""", ""10100"", ""10200"", ""10600"", ""11700"", ""11100"", ""11000"", ""11700"", ""11800"", ""10800""] | ["""", ""10100"", ""10200"", ""10600"", ""11000"", ""11100"", ""11300"", ""11700"", ""10800""] | ["""", ""11800"", ""10600"", ""11300"", ""10800""] | ["""", ""10100"", ""10200"", ""10600"", ""11100"", ""11300"", ""11500"", ""11800"", ""10800""] | ["""", ""10100"", ""10200"", ""10600"", ""11700"", ""11100"", ""11000"", ""11700"", ""11800"", ""11800""]"
mrp_production_history.csv,sap__khproductionorder__OperationCollection__ResourceProductionSchedulingRelevanceIndicator,9412,9412,0,25,JSON_ARRAY,"[""False"", ""True"", ""True"", ""True"", ""True"", ""True"", ""True"", ""True"", ""True"", ""True""] | [""False"", ""True"", ""True"", ""True"", ""True"", ""True"", ""True"", ""True"", ""True""] | [""False"", ""True"", ""True"", ""True"", ""True""] | [""False"", ""True"", ""True"", ""True"", ""True"", ""True"", ""True""] | [""False"", ""True"", ""True"", ""True"", ""True"", ""True"", ""True"", ""True"", ""True"", ""True"", ""True""]"
mrp_production_history.csv,sap__khproductionorder__OperationCollection__TypeCode,9412,9412,0,30+,JSON_ARRAY,"[""10"", ""1"", ""1"", ""1"", ""1"", ""1"", ""1"", ""1"", ""1"", ""8""] | [""10"", ""1"", ""1"", ""1"", ""1"", ""1"", ""1"", ""1"", ""8""] | [""10"", ""1"", ""1"", ""1"", ""8""] | [""10"", ""1"", ""1"", ""1"", ""1"", ""1"", ""8""] | [""10"", ""1"", ""1"", ""1"", ""1"", ""1"", ""1"", ""1"", ""1"", ""1"", ""8""]"
mrp_production_history.csv,sap__khproductionorder__OperationCollection__TypeCodeText,9412,9412,0,30+,JSON_ARRAY,"[""Supply"", ""Make"", ""Make"", ""Make"", ""Make"", ""Make"", ""Make"", ""Make"", ""Make"", ""Check""] | [""Supply"", ""Make"", ""Make"", ""Make"", ""Make"", ""Make"", ""Make"", ""Make"", ""Check""] | [""Supply"", ""Make"", ""Make"", ""Make"", ""Check""] | [""Supply"", ""Make"", ""Make"", ""Make"", ""Make"", ""Make"", ""Check""] | [""Supply"", ""Make"", ""Make"", ""Make"", ""Make"", ""Make"", ""Make"", ""Make"", ""Make"", ""Make"", ""Check""]"
mrp_production_history.csv,sap__khproductionorder__OperationCollection__UUID,9412,9412,0,30+,JSON_ARRAY,"[""00163E5F-7A72-1ED9-8AF0-6F5041695BE0"", ""00163E5F-7A72-1ED9-8AF0-6F504169DBE0"", ""00163E5F-7A72-1ED9-8AF0-6F50416B7BE0"", ""00163E5F-7A72-1ED9-8AF0-6F50416C3BE0"", ""00163E5F-7A72-1ED9-8AF0-6F50416CFBE0"", ""00163E5F-7A72-1ED9-8AF0-6F50416DBBE0"", ""00163E5F-7A72-1ED9-8AF0-6F50416E7BE0"", ""00163E5F-7A72-1ED9-8AF0-6F50416F3BE0"", ""00163E5F-7A72-1ED9-8AF0-6F50416FFBE0"", ""00163E5F-7A72-1ED9-8AF0-6F504170BBE0""] | [""00163E5F-7A72-1ED9-8AF0-F6A3FB079EA9"", ""00163E5F-7A72-1ED9-8AF0-F6A3FB081EA9"", ""00163E5F-7A72-1ED9-8AF0-F6A3FB0F5EA9"", ""00163E5F-7A72-1ED9-8AF0-F6A3FB101EA9"", ""00163E5F-7A72-1ED9-8AF0-F6A3FB10DEA9"", ""00163E5F-7A72-1ED9-8AF0-F6A3FB119EA9"", ""00163E5F-7A72-1ED9-8AF0-F6A3FB125EA9"", ""00163E5F-7A72-1ED9-8AF0-F6A3FB131EA9"", ""00163E5F-7A72-1ED9-8AF0-F6A3FB13DEA9""] | [""00163E5F-7A72-1ED9-8B84-9DEBBC5B481C"", ""00163E5F-7A72-1ED9-8B84-9DEBBC5BC81C"", ""00163E5F-7A72-1ED9-8B84-9DEBBC5DA81C"", ""00163E5F-7A72-1ED9-8B84-9DEBBC5E681C"", ""00163E5F-7A72-1ED9-8B84-9DEBBC5F281C"", ""00163E5F-7A72-1ED9-8B84-9DEBBC5FE81C"", ""00163E5F-7A72-1ED9-8B84-9DEBBC60A81C"", ""00163E5F-7A72-1ED9-8B84-9DEBBC61681C"", ""00163E5F-7A72-1ED9-8B84-9DEBBC62281C"", ""00163E5F-7A72-1ED9-8B84-9DEBBC62E81C""] | [""00163E5F-7A72-1ED9-8B84-D87EB262C8F4"", ""00163E5F-7A72-1ED9-8B84-D87EB26348F4"", ""00163E5F-7A72-1ED9-8B84-D87EB26A68F4"", ""00163E5F-7A72-1ED9-8B84-D87EB26B28F4"", ""00163E5F-7A72-1ED9-8B84-D87EB26BE8F4"", ""00163E5F-7A72-1ED9-8B84-D87EB26CA8F4"", ""00163E5F-7A72-1ED9-8B84-D87EB26D68F4"", ""00163E5F-7A72-1ED9-8B84-D87EB26E28F4"", ""00163E5F-7A72-1ED9-8B84-D87EB26EE8F4""] | [""00163E5F-7A72-1ED9-8B84-E445071F0948"", ""00163E5F-7A72-1ED9-8B84-E445071F8948"", ""00163E5F-7A72-1ED9-8B84-E4450726C948"", ""00163E5F-7A72-1ED9-8B84-E44507278948"", ""00163E5F-7A72-1ED9-8B84-E44507284948"", ""00163E5F-7A72-1ED9-8B84-E44507290948"", ""00163E5F-7A72-1ED9-8B84-E4450729C948"", ""00163E5F-7A72-1ED9-8B84-E445072A8948"", ""00163E5F-7A72-1ED9-8B84-E445072B4948""]"
mrp_workcenter.csv,id,17,17,0,17,,sap_wc_10100 | sap_wc_10200 | sap_wc_10600 | sap_wc_11700 | sap_wc_11100
mrp_workcenter.csv,name,17,17,0,17,,"SMT LINES WITH PRINTER, SPI, PLACEMENT & | AUTOMATED INSPECTION USING INLINE OR OFF | MANUAL SOLDERING | MANUAL CONFORMAL COATING | FUNCTIONAL TESTING & PROGRAMMING"
mrp_workcenter.csv,code,17,17,0,17,,10100 | 10200 | 10600 | 11700 | 11100
mrp_workcenter.csv,sap__khproductionorder__OperationCollection__CategoryCode,17,17,0,2,,1 | 8
mrp_workcenter.csv,sap__khproductionorder__OperationCollection__CategoryCodeText,17,17,0,2,,Make | Quality Check
mrp_workcenter.csv,sap__khproductionorder__OperationCollection__ID,17,17,0,16,,SMT | AOI | THSOLD | MANUALCOAT | TESTING
mrp_workcenter.csv,sap__khproductionorder__OperationCollection__MainResourceCategoryCode,17,17,0,1,,1
mrp_workcenter.csv,sap__khproductionorder__OperationCollection__MainResourceCategoryCodeText,17,17,0,1,,Equipment Resource
mrp_workcenter.csv,sap__khproductionorder__OperationCollection__ObjectID,17,17,0,17,,FBBF25FF0BED1EEEADEA7F69B1FE8B3A | FBBF25FF0BED1EEEADEA7F69B1FDCB3A | FBBF25FF0BED1EEEADD37E3438164AFB | FBBF25FF0BED1EEEADD37E3438194AFB | FBBF25FF0BED1EEEADEA7F7BF5B92B3A
mrp_workcenter.csv,sap__khproductionorder__OperationCollection__ParentObjectID,17,17,0,7,,FBBF25FF0BED1EEEADEA7F69B1FCAB3A | FBBF25FF0BED1EEEADD37E34380D6AFB | FBBF25FF0BED1EEEACA7A43EA87DE890 | 00163E876AF11EE9B58AB77E92FA3883 | FBBF25FF0BED1EEEADA17AD18EE28A61
mrp_workcenter.csv,sap__khproductionorder__OperationCollection__ProcessingNetDuration,17,17,0,15,,10 | 12.5 | 0.223889 | 0.256111 | 42
mrp_workcenter.csv,sap__khproductionorder__OperationCollection__ResourceCategoryCode,17,17,0,1,,1
mrp_workcenter.csv,sap__khproductionorder__OperationCollection__ResourceCategoryCodeText,17,17,0,1,,Equipment Resource
mrp_workcenter.csv,sap__khproductionorder__OperationCollection__ResourceDescription,17,17,0,17,,"SMT LINES WITH PRINTER, SPI, PLACEMENT & | AUTOMATED INSPECTION USING INLINE OR OFF | MANUAL SOLDERING | MANUAL CONFORMAL COATING | FUNCTIONAL TESTING & PROGRAMMING"
mrp_workcenter.csv,sap__khproductionorder__OperationCollection__ResourceID,17,17,0,17,,10100 | 10200 | 10600 | 11700 | 11100
mrp_workcenter.csv,sap__khproductionorder__OperationCollection__ResourceProductionSchedulingRelevanceIndicator,17,17,0,1,,True
mrp_workcenter.csv,sap__khproductionorder__OperationCollection__TypeCode,17,17,0,2,,1 | 8
mrp_workcenter.csv,sap__khproductionorder__OperationCollection__TypeCodeText,17,17,0,2,,Make | Check
mrp_workcenter.csv,sap__khproductionorder__OperationCollection__UUID,17,17,0,17,,FBBF25FF-0BED-1EEE-ADEA-7F69B1FE8B3A | FBBF25FF-0BED-1EEE-ADEA-7F69B1FDCB3A | FBBF25FF-0BED-1EEE-ADD3-7E3438164AFB | FBBF25FF-0BED-1EEE-ADD3-7E3438194AFB | FBBF25FF-0BED-1EEE-ADEA-7F7BF5B92B3A
product_category.csv,id,24,24,0,24,,sap_prodcat_LED | sap_prodcat_ICS | sap_prodcat_DIO | sap_prodcat_CONN | sap_prodcat_CAP
product_category.csv,name,24,24,0,24,,LED | INTEGRATED CIRCUITS | DIODE | CONNECTOR | CAPACITOR
product_category.csv,sap__vmumaterial__ProductCategoryCollection__Description,24,21,3,21,,LED | INTEGRATED CIRCUITS | DIODE | CONNECTOR | CAPACITOR
product_category.csv,sap__vmumaterial__ProductCategoryCollection__DescriptionLanguageCode,24,21,3,1,,EN
product_category.csv,sap__vmumaterial__ProductCategoryCollection__DescriptionLanguageCodeText,24,21,3,1,,English
product_category.csv,sap__vmumaterial__ProductCategoryCollection__ObjectID,24,21,3,21,,FBBF25FF0BED1EEEACEEE329E57129AE | FBBF25FF0BED1EEEADD691491C000AFF | FBBF25FF0BED1EEEADD691491C006AFF | FBBF25FF0BED1EEEADD691491C00AAFF | FBBF25FF0BED1EEEADD6FE67B8BB2AFF
product_category.csv,sap__vmumaterial__ProductCategoryCollection__ParentObjectID,24,21,3,21,,FBBF25FF0BED1EEEACEEE329E570E9AE | FBBF25FF0BED1EEEADD691460C87AAFF | FBBF25FF0BED1EEEADD691460C880AFF | FBBF25FF0BED1EEEADD691460C884AFF | FBBF25FF0BED1EEEADD6FE67B8B94AFF
product_category.csv,sap__vmumaterial__ProductCategoryCollection__ProductCategoryInternalID,24,21,3,21,,LED | ICS | DIO | CONN | CAP
product_category.csv,sap__khserviceproduct__ProductCategoryCollection__Description,24,4,20,4,,OTHERS | SWO - Service Work Order - Revenue | SWO - Service Work Order - Capital | AMC - Annual Maintenance Contract
product_category.csv,sap__khserviceproduct__ProductCategoryCollection__DescriptionLanguageCode,24,4,20,1,,EN
product_category.csv,sap__khserviceproduct__ProductCategoryCollection__DescriptionLanguageCodeText,24,4,20,1,,English
product_category.csv,sap__khserviceproduct__ProductCategoryCollection__ObjectID,24,4,20,4,,00163EA942DA1EDBA8D0A5F6B6277995 | FA163E39381E1FE09F8465917B2DA9A3 | FA163E39381E1FE09F847AEA611B69A3 | FA163E39381E1FE09F84839587C869A3
product_category.csv,sap__khserviceproduct__ProductCategoryCollection__ParentObjectID,24,4,20,4,,00163EA942DA1EDBA8D0A1B29563D93C | FA163E39381E1FE09F845E4C975369A3 | FA163E39381E1FE09F847419C071E9A3 | FA163E39381E1FE09F8482498F72A9A3
product_category.csv,sap__khserviceproduct__ProductCategoryCollection__ProductCategoryInternalID,24,4,20,4,,OTH | Z489 | Z491 | Z490
product_pricelist.csv,id,226,226,0,30+,,sap_pricelist_00163E5F7A721ED9888BBD7687F2F460 | sap_pricelist_00163E5F7A721ED9888BBD7687F31460 | sap_pricelist_00163E5F7A721ED9888BBD7687F33460 | sap_pricelist_00163E5F7A721ED9888BBD7687F35460 | sap_pricelist_00163E5F7A721ED9888BBD7687F37460
product_pricelist.csv,name,226,226,0,30+,,SAP Sales Arrangement 00163E5F7A72 | SAP Sales Arrangement 00163E876ABA | SAP Sales Arrangement 00163E876AD0 | SAP Sales Arrangement 00163E876AF1 | SAP Sales Arrangement 00163EA0C8E4
product_pricelist.csv,currency_id/id,226,225,1,5,,base.INR | base.USD | base.GBP | base.EUR | base.JPY
product_pricelist.csv,sap__khsalesarrangement__SalesArrangementCollection__CompleteDeliveryRequestedIndicator,226,225,1,2,,False | True
product_pricelist.csv,sap__khsalesarrangement__SalesArrangementCollection__CreationDateTime,226,225,1,30+,,2019-01-25 04:58:58 | 2019-01-25 04:59:18 | 2019-01-25 04:59:17 | 2019-02-05 19:28:28 | 2019-02-06 06:21:50
product_pricelist.csv,sap__khsalesarrangement__SalesArrangementCollection__CurrencyCode,226,224,2,5,,INR | USD | GBP | EUR | JPY
product_pricelist.csv,sap__khsalesarrangement__SalesArrangementCollection__CurrencyCodeText,226,224,2,5,,Indian Rupee | US Dollar | Pound Sterling | Euro | Yen
product_pricelist.csv,sap__khsalesarrangement__SalesArrangementCollection__CustomerGroupCode,226,6,220,2,,07 | 01
product_pricelist.csv,sap__khsalesarrangement__SalesArrangementCollection__CustomerGroupCodeText,226,6,220,2,,Private customer | Industrial customer
product_pricelist.csv,sap__khsalesarrangement__SalesArrangementCollection__CustomerUUID,226,225,1,30+,,00163E5F-7A72-1ED9-888B-762B0CCF52EA | 00163E5F-7A72-1ED9-888B-762B0CCE72EA | 00163E5F-7A72-1ED9-888B-762B0CCD92EA | 00163E5F-7A72-1ED9-888B-762B0CCC52EA | 00163E5F-7A72-1ED9-888B-762B0CCB52EA
product_pricelist.csv,sap__khsalesarrangement__SalesArrangementCollection__DeliveryPriorityCode,226,208,18,4,,2 | 3 | 1 | 7
product_pricelist.csv,sap__khsalesarrangement__SalesArrangementCollection__DeliveryPriorityCodeText,226,208,18,4,,Urgent | Normal | Immediate | Low
product_pricelist.csv,sap__khsalesarrangement__SalesArrangementCollection__DistributionChannelCode,226,225,1,1,,01
product_pricelist.csv,sap__khsalesarrangement__SalesArrangementCollection__DistributionChannelCodeText,226,225,1,1,,Direct sales
product_pricelist.csv,sap__khsalesarrangement__SalesArrangementCollection__IncotermsCode,226,61,165,3,,EXW | CFR | FCA
product_pricelist.csv,sap__khsalesarrangement__SalesArrangementCollection__IncotermsCodeText,226,61,165,3,,Ex works | Cost and freight | Free carrier
product_pricelist.csv,sap__khsalesarrangement__SalesArrangementCollection__IncotermsLocationName,226,61,165,30+,,TIRUVELLORE | NEW DELHI | SADAR PONDA | Vadodara | Pune
product_pricelist.csv,sap__khsalesarrangement__SalesArrangementCollection__LastChangeDateTime,226,225,1,30+,,2019-01-25 04:58:58 | 2019-01-25 04:59:18 | 2019-01-25 04:59:17 | 2022-11-29 10:07:38 | 2024-05-27 11:22:53
product_pricelist.csv,sap__khsalesarrangement__SalesArrangementCollection__LifeCycleStatusCode,226,225,1,1,,2
product_pricelist.csv,sap__khsalesarrangement__SalesArrangementCollection__LifeCycleStatusCodeText,226,225,1,1,,Active
product_pricelist.csv,sap__khsalesarrangement__SalesArrangementCollection__ObjectID,226,225,1,30+,,00163E5F7A721ED9888BBD7687F2F460 | 00163E5F7A721ED9888BBD7687F31460 | 00163E5F7A721ED9888BBD7687F33460 | 00163E5F7A721ED9888BBD7687F35460 | 00163E5F7A721ED9888BBD7687F37460
product_pricelist.csv,sap__khsalesarrangement__SalesArrangementCollection__PaymentTermsCode,226,87,139,7,,1003 | 1005 | Z010 | 1001 | 1028
product_pricelist.csv,sap__khsalesarrangement__SalesArrangementCollection__PaymentTermsCodeText,226,87,139,7,,"30 days net | 60 days net | Against Delivery | Payable immediately due net | 30 days from Invoice Date, End of month"
product_pricelist.csv,sap__khsalesarrangement__SalesArrangementCollection__SalesOrganisationID,226,225,1,1,,71000
product_pricelist.csv,sap__khsalesarrangement__SalesArrangementCollection__SalesOrganisationUUID,226,225,1,1,,00163E5F-7A72-1EE9-87A8-35E9FA7EEA67
product_pricelist.csv,sap__khsalesarrangement__SalesArrangementCollection__UUID,226,225,1,30+,,00163E5F-7A72-1ED9-888B-BD7687F2F460 | 00163E5F-7A72-1ED9-888B-BD7687F31460 | 00163E5F-7A72-1ED9-888B-BD7687F33460 | 00163E5F-7A72-1ED9-888B-BD7687F35460 | 00163E5F-7A72-1ED9-888B-BD7687F37460
product_pricelist_item_discount.csv,id,932,932,0,30+,,sap_plitem_0007_2025_010_064 | sap_plitem_10007_8A00W | sap_plitem_1000750301 | sap_plitem_1000755470 | sap_plitem_10030_18475
product_pricelist_item_discount.csv,pricelist_id/id,932,932,0,1,,sap_pricelist_list_prices
product_pricelist_item_discount.csv,applied_on,932,932,0,1,,1_product
product_pricelist_item_discount.csv,product_tmpl_id/id,932,932,0,30+,,sap_prod_0007_2025_010_064 | sap_prod_10007_8A00W | sap_prod_1000750301 | sap_prod_1000755470 | sap_prod_10030_18475
product_pricelist_item_discount.csv,compute_price,932,932,0,1,,fixed
product_pricelist_item_discount.csv,fixed_price,932,932,0,30+,,55000.00 | 305.00 | 501.08 | 144.93 | 290.45
product_supplierinfo.csv,id,8556,8556,0,30+,,sap_supinfo_8000220_LTTTPL0007 | sap_supinfo_8000222_LTTTPL0007 | sap_supinfo_8000221_LTTTPL0007 | sap_supinfo_8000222_DL3SMPCB011 | sap_supinfo_8000033_VCAP0015C
product_supplierinfo.csv,partner_id/id,8556,8556,0,10,,sap_bp_8000220 | sap_bp_8000222 | sap_bp_8000221 | sap_bp_8000033 | sap_bp_8000034
product_supplierinfo.csv,product_tmpl_id/id,8556,8556,0,30+,,sap_prod_LTTTPL0007 | sap_prod_DL3SMPCB011 | sap_prod_VCAP0015C | sap_prod_VCAP0011C | sap_prod_VCAP0009C
product_supplierinfo.csv,product_code,8556,8556,0,30+,,TAJB476K006RNJ | T491B476K006ZT | TAJB476K010RNJ | BARE PCB 3 IN 1 | GQM1885C1H9R1CB01D -VAYVE
product_supplierinfo.csv,product_name,8556,8556,0,10,,Dummy Supplier 8 | Dummy Supplier 10 | Dummy Supplier 9 | Dummy Supplier 1 | Dummy Supplier 2
product_supplierinfo.csv,delay,8556,0,8556,0,,
product_template.csv,id,8667,8667,0,30+,,sap_prod_KALESICS407 | sap_prod_KALESICS402 | sap_prod_KALESDIO308 | sap_prod_KALESDIO304 | sap_prod_KALESCON204
product_template.csv,name,8667,8667,0,30+,,IC TRANS PNP 45V 0.5A SOT23 | IC DECODER/DEMUX 3-8 16SOIC | DIODE ZENER 10V 500MW SOD123 | DIODE ARRAY GP 70V 200MA SOT23-3 | CONN VERTICAL 7 POS
product_template.csv,default_code,8667,8667,0,30+,,KALESICS407 | KALESICS402 | KALESDIO308 | KALESDIO304 | KALESCON204
product_template.csv,description,8667,8379,288,30+,EMBEDDED_NEWLINE,IC SENSOR Hall-effectSOT23-3L HAL1507 CS | A5E03671015005-PCB BOM S6 220V-240V | ICS P0K1.0805.2P.B  Sensor | ICS LTCC Chip - DMC0805V2 | ICS EEPROM 1KBIT 100KHZ SOT23-3
product_template.csv,type,8667,8667,0,2,,consu | service
product_template.csv,categ_id/id,8667,8667,0,24,,sap_prodcat_ICS | sap_prodcat_DIO | sap_prodcat_CONN | sap_prodcat_CAP | sap_prodcat_PCB
product_template.csv,uom_id/id,8667,8667,0,13,,sap_uom_ZNO | sap_uom_MTR | sap_uom_CMT | sap_uom_KGM | sap_uom_MMT
product_template.csv,uom_po_id/id,8667,8667,0,13,,sap_uom_ZNO | sap_uom_MTR | sap_uom_CMT | sap_uom_KGM | sap_uom_MMT
product_template.csv,standard_price,8667,6777,1890,30+,,1.040000 | 15.930000 | 1.600000 | 1.410000 | 24.520000
product_template.csv,purchase_ok,8667,8667,0,2,,True | False
product_template.csv,sale_ok,8667,8667,0,2,,True | False
product_template.csv,tracking,8667,8667,0,1,,none
product_template.csv,route_ids/id,8667,8662,5,2,,purchase_stock.route_warehouse0_buy | mrp.route_warehouse0_manufacture
product_template.csv,active,8667,8667,0,1,,True
product_template.csv,sap__vmumaterial__MaterialCollection__BaseMeasureUnitCode,8667,8662,5,13,,ZNO | MTR | CMT | KGM | MMT
product_template.csv,sap__vmumaterial__MaterialCollection__BaseMeasureUnitCodeText,8667,8662,5,13,,Number | Meter | Centimeter | Kilogram | Millimeter
product_template.csv,sap__vmumaterial__MaterialCollection__CreationDateTime,8667,8662,5,30+,,2019-01-28 07:03:04 | 2019-01-28 07:03:06 | 2019-01-28 08:03:31 | 2019-01-28 08:03:32 | 2019-01-28 08:03:33
product_template.csv,sap__vmumaterial__MaterialCollection__Description,8667,8662,5,30+,,IC TRANS PNP 45V 0.5A SOT23 | IC DECODER/DEMUX 3-8 16SOIC | DIODE ZENER 10V 500MW SOD123 | DIODE ARRAY GP 70V 200MA SOT23-3 | CONN VERTICAL 7 POS
product_template.csv,sap__vmumaterial__MaterialCollection__DescriptionLanguageCode,8667,8662,5,1,,EN
product_template.csv,sap__vmumaterial__MaterialCollection__DescriptionLanguageCodeText,8667,8662,5,1,,English
product_template.csv,sap__vmumaterial__MaterialCollection__IdentifiedStockTypeCode,8667,2211,6456,2,,03 | 04
product_template.csv,sap__vmumaterial__MaterialCollection__IdentifiedStockTypeCodeText,8667,2211,6456,2,,Optional Specified Stock | Mandatory Specified Stock
product_template.csv,sap__vmumaterial__MaterialCollection__InternalID,8667,8662,5,30+,,KALESICS407 | KALESICS402 | KALESDIO308 | KALESDIO304 | KALESCON204
product_template.csv,sap__vmumaterial__MaterialCollection__LastChangeDateTime,8667,8662,5,30+,,2026-09-05 05:03:07 | 2026-04-08 06:37:44 | 2023-05-15 08:28:58 | 2022-10-01 04:09:30 | 2021-10-11 07:20:05
product_template.csv,sap__vmumaterial__MaterialCollection__ObjectID,8667,8662,5,30+,,00163E5F7A721ED988D958240BCDACC0 | 00163E5F7A721ED988D958240BCDCCC0 | 00163E5F7A721ED988D958240BCDECC0 | 00163E5F7A721ED988D958240BCE0CC0 | 00163E5F7A721ED988D958240BCE2CC0
product_template.csv,sap__vmumaterial__MaterialCollection__PlanningMeasureUnitCode,8667,8662,5,13,,ZNO | MTR | CMT | KGM | MMT
product_template.csv,sap__vmumaterial__MaterialCollection__PlanningMeasureUnitCodeText,8667,8662,5,13,,Number | Meter | Centimeter | Kilogram | Millimeter
product_template.csv,sap__vmumaterial__MaterialCollection__SerialNumberProfileCode,8667,8662,5,1,,1003
product_template.csv,sap__vmumaterial__MaterialCollection__SerialNumberProfileCodeText,8667,8662,5,1,,No Serial Number Assignment
product_template.csv,sap__vmumaterial__MaterialCollection__UUID,8667,8662,5,30+,,00163E5F-7A72-1ED9-88D9-58240BCDACC0 | 00163E5F-7A72-1ED9-88D9-58240BCDCCC0 | 00163E5F-7A72-1ED9-88D9-58240BCDECC0 | 00163E5F-7A72-1ED9-88D9-58240BCE0CC0 | 00163E5F-7A72-1ED9-88D9-58240BCE2CC0
product_template.csv,sap__vmumaterial__MaterialCollection__ValuationLevelTypeCode,8667,8662,5,1,,1
product_template.csv,sap__vmumaterial__MaterialCollection__ValuationLevelTypeCodeText,8667,8662,5,1,,Business Residence
product_template.csv,sap__vmumaterial__AvailabilityConfirmationCollection__AvailabilityCheckScopeCode,8667,8462,205,1,,A11
product_template.csv,sap__vmumaterial__AvailabilityConfirmationCollection__AvailabilityCheckScopeCodeText,8667,8462,205,1,,Stock
product_template.csv,sap__vmumaterial__AvailabilityConfirmationCollection__GoodsIssueProcessingDuration,8667,8601,66,1,,0
product_template.csv,sap__vmumaterial__AvailabilityConfirmationCollection__LifeCycleStatusCode,8667,8620,47,1,,2
product_template.csv,sap__vmumaterial__AvailabilityConfirmationCollection__LifeCycleStatusCodeText,8667,8620,47,1,,Active
product_template.csv,sap__vmumaterial__AvailabilityConfirmationCollection__ManualSourcingRequiredIndicator,8667,8620,47,1,,False
product_template.csv,sap__vmumaterial__AvailabilityConfirmationCollection__ObjectID,8667,8620,47,30+,,00163E5F7A721ED988D958240BCF0CC0 | 00163E5F7A721ED988D958240BCF2CC0 | 00163E5F7A721ED988D958240BCF4CC0 | 00163E5F7A721ED988D958240BCF6CC0 | 00163E5F7A721ED988D958240BCF8CC0
product_template.csv,sap__vmumaterial__AvailabilityConfirmationCollection__ParentObjectID,8667,8620,47,30+,,00163E5F7A721ED988D958240BCDACC0 | 00163E5F7A721ED988D958240BCDCCC0 | 00163E5F7A721ED988D958240BCDECC0 | 00163E5F7A721ED988D958240BCE0CC0 | 00163E5F7A721ED988D958240BCE2CC0
product_template.csv,sap__vmumaterial__AvailabilityConfirmationCollection__SupplyPlanningAreaDescription,8667,8620,47,1,,Danlaw Technologies India Limited
product_template.csv,sap__vmumaterial__AvailabilityConfirmationCollection__SupplyPlanningAreaID,8667,8620,47,1,,71000
product_template.csv,sap__vmumaterial__IdentificationCollection__ObjectID,8667,8662,5,30+,,00163E5F7A721ED988D958240BCDACC0 | 00163E5F7A721ED988D958240BCDCCC0 | 00163E5F7A721ED988D958240BCDECC0 | 00163E5F7A721ED988D958240BCE0CC0 | 00163E5F7A721ED988D958240BCE2CC0
product_template.csv,sap__vmumaterial__IdentificationCollection__ParentObjectID,8667,8662,5,30+,,00163E5F7A721ED988D958240BCDACC0 | 00163E5F7A721ED988D958240BCDCCC0 | 00163E5F7A721ED988D958240BCDECC0 | 00163E5F7A721ED988D958240BCE0CC0 | 00163E5F7A721ED988D958240BCE2CC0
product_template.csv,sap__vmumaterial__IdentificationCollection__ProductID,8667,8662,5,30+,,KALESICS407 | KALESICS402 | KALESDIO308 | KALESDIO304 | KALESCON204
product_template.csv,sap__vmumaterial__IdentificationCollection__ProductIdentifierTypeCode,8667,8662,5,1,,1
product_template.csv,sap__vmumaterial__IdentificationCollection__ProductIdentifierTypeCodeText,8667,8662,5,1,,Internal ID
product_template.csv,sap__vmumaterial__LogisticsCollection__CycleCountPlannedDuration,8667,0,8667,0,,
product_template.csv,sap__vmumaterial__LogisticsCollection__LifeCycleStatusCode,8667,8662,5,1,,2
product_template.csv,sap__vmumaterial__LogisticsCollection__LifeCycleStatusCodeText,8667,8662,5,1,,Active
product_template.csv,sap__vmumaterial__LogisticsCollection__ObjectID,8667,8662,5,30+,,00163E5F7A721ED988D958240BD04CC0 | 00163E5F7A721ED988D958240BD06CC0 | 00163E5F7A721ED988D958240BD08CC0 | 00163E5F7A721ED988D958240BD0ACC0 | 00163E5F7A721ED988D958240BD0CCC0
product_template.csv,sap__vmumaterial__LogisticsCollection__ParentObjectID,8667,8662,5,30+,,00163E5F7A721ED988D958240BCDACC0 | 00163E5F7A721ED988D958240BCDCCC0 | 00163E5F7A721ED988D958240BCDECC0 | 00163E5F7A721ED988D958240BCE0CC0 | 00163E5F7A721ED988D958240BCE2CC0
product_template.csv,sap__vmumaterial__LogisticsCollection__SiteID,8667,8662,5,1,,71000
product_template.csv,sap__vmumaterial__LogisticsCollection__SiteName,8667,8662,5,1,,Danlaw Technologies India Limited
product_template.csv,sap__vmumaterial__LogisticsCollection__SiteUUID,8667,8662,5,1,,00163E5F-7A72-1EE9-87A8-E185FB7F8E14
product_template.csv,sap__vmumaterial__PlanningCollection__DemandManagementProcedureCode,8667,228,8439,2,,ATOS_CPC | ATOS_MPC
product_template.csv,sap__vmumaterial__PlanningCollection__DemandManagementProcedureCodeText,8667,228,8439,2,,All demand consumes current forecasts | All demand consumes preceding forecasts
product_template.csv,sap__vmumaterial__PlanningCollection__GoodsReceiptProcessingDuration,8667,8655,12,17,,0 | 8 | 2 | 4 | 5
product_template.csv,sap__vmumaterial__PlanningCollection__LifeCycleStatusCode,8667,8662,5,2,,2 | 3
product_template.csv,sap__vmumaterial__PlanningCollection__LifeCycleStatusCodeText,8667,8662,5,2,,Active | Blocked
product_template.csv,sap__vmumaterial__PlanningCollection__LotSizeRoundingQuantity,8667,8662,5,30+,,3000.00000000000000 | 2500.00000000000000 | 8400.00000000000000 | 14.00000000000000 | 0.00000000000000
product_template.csv,sap__vmumaterial__PlanningCollection__LotSizeRoundingQuantityUnitCode,8667,8662,5,13,,ZNO | MTR | CMT | KGM | MMT
product_template.csv,sap__vmumaterial__PlanningCollection__LotSizeRoundingQuantityUnitCodeText,8667,8662,5,13,,Number | Meter | Centimeter | Kilogram | Millimeter
product_template.csv,sap__vmumaterial__PlanningCollection__LotSizingMethodCode,8667,7335,1332,3,,1 | 3 | 2
product_template.csv,sap__vmumaterial__PlanningCollection__LotSizingMethodCodeText,8667,7335,1332,3,,Lot-for-Lot | Periodic lot-size | Fixed lot size
product_template.csv,sap__vmumaterial__PlanningCollection__MaximumLotSizeQuantity,8667,8662,5,1,,0.00000000000000
product_template.csv,sap__vmumaterial__PlanningCollection__MaximumLotSizeQuantityUnitCode,8667,8662,5,13,,ZNO | MTR | CMT | KGM | MMT
product_template.csv,sap__vmumaterial__PlanningCollection__MaximumLotSizeQuantityUnitCodeText,8667,8662,5,13,,Number | Meter | Centimeter | Kilogram | Millimeter
product_template.csv,sap__vmumaterial__PlanningCollection__MinimumDaysOfSupplyDuration,8667,0,8667,0,,
product_template.csv,sap__vmumaterial__PlanningCollection__MinimumLotSizeQuantity,8667,8662,5,30+,,39000.00000000000000 | 5000.00000000000000 | 9000.00000000000000 | 18000.00000000000000 | 8400.00000000000000
product_template.csv,sap__vmumaterial__PlanningCollection__MinimumLotSizeQuantityUnitCode,8667,8662,5,13,,ZNO | MTR | CMT | KGM | MMT
product_template.csv,sap__vmumaterial__PlanningCollection__MinimumLotSizeQuantityUnitCodeText,8667,8662,5,13,,Number | Meter | Centimeter | Kilogram | Millimeter
product_template.csv,sap__vmumaterial__PlanningCollection__MinimumReceiptDaysOfSupplyDuration,8667,0,8667,0,,
product_template.csv,sap__vmumaterial__PlanningCollection__MinimumShelfLifeDuration,8667,0,8667,0,,
product_template.csv,sap__vmumaterial__PlanningCollection__ObjectID,8667,8662,5,30+,,00163E5F7A721ED988D958240BD18CC0 | 00163E5F7A721ED988D958240BD1ACC0 | 00163E5F7A721ED988D958240BD1CCC0 | 00163E5F7A721ED988D958240BD1ECC0 | 00163E5F7A721ED988D958240BD20CC0
product_template.csv,sap__vmumaterial__PlanningCollection__ParentObjectID,8667,8662,5,30+,,00163E5F7A721ED988D958240BCDACC0 | 00163E5F7A721ED988D958240BCDCCC0 | 00163E5F7A721ED988D958240BCDECC0 | 00163E5F7A721ED988D958240BCE0CC0 | 00163E5F7A721ED988D958240BCE2CC0
product_template.csv,sap__vmumaterial__PlanningCollection__PlanningGroupDescription,8667,863,7804,6,,Siemens LED | ALTCU | BCU | Godrej Spacetek | EMERALD-L&T
product_template.csv,sap__vmumaterial__PlanningCollection__PlanningGroupID,8667,863,7804,6,,SIEMENS_LED | ALTCU | BCU | GODREJ_SPACETEK | EMERALD_LT
product_template.csv,sap__vmumaterial__PlanningCollection__PlanningProcedureCode,8667,7335,1332,1,,1
product_template.csv,sap__vmumaterial__PlanningCollection__PlanningProcedureCodeText,8667,7335,1332,1,,Demand-Driven Planning
product_template.csv,sap__vmumaterial__PlanningCollection__PlanningTimeFenceDuration,8667,0,8667,0,,
product_template.csv,sap__vmumaterial__PlanningCollection__ProcurementLeadDuration,8667,335,8332,30+,,P280D | P245D | P287D | P84D | P70D
product_template.csv,sap__vmumaterial__PlanningCollection__ProcurementTypeCode,8667,8662,5,2,,2 | 1
product_template.csv,sap__vmumaterial__PlanningCollection__ProcurementTypeCodeText,8667,8662,5,2,,External Procurement | In-house Production
product_template.csv,sap__vmumaterial__PlanningCollection__SafetyLeadDuration,8667,897,7770,30+,,P686D | P266D | P350D | P364D | P70D
product_template.csv,sap__vmumaterial__PlanningCollection__SafetyStockQuantity,8667,8662,5,30+,,5000.00000000000000 | 0.00000000000000 | 20000.00000000000000 | 10000.00000000000000 | 25000.00000000000000
product_template.csv,sap__vmumaterial__PlanningCollection__SafetyStockQuantityUnitCode,8667,8662,5,13,,ZNO | MTR | CMT | KGM | MMT
product_template.csv,sap__vmumaterial__PlanningCollection__SafetyStockQuantityUnitCodeText,8667,8662,5,13,,Number | Meter | Centimeter | Kilogram | Millimeter
product_template.csv,sap__vmumaterial__PlanningCollection__SupplyPlanningAreaDescription,8667,8662,5,1,,Danlaw Technologies India Limited
product_template.csv,sap__vmumaterial__PlanningCollection__SupplyPlanningAreaID,8667,8662,5,1,,71000
product_template.csv,sap__vmumaterial__PlanningCollection__SupplyPlanningAreaUUID,8667,8662,5,1,,00163E5F-7A72-1EE9-87D9-FB8C3A1BE00F
product_template.csv,sap__vmumaterial__PlanningForecastGroupCollection__ObjectID,8667,8662,5,30+,,00163E5F7A721ED988D958240BD78CC0 | 00163E5F7A721ED988D958240BD7ACC0 | 00163E5F7A721ED988D958240BD7CCC0 | 00163E5F7A721ED988D958240BD7ECC0 | 00163E5F7A721ED988D958240BD80CC0
product_template.csv,sap__vmumaterial__PlanningForecastGroupCollection__ParentObjectID,8667,8662,5,30+,,00163E5F7A721ED988D958240BCDACC0 | 00163E5F7A721ED988D958240BCDCCC0 | 00163E5F7A721ED988D958240BCDECC0 | 00163E5F7A721ED988D958240BCE0CC0 | 00163E5F7A721ED988D958240BCE2CC0
product_template.csv,sap__vmumaterial__PlanningForecastGroupCollection__ProductCategoryDescription,8667,8662,5,21,,INTEGRATED CIRCUITS | DIODE | CONNECTOR | CAPACITOR | BARE PCB
product_template.csv,sap__vmumaterial__PlanningForecastGroupCollection__ProductCategoryInternalID,8667,8662,5,21,,ICS | DIO | CONN | CAP | PCB
product_template.csv,sap__vmumaterial__ProductCategoryCollection__Description,8667,8662,5,21,,INTEGRATED CIRCUITS | DIODE | CONNECTOR | CAPACITOR | BARE PCB
product_template.csv,sap__vmumaterial__ProductCategoryCollection__DescriptionLanguageCode,8667,8662,5,1,,EN
product_template.csv,sap__vmumaterial__ProductCategoryCollection__DescriptionLanguageCodeText,8667,8662,5,1,,English
product_template.csv,sap__vmumaterial__ProductCategoryCollection__ObjectID,8667,8662,5,30+,,00163E5F7A721ED988D958240BD78CC0 | 00163E5F7A721ED988D958240BD7ACC0 | 00163E5F7A721ED988D958240BD7CCC0 | 00163E5F7A721ED988D958240BD7ECC0 | 00163E5F7A721ED988D958240BD80CC0
product_template.csv,sap__vmumaterial__ProductCategoryCollection__ParentObjectID,8667,8662,5,30+,,00163E5F7A721ED988D958240BCDACC0 | 00163E5F7A721ED988D958240BCDCCC0 | 00163E5F7A721ED988D958240BCDECC0 | 00163E5F7A721ED988D958240BCE0CC0 | 00163E5F7A721ED988D958240BCE2CC0
product_template.csv,sap__vmumaterial__ProductCategoryCollection__ProductCategoryInternalID,8667,8662,5,21,,ICS | DIO | CONN | CAP | PCB
product_template.csv,sap__vmumaterial__PurchasingCollection__LifeCycleStatusCode,8667,8276,391,3,,2 | 3 | 1
product_template.csv,sap__vmumaterial__PurchasingCollection__LifeCycleStatusCodeText,8667,8276,391,3,,Active | Blocked | In Preparation
product_template.csv,sap__vmumaterial__PurchasingCollection__ObjectID,8667,8276,391,30+,,00163E5F7A721ED988D958240BD2CCC0 | 00163E5F7A721ED988D958240BD2ECC0 | 00163E5F7A721ED988D958240BD30CC0 | 00163E5F7A721ED988D958240BD32CC0 | 00163E5F7A721ED988D958240BD34CC0
product_template.csv,sap__vmumaterial__PurchasingCollection__ParentObjectID,8667,8276,391,30+,,00163E5F7A721ED988D958240BCDACC0 | 00163E5F7A721ED988D958240BCDCCC0 | 00163E5F7A721ED988D958240BCDECC0 | 00163E5F7A721ED988D958240BCE0CC0 | 00163E5F7A721ED988D958240BCE2CC0
product_template.csv,sap__vmumaterial__PurchasingCollection__PurchasingMeasureUnitCode,8667,8276,391,12,,ZNO | MTR | CMT | KGM | MMT
product_template.csv,sap__vmumaterial__PurchasingCollection__PurchasingMeasureUnitCodeText,8667,8276,391,12,,Number | Meter | Centimeter | Kilogram | Millimeter
product_template.csv,sap__vmumaterial__QuantityConversionCollection__BatchDependentIndicator,8667,16,8651,1,,False
product_template.csv,sap__vmumaterial__QuantityConversionCollection__CorrespondingQuantity,8667,16,8651,3,,1.00000000000000 | 5.00000000000000 | 55.00000000000000
product_template.csv,sap__vmumaterial__QuantityConversionCollection__CorrespondingQuantityUnitCode,8667,16,8651,6,JSON_ARRAY,"[""ZNO"", ""ZN""] | ZN | SET | ZNO | LTR"
product_template.csv,sap__vmumaterial__QuantityConversionCollection__CorrespondingQuantityUnitCodeText,8667,16,8651,6,JSON_ARRAY,"[""Number"", ""Units""] | Units | Set | Number | Liter"
product_template.csv,sap__vmumaterial__QuantityConversionCollection__ObjectID,8667,16,8651,16,JSON_ARRAY,"[""FA163E39381E1EED8DB729FEF7988C6F"", ""FA163E39381E1EED99E2C2E5C48256C3""] | FA163E39381E1EED99E2A4F1EFDB147D | FA163E39381E1EED99E2AFCCA8E35593 | FA163E39381E1EED99E2B3E50D7F75BB | 00163E708BF91EE991979030F6C519B9"
product_template.csv,sap__vmumaterial__QuantityConversionCollection__ParentObjectID,8667,16,8651,16,,00163E5F7A721EE989C5942D85B26354 | 00163E5F7A721EE989C5942D85B28354 | 00163E5F7A721EE989C5942D85B2A354 | 00163E5F7A721EE989C59461C0A5A354 | 00163E708BF91ED99190621F23FAD976
product_template.csv,sap__vmumaterial__QuantityConversionCollection__Quantity,8667,16,8651,3,JSON_ARRAY,"[""1.00000000000000"", ""5.00000000000000""] | 5.00000000000000 | 1.00000000000000"
product_template.csv,sap__vmumaterial__QuantityConversionCollection__QuantityUnitCode,8667,16,8651,4,,LTR | ZNO | MTR | KGM
product_template.csv,sap__vmumaterial__QuantityConversionCollection__QuantityUnitCodeText,8667,16,8651,4,,Liter | Number | Meter | Kilogram
product_template.csv,sap__vmumaterial__SalesCollection__CashDiscountDeductibleIndicator,8667,6164,2503,1,,False
product_template.csv,sap__vmumaterial__SalesCollection__DistributionChannelCode,8667,6164,2503,1,,01
product_template.csv,sap__vmumaterial__SalesCollection__DistributionChannelCodeText,8667,6164,2503,1,,Direct sales
product_template.csv,sap__vmumaterial__SalesCollection__ItemGroupCode,8667,6164,2503,1,,NORM
product_template.csv,sap__vmumaterial__SalesCollection__ItemGroupCodeText,8667,6164,2503,1,,Product - delivery-based
product_template.csv,sap__vmumaterial__SalesCollection__LifeCycleStatusCode,8667,6164,2503,2,,2 | 3
product_template.csv,sap__vmumaterial__SalesCollection__LifeCycleStatusCodeText,8667,6164,2503,2,,Active | Blocked
product_template.csv,sap__vmumaterial__SalesCollection__MinimumOrderQuantity,8667,6164,2503,1,,0.00000000000000
product_template.csv,sap__vmumaterial__SalesCollection__MinimumOrderQuantityUnitCode,8667,6164,2503,11,,ZNO | MTR | CMT | KGM | MMT
product_template.csv,sap__vmumaterial__SalesCollection__MinimumOrderQuantityUnitCodeText,8667,6164,2503,11,,Number | Meter | Centimeter | Kilogram | Millimeter
product_template.csv,sap__vmumaterial__SalesCollection__ObjectID,8667,6164,2503,30+,,00163E5F7A721ED988D958240BD3CCC0 | 00163E5F7A721ED988D958240BD3ECC0 | 00163E5F7A721ED988D958240BD40CC0 | 00163E5F7A721ED988D958240BD42CC0 | 00163E5F7A721ED988D958240BD44CC0
product_template.csv,sap__vmumaterial__SalesCollection__ParentObjectID,8667,6164,2503,30+,,00163E5F7A721ED988D958240BCDACC0 | 00163E5F7A721ED988D958240BCDCCC0 | 00163E5F7A721ED988D958240BCDECC0 | 00163E5F7A721ED988D958240BCE0CC0 | 00163E5F7A721ED988D958240BCE2CC0
product_template.csv,sap__vmumaterial__SalesCollection__ReferencePriceMaterialDescription,8667,0,8667,0,,
product_template.csv,sap__vmumaterial__SalesCollection__ReferencePriceMaterialID,8667,0,8667,0,,
product_template.csv,sap__vmumaterial__SalesCollection__SalesMeasureUnitCode,8667,6164,2503,11,,ZNO | MTR | CMT | KGM | MMT
product_template.csv,sap__vmumaterial__SalesCollection__SalesMeasureUnitCodeText,8667,6164,2503,11,,Number | Meter | Centimeter | Kilogram | Millimeter
product_template.csv,sap__vmumaterial__SalesCollection__SalesOrganisationID,8667,6164,2503,1,,71000
product_template.csv,sap__vmumaterial__SupplierInformationCollection__BusinessPartnerFormattedName,8667,4416,4251,30+,JSON_ARRAY,"[""Dummy Supplier 1"", ""Dummy Supplier 2""] | [""Dummy Supplier 1"", ""Dummy Supplier 2"", ""Dummy Supplier 3""] | [""Dummy Supplier 1"", ""Dummy Supplier 2"", ""Dummy Supplier 3"", ""Dummy Supplier 4"", ""Dummy Supplier 5"", ""Dummy Supplier 6"", ""Dummy Supplier 7"", ""Dummy Supplier 8"", ""Dummy Supplier 9"", ""Dummy Supplier 10""] | Dummy Supplier 1 | Dummy Supplier 2"
product_template.csv,sap__vmumaterial__SupplierInformationCollection__ObjectID,8667,4416,4251,30+,JSON_ARRAY,"[""00163E876AF11ED9959FD2C4269727C2"", ""FA163E39381E1FE1AA9CDB105B79CF2B""] | [""00163E876AF11ED9959FD2C4269747C2"", ""00163EA9426E1EDC86BAC34CB4449CA1"", ""FA163EC6B0A11FE18CE2A913B4E0C1AB""] | [""00163E876AF11ED9959FD2C4269767C2"", ""2FC87A78DB191EDDBCDF34C3430E8F12"", ""2FC87A78DB191EDDBCDF37CDF004AF66"", ""2FC87A78DB191EDDBCDF3ADF0C02EFE5"", ""2FC87A78DB191EDDBCDF3F20940430B1"", ""2FC87A78DB191EDDBCDF418F2D2D718C"", ""2FC87A78DB191EDDBCDF443F04DE31B7"", ""2FC87A78DB191EDDBCDF480ABB673271"", ""2FC87A78DB191EDDBCDF4E682F853329"", ""FA163E39381E1EEDA3CDCDD0BB3807B4""] | 00163E876AF11ED9959FD2C4269787C2 | 00163E876AF11ED9959FD2C42697A7C2"
product_template.csv,sap__vmumaterial__SupplierInformationCollection__ParentObjectID,8667,4416,4251,30+,,00163E5F7A721ED988D958240BCDACC0 | 00163E5F7A721ED988D958240BCDCCC0 | 00163E5F7A721ED988D958240BCDECC0 | 00163E5F7A721ED988D958240BCE0CC0 | 00163E5F7A721ED988D958240BCE2CC0
product_template.csv,sap__vmumaterial__SupplierInformationCollection__SupplierID,8667,4416,4251,30+,JSON_ARRAY,"[""8000033"", ""8000034""] | [""8000033"", ""8000034"", ""8000035""] | [""8000033"", ""8000034"", ""8000035"", ""8000036"", ""8000037"", ""8000038"", ""8000039"", ""8000220"", ""8000221"", ""8000222""] | 8000033 | 8000034"
product_template.csv,sap__vmumaterial__SupplierInformationCollection__SupplierLeadTimeDuration,8667,0,8667,0,,
product_template.csv,sap__vmumaterial__SupplierInformationCollection__SupplierPartNumber,8667,4416,4251,30+,JSON_ARRAY,"[""BC807-40,215"", ""BC807-40LT1G""] | [""74HC238D-Q100"", ""NLV74HC238ADR2G"", ""MC74HC238ADR2G""] | [""SZMMSZ10T1G"", ""SZMMSZ5240BT1G"", ""MMSZ5240B-HE3"", ""MMSZ5240C-HE3"", ""AMMSZ5240B-HF"", ""AMMSZ5240A-HF"", ""MMSZ5240B-AQ"", ""MMSZ5240B-AU"", ""MMSZ5240BQ"", ""MMSZ5240B-HE3-08""] | SBAV70LT1G | 502382-0770"
product_template.csv,sap__vmumaterial__TextCollection__AuthorName,8667,0,8667,0,,
product_template.csv,sap__vmumaterial__TextCollection__AuthorUUID,8667,0,8667,0,,
product_template.csv,sap__vmumaterial__TextCollection__CreatedBy,8667,8385,282,4,,Mayur Mapusekar | Itelligence User | Prashant Ram Naik | Arsenio Goes
product_template.csv,sap__vmumaterial__TextCollection__CreatedOn,8667,8385,282,30+,,2019-11-08 04:53:17 | 2019-04-13 07:19:40 | 2019-01-28 10:06:39 | 2019-01-28 10:06:42 | 2019-01-28 10:06:44
product_template.csv,sap__vmumaterial__TextCollection__LanguageCode,8667,8385,282,1,,EN
product_template.csv,sap__vmumaterial__TextCollection__LanguageCodeText,8667,8385,282,1,,English
product_template.csv,sap__vmumaterial__TextCollection__LastUpdatedBy,8667,8385,282,4,,Mayur Mapusekar | Itelligence User | Arsenio Goes | Prashant Ram Naik
product_template.csv,sap__vmumaterial__TextCollection__ObjectID,8667,8385,282,30+,,00163E876AD01EDA80BC75BB1E82AE8F00163E876AD01EDA80BC75BB1E82CE8FT00001 | 00163E876AF11ED997B790135E14BBA500163E876AF11ED997B790135E14DBA5T00001 | 00163E5F7A721ED988DC8CE74D237AE000163E5F7A721ED988DC8CE74D24DAE0T00001 | 00163E5F7A721ED988DC8CE74D239AE000163E5F7A721ED988DC8CE74D251AE0T00001 | 00163E5F7A721ED988DC8CE74D23BAE000163E5F7A721ED988DC8CE74D255AE0T00001
product_template.csv,sap__vmumaterial__TextCollection__ParentObjectID,8667,8385,282,30+,,00163E5F7A721ED988D9586162F40CC0 | 00163E5F7A721ED988DAD5EC35D05328 | 00163E5F7A721ED988DC8CE74D149AE0 | 00163E5F7A721ED988DC8CE74D14BAE0 | 00163E5F7A721ED988DC8CE74D14DAE0
product_template.csv,sap__vmumaterial__TextCollection__Text,8667,8376,291,30+,EMBEDDED_NEWLINE,IC SENSOR Hall-effectSOT23-3L HAL1507 CS | A5E03671015005-PCB BOM S6 220V-240V | ICS P0K1.0805.2P.B  Sensor | ICS LTCC Chip - DMC0805V2 | ICS EEPROM 1KBIT 100KHZ SOT23-3
product_template.csv,sap__vmumaterial__TextCollection__TypeCode,8667,8385,282,1,,10006
product_template.csv,sap__vmumaterial__TextCollection__TypeCodeText,8667,8385,282,1,,Detailed Description
product_template.csv,sap__vmumaterial__TextCollection__UpdatedOn,8667,8385,282,30+,,2019-11-08 04:53:17 | 2019-04-13 07:19:40 | 2019-01-28 10:06:39 | 2019-09-05 06:22:13 | 2019-01-28 10:06:42
product_template.csv,sap__vmumaterial__ValuationCollection__BusinessResidenceID,8667,8660,7,1,,71000
product_template.csv,sap__vmumaterial__ValuationCollection__CompanyID,8667,8660,7,1,,70000
product_template.csv,sap__vmumaterial__ValuationCollection__LifeCycleStatusCode,8667,8660,7,2,,2 | 1
product_template.csv,sap__vmumaterial__ValuationCollection__LifeCycleStatusCodeText,8667,8660,7,2,,Active | In Preparation
product_template.csv,sap__vmumaterial__ValuationCollection__ObjectID,8667,8660,7,30+,,00163E5F7A721ED988D958240BDB4CC0 | 00163E5F7A721ED988D958240BDB6CC0 | 00163E5F7A721ED988D958240BDB8CC0 | 00163E5F7A721ED988D958240BDBACC0 | 00163E5F7A721ED988D958240BDBCCC0
product_template.csv,sap__vmumaterial__ValuationCollection__ParentObjectID,8667,8660,7,30+,,00163E5F7A721ED988D958240BCDACC0 | 00163E5F7A721ED988D958240BCDCCC0 | 00163E5F7A721ED988D958240BCDECC0 | 00163E5F7A721ED988D958240BCE0CC0 | 00163E5F7A721ED988D958240BCE2CC0
product_template.csv,sap__khserviceproduct__ServiceProductCollection__BaseMeasureUnitCode,8667,5,8662,2,,EA | ZNO
product_template.csv,sap__khserviceproduct__ServiceProductCollection__BaseMeasureUnitCodeText,8667,5,8662,2,,Each | Number
product_template.csv,sap__khserviceproduct__ServiceProductCollection__CreationDateTime,8667,5,8662,5,,2021-04-21 09:36:08 | 2021-04-21 09:42:56 | 2025-08-18 11:07:42 | 2025-08-18 11:10:44 | 2025-08-18 11:11:57
product_template.csv,sap__khserviceproduct__ServiceProductCollection__Description,8667,5,8662,5,,Custom Duty | Freight Charges | Service Work Order - Revenue | Service Work Order - Capital | Annual Maintenance Contract
product_template.csv,sap__khserviceproduct__ServiceProductCollection__DescriptionLanguageCode,8667,5,8662,1,,EN
product_template.csv,sap__khserviceproduct__ServiceProductCollection__DescriptionLanguageCodeText,8667,5,8662,1,,English
product_template.csv,sap__khserviceproduct__ServiceProductCollection__ExpenseIndicator,8667,5,8662,1,,False
product_template.csv,sap__khserviceproduct__ServiceProductCollection__InternalID,8667,5,8662,5,,CUSTOMDUTY | FREIGHTCHARGES | RWOREVENUE | RWOCAPITAL | AMC
product_template.csv,sap__khserviceproduct__ServiceProductCollection__LastChangeDateTime,8667,5,8662,5,,2021-04-21 09:36:08 | 2021-04-21 09:42:56 | 2025-09-03 08:43:07 | 2025-08-26 08:54:02 | 2025-08-26 08:54:18
product_template.csv,sap__khserviceproduct__ServiceProductCollection__ObjectID,8667,5,8662,5,,00163EA942DA1EDBA8D0741070BC7862 | 00163EA942DA1EDBA8D0A1B29563D93C | FA163E39381E1FE09F845E4C975369A3 | FA163E39381E1FE09F847419C071E9A3 | FA163E39381E1FE09F8482498F72A9A3
product_template.csv,sap__khserviceproduct__ServiceProductCollection__UUID,8667,5,8662,5,,00163EA9-42DA-1EDB-A8D0-741070BC7862 | 00163EA9-42DA-1EDB-A8D0-A1B29563D93C | FA163E39-381E-1FE0-9F84-5E4C975369A3 | FA163E39-381E-1FE0-9F84-7419C071E9A3 | FA163E39-381E-1FE0-9F84-82498F72A9A3
product_template.csv,sap__khserviceproduct__IdentificationCollection__ObjectID,8667,5,8662,5,,00163EA942DA1EDBA8D0741070BC7862 | 00163EA942DA1EDBA8D0A1B29563D93C | FA163E39381E1FE09F845E4C975369A3 | FA163E39381E1FE09F847419C071E9A3 | FA163E39381E1FE09F8482498F72A9A3
product_template.csv,sap__khserviceproduct__IdentificationCollection__ParentObjectID,8667,5,8662,5,,00163EA942DA1EDBA8D0741070BC7862 | 00163EA942DA1EDBA8D0A1B29563D93C | FA163E39381E1FE09F845E4C975369A3 | FA163E39381E1FE09F847419C071E9A3 | FA163E39381E1FE09F8482498F72A9A3
product_template.csv,sap__khserviceproduct__IdentificationCollection__ProductID,8667,5,8662,5,,CUSTOMDUTY | FREIGHTCHARGES | RWOREVENUE | RWOCAPITAL | AMC
product_template.csv,sap__khserviceproduct__IdentificationCollection__ProductIdentifierTypeCode,8667,5,8662,1,,1
product_template.csv,sap__khserviceproduct__IdentificationCollection__ProductIdentifierTypeCodeText,8667,5,8662,1,,Internal ID
product_template.csv,sap__khserviceproduct__ProductCategoryCollection__Description,8667,5,8662,4,,OTHERS | SWO - Service Work Order - Revenue | SWO - Service Work Order - Capital | AMC - Annual Maintenance Contract
product_template.csv,sap__khserviceproduct__ProductCategoryCollection__DescriptionLanguageCode,8667,5,8662,1,,EN
product_template.csv,sap__khserviceproduct__ProductCategoryCollection__DescriptionLanguageCodeText,8667,5,8662,1,,English
product_template.csv,sap__khserviceproduct__ProductCategoryCollection__ObjectID,8667,5,8662,5,,00163EA942DA1EDBA8D08EC0058F78DB | 00163EA942DA1EDBA8D0A5F6B6277995 | FA163E39381E1FE09F8465917B2DA9A3 | FA163E39381E1FE09F847AEA611B69A3 | FA163E39381E1FE09F84839587C869A3
product_template.csv,sap__khserviceproduct__ProductCategoryCollection__ParentObjectID,8667,5,8662,5,,00163EA942DA1EDBA8D0741070BC7862 | 00163EA942DA1EDBA8D0A1B29563D93C | FA163E39381E1FE09F845E4C975369A3 | FA163E39381E1FE09F847419C071E9A3 | FA163E39381E1FE09F8482498F72A9A3
product_template.csv,sap__khserviceproduct__ProductCategoryCollection__ProductCategoryInternalID,8667,5,8662,4,,OTH | Z489 | Z491 | Z490
product_template.csv,sap__khserviceproduct__PurchasingCollection__LifeCycleStatusCode,8667,5,8662,1,,2
product_template.csv,sap__khserviceproduct__PurchasingCollection__LifeCycleStatusCodeText,8667,5,8662,1,,Active
product_template.csv,sap__khserviceproduct__PurchasingCollection__ObjectID,8667,5,8662,5,,00163EA942DA1EDBA8D099ACEAAFD933 | 00163EA942DA1EDBA8D0B6BDC90699B3 | FA163E39381E1FE09F846E88A479C9A3 | FA163E39381E1FE09F847EC7F02189A3 | FA163E39381E1FE09F848456CB1C49A3
product_template.csv,sap__khserviceproduct__PurchasingCollection__ParentObjectID,8667,5,8662,5,,00163EA942DA1EDBA8D0741070BC7862 | 00163EA942DA1EDBA8D0A1B29563D93C | FA163E39381E1FE09F845E4C975369A3 | FA163E39381E1FE09F847419C071E9A3 | FA163E39381E1FE09F8482498F72A9A3
product_template.csv,sap__khserviceproduct__PurchasingCollection__PurchasingMeasureUnitCode,8667,5,8662,2,,EA | ZNO
product_template.csv,sap__khserviceproduct__PurchasingCollection__PurchasingMeasureUnitCodeText,8667,5,8662,2,,Each | Number
product_template.csv,sap__khserviceproduct__QuantityConversionCollection__CorrespondingQuantity,8667,3,8664,1,,1.00000000000000
product_template.csv,sap__khserviceproduct__QuantityConversionCollection__CorrespondingQuantityUnitCode,8667,3,8664,1,,ZNO
product_template.csv,sap__khserviceproduct__QuantityConversionCollection__CorrespondingQuantityUnitCodeText,8667,3,8664,1,,Number
product_template.csv,sap__khserviceproduct__QuantityConversionCollection__ObjectID,8667,3,8664,3,,FA163E39381E1FE09FB7A009C50D6A3D | FA163E39381E1FE09FAFAA8BE1176A2E | FA163E39381E1FE09FAFDF433C562A2F
product_template.csv,sap__khserviceproduct__QuantityConversionCollection__ParentObjectID,8667,3,8664,3,,FA163E39381E1FE09F845E4C975369A3 | FA163E39381E1FE09F847419C071E9A3 | FA163E39381E1FE09F8482498F72A9A3
product_template.csv,sap__khserviceproduct__QuantityConversionCollection__Quantity,8667,3,8664,1,,1.00000000000000
product_template.csv,sap__khserviceproduct__QuantityConversionCollection__QuantityUnitCode,8667,3,8664,1,,SEC
product_template.csv,sap__khserviceproduct__QuantityConversionCollection__QuantityUnitCodeText,8667,3,8664,1,,Second [unit of time]
product_template.csv,sap__khserviceproduct__SalesCollection__CashDiscountDeductibleIndicator,8667,3,8664,1,,False
product_template.csv,sap__khserviceproduct__SalesCollection__DistributionChannelCode,8667,3,8664,1,,01
product_template.csv,sap__khserviceproduct__SalesCollection__DistributionChannelCodeText,8667,3,8664,1,,Direct sales
product_template.csv,sap__khserviceproduct__SalesCollection__ItemGroupCode,8667,3,8664,1,,SERV
product_template.csv,sap__khserviceproduct__SalesCollection__ItemGroupCodeText,8667,3,8664,1,,Service - fixed price
product_template.csv,sap__khserviceproduct__SalesCollection__LifeCycleStatusCode,8667,3,8664,1,,2
product_template.csv,sap__khserviceproduct__SalesCollection__LifeCycleStatusCodeText,8667,3,8664,1,,Active
product_template.csv,sap__khserviceproduct__SalesCollection__MinimumOrderQuantity,8667,3,8664,1,,0.00000000000000
product_template.csv,sap__khserviceproduct__SalesCollection__MinimumOrderQuantityUnitCode,8667,3,8664,1,,ZNO
product_template.csv,sap__khserviceproduct__SalesCollection__MinimumOrderQuantityUnitCodeText,8667,3,8664,1,,Number
product_template.csv,sap__khserviceproduct__SalesCollection__ObjectID,8667,3,8664,3,,FA163E39381E1FE09FB7A28D00522A3D | FA163E39381E1FE09FAFC2ECD9146A2E | FA163E39381E1FE09FAFDDA19BE2AA2F
product_template.csv,sap__khserviceproduct__SalesCollection__ParentObjectID,8667,3,8664,3,,FA163E39381E1FE09F845E4C975369A3 | FA163E39381E1FE09F847419C071E9A3 | FA163E39381E1FE09F8482498F72A9A3
product_template.csv,sap__khserviceproduct__SalesCollection__ReferencePriceServiceProductDescription,8667,0,8667,0,,
product_template.csv,sap__khserviceproduct__SalesCollection__ReferencePriceServiceProductID,8667,0,8667,0,,
product_template.csv,sap__khserviceproduct__SalesCollection__SalesMeasureUnitCode,8667,3,8664,1,,ZNO
product_template.csv,sap__khserviceproduct__SalesCollection__SalesMeasureUnitCodeText,8667,3,8664,1,,Number
product_template.csv,sap__khserviceproduct__SalesCollection__SalesOrganisationID,8667,3,8664,1,,71000
product_template.csv,sap__khserviceproduct__ValuationCollection__CompanyID,8667,5,8662,1,,70000
product_template.csv,sap__khserviceproduct__ValuationCollection__LifeCycleStatusCode,8667,5,8662,1,,2
product_template.csv,sap__khserviceproduct__ValuationCollection__LifeCycleStatusCodeText,8667,5,8662,1,,Active
product_template.csv,sap__khserviceproduct__ValuationCollection__ObjectID,8667,5,8662,5,,00163EA942DA1EDBA8D09B73A85E7937 | 00163EA942DA1EDBA8D0B8D2C16479B6 | FA163E39381E1FE0A2943F381911B2F7 | FA163E39381E1FE09FAFAE2D5B68EA2E | FA163E39381E1FE09FAF82EEC9E08A2E
product_template.csv,sap__khserviceproduct__ValuationCollection__ParentObjectID,8667,5,8662,5,,00163EA942DA1EDBA8D0741070BC7862 | 00163EA942DA1EDBA8D0A1B29563D93C | FA163E39381E1FE09F845E4C975369A3 | FA163E39381E1FE09F847419C071E9A3 | FA163E39381E1FE09F8482498F72A9A3
purchase_order.csv,id,15797,15797,0,30+,,sap_po_00163E5F7A721ED98B854FBB55386B41 | sap_po_00163E5F7A721ED98B86334219A40F55 | sap_po_00163E5F7A721ED98B867E4A5FF8908C | sap_po_00163E5F7A721ED98B86A8C3EAFFD165 | sap_po_00163E5F7A721ED98B86F0E53FD952E9
purchase_order.csv,name,15797,15797,0,30+,,30000002 | 30000003 | 30000004 | 30000005 | 30000006
purchase_order.csv,partner_id/id,15797,15797,0,30+,,sap_bp_2016043 | sap_bp_1001782 | sap_bp_2010511 | sap_bp_2015119 | sap_bp_1003778
purchase_order.csv,date_order,15797,15797,0,30+,,2019-02-09 | 2019-02-11 | 2019-02-12 | 2019-02-13 | 2019-02-14
purchase_order.csv,state,15797,15797,0,1,,purchase
purchase_order.csv,currency_id/id,15797,15797,0,5,,base.INR | base.USD | base.JPY | base.EUR | base.SGD
purchase_order.csv,amount_total,15797,15797,0,30+,,537353.000000 | 18000.000000 | 277500.000000 | 133200.000000 | 975502.980000
purchase_order.csv,sap__khpurchaseorder__PurchaseOrderCollection__AcknowledgmentStatusCode,15797,15797,0,2,,9 | 1
purchase_order.csv,sap__khpurchaseorder__PurchaseOrderCollection__AcknowledgmentStatusCodeText,15797,15797,0,2,,No Acknowledgment Expected | No Acknowledgment Received
purchase_order.csv,sap__khpurchaseorder__PurchaseOrderCollection__ConsistencyStatusCode,15797,15797,0,2,,3 | 2
purchase_order.csv,sap__khpurchaseorder__PurchaseOrderCollection__ConsistencyStatusCodeText,15797,15797,0,2,,Consistent | Inconsistent
purchase_order.csv,sap__khpurchaseorder__PurchaseOrderCollection__CreationDateTime,15797,15797,0,30+,,2019-02-09 05:38:09 | 2019-02-09 06:16:56 | 2019-02-09 06:35:08 | 2019-02-09 06:43:16 | 2019-02-09 07:05:10
purchase_order.csv,sap__khpurchaseorder__PurchaseOrderCollection__CurrencyCode,15797,15797,0,5,,INR | USD | JPY | EUR | SGD
purchase_order.csv,sap__khpurchaseorder__PurchaseOrderCollection__CurrencyCodeText,15797,15797,0,5,,Indian Rupee | US Dollar | Yen | Euro | Singapore Dollar
purchase_order.csv,sap__khpurchaseorder__PurchaseOrderCollection__DataOriginTypeCode,15797,15797,0,2,,1 | 8
purchase_order.csv,sap__khpurchaseorder__PurchaseOrderCollection__DataOriginTypeCodeText,15797,15797,0,2,,Manual data entry | Manual sourcing
purchase_order.csv,sap__khpurchaseorder__PurchaseOrderCollection__DeliveryStatusCode,15797,15797,0,4,,3 | 1 | 2 | 4
purchase_order.csv,sap__khpurchaseorder__PurchaseOrderCollection__DeliveryStatusCodeText,15797,15797,0,4,,Delivered | Not Delivered | Partially Delivered | Not Relevant
purchase_order.csv,sap__khpurchaseorder__PurchaseOrderCollection__ID,15797,15797,0,30+,,30000002 | 30000003 | 30000004 | 30000005 | 30000006
purchase_order.csv,sap__khpurchaseorder__PurchaseOrderCollection__IncotermsCode,15797,15782,15,9,,CFR | EXW | FAS | CIF | FCA
purchase_order.csv,sap__khpurchaseorder__PurchaseOrderCollection__IncotermsCodeText,15797,15782,15,9,,"Cost and freight | Ex works | Free alongside ship | Cost, insurance and freight | Free carrier"
purchase_order.csv,sap__khpurchaseorder__PurchaseOrderCollection__IncotermsLocationName,15797,15782,15,30+,,"THIRUCHITRAMBALAM KOOT ROAD | DUBAI | Thane | BANGALORE | NO.103-3, SINGNONG LANE"
purchase_order.csv,sap__khpurchaseorder__PurchaseOrderCollection__InvoicingStatusCode,15797,15797,0,4,,3 | 2 | 4 | 1
purchase_order.csv,sap__khpurchaseorder__PurchaseOrderCollection__InvoicingStatusCodeText,15797,15797,0,4,,Finished | In Process | Not Relevant | Not Started
purchase_order.csv,sap__khpurchaseorder__PurchaseOrderCollection__LastChangeDateTime,15797,15797,0,30+,,2019-04-18 05:18:24 | 2020-03-12 06:17:57 | 2019-02-21 04:25:21 | 2019-03-26 09:53:10 | 2019-08-01 05:28:45
purchase_order.csv,sap__khpurchaseorder__PurchaseOrderCollection__LifeCycleStatusCode,15797,15797,0,8,,10 | 9 | 8 | 6 | 4
purchase_order.csv,sap__khpurchaseorder__PurchaseOrderCollection__LifeCycleStatusCodeText,15797,15797,0,8,,Finished | Follow-Up Document Created | Canceled | Sent | Rejected
purchase_order.csv,sap__khpurchaseorder__PurchaseOrderCollection__ObjectID,15797,15797,0,30+,,00163E5F7A721ED98B854FBB55386B41 | 00163E5F7A721ED98B86334219A40F55 | 00163E5F7A721ED98B867E4A5FF8908C | 00163E5F7A721ED98B86A8C3EAFFD165 | 00163E5F7A721ED98B86F0E53FD952E9
purchase_order.csv,sap__khpurchaseorder__PurchaseOrderCollection__PreventDocumentOutputIndicator,15797,15797,0,1,,False
purchase_order.csv,sap__khpurchaseorder__PurchaseOrderCollection__TotalGrossAmount,15797,15797,0,30+,,634076.540000 | 21346.310000 | 327450.000000 | 157176.000000 | 1151093.520000
purchase_order.csv,sap__khpurchaseorder__PurchaseOrderCollection__TotalNetAmount,15797,15797,0,30+,,537353.000000 | 18000.000000 | 277500.000000 | 133200.000000 | 975502.980000
purchase_order.csv,sap__khpurchaseorder__PurchaseOrderCollection__TotalTaxAmount,15797,15797,0,30+,,96723.540000 | 3346.310000 | 49950.000000 | 23976.000000 | 175590.540000
purchase_order.csv,sap__khpurchaseorder__PurchaseOrderCollection__UUID,15797,15797,0,30+,,00163E5F-7A72-1ED9-8B85-4FBB55386B41 | 00163E5F-7A72-1ED9-8B86-334219A40F55 | 00163E5F-7A72-1ED9-8B86-7E4A5FF8908C | 00163E5F-7A72-1ED9-8B86-A8C3EAFFD165 | 00163E5F-7A72-1ED9-8B86-F0E53FD952E9
purchase_order.csv,sap__khpurchaseorder__ApproverPartyCollection__ObjectID,15797,15797,0,30+,JSON_ARRAY,"[""00163E5F7A721ED98B854FBB5539CB41"", ""00163E5F7A721ED98B854FBB5539EB41"", ""00163E5F7A721ED98B854FBB553C4B41"", ""00163E5F7A721ED98B8563C8E32F4B5F""] | [""00163E5F7A721ED98B86334219A56F55"", ""00163E5F7A721ED98B86334219A58F55"", ""00163E5F7A721ED98B86334219A7EF55"", ""00163E5F7A721ED98B8635DBF061CF56"", ""00163E708BF91ED990C9A7779F05B02E""] | [""00163E5F7A721ED98B867E4A5FF9F08C"", ""00163E5F7A721ED98B867E4A5FFA108C"", ""00163E5F7A721ED98B867E4A5FFC708C"", ""00163E5F7A721ED98B8684A6DC06D0A3""] | [""00163E5F7A721ED98B86A8C3EB001165"", ""00163E5F7A721ED98B86A8C3EB003165"", ""00163E5F7A721ED98B86A8C3EB005165"", ""00163E5F7A721ED98B86A8C3EB02B165""] | [""00163E5F7A721ED98B86F0E53FDC72E9"", ""00163E5F7A721ED98B86F0E53FDD12E9"", ""00163E5F7A721ED98B86F0E53FDF72E9"", ""00163E5F7A721ED98B86F198895752E9""]"
purchase_order.csv,sap__khpurchaseorder__ApproverPartyCollection__ParentObjectID,15797,15797,0,30+,,00163E5F7A721ED98B854FBB55386B41 | 00163E5F7A721ED98B86334219A40F55 | 00163E5F7A721ED98B867E4A5FF8908C | 00163E5F7A721ED98B86A8C3EAFFD165 | 00163E5F7A721ED98B86F0E53FD952E9
purchase_order.csv,sap__khpurchaseorder__ApproverPartyCollection__PartyID,15797,15797,0,30+,JSON_ARRAY,"[""70000"", ""G228"", ""70000"", ""2016043""] | [""70000"", ""G228"", ""70000"", ""1001782"", ""G199""] | [""70000"", ""G228"", ""70000"", ""2010511""] | [""70000"", ""70000"", ""2010511"", ""G228""] | [""70000"", ""G228"", ""70000"", ""2015119""]"
purchase_order.csv,sap__khpurchaseorder__BillToPartyCollection__ObjectID,15797,15797,0,30+,JSON_ARRAY,"[""00163E5F7A721ED98B854FBB5539CB41"", ""00163E5F7A721ED98B854FBB5539EB41"", ""00163E5F7A721ED98B854FBB553C4B41"", ""00163E5F7A721ED98B8563C8E32F4B5F""] | [""00163E5F7A721ED98B86334219A56F55"", ""00163E5F7A721ED98B86334219A58F55"", ""00163E5F7A721ED98B86334219A7EF55"", ""00163E5F7A721ED98B8635DBF061CF56"", ""00163E708BF91ED990C9A7779F05B02E""] | [""00163E5F7A721ED98B867E4A5FF9F08C"", ""00163E5F7A721ED98B867E4A5FFA108C"", ""00163E5F7A721ED98B867E4A5FFC708C"", ""00163E5F7A721ED98B8684A6DC06D0A3""] | [""00163E5F7A721ED98B86A8C3EB001165"", ""00163E5F7A721ED98B86A8C3EB003165"", ""00163E5F7A721ED98B86A8C3EB005165"", ""00163E5F7A721ED98B86A8C3EB02B165""] | [""00163E5F7A721ED98B86F0E53FDC72E9"", ""00163E5F7A721ED98B86F0E53FDD12E9"", ""00163E5F7A721ED98B86F0E53FDF72E9"", ""00163E5F7A721ED98B86F198895752E9""]"
purchase_order.csv,sap__khpurchaseorder__BillToPartyCollection__ParentObjectID,15797,15797,0,30+,,00163E5F7A721ED98B854FBB55386B41 | 00163E5F7A721ED98B86334219A40F55 | 00163E5F7A721ED98B867E4A5FF8908C | 00163E5F7A721ED98B86A8C3EAFFD165 | 00163E5F7A721ED98B86F0E53FD952E9
purchase_order.csv,sap__khpurchaseorder__BillToPartyCollection__PartyID,15797,15797,0,30+,JSON_ARRAY,"[""70000"", ""G228"", ""70000"", ""2016043""] | [""70000"", ""G228"", ""70000"", ""1001782"", ""G199""] | [""70000"", ""G228"", ""70000"", ""2010511""] | [""70000"", ""70000"", ""2010511"", ""G228""] | [""70000"", ""G228"", ""70000"", ""2015119""]"
purchase_order.csv,sap__khpurchaseorder__BusinessTransactionDocumentReferenceCollection__ID,15797,15036,761,30+,"JSON_ARRAY,VERY_LONG_TEXT","[""119"", ""4-117"", ""193"", ""4-1"", ""4-256"", ""704"", ""4-342"", ""980""] | [""4-170"", ""402"", ""4-2"", ""543"", ""4-510"", ""1423"", ""2049"", ""4-804"", ""2292"", ""4-695"", ""4-1047"", ""4-2025"", ""5757"", ""3010""] | [""4-13"", ""71""] | [""4-13"", ""71"", ""4-138"", ""475""] | [""4-5"", ""56"", ""4-94"", ""854"", ""4-353"", ""974"", ""4-387"", ""1102"", ""4-682"", ""4-683"", ""4-684"", ""1952"", ""1953"", ""1954"", ""4-820"", ""4-896"", ""2415"", ""4-280"", ""682"", ""760"", ""4-293"", ""2339"", ""4-858"", ""4-897"", ""2414"", ""2416""]"
purchase_order.csv,sap__khpurchaseorder__BusinessTransactionDocumentReferenceCollection__ItemID,15797,0,15797,0,,
purchase_order.csv,sap__khpurchaseorder__BusinessTransactionDocumentReferenceCollection__ItemTypeCode,15797,0,15797,0,,
purchase_order.csv,sap__khpurchaseorder__BusinessTransactionDocumentReferenceCollection__ItemTypeCodeText,15797,0,15797,0,,
purchase_order.csv,sap__khpurchaseorder__BusinessTransactionDocumentReferenceCollection__ObjectID,15797,15036,761,30+,"JSON_ARRAY,VERY_LONG_TEXT","[""00163E5F7A8F1ED98ECECED8E6F81395"", ""00163E5F7A8F1ED98EEA2B56B296026D"", ""00163E5F7A8F1ED9909100562D3B12E0"", ""00163E5F7A8F1EE98B89953F141658ED"", ""00163E876AE01EE993E0637F9497497C"", ""00163E876AE21ED9958CB2E8529C801B"", ""00163E876AE21ED997892A3978E916C5"", ""00163E876AE21EE998B32C66760A80B6""] | [""00163E5F7A8F1ED990F6A9C9EC215C1A"", ""00163E5F7A8F1ED993A426164B8D195E"", ""00163E5F7A8F1EE98B8B1ED7F0DFBF39"", ""00163E876AE21ED994A93051B0621B57"", ""00163E876AE21ED99EF116FF710D980E"", ""00163E876AE21ED99FD63B8F352587F1"", ""00163E876AE21ED9A8BEFD9E844019ED"", ""00163E876AE21ED9A9F22713E2C9CE42"", ""00163E876AE21ED9AB8BBFBA01F77368"", ""00163E876AE21EE9A6972D34E10C9A23"", ""00163E92A9901ED9B2E0917DCEDA475A"", ""00163E92A9901EDA95F1E8DD87F44C03"", ""00163E92A9901EDA998526DF21A9434E"", ""00163E92A9901EE9B5A4B4FE51B4516A""] | [""00163E5F7A8F1ED98BF013B995CDF4D7"", ""00163E5F7A8F1ED98DB216616283BDFF""] | [""00163E5F7A8F1ED98BF013BB356A34D7"", ""00163E5F7A8F1ED98DB21662BDB4FDFF"", ""00163E5F7A8F1ED98FFDBF610B6DE710"", ""00163E876AE01ED993F59EC2C11F22A2""] | [""00163E5F7A8F1ED98BBFEAB774547383"", ""00163E5F7A8F1ED98D9F210874F53196"", ""00163E5F7A8F1ED98E9EADFB094A74FD"", ""00163E876AE21ED99787261C4B966F38"", ""00163E876AE21ED997E61F7AADAF3C45"", ""00163E876AE21ED998B1DEF87D1FBBBC"", ""00163E876AE21ED999E79015B1532839"", ""00163E876AE21ED99B93F0590192F39B"", ""00163E876AE21ED9A5FA8686E9BFA273"", ""00163E876AE21ED9A5FAB6AB713DA327"", ""00163E876AE21ED9A5FBA62C7CE7E73C"", ""00163E876AE21ED9A6F7BE69DC8DF306"", ""00163E876AE21ED9A6F7C89ECF323357"", ""00163E876AE21ED9A6F7D30B6B0B939E"", ""00163E876AE21ED9AAC1F74CE1B8DCCA"", ""00163E876AE21ED9ACD95939695620AB"", ""00163E876AE21ED9AD83871E1E48AADF"", ""00163E876AE21EE994AC109D57BAA71A"", ""00163E876AE21EE9958B61C1D0527A57"", ""00163E876AE21EE995A78416747A71B9"", ""00163E876AE21EE995D6C2391DAFFBBE"", ""00163E876AE21EE9ABEC826C6BB5245C"", ""00163E876AE21EE9ABF2764175AB7B82"", ""00163E92A9901ED9ACD979DC0F7A6CE2"", ""00163E92A9901EE9AD837AC23B4FA4B5"", ""00163E92A9901EE9AD83A7588FC02595""]"
purchase_order.csv,sap__khpurchaseorder__BusinessTransactionDocumentReferenceCollection__ParentObjectID,15797,15036,761,30+,,00163E5F7A721ED98B854FBB55386B41 | 00163E5F7A721ED98B86334219A40F55 | 00163E5F7A721ED98B867E4A5FF8908C | 00163E5F7A721ED98B86A8C3EAFFD165 | 00163E5F7A721ED98B86F0E53FD952E9
purchase_order.csv,sap__khpurchaseorder__BusinessTransactionDocumentReferenceCollection__RelationshipRoleCode,15797,15036,761,30+,"JSON_ARRAY,VERY_LONG_TEXT","2 | [""1"", ""1"", ""2"", ""4"", ""2"", ""2""] | [""2"", ""2"", ""4"", ""4"", ""2"", ""2"", ""2"", ""2"", ""2"", ""2"", ""2"", ""2"", ""2"", ""2"", ""2"", ""2""] | [""2"", ""2"", ""4"", ""4"", ""2"", ""2"", ""2"", ""2"", ""2"", ""2"", ""2"", ""2""] | [""2"", ""4"", ""2"", ""2""]"
purchase_order.csv,sap__khpurchaseorder__BusinessTransactionDocumentReferenceCollection__RelationshipRoleCodeText,15797,15036,761,30+,"JSON_ARRAY,VERY_LONG_TEXT","Successor | [""Predecessor"", ""Predecessor"", ""Successor"", ""User"", ""Successor"", ""Successor""] | [""Successor"", ""Successor"", ""User"", ""User"", ""Successor"", ""Successor"", ""Successor"", ""Successor"", ""Successor"", ""Successor"", ""Successor"", ""Successor"", ""Successor"", ""Successor"", ""Successor"", ""Successor""] | [""Successor"", ""Successor"", ""User"", ""User"", ""Successor"", ""Successor"", ""Successor"", ""Successor"", ""Successor"", ""Successor"", ""Successor"", ""Successor""] | [""Successor"", ""User"", ""Successor"", ""Successor""]"
purchase_order.csv,sap__khpurchaseorder__BusinessTransactionDocumentReferenceCollection__TypeCode,15797,15036,761,30+,"JSON_ARRAY,VERY_LONG_TEXT","[""004"", ""24"", ""004"", ""24"", ""24"", ""004"", ""24"", ""004""] | [""24"", ""004"", ""24"", ""004"", ""24"", ""004"", ""004"", ""24"", ""004"", ""24"", ""24"", ""24"", ""004"", ""004""] | [""24"", ""004""] | [""24"", ""004"", ""24"", ""004""] | [""24"", ""004"", ""24"", ""004"", ""24"", ""004"", ""24"", ""004"", ""24"", ""24"", ""24"", ""004"", ""004"", ""004"", ""24"", ""24"", ""004"", ""24"", ""004"", ""004"", ""24"", ""004"", ""24"", ""24"", ""004"", ""004""]"
purchase_order.csv,sap__khpurchaseorder__BusinessTransactionDocumentReferenceCollection__TypeCodeText,15797,15036,761,30+,"JSON_ARRAY,VERY_LONG_TEXT","[""Invoice"", ""Inbound Delivery"", ""Invoice"", ""Inbound Delivery"", ""Inbound Delivery"", ""Invoice"", ""Inbound Delivery"", ""Invoice""] | [""Inbound Delivery"", ""Invoice"", ""Inbound Delivery"", ""Invoice"", ""Inbound Delivery"", ""Invoice"", ""Invoice"", ""Inbound Delivery"", ""Invoice"", ""Inbound Delivery"", ""Inbound Delivery"", ""Inbound Delivery"", ""Invoice"", ""Invoice""] | [""Inbound Delivery"", ""Invoice""] | [""Inbound Delivery"", ""Invoice"", ""Inbound Delivery"", ""Invoice""] | [""Inbound Delivery"", ""Invoice"", ""Inbound Delivery"", ""Invoice"", ""Inbound Delivery"", ""Invoice"", ""Inbound Delivery"", ""Invoice"", ""Inbound Delivery"", ""Inbound Delivery"", ""Inbound Delivery"", ""Invoice"", ""Invoice"", ""Invoice"", ""Inbound Delivery"", ""Inbound Delivery"", ""Invoice"", ""Inbound Delivery"", ""Invoice"", ""Invoice"", ""Inbound Delivery"", ""Invoice"", ""Inbound Delivery"", ""Inbound Delivery"", ""Invoice"", ""Invoice""]"
purchase_order.csv,sap__khpurchaseorder__BuyerPartyCollection__ObjectID,15797,15797,0,30+,JSON_ARRAY,"[""00163E5F7A721ED98B854FBB5539CB41"", ""00163E5F7A721ED98B854FBB5539EB41"", ""00163E5F7A721ED98B854FBB553C4B41"", ""00163E5F7A721ED98B8563C8E32F4B5F""] | [""00163E5F7A721ED98B86334219A56F55"", ""00163E5F7A721ED98B86334219A58F55"", ""00163E5F7A721ED98B86334219A7EF55"", ""00163E5F7A721ED98B8635DBF061CF56"", ""00163E708BF91ED990C9A7779F05B02E""] | [""00163E5F7A721ED98B867E4A5FF9F08C"", ""00163E5F7A721ED98B867E4A5FFA108C"", ""00163E5F7A721ED98B867E4A5FFC708C"", ""00163E5F7A721ED98B8684A6DC06D0A3""] | [""00163E5F7A721ED98B86A8C3EB001165"", ""00163E5F7A721ED98B86A8C3EB003165"", ""00163E5F7A721ED98B86A8C3EB005165"", ""00163E5F7A721ED98B86A8C3EB02B165""] | [""00163E5F7A721ED98B86F0E53FDC72E9"", ""00163E5F7A721ED98B86F0E53FDD12E9"", ""00163E5F7A721ED98B86F0E53FDF72E9"", ""00163E5F7A721ED98B86F198895752E9""]"
purchase_order.csv,sap__khpurchaseorder__BuyerPartyCollection__ParentObjectID,15797,15797,0,30+,,00163E5F7A721ED98B854FBB55386B41 | 00163E5F7A721ED98B86334219A40F55 | 00163E5F7A721ED98B867E4A5FF8908C | 00163E5F7A721ED98B86A8C3EAFFD165 | 00163E5F7A721ED98B86F0E53FD952E9
purchase_order.csv,sap__khpurchaseorder__BuyerPartyCollection__PartyID,15797,15797,0,30+,JSON_ARRAY,"[""70000"", ""G228"", ""70000"", ""2016043""] | [""70000"", ""G228"", ""70000"", ""1001782"", ""G199""] | [""70000"", ""G228"", ""70000"", ""2010511""] | [""70000"", ""70000"", ""2010511"", ""G228""] | [""70000"", ""G228"", ""70000"", ""2015119""]"
purchase_order.csv,sap__khpurchaseorder__EmployeeResponsibleCollection__ObjectID,15797,15797,0,30+,JSON_ARRAY,"[""00163E5F7A721ED98B854FBB5539CB41"", ""00163E5F7A721ED98B854FBB5539EB41"", ""00163E5F7A721ED98B854FBB553C4B41"", ""00163E5F7A721ED98B8563C8E32F4B5F""] | [""00163E5F7A721ED98B86334219A56F55"", ""00163E5F7A721ED98B86334219A58F55"", ""00163E5F7A721ED98B86334219A7EF55"", ""00163E5F7A721ED98B8635DBF061CF56"", ""00163E708BF91ED990C9A7779F05B02E""] | [""00163E5F7A721ED98B867E4A5FF9F08C"", ""00163E5F7A721ED98B867E4A5FFA108C"", ""00163E5F7A721ED98B867E4A5FFC708C"", ""00163E5F7A721ED98B8684A6DC06D0A3""] | [""00163E5F7A721ED98B86A8C3EB001165"", ""00163E5F7A721ED98B86A8C3EB003165"", ""00163E5F7A721ED98B86A8C3EB005165"", ""00163E5F7A721ED98B86A8C3EB02B165""] | [""00163E5F7A721ED98B86F0E53FDC72E9"", ""00163E5F7A721ED98B86F0E53FDD12E9"", ""00163E5F7A721ED98B86F0E53FDF72E9"", ""00163E5F7A721ED98B86F198895752E9""]"
purchase_order.csv,sap__khpurchaseorder__EmployeeResponsibleCollection__ParentObjectID,15797,15797,0,30+,,00163E5F7A721ED98B854FBB55386B41 | 00163E5F7A721ED98B86334219A40F55 | 00163E5F7A721ED98B867E4A5FF8908C | 00163E5F7A721ED98B86A8C3EAFFD165 | 00163E5F7A721ED98B86F0E53FD952E9
purchase_order.csv,sap__khpurchaseorder__EmployeeResponsibleCollection__PartyID,15797,15797,0,30+,JSON_ARRAY,"[""70000"", ""G228"", ""70000"", ""2016043""] | [""70000"", ""G228"", ""70000"", ""1001782"", ""G199""] | [""70000"", ""G228"", ""70000"", ""2010511""] | [""70000"", ""70000"", ""2010511"", ""G228""] | [""70000"", ""G228"", ""70000"", ""2015119""]"
purchase_order.csv,sap__khpurchaseorder__ItemCollection__AcknowledgmentRequirementCode,15797,0,15797,0,,
purchase_order.csv,sap__khpurchaseorder__ItemCollection__AcknowledgmentRequirementCodeText,15797,0,15797,0,,
purchase_order.csv,sap__khpurchaseorder__ItemCollection__DeliveryEndDateTime,15797,15768,29,30+,"JSON_ARRAY,VERY_LONG_TEXT","2019-03-23 18:30:00 | [""2019-04-23 18:30:00"", ""2019-04-23 18:30:00"", ""2019-02-12 18:30:00""] | [""2019-02-12 18:30:00"", ""2019-02-15 18:30:00""] | 2019-02-16 18:30:00 | 2019-02-12 18:30:00"
purchase_order.csv,sap__khpurchaseorder__ItemCollection__DeliveryEndDateTimeZoneCode,15797,15768,29,30+,"JSON_ARRAY,VERY_LONG_TEXT","INDIA | UTC | [""UTC"", ""INDIA""] | [""UTC"", ""INDIA"", ""INDIA""] | [""UTC"", ""INDIA"", ""INDIA"", ""INDIA"", ""INDIA""]"
purchase_order.csv,sap__khpurchaseorder__ItemCollection__DeliveryStartDateTime,15797,15768,29,30+,"JSON_ARRAY,VERY_LONG_TEXT","2019-02-11 18:30:00 | [""2019-04-22 18:30:00"", ""2019-02-11 18:30:00"", ""2019-02-11 18:30:00""] | [""2019-02-11 18:30:00"", ""2019-02-14 18:30:00""] | 2019-02-15 18:30:00 | 2019-02-18 18:30:00"
purchase_order.csv,sap__khpurchaseorder__ItemCollection__DeliveryStartDateTimeZoneCode,15797,15768,29,30+,"JSON_ARRAY,VERY_LONG_TEXT","INDIA | UTC | [""UTC"", ""INDIA""] | [""UTC"", ""INDIA"", ""INDIA""] | [""UTC"", ""INDIA"", ""INDIA"", ""INDIA"", ""INDIA""]"
purchase_order.csv,sap__khpurchaseorder__ItemCollection__DeliveryStatusCode,15797,15768,29,30+,JSON_ARRAY,"3 | [""4"", ""3""] | 1 | [""3"", ""3"", ""3"", ""3"", ""3"", ""3"", ""3"", ""3"", ""3"", ""3"", ""3"", ""3"", ""3"", ""3"", ""2"", ""3"", ""3"", ""3"", ""3"", ""3"", ""3"", ""3"", ""3"", ""3"", ""3"", ""3"", ""3"", ""3"", ""3"", ""3"", ""3"", ""3"", ""3"", ""3"", ""4"", ""3"", ""3"", ""3"", ""3"", ""3""] | [""3"", ""3"", ""3"", ""1"", ""3"", ""3"", ""3"", ""3"", ""3"", ""3"", ""3"", ""3"", ""3"", ""4"", ""1"", ""3"", ""3"", ""3"", ""3"", ""3"", ""4"", ""3""]"
purchase_order.csv,sap__khpurchaseorder__ItemCollection__DeliveryStatusCodeText,15797,15768,29,30+,"JSON_ARRAY,VERY_LONG_TEXT","Delivered | [""Not Relevant"", ""Delivered""] | Not Delivered | [""Delivered"", ""Delivered"", ""Delivered"", ""Delivered"", ""Delivered"", ""Delivered"", ""Delivered"", ""Delivered"", ""Delivered"", ""Delivered"", ""Delivered"", ""Delivered"", ""Delivered"", ""Delivered"", ""Partially Delivered"", ""Delivered"", ""Delivered"", ""Delivered"", ""Delivered"", ""Delivered"", ""Delivered"", ""Delivered"", ""Delivered"", ""Delivered"", ""Delivered"", ""Delivered"", ""Delivered"", ""Delivered"", ""Delivered"", ""Delivered"", ""Delivered"", ""Delivered"", ""Delivered"", ""Delivered"", ""Not Relevant"", ""Delivered"", ""Delivered"", ""Delivered"", ""Delivered"", ""Delivered""] | [""Delivered"", ""Delivered"", ""Delivered"", ""Not Delivered"", ""Delivered"", ""Delivered"", ""Delivered"", ""Delivered"", ""Delivered"", ""Delivered"", ""Delivered"", ""Delivered"", ""Delivered"", ""Not Relevant"", ""Not Delivered"", ""Delivered"", ""Delivered"", ""Delivered"", ""Delivered"", ""Delivered"", ""Not Relevant"", ""Delivered""]"
purchase_order.csv,sap__khpurchaseorder__ItemCollection__Description,15797,15768,29,30+,"JSON_ARRAY,VERY_LONG_TEXT","TRN Transformer current | [""REL SIGNAL RYII 24V 1W"", ""REL SONST JS-12 12VDC 1W"", ""REL SONST JS-12 12VDC 1W""] | Terminal carrier cpl 1,6mm | [""PCB APFC_Series1_144x144_Control Card  L"", ""PCB APFC_Series1_144X144_PS Card PCB LM2"", ""PCB APFC_Series1_144x144_Relay Card LM20"", ""PCB APFC_Series1_96X96_Control Card PCB"", ""PCB APFC_Series1_96X96_PS Card PCB LM200"", ""PCB APFC_Series1_96X96_Relay Card PCB LM""] | PCB TRUENAT"
purchase_order.csv,sap__khpurchaseorder__ItemCollection__DirectMaterialIndicator,15797,15768,29,30+,"JSON_ARRAY,VERY_LONG_TEXT","True | False | [""True"", ""True"", ""True"", ""True"", ""True"", ""True"", ""True"", ""True"", ""True"", ""True"", ""True"", ""True"", ""True"", ""True"", ""True"", ""True"", ""True"", ""True"", ""True"", ""True"", ""True"", ""True"", ""True"", ""True"", ""True"", ""True"", ""True"", ""True"", ""True"", ""True"", ""True"", ""True"", ""True"", ""True"", ""False"", ""True"", ""True"", ""True"", ""True"", ""True""] | [""True"", ""True"", ""True"", ""True"", ""True"", ""True"", ""True"", ""True"", ""True"", ""True"", ""True"", ""True"", ""True"", ""True"", ""True"", ""True"", ""True"", ""True"", ""True"", ""True"", ""False"", ""True""] | [""True"", ""False""]"
purchase_order.csv,sap__khpurchaseorder__ItemCollection__EmployeeTimeConfirmationRequiredIndicator,15797,15768,29,1,,False
purchase_order.csv,sap__khpurchaseorder__ItemCollection__EvaluatedReceiptSettlementIndicator,15797,15768,29,1,,False
purchase_order.csv,sap__khpurchaseorder__ItemCollection__GoodsAndServiceReceiptRequirementCode,15797,15768,29,30+,"JSON_ARRAY,VERY_LONG_TEXT","01 | [""01"", ""01"", ""01"", ""01"", ""01"", ""01"", ""01"", ""01"", ""01"", ""01"", ""01"", ""01"", ""01"", ""01"", ""01"", ""01"", ""01"", ""01"", ""01"", ""01"", ""01"", ""01"", ""01"", ""01"", ""01"", ""01"", ""01"", ""01"", ""01"", ""01"", ""01"", ""01"", ""01"", ""01"", ""05"", ""01"", ""01"", ""01"", ""01"", ""01""] | [""01"", ""01"", ""01"", ""01"", ""01"", ""01"", ""01"", ""01"", ""01"", ""01"", ""01"", ""01"", ""01"", ""01"", ""01"", ""01"", ""01"", ""01"", ""01"", ""01"", ""05"", ""01""] | 05 | [""01"", ""05""]"
purchase_order.csv,sap__khpurchaseorder__ItemCollection__GoodsAndServiceReceiptRequirementCodeText,15797,15768,29,30+,"JSON_ARRAY,VERY_LONG_TEXT","Required | [""Required"", ""Required"", ""Required"", ""Required"", ""Required"", ""Required"", ""Required"", ""Required"", ""Required"", ""Required"", ""Required"", ""Required"", ""Required"", ""Required"", ""Required"", ""Required"", ""Required"", ""Required"", ""Required"", ""Required"", ""Required"", ""Required"", ""Required"", ""Required"", ""Required"", ""Required"", ""Required"", ""Required"", ""Required"", ""Required"", ""Required"", ""Required"", ""Required"", ""Required"", ""Forbidden"", ""Required"", ""Required"", ""Required"", ""Required"", ""Required""] | [""Required"", ""Required"", ""Required"", ""Required"", ""Required"", ""Required"", ""Required"", ""Required"", ""Required"", ""Required"", ""Required"", ""Required"", ""Required"", ""Required"", ""Required"", ""Required"", ""Required"", ""Required"", ""Required"", ""Required"", ""Forbidden"", ""Required""] | Forbidden | [""Required"", ""Forbidden""]"
purchase_order.csv,sap__khpurchaseorder__ItemCollection__ID,15797,15768,29,30+,"JSON_ARRAY,VERY_LONG_TEXT","1 | [""1"", ""2"", ""3""] | [""1"", ""2""] | [""1"", ""2"", ""3"", ""4"", ""5"", ""6""] | [""1"", ""2"", ""3"", ""4"", ""5""]"
purchase_order.csv,sap__khpurchaseorder__ItemCollection__InvoiceRequirementCode,15797,15768,29,22,JSON_ARRAY,"01 | 05 | [""01"", ""01"", ""05"", ""01"", ""01""] | [""01"", ""01"", ""01"", ""01"", ""01"", ""01"", ""05"", ""01"", ""01""] | [""01"", ""01"", ""01"", ""01"", ""01"", ""01"", ""05"", ""01"", ""01"", ""01"", ""01"", ""01"", ""01""]"
purchase_order.csv,sap__khpurchaseorder__ItemCollection__InvoiceRequirementCodeText,15797,15768,29,22,JSON_ARRAY,"Required | Forbidden | [""Required"", ""Required"", ""Forbidden"", ""Required"", ""Required""] | [""Required"", ""Required"", ""Required"", ""Required"", ""Required"", ""Required"", ""Forbidden"", ""Required"", ""Required""] | [""Required"", ""Required"", ""Required"", ""Required"", ""Required"", ""Required"", ""Forbidden"", ""Required"", ""Required"", ""Required"", ""Required"", ""Required"", ""Required""]"
purchase_order.csv,sap__khpurchaseorder__ItemCollection__InvoicingStatusCode,15797,15768,29,30+,JSON_ARRAY,"3 | [""4"", ""3""] | 1 | [""3"", ""3"", ""3"", ""3"", ""3"", ""3"", ""3"", ""3"", ""3"", ""3"", ""3"", ""3"", ""3"", ""3"", ""2"", ""3"", ""3"", ""3"", ""3"", ""3"", ""3"", ""3"", ""3"", ""3"", ""3"", ""3"", ""3"", ""3"", ""3"", ""3"", ""3"", ""3"", ""3"", ""3"", ""1"", ""3"", ""3"", ""3"", ""3"", ""3""] | [""3"", ""3"", ""3"", ""1"", ""3"", ""3"", ""3"", ""3"", ""3"", ""3"", ""3"", ""3"", ""3"", ""4"", ""1"", ""3"", ""3"", ""3"", ""3"", ""3"", ""1"", ""3""]"
purchase_order.csv,sap__khpurchaseorder__ItemCollection__InvoicingStatusCodeText,15797,15768,29,30+,"JSON_ARRAY,VERY_LONG_TEXT","Invoiced | [""Not Relevant"", ""Invoiced""] | Not Invoiced | [""Invoiced"", ""Invoiced"", ""Invoiced"", ""Invoiced"", ""Invoiced"", ""Invoiced"", ""Invoiced"", ""Invoiced"", ""Invoiced"", ""Invoiced"", ""Invoiced"", ""Invoiced"", ""Invoiced"", ""Invoiced"", ""Partially Invoiced"", ""Invoiced"", ""Invoiced"", ""Invoiced"", ""Invoiced"", ""Invoiced"", ""Invoiced"", ""Invoiced"", ""Invoiced"", ""Invoiced"", ""Invoiced"", ""Invoiced"", ""Invoiced"", ""Invoiced"", ""Invoiced"", ""Invoiced"", ""Invoiced"", ""Invoiced"", ""Invoiced"", ""Invoiced"", ""Not Invoiced"", ""Invoiced"", ""Invoiced"", ""Invoiced"", ""Invoiced"", ""Invoiced""] | [""Invoiced"", ""Invoiced"", ""Invoiced"", ""Not Invoiced"", ""Invoiced"", ""Invoiced"", ""Invoiced"", ""Invoiced"", ""Invoiced"", ""Invoiced"", ""Invoiced"", ""Invoiced"", ""Invoiced"", ""Not Relevant"", ""Not Invoiced"", ""Invoiced"", ""Invoiced"", ""Invoiced"", ""Invoiced"", ""Invoiced"", ""Not Invoiced"", ""Invoiced""]"
purchase_order.csv,sap__khpurchaseorder__ItemCollection__ItemTypeCode,15797,15768,29,30+,"JSON_ARRAY,VERY_LONG_TEXT","18 | [""18"", ""18"", ""18"", ""18"", ""18"", ""18"", ""18"", ""18"", ""18"", ""18"", ""18"", ""18"", ""18"", ""18"", ""18"", ""18"", ""18"", ""18"", ""18"", ""18"", ""18"", ""18"", ""18"", ""18"", ""18"", ""18"", ""18"", ""18"", ""18"", ""18"", ""18"", ""18"", ""18"", ""18"", ""84"", ""18"", ""18"", ""18"", ""18"", ""18""] | [""18"", ""18"", ""18"", ""18"", ""18"", ""18"", ""18"", ""18"", ""18"", ""18"", ""18"", ""18"", ""18"", ""18"", ""18"", ""18"", ""18"", ""18"", ""18"", ""18"", ""84"", ""18""] | [""18"", ""84""] | [""18"", ""18"", ""18"", ""18"", ""18"", ""18"", ""84""]"
purchase_order.csv,sap__khpurchaseorder__ItemCollection__ItemTypeCodeText,15797,15768,29,30+,"JSON_ARRAY,VERY_LONG_TEXT","Material | [""Material"", ""Material"", ""Material"", ""Material"", ""Material"", ""Material"", ""Material"", ""Material"", ""Material"", ""Material"", ""Material"", ""Material"", ""Material"", ""Material"", ""Material"", ""Material"", ""Material"", ""Material"", ""Material"", ""Material"", ""Material"", ""Material"", ""Material"", ""Material"", ""Material"", ""Material"", ""Material"", ""Material"", ""Material"", ""Material"", ""Material"", ""Material"", ""Material"", ""Material"", ""Expense"", ""Material"", ""Material"", ""Material"", ""Material"", ""Material""] | [""Material"", ""Material"", ""Material"", ""Material"", ""Material"", ""Material"", ""Material"", ""Material"", ""Material"", ""Material"", ""Material"", ""Material"", ""Material"", ""Material"", ""Material"", ""Material"", ""Material"", ""Material"", ""Material"", ""Material"", ""Expense"", ""Material""] | [""Material"", ""Expense""] | [""Material"", ""Material"", ""Material"", ""Material"", ""Material"", ""Material"", ""Expense""]"
purchase_order.csv,sap__khpurchaseorder__ItemCollection__LifeCycleStatusCode,15797,15768,29,30+,"JSON_ARRAY,VERY_LONG_TEXT","10 | [""8"", ""10""] | [""10"", ""10"", ""10"", ""10"", ""10"", ""10"", ""10"", ""10"", ""10"", ""10"", ""10"", ""10"", ""10"", ""10"", ""9"", ""10"", ""10"", ""10"", ""10"", ""10"", ""10"", ""10"", ""10"", ""10"", ""10"", ""10"", ""10"", ""10"", ""10"", ""10"", ""10"", ""10"", ""10"", ""10"", ""6"", ""10"", ""10"", ""10"", ""10"", ""10""] | [""10"", ""10"", ""10"", ""6"", ""10"", ""10"", ""10"", ""10"", ""10"", ""10"", ""10"", ""10"", ""10"", ""8"", ""6"", ""10"", ""10"", ""10"", ""10"", ""10"", ""6"", ""10""] | [""9"", ""9"", ""10"", ""10"", ""9"", ""10"", ""10"", ""10"", ""10""]"
purchase_order.csv,sap__khpurchaseorder__ItemCollection__LifeCycleStatusCodeText,15797,15768,29,30+,"JSON_ARRAY,VERY_LONG_TEXT","Finished | [""Canceled"", ""Finished""] | [""Finished"", ""Finished"", ""Finished"", ""Finished"", ""Finished"", ""Finished"", ""Finished"", ""Finished"", ""Finished"", ""Finished"", ""Finished"", ""Finished"", ""Finished"", ""Finished"", ""Follow-Up Document Created"", ""Finished"", ""Finished"", ""Finished"", ""Finished"", ""Finished"", ""Finished"", ""Finished"", ""Finished"", ""Finished"", ""Finished"", ""Finished"", ""Finished"", ""Finished"", ""Finished"", ""Finished"", ""Finished"", ""Finished"", ""Finished"", ""Finished"", ""Sent"", ""Finished"", ""Finished"", ""Finished"", ""Finished"", ""Finished""] | [""Finished"", ""Finished"", ""Finished"", ""Sent"", ""Finished"", ""Finished"", ""Finished"", ""Finished"", ""Finished"", ""Finished"", ""Finished"", ""Finished"", ""Finished"", ""Canceled"", ""Sent"", ""Finished"", ""Finished"", ""Finished"", ""Finished"", ""Finished"", ""Sent"", ""Finished""] | [""Follow-Up Document Created"", ""Follow-Up Document Created"", ""Finished"", ""Finished"", ""Follow-Up Document Created"", ""Finished"", ""Finished"", ""Finished"", ""Finished""]"
purchase_order.csv,sap__khpurchaseorder__ItemCollection__ListUnitPriceAmount,15797,15768,29,30+,"JSON_ARRAY,VERY_LONG_TEXT","73.610000 | 0.450000 | 11.100000 | [""116.640000"", ""67.980000"", ""66.960000"", ""55.080000"", ""47.520000"", ""46.440000""] | 0.660000"
purchase_order.csv,sap__khpurchaseorder__ItemCollection__ListUnitPriceBaseQuantity,15797,15768,29,30+,"JSON_ARRAY,VERY_LONG_TEXT","1.00000000000000 | 10.00000000000000 | [""10.00000000000000"", ""100.00000000000000"", ""10.00000000000000"", ""10.00000000000000"", ""100.00000000000000""] | [""1.00000000000000"", ""10.00000000000000"", ""10.00000000000000"", ""10.00000000000000"", ""10.00000000000000"", ""10.00000000000000"", ""1.00000000000000"", ""10.00000000000000"", ""1.00000000000000"", ""10.00000000000000"", ""10.00000000000000"", ""10.00000000000000"", ""1.00000000000000"", ""10.00000000000000"", ""1.00000000000000"", ""10.00000000000000"", ""10.00000000000000"", ""1.00000000000000"", ""10.00000000000000"", ""10.00000000000000"", ""10.00000000000000"", ""10.00000000000000"", ""10.00000000000000"", ""10.00000000000000"", ""10.00000000000000"", ""1.00000000000000"", ""10.00000000000000"", ""10.00000000000000"", ""10.00000000000000"", ""10.00000000000000"", ""10.00000000000000"", ""10.00000000000000"", ""10.00000000000000"", ""1.00000000000000"", ""1.00000000000000"", ""10.00000000000000"", ""1.00000000000000"", ""10.00000000000000"", ""10.00000000000000"", ""10.00000000000000""] | [""10.00000000000000"", ""10.00000000000000"", ""10.00000000000000"", ""10.00000000000000"", ""1.00000000000000"", ""1.00000000000000"", ""10.00000000000000"", ""1.00000000000000"", ""1.00000000000000"", ""1.00000000000000"", ""1.00000000000000"", ""1.00000000000000"", ""10.00000000000000"", ""1.00000000000000"", ""10.00000000000000"", ""10.00000000000000"", ""10.00000000000000"", ""10.00000000000000"", ""10.00000000000000"", ""10.00000000000000"", ""1.00000000000000"", ""1.00000000000000""]"
purchase_order.csv,sap__khpurchaseorder__ItemCollection__ListUnitPriceBaseUnitCode,15797,15768,29,30+,"JSON_ARRAY,VERY_LONG_TEXT","ZNO | [""ZNO"", ""ZNO"", ""ZNO"", ""ZNO"", ""ZNO"", ""ZNO"", ""ZNO"", ""ZNO"", ""ZNO"", ""ZNO"", ""ZNO"", ""ZNO"", ""ZNO"", ""ZNO"", ""ZNO"", ""ZNO"", ""ZNO"", ""ZNO"", ""ZNO"", ""ZNO"", ""ZNO"", ""ZNO"", ""ZNO"", ""ZNO"", ""ZNO"", ""ZNO"", ""ZNO"", ""ZNO"", ""ZNO"", ""ZNO"", ""ZNO"", ""ZNO"", ""ZNO"", ""ZNO"", ""EA"", ""ZNO"", ""ZNO"", ""ZNO"", ""ZNO"", ""ZNO""] | [""ZNO"", ""ZNO"", ""ZNO"", ""ZNO"", ""ZNO"", ""ZNO"", ""ZNO"", ""ZNO"", ""ZNO"", ""ZNO"", ""ZNO"", ""ZNO"", ""ZNO"", ""ZNO"", ""ZNO"", ""ZNO"", ""ZNO"", ""ZNO"", ""ZNO"", ""ZNO"", ""EA"", ""ZNO""] | [""ZNO"", ""ZNO"", ""ZNO"", ""ZNO"", ""ZNO"", ""ZNO"", ""ZNO"", ""ZNO"", ""SET"", ""ZNO"", ""ZNO"", ""ZNO"", ""ZNO"", ""ZNO"", ""ZNO"", ""ZNO"", ""ZNO"", ""SET"", ""LTR"", ""ZNO"", ""ZNO"", ""ZNO"", ""ZNO"", ""ZNO"", ""ZNO"", ""ZNO"", ""ZNO"", ""ZNO""] | LTR"
purchase_order.csv,sap__khpurchaseorder__ItemCollection__ListUnitPriceCurrencyCode,15797,15768,29,5,,INR | USD | JPY | EUR | SGD
purchase_order.csv,sap__khpurchaseorder__ItemCollection__NetAmount,15797,15768,29,30+,"JSON_ARRAY,VERY_LONG_TEXT","537353.000000 | [""9000.000000"", ""8181.000000"", ""819.000000""] | 277500.000000 | 133200.000000 | [""289967.040000"", ""129094.020000"", ""129366.720000"", ""180662.400000"", ""124740.000000"", ""121672.800000""]"
purchase_order.csv,sap__khpurchaseorder__ItemCollection__NetAmountCurrencyCode,15797,15768,29,5,,INR | USD | JPY | EUR | SGD
purchase_order.csv,sap__khpurchaseorder__ItemCollection__NetAmountCurrencyCodeText,15797,15768,29,5,,Indian Rupee | US Dollar | Yen | Euro | Singapore Dollar
purchase_order.csv,sap__khpurchaseorder__ItemCollection__NetUnitPriceAmount,15797,15768,29,30+,"JSON_ARRAY,VERY_LONG_TEXT","73.610000 | 0.450000 | 11.100000 | [""116.640000"", ""67.980000"", ""66.960000"", ""55.080000"", ""47.520000"", ""46.440000""] | 0.660000"
purchase_order.csv,sap__khpurchaseorder__ItemCollection__NetUnitPriceBaseQuantity,15797,15768,29,30+,"JSON_ARRAY,VERY_LONG_TEXT","1.00000000000000 | 10.00000000000000 | [""10.00000000000000"", ""100.00000000000000"", ""10.00000000000000"", ""10.00000000000000"", ""100.00000000000000""] | [""1.00000000000000"", ""10.00000000000000"", ""10.00000000000000"", ""10.00000000000000"", ""10.00000000000000"", ""10.00000000000000"", ""1.00000000000000"", ""10.00000000000000"", ""1.00000000000000"", ""10.00000000000000"", ""10.00000000000000"", ""10.00000000000000"", ""1.00000000000000"", ""10.00000000000000"", ""1.00000000000000"", ""10.00000000000000"", ""10.00000000000000"", ""1.00000000000000"", ""10.00000000000000"", ""10.00000000000000"", ""10.00000000000000"", ""10.00000000000000"", ""10.00000000000000"", ""10.00000000000000"", ""10.00000000000000"", ""1.00000000000000"", ""10.00000000000000"", ""10.00000000000000"", ""10.00000000000000"", ""10.00000000000000"", ""10.00000000000000"", ""10.00000000000000"", ""10.00000000000000"", ""1.00000000000000"", ""1.00000000000000"", ""10.00000000000000"", ""1.00000000000000"", ""10.00000000000000"", ""10.00000000000000"", ""10.00000000000000""] | [""10.00000000000000"", ""10.00000000000000"", ""10.00000000000000"", ""10.00000000000000"", ""1.00000000000000"", ""1.00000000000000"", ""10.00000000000000"", ""1.00000000000000"", ""1.00000000000000"", ""1.00000000000000"", ""1.00000000000000"", ""1.00000000000000"", ""10.00000000000000"", ""1.00000000000000"", ""10.00000000000000"", ""10.00000000000000"", ""10.00000000000000"", ""10.00000000000000"", ""10.00000000000000"", ""10.00000000000000"", ""1.00000000000000"", ""1.00000000000000""]"
purchase_order.csv,sap__khpurchaseorder__ItemCollection__NetUnitPriceBaseUnitCode,15797,15768,29,30+,"JSON_ARRAY,VERY_LONG_TEXT","ZNO | [""ZNO"", ""ZNO"", ""ZNO"", ""ZNO"", ""ZNO"", ""ZNO"", ""ZNO"", ""ZNO"", ""ZNO"", ""ZNO"", ""ZNO"", ""ZNO"", ""ZNO"", ""ZNO"", ""ZNO"", ""ZNO"", ""ZNO"", ""ZNO"", ""ZNO"", ""ZNO"", ""ZNO"", ""ZNO"", ""ZNO"", ""ZNO"", ""ZNO"", ""ZNO"", ""ZNO"", ""ZNO"", ""ZNO"", ""ZNO"", ""ZNO"", ""ZNO"", ""ZNO"", ""ZNO"", ""EA"", ""ZNO"", ""ZNO"", ""ZNO"", ""ZNO"", ""ZNO""] | [""ZNO"", ""ZNO"", ""ZNO"", ""ZNO"", ""ZNO"", ""ZNO"", ""ZNO"", ""ZNO"", ""ZNO"", ""ZNO"", ""ZNO"", ""ZNO"", ""ZNO"", ""ZNO"", ""ZNO"", ""ZNO"", ""ZNO"", ""ZNO"", ""ZNO"", ""ZNO"", ""EA"", ""ZNO""] | [""ZNO"", ""ZNO"", ""ZNO"", ""ZNO"", ""ZNO"", ""ZNO"", ""ZNO"", ""ZNO"", ""SET"", ""ZNO"", ""ZNO"", ""ZNO"", ""ZNO"", ""ZNO"", ""ZNO"", ""ZNO"", ""ZNO"", ""SET"", ""LTR"", ""ZNO"", ""ZNO"", ""ZNO"", ""ZNO"", ""ZNO"", ""ZNO"", ""ZNO"", ""ZNO"", ""ZNO""] | LTR"
purchase_order.csv,sap__khpurchaseorder__ItemCollection__NetUnitPriceCurrencyCode,15797,15768,29,5,,INR | USD | JPY | EUR | SGD
purchase_order.csv,sap__khpurchaseorder__ItemCollection__ObjectID,15797,15768,29,30+,"JSON_ARRAY,VERY_LONG_TEXT","00163E5F7A721ED98B856A38BC546BB0 | [""00163E5F7A721ED98B8638CAF3AB2F59"", ""00163E5F7A721ED98B863905719AAF59"", ""00163E708BF91ED990C955000F8D8EAA""] | [""00163E5F7A721ED98B8685E6D6C0B0A3"", ""00163E5F7A721ED98BEBF103CD98201D""] | [""00163E5F7A721ED98B86A8C3EB06F165"", ""00163E5F7A721ED98BEF1482BE75AE33""] | [""00163E5F7A721ED98B86F643EDC452E9"", ""00163E5F7A721ED98B86F69D0836F2E9"", ""00163E5F7A721ED98B86F6CAA16232E9"", ""00163E5F7A721ED98B86F6F8093FB331"", ""00163E5F7A721ED98B86F727556CB33D"", ""00163E5F7A721ED98B86F7BCE866B33D""]"
purchase_order.csv,sap__khpurchaseorder__ItemCollection__OrderedDateTime,15797,15613,184,30+,"JSON_ARRAY,VERY_LONG_TEXT","2019-02-09 05:38:09 | [""2019-02-09 06:23:07"", ""2019-02-09 06:23:07"", ""2019-03-09 09:25:11""] | [""2019-02-09 06:35:08"", ""2019-02-13 07:28:45""] | [""2019-02-09 06:43:54"", ""2019-02-13 10:28:56""] | 2019-02-09 07:38:22"
purchase_order.csv,sap__khpurchaseorder__ItemCollection__OrderedDateTimeZoneCode,15797,15613,184,30+,"JSON_ARRAY,VERY_LONG_TEXT","INDIA | [""INDIA"", ""INDIA"", ""UTC""] | [""INDIA"", ""UTC""] | [""INDIA"", ""INDIA"", ""INDIA"", ""UTC"", ""UTC"", ""UTC""] | [""INDIA"", ""INDIA"", ""INDIA"", ""UTC""]"
purchase_order.csv,sap__khpurchaseorder__ItemCollection__OrderedDateTimeZoneCodeText,15797,15613,184,30+,"JSON_ARRAY,VERY_LONG_TEXT","India | [""India"", ""India"", ""UTC+0""] | [""India"", ""UTC+0""] | [""India"", ""India"", ""India"", ""UTC+0"", ""UTC+0"", ""UTC+0""] | [""India"", ""India"", ""India"", ""UTC+0""]"
purchase_order.csv,sap__khpurchaseorder__ItemCollection__ParentObjectID,15797,15768,29,30+,,00163E5F7A721ED98B854FBB55386B41 | 00163E5F7A721ED98B86334219A40F55 | 00163E5F7A721ED98B867E4A5FF8908C | 00163E5F7A721ED98B86A8C3EAFFD165 | 00163E5F7A721ED98B86F0E53FD952E9
purchase_order.csv,sap__khpurchaseorder__ItemCollection__ProductCategoryDescription,15797,15768,29,30+,"JSON_ARRAY,VERY_LONG_TEXT","INDUCTOR/FERRITE/TRANSFORMERS | OTHERS | BARE PCB | [""DIODE"", ""INTEGRATED CIRCUITS"", ""INTEGRATED CIRCUITS"", ""INTEGRATED CIRCUITS"", ""INTEGRATED CIRCUITS""] | [""CAPACITOR"", ""CAPACITOR"", ""CAPACITOR"", ""CAPACITOR"", ""CAPACITOR"", ""CAPACITOR"", ""CONNECTOR"", ""CONNECTOR"", ""CONNECTOR"", ""CONNECTOR"", ""DIODE"", ""DIODE"", ""INTEGRATED CIRCUITS"", ""INTEGRATED CIRCUITS"", ""INTEGRATED CIRCUITS"", ""INTEGRATED CIRCUITS"", ""INDUCTOR/FERRITE/TRANSFORMERS"", ""INTEGRATED CIRCUITS"", ""INDUCTOR/FERRITE/TRANSFORMERS"", ""LED"", ""INDUCTOR/FERRITE/TRANSFORMERS"", ""INDUCTOR/FERRITE/TRANSFORMERS"", ""INDUCTOR/FERRITE/TRANSFORMERS"", ""INDUCTOR/FERRITE/TRANSFORMERS"", ""RESISTOR"", ""RESISTOR"", ""RESISTOR"", ""RESISTOR"", ""RESISTOR"", ""RESISTOR"", ""RESISTOR"", ""RESISTOR"", ""CONNECTOR"", ""CONNECTOR"", ""OTHERS"", ""INTEGRATED CIRCUITS"", ""INDUCTOR/FERRITE/TRANSFORMERS"", ""OTHERS"", ""INTEGRATED CIRCUITS"", ""INTEGRATED CIRCUITS""]"
purchase_order.csv,sap__khpurchaseorder__ItemCollection__ProductCategoryInternalID,15797,15768,29,30+,"JSON_ARRAY,VERY_LONG_TEXT","TRN | OTH | PCB | [""DIO"", ""ICS"", ""ICS"", ""ICS"", ""ICS""] | [""CAP"", ""CAP"", ""CAP"", ""CAP"", ""CAP"", ""CAP"", ""CONN"", ""CONN"", ""CONN"", ""CONN"", ""DIO"", ""DIO"", ""ICS"", ""ICS"", ""ICS"", ""ICS"", ""TRN"", ""ICS"", ""TRN"", ""LED"", ""TRN"", ""TRN"", ""TRN"", ""TRN"", ""RES"", ""RES"", ""RES"", ""RES"", ""RES"", ""RES"", ""RES"", ""RES"", ""CONN"", ""CONN"", ""OTH"", ""ICS"", ""TRN"", ""OTH"", ""ICS"", ""ICS""]"
purchase_order.csv,sap__khpurchaseorder__ItemCollection__ProductID,15797,9549,6248,30+,"JSON_ARRAY,VERY_LONG_TEXT","LTD2TTRN524 | [""SIA5E00682817"", ""SIA5E00406149"", ""SIA5E00406149""] | SIA9680013050 | [""LTC1MPCB014"", ""LTP1MPCB015"", ""LTR1MPCB016"", ""LTC9MPCB017"", ""LTP9MPCB018"", ""LTR9MPCB019""] | BGMBMPCB001"
purchase_order.csv,sap__khpurchaseorder__ItemCollection__ProductSellerID,15797,0,15797,0,,
purchase_order.csv,sap__khpurchaseorder__ItemCollection__ProductStandardID,15797,0,15797,0,,
purchase_order.csv,sap__khpurchaseorder__ItemCollection__ProductTypeCode,15797,15768,29,30+,JSON_ARRAY,"1 | [""1"", ""1"", ""1"", ""1"", ""1"", ""1"", ""1"", ""1"", ""1"", ""1"", ""1"", ""1"", ""1"", ""1"", ""1"", ""1"", ""1"", ""1"", ""1"", ""1"", ""1"", ""1"", ""1"", ""1"", ""1"", ""1"", ""1"", ""1"", ""1"", ""1"", ""1"", ""1"", ""1"", ""1"", ""2"", ""1"", ""1"", ""1"", ""1"", ""1""] | [""1"", ""1"", ""1"", ""1"", ""1"", ""1"", ""1"", ""1"", ""1"", ""1"", ""1"", ""1"", ""1"", ""1"", ""1"", ""1"", ""1"", ""1"", ""1"", ""1"", ""2"", ""1""] | [""1"", ""2""] | [""1"", ""1"", ""1"", ""1"", ""1"", ""1"", ""2""]"
purchase_order.csv,sap__khpurchaseorder__ItemCollection__ProductTypeCodeText,15797,15768,29,30+,"JSON_ARRAY,VERY_LONG_TEXT","Material | [""Material"", ""Material"", ""Material"", ""Material"", ""Material"", ""Material"", ""Material"", ""Material"", ""Material"", ""Material"", ""Material"", ""Material"", ""Material"", ""Material"", ""Material"", ""Material"", ""Material"", ""Material"", ""Material"", ""Material"", ""Material"", ""Material"", ""Material"", ""Material"", ""Material"", ""Material"", ""Material"", ""Material"", ""Material"", ""Material"", ""Material"", ""Material"", ""Material"", ""Material"", ""Service"", ""Material"", ""Material"", ""Material"", ""Material"", ""Material""] | [""Material"", ""Material"", ""Material"", ""Material"", ""Material"", ""Material"", ""Material"", ""Material"", ""Material"", ""Material"", ""Material"", ""Material"", ""Material"", ""Material"", ""Material"", ""Material"", ""Material"", ""Material"", ""Material"", ""Material"", ""Service"", ""Material""] | [""Material"", ""Service""] | [""Material"", ""Material"", ""Material"", ""Material"", ""Material"", ""Material"", ""Service""]"
purchase_order.csv,sap__khpurchaseorder__ItemCollection__Quantity,15797,15768,29,30+,"JSON_ARRAY,VERY_LONG_TEXT","7300.00000000000000 | [""20000.00000000000000"", ""18180.00000000000000"", ""1820.00000000000000""] | 25000.00000000000000 | 12000.00000000000000 | [""2486.00000000000000"", ""1899.00000000000000"", ""1932.00000000000000"", ""3280.00000000000000"", ""2625.00000000000000"", ""2620.00000000000000""]"
purchase_order.csv,sap__khpurchaseorder__ItemCollection__QuantityUnitCode,15797,15768,29,30+,"JSON_ARRAY,VERY_LONG_TEXT","ZNO | [""ZNO"", ""ZNO"", ""ZNO"", ""ZNO"", ""ZNO"", ""ZNO"", ""ZNO"", ""ZNO"", ""ZNO"", ""ZNO"", ""ZNO"", ""ZNO"", ""ZNO"", ""ZNO"", ""ZNO"", ""ZNO"", ""ZNO"", ""ZNO"", ""ZNO"", ""ZNO"", ""ZNO"", ""ZNO"", ""ZNO"", ""ZNO"", ""ZNO"", ""ZNO"", ""ZNO"", ""ZNO"", ""ZNO"", ""ZNO"", ""ZNO"", ""ZNO"", ""ZNO"", ""ZNO"", ""EA"", ""ZNO"", ""ZNO"", ""ZNO"", ""ZNO"", ""ZNO""] | [""ZNO"", ""ZNO"", ""ZNO"", ""ZNO"", ""ZNO"", ""ZNO"", ""ZNO"", ""ZNO"", ""ZNO"", ""ZNO"", ""ZNO"", ""ZNO"", ""ZNO"", ""ZNO"", ""ZNO"", ""ZNO"", ""ZNO"", ""ZNO"", ""ZNO"", ""ZNO"", ""EA"", ""ZNO""] | [""ZNO"", ""ZNO"", ""ZNO"", ""ZNO"", ""ZNO"", ""ZNO"", ""ZNO"", ""ZNO"", ""SET"", ""ZNO"", ""ZNO"", ""ZNO"", ""ZNO"", ""ZNO"", ""ZNO"", ""ZNO"", ""ZNO"", ""SET"", ""LTR"", ""ZNO"", ""ZNO"", ""ZNO"", ""ZNO"", ""ZNO"", ""ZNO"", ""ZNO"", ""ZNO"", ""ZNO""] | LTR"
purchase_order.csv,sap__khpurchaseorder__ItemCollection__QuantityUnitCodeText,15797,15768,29,30+,"JSON_ARRAY,VERY_LONG_TEXT","Number | [""Number"", ""Number"", ""Number"", ""Number"", ""Number"", ""Number"", ""Number"", ""Number"", ""Number"", ""Number"", ""Number"", ""Number"", ""Number"", ""Number"", ""Number"", ""Number"", ""Number"", ""Number"", ""Number"", ""Number"", ""Number"", ""Number"", ""Number"", ""Number"", ""Number"", ""Number"", ""Number"", ""Number"", ""Number"", ""Number"", ""Number"", ""Number"", ""Number"", ""Number"", ""Each"", ""Number"", ""Number"", ""Number"", ""Number"", ""Number""] | [""Number"", ""Number"", ""Number"", ""Number"", ""Number"", ""Number"", ""Number"", ""Number"", ""Number"", ""Number"", ""Number"", ""Number"", ""Number"", ""Number"", ""Number"", ""Number"", ""Number"", ""Number"", ""Number"", ""Number"", ""Each"", ""Number""] | [""Number"", ""Number"", ""Number"", ""Number"", ""Number"", ""Number"", ""Number"", ""Number"", ""Set"", ""Number"", ""Number"", ""Number"", ""Number"", ""Number"", ""Number"", ""Number"", ""Number"", ""Set"", ""Liter"", ""Number"", ""Number"", ""Number"", ""Number"", ""Number"", ""Number"", ""Number"", ""Number"", ""Number""] | Liter"
purchase_order.csv,sap__khpurchaseorder__ItemCollection__TaxAmount,15797,15768,29,30+,"JSON_ARRAY,VERY_LONG_TEXT","96723.540000 | [""1620.000000"", ""1472.580000"", ""253.730000""] | [""0.000000"", ""49950.000000""] | [""0.000000"", ""23976.000000""] | [""52194.080000"", ""23236.920000"", ""23286.010000"", ""32519.230000"", ""22453.200000"", ""21901.100000""]"
purchase_order.csv,sap__khpurchaseorder__ItemCollection__TaxAmountCurrencyCode,15797,15768,29,5,,INR | USD | JPY | EUR | SGD
purchase_order.csv,sap__khpurchaseorder__ItemCollection__TaxAmountCurrencyCodeText,15797,15768,29,5,,Indian Rupee | US Dollar | Yen | Euro | Singapore Dollar
purchase_order.csv,sap__khpurchaseorder__ItemCollection__ThirdPartyDealIndicator,15797,15768,29,1,,False
purchase_order.csv,sap__khpurchaseorder__ItemCollection__UUID,15797,15768,29,30+,"JSON_ARRAY,VERY_LONG_TEXT","00163E5F-7A72-1ED9-8B85-6A38BC546BB0 | [""00163E5F-7A72-1ED9-8B86-38CAF3AB2F59"", ""00163E5F-7A72-1ED9-8B86-3905719AAF59"", ""00163E70-8BF9-1ED9-90C9-55000F8D8EAA""] | [""00163E5F-7A72-1ED9-8B86-85E6D6C0B0A3"", ""00163E5F-7A72-1ED9-8BEB-F103CD98201D""] | [""00163E5F-7A72-1ED9-8B86-A8C3EB06F165"", ""00163E5F-7A72-1ED9-8BEF-1482BE75AE33""] | [""00163E5F-7A72-1ED9-8B86-F643EDC452E9"", ""00163E5F-7A72-1ED9-8B86-F69D0836F2E9"", ""00163E5F-7A72-1ED9-8B86-F6CAA16232E9"", ""00163E5F-7A72-1ED9-8B86-F6F8093FB331"", ""00163E5F-7A72-1ED9-8B86-F727556CB33D"", ""00163E5F-7A72-1ED9-8B86-F7BCE866B33D""]"
purchase_order.csv,sap__khpurchaseorder__PaymentTermsCollection__ObjectID,15797,15790,7,30+,,00163E5F7A721ED98B8563C8E333AB5F | 00163E5F7A721ED98B8635DBF0662F56 | 00163E5F7A721ED98B8684A6DC0B30A3 | 00163E5F7A721ED98B86A8C3EB06D165 | 00163E5F7A721ED98B86F1CA71CD12E9
purchase_order.csv,sap__khpurchaseorder__PaymentTermsCollection__ParentObjectID,15797,15790,7,30+,,00163E5F7A721ED98B854FBB55386B41 | 00163E5F7A721ED98B86334219A40F55 | 00163E5F7A721ED98B867E4A5FF8908C | 00163E5F7A721ED98B86A8C3EAFFD165 | 00163E5F7A721ED98B86F0E53FD952E9
purchase_order.csv,sap__khpurchaseorder__PaymentTermsCollection__PaymentTermsCode,15797,15790,7,25,,Z005 | Z006 | Z015 | Z026 | Z022
purchase_order.csv,sap__khpurchaseorder__PaymentTermsCollection__PaymentTermsCodeText,15797,15790,7,23,,"30 days from the date of invoice subject to acceptance | 45days from the dt of Invoice,subject to acceptance | Advance payment by way of TT [order accp.] | 15days from the dt of Invoice,subject to acceptance | 100 % against profroma invoice"
purchase_order.csv,sap__khpurchaseorder__PurchasingUnitCollection__ObjectID,15797,15797,0,30+,JSON_ARRAY,"[""00163E5F7A721ED98B854FBB5539CB41"", ""00163E5F7A721ED98B854FBB5539EB41"", ""00163E5F7A721ED98B854FBB553C4B41"", ""00163E5F7A721ED98B8563C8E32F4B5F""] | [""00163E5F7A721ED98B86334219A56F55"", ""00163E5F7A721ED98B86334219A58F55"", ""00163E5F7A721ED98B86334219A7EF55"", ""00163E5F7A721ED98B8635DBF061CF56"", ""00163E708BF91ED990C9A7779F05B02E""] | [""00163E5F7A721ED98B867E4A5FF9F08C"", ""00163E5F7A721ED98B867E4A5FFA108C"", ""00163E5F7A721ED98B867E4A5FFC708C"", ""00163E5F7A721ED98B8684A6DC06D0A3""] | [""00163E5F7A721ED98B86A8C3EB001165"", ""00163E5F7A721ED98B86A8C3EB003165"", ""00163E5F7A721ED98B86A8C3EB005165"", ""00163E5F7A721ED98B86A8C3EB02B165""] | [""00163E5F7A721ED98B86F0E53FDC72E9"", ""00163E5F7A721ED98B86F0E53FDD12E9"", ""00163E5F7A721ED98B86F0E53FDF72E9"", ""00163E5F7A721ED98B86F198895752E9""]"
purchase_order.csv,sap__khpurchaseorder__PurchasingUnitCollection__ParentObjectID,15797,15797,0,30+,,00163E5F7A721ED98B854FBB55386B41 | 00163E5F7A721ED98B86334219A40F55 | 00163E5F7A721ED98B867E4A5FF8908C | 00163E5F7A721ED98B86A8C3EAFFD165 | 00163E5F7A721ED98B86F0E53FD952E9
purchase_order.csv,sap__khpurchaseorder__PurchasingUnitCollection__PartyID,15797,15797,0,30+,JSON_ARRAY,"[""70000"", ""G228"", ""70000"", ""2016043""] | [""70000"", ""G228"", ""70000"", ""1001782"", ""G199""] | [""70000"", ""G228"", ""70000"", ""2010511""] | [""70000"", ""70000"", ""2010511"", ""G228""] | [""70000"", ""G228"", ""70000"", ""2015119""]"
purchase_order.csv,sap__khpurchaseorder__SupplierCollection__ObjectID,15797,15797,0,30+,JSON_ARRAY,"[""00163E5F7A721ED98B854FBB5539CB41"", ""00163E5F7A721ED98B854FBB5539EB41"", ""00163E5F7A721ED98B854FBB553C4B41"", ""00163E5F7A721ED98B8563C8E32F4B5F""] | [""00163E5F7A721ED98B86334219A56F55"", ""00163E5F7A721ED98B86334219A58F55"", ""00163E5F7A721ED98B86334219A7EF55"", ""00163E5F7A721ED98B8635DBF061CF56"", ""00163E708BF91ED990C9A7779F05B02E""] | [""00163E5F7A721ED98B867E4A5FF9F08C"", ""00163E5F7A721ED98B867E4A5FFA108C"", ""00163E5F7A721ED98B867E4A5FFC708C"", ""00163E5F7A721ED98B8684A6DC06D0A3""] | [""00163E5F7A721ED98B86A8C3EB001165"", ""00163E5F7A721ED98B86A8C3EB003165"", ""00163E5F7A721ED98B86A8C3EB005165"", ""00163E5F7A721ED98B86A8C3EB02B165""] | [""00163E5F7A721ED98B86F0E53FDC72E9"", ""00163E5F7A721ED98B86F0E53FDD12E9"", ""00163E5F7A721ED98B86F0E53FDF72E9"", ""00163E5F7A721ED98B86F198895752E9""]"
purchase_order.csv,sap__khpurchaseorder__SupplierCollection__ParentObjectID,15797,15797,0,30+,,00163E5F7A721ED98B854FBB55386B41 | 00163E5F7A721ED98B86334219A40F55 | 00163E5F7A721ED98B867E4A5FF8908C | 00163E5F7A721ED98B86A8C3EAFFD165 | 00163E5F7A721ED98B86F0E53FD952E9
purchase_order.csv,sap__khpurchaseorder__SupplierCollection__PartyID,15797,15797,0,30+,JSON_ARRAY,"[""70000"", ""G228"", ""70000"", ""2016043""] | [""70000"", ""G228"", ""70000"", ""1001782"", ""G199""] | [""70000"", ""G228"", ""70000"", ""2010511""] | [""70000"", ""70000"", ""2010511"", ""G228""] | [""70000"", ""G228"", ""70000"", ""2015119""]"
purchase_order_line.csv,id,45981,45981,0,30+,,sap_po_item_00163E5F7A721ED98B856A38BC546BB0 | sap_po_item_00163E5F7A721ED98B8638CAF3AB2F59 | sap_po_item_00163E5F7A721ED98B863905719AAF59 | sap_po_item_00163E5F7A721ED98B8685E6D6C0B0A3 | sap_po_item_00163E5F7A721ED98B86A8C3EB06F165
purchase_order_line.csv,order_id/id,45981,45981,0,30+,,sap_po_00163E5F7A721ED98B854FBB55386B41 | sap_po_00163E5F7A721ED98B86334219A40F55 | sap_po_00163E5F7A721ED98B867E4A5FF8908C | sap_po_00163E5F7A721ED98B86A8C3EAFFD165 | sap_po_00163E5F7A721ED98B86F0E53FD952E9
purchase_order_line.csv,product_id/id,45981,27614,18367,30+,,sap_prod_LTD2TTRN524 | sap_prod_SIA5E00682817 | sap_prod_SIA5E00406149 | sap_prod_SIA9680013050 | sap_prod_LTC1MPCB014
purchase_order_line.csv,name,45981,45981,0,30+,,"TRN Transformer current | REL SIGNAL RYII 24V 1W | REL SONST JS-12 12VDC 1W | Terminal carrier cpl 1,6mm | PCB APFC_Series1_144x144_Control Card  L"
purchase_order_line.csv,product_qty,45981,45981,0,30+,,7300.00000000000000 | 20000.00000000000000 | 18180.00000000000000 | 25000.00000000000000 | 12000.00000000000000
purchase_order_line.csv,price_unit,45981,45981,0,30+,,73.610000 | 0.450000 | 11.100000 | 116.640000 | 67.980000
purchase_order_line.csv,sap__khpurchaseorder__ItemCollection__AcknowledgmentRequirementCode,45981,0,45981,0,,
purchase_order_line.csv,sap__khpurchaseorder__ItemCollection__AcknowledgmentRequirementCodeText,45981,0,45981,0,,
purchase_order_line.csv,sap__khpurchaseorder__ItemCollection__DeliveryEndDateTime,45981,45981,0,30+,,2019-03-23 18:30:00 | 2019-04-23 18:30:00 | 2019-02-12 18:30:00 | 2019-02-16 18:30:00 | 2019-02-19 18:30:00
purchase_order_line.csv,sap__khpurchaseorder__ItemCollection__DeliveryEndDateTimeZoneCode,45981,45981,0,2,,INDIA | UTC
purchase_order_line.csv,sap__khpurchaseorder__ItemCollection__DeliveryStartDateTime,45981,45981,0,30+,,2019-02-11 18:30:00 | 2019-04-22 18:30:00 | 2019-02-15 18:30:00 | 2019-02-18 18:30:00 | 2019-02-14 18:30:00
purchase_order_line.csv,sap__khpurchaseorder__ItemCollection__DeliveryStartDateTimeZoneCode,45981,45981,0,2,,INDIA | UTC
purchase_order_line.csv,sap__khpurchaseorder__ItemCollection__DeliveryStatusCode,45981,45981,0,4,,3 | 4 | 1 | 2
purchase_order_line.csv,sap__khpurchaseorder__ItemCollection__DeliveryStatusCodeText,45981,45981,0,4,,Delivered | Not Relevant | Not Delivered | Partially Delivered
purchase_order_line.csv,sap__khpurchaseorder__ItemCollection__Description,45981,45973,8,30+,,"TRN Transformer current | REL SIGNAL RYII 24V 1W | REL SONST JS-12 12VDC 1W | Terminal carrier cpl 1,6mm | PCB APFC_Series1_144x144_Control Card  L"
purchase_order_line.csv,sap__khpurchaseorder__ItemCollection__DirectMaterialIndicator,45981,45981,0,2,,True | False
purchase_order_line.csv,sap__khpurchaseorder__ItemCollection__EmployeeTimeConfirmationRequiredIndicator,45981,45981,0,1,,False
purchase_order_line.csv,sap__khpurchaseorder__ItemCollection__EvaluatedReceiptSettlementIndicator,45981,45981,0,1,,False
purchase_order_line.csv,sap__khpurchaseorder__ItemCollection__GoodsAndServiceReceiptRequirementCode,45981,45981,0,2,,01 | 05
purchase_order_line.csv,sap__khpurchaseorder__ItemCollection__GoodsAndServiceReceiptRequirementCodeText,45981,45981,0,2,,Required | Forbidden
purchase_order_line.csv,sap__khpurchaseorder__ItemCollection__ID,45981,45981,0,30+,,1 | 2 | 3 | 4 | 5
purchase_order_line.csv,sap__khpurchaseorder__ItemCollection__InvoiceRequirementCode,45981,45981,0,2,,01 | 05
purchase_order_line.csv,sap__khpurchaseorder__ItemCollection__InvoiceRequirementCodeText,45981,45981,0,2,,Required | Forbidden
purchase_order_line.csv,sap__khpurchaseorder__ItemCollection__InvoicingStatusCode,45981,45981,0,4,,3 | 4 | 1 | 2
purchase_order_line.csv,sap__khpurchaseorder__ItemCollection__InvoicingStatusCodeText,45981,45981,0,4,,Invoiced | Not Relevant | Not Invoiced | Partially Invoiced
purchase_order_line.csv,sap__khpurchaseorder__ItemCollection__ItemTypeCode,45981,45981,0,3,,18 | 84 | 19
purchase_order_line.csv,sap__khpurchaseorder__ItemCollection__ItemTypeCodeText,45981,45981,0,3,,Material | Expense | Service
purchase_order_line.csv,sap__khpurchaseorder__ItemCollection__LifeCycleStatusCode,45981,45981,0,6,,10 | 8 | 6 | 9 | 1
purchase_order_line.csv,sap__khpurchaseorder__ItemCollection__LifeCycleStatusCodeText,45981,45981,0,6,,Finished | Canceled | Sent | Follow-Up Document Created | In Preparation
purchase_order_line.csv,sap__khpurchaseorder__ItemCollection__ListUnitPriceAmount,45981,45981,0,30+,,73.610000 | 0.450000 | 11.100000 | 116.640000 | 67.980000
purchase_order_line.csv,sap__khpurchaseorder__ItemCollection__ListUnitPriceBaseQuantity,45981,45981,0,10,,1.00000000000000 | 10.00000000000000 | 100.00000000000000 | 1000.00000000000000 | 10000.00000000000000
purchase_order_line.csv,sap__khpurchaseorder__ItemCollection__ListUnitPriceBaseUnitCode,45981,45975,6,19,,ZNO | SET | LTR | EA | KGM
purchase_order_line.csv,sap__khpurchaseorder__ItemCollection__ListUnitPriceCurrencyCode,45981,45981,0,5,,INR | USD | JPY | EUR | SGD
purchase_order_line.csv,sap__khpurchaseorder__ItemCollection__NetAmount,45981,45981,0,30+,,537353.000000 | 9000.000000 | 8181.000000 | 277500.000000 | 133200.000000
purchase_order_line.csv,sap__khpurchaseorder__ItemCollection__NetAmountCurrencyCode,45981,45981,0,5,,INR | USD | JPY | EUR | SGD
purchase_order_line.csv,sap__khpurchaseorder__ItemCollection__NetAmountCurrencyCodeText,45981,45981,0,5,,Indian Rupee | US Dollar | Yen | Euro | Singapore Dollar
purchase_order_line.csv,sap__khpurchaseorder__ItemCollection__NetUnitPriceAmount,45981,45981,0,30+,,73.610000 | 0.450000 | 11.100000 | 116.640000 | 67.980000
purchase_order_line.csv,sap__khpurchaseorder__ItemCollection__NetUnitPriceBaseQuantity,45981,45981,0,10,,1.00000000000000 | 10.00000000000000 | 100.00000000000000 | 1000.00000000000000 | 10000.00000000000000
purchase_order_line.csv,sap__khpurchaseorder__ItemCollection__NetUnitPriceBaseUnitCode,45981,45975,6,19,,ZNO | SET | LTR | EA | KGM
purchase_order_line.csv,sap__khpurchaseorder__ItemCollection__NetUnitPriceCurrencyCode,45981,45981,0,5,,INR | USD | JPY | EUR | SGD
purchase_order_line.csv,sap__khpurchaseorder__ItemCollection__ObjectID,45981,45981,0,30+,,00163E5F7A721ED98B856A38BC546BB0 | 00163E5F7A721ED98B8638CAF3AB2F59 | 00163E5F7A721ED98B863905719AAF59 | 00163E5F7A721ED98B8685E6D6C0B0A3 | 00163E5F7A721ED98B86A8C3EB06F165
purchase_order_line.csv,sap__khpurchaseorder__ItemCollection__OrderedDateTime,45981,45554,427,30+,,2019-02-09 05:38:09 | 2019-02-09 06:23:07 | 2019-02-09 06:35:08 | 2019-02-09 06:43:54 | 2019-02-09 07:38:22
purchase_order_line.csv,sap__khpurchaseorder__ItemCollection__OrderedDateTimeZoneCode,45981,45554,427,2,,INDIA | UTC
purchase_order_line.csv,sap__khpurchaseorder__ItemCollection__OrderedDateTimeZoneCodeText,45981,45554,427,2,,India | UTC+0
purchase_order_line.csv,sap__khpurchaseorder__ItemCollection__ParentObjectID,45981,45981,0,30+,,00163E5F7A721ED98B854FBB55386B41 | 00163E5F7A721ED98B86334219A40F55 | 00163E5F7A721ED98B867E4A5FF8908C | 00163E5F7A721ED98B86A8C3EAFFD165 | 00163E5F7A721ED98B86F0E53FD952E9
purchase_order_line.csv,sap__khpurchaseorder__ItemCollection__ProductCategoryDescription,45981,45974,7,30+,,INDUCTOR/FERRITE/TRANSFORMERS | OTHERS | BARE PCB | DIODE | CAPACITOR
purchase_order_line.csv,sap__khpurchaseorder__ItemCollection__ProductCategoryInternalID,45981,45974,7,30+,,TRN | OTH | PCB | DIO | CAP
purchase_order_line.csv,sap__khpurchaseorder__ItemCollection__ProductID,45981,27614,18367,30+,,LTD2TTRN524 | SIA5E00682817 | SIA5E00406149 | SIA9680013050 | LTC1MPCB014
purchase_order_line.csv,sap__khpurchaseorder__ItemCollection__ProductSellerID,45981,0,45981,0,,
purchase_order_line.csv,sap__khpurchaseorder__ItemCollection__ProductStandardID,45981,0,45981,0,,
purchase_order_line.csv,sap__khpurchaseorder__ItemCollection__ProductTypeCode,45981,45981,0,2,,1 | 2
purchase_order_line.csv,sap__khpurchaseorder__ItemCollection__ProductTypeCodeText,45981,45981,0,2,,Material | Service
purchase_order_line.csv,sap__khpurchaseorder__ItemCollection__Quantity,45981,45981,0,30+,,7300.00000000000000 | 20000.00000000000000 | 18180.00000000000000 | 25000.00000000000000 | 12000.00000000000000
purchase_order_line.csv,sap__khpurchaseorder__ItemCollection__QuantityUnitCode,45981,45975,6,19,,ZNO | SET | LTR | EA | KGM
purchase_order_line.csv,sap__khpurchaseorder__ItemCollection__QuantityUnitCodeText,45981,45975,6,19,,Number | Set | Liter | Each | Kilogram
purchase_order_line.csv,sap__khpurchaseorder__ItemCollection__TaxAmount,45981,45981,0,30+,,96723.540000 | 1620.000000 | 1472.580000 | 0.000000 | 52194.080000
purchase_order_line.csv,sap__khpurchaseorder__ItemCollection__TaxAmountCurrencyCode,45981,45981,0,5,,INR | USD | JPY | EUR | SGD
purchase_order_line.csv,sap__khpurchaseorder__ItemCollection__TaxAmountCurrencyCodeText,45981,45981,0,5,,Indian Rupee | US Dollar | Yen | Euro | Singapore Dollar
purchase_order_line.csv,sap__khpurchaseorder__ItemCollection__ThirdPartyDealIndicator,45981,45981,0,1,,False
purchase_order_line.csv,sap__khpurchaseorder__ItemCollection__UUID,45981,45981,0,30+,,00163E5F-7A72-1ED9-8B85-6A38BC546BB0 | 00163E5F-7A72-1ED9-8B86-38CAF3AB2F59 | 00163E5F-7A72-1ED9-8B86-3905719AAF59 | 00163E5F-7A72-1ED9-8B86-85E6D6C0B0A3 | 00163E5F-7A72-1ED9-8B86-A8C3EB06F165
purchase_order_line.csv,sap__khpurchaseorder__ItemAccountAssignmentCollection__ObjectID,45981,18502,27479,30+,,00163E5F7A721ED98BBB41F4DC089751 | 00163E5F7A721ED98BD1D576B3702506 | 00163E5F7A721ED98BD29D46E6E828F7 | 00163E5F7A721ED98BD2C11438EBA9B1 | 00163E5F7A721ED98BD39566150FAD4F
purchase_order_line.csv,sap__khpurchaseorder__ItemAccountAssignmentCollection__ParentObjectID,45981,18502,27479,30+,,00163E5F7A721ED98BBB41F4DC089751 | 00163E5F7A721ED98BD1D576B3702506 | 00163E5F7A721ED98BD29D46E6E828F7 | 00163E5F7A721ED98BD2C11438EBA9B1 | 00163E5F7A721ED98BD39566150FAD4F
purchase_order_line.csv,sap__khpurchaseorder__ItemAccountAssignmentDetailsCollection__AccountAssignmentTypeCode,45981,18502,27479,3,,CC | ACC | IMAT
purchase_order_line.csv,sap__khpurchaseorder__ItemAccountAssignmentDetailsCollection__AccountAssignmentTypeCodeText,45981,18502,27479,3,,Cost Center | General Ledger Account only | Individual Material
purchase_order_line.csv,sap__khpurchaseorder__ItemAccountAssignmentDetailsCollection__Amount,45981,18502,27479,30+,JSON_ARRAY,206700.000000 | 13000.000000 | 11400.000000 | 94250.000000 | 5800.000000
purchase_order_line.csv,sap__khpurchaseorder__ItemAccountAssignmentDetailsCollection__AmountCurrencyCode,45981,18502,27479,5,,INR | USD | EUR | JPY | SGD
purchase_order_line.csv,sap__khpurchaseorder__ItemAccountAssignmentDetailsCollection__AmountCurrencyCodeText,45981,18502,27479,5,,Indian Rupee | US Dollar | Euro | Yen | Singapore Dollar
purchase_order_line.csv,sap__khpurchaseorder__ItemAccountAssignmentDetailsCollection__CostCentreID,45981,17430,28551,30+,JSON_ARRAY,71107 | 71111 | 71104 | 71100 | 71106
purchase_order_line.csv,sap__khpurchaseorder__ItemAccountAssignmentDetailsCollection__CostObjectDescription,45981,0,45981,0,,
purchase_order_line.csv,sap__khpurchaseorder__ItemAccountAssignmentDetailsCollection__CostObjectID,45981,0,45981,0,,
purchase_order_line.csv,sap__khpurchaseorder__ItemAccountAssignmentDetailsCollection__CostObjectTypeCode,45981,0,45981,0,,
purchase_order_line.csv,sap__khpurchaseorder__ItemAccountAssignmentDetailsCollection__CostObjectTypeCodeText,45981,0,45981,0,,
purchase_order_line.csv,sap__khpurchaseorder__ItemAccountAssignmentDetailsCollection__CustomerContractID,45981,0,45981,0,,
purchase_order_line.csv,sap__khpurchaseorder__ItemAccountAssignmentDetailsCollection__CustomerContractItemID,45981,0,45981,0,,
purchase_order_line.csv,sap__khpurchaseorder__ItemAccountAssignmentDetailsCollection__CustomerContractName,45981,0,45981,0,,
purchase_order_line.csv,sap__khpurchaseorder__ItemAccountAssignmentDetailsCollection__EmployeeUUID,45981,0,45981,0,,
purchase_order_line.csv,sap__khpurchaseorder__ItemAccountAssignmentDetailsCollection__GeneralLedgerAccountAliasCode,45981,17009,28972,30+,,Z409002 | Z523000 | Z539995 | Z514000 | Z518000
purchase_order_line.csv,sap__khpurchaseorder__ItemAccountAssignmentDetailsCollection__GeneralLedgerAccountAliasCodeText,45981,17009,28972,30+,,Tools - Consumption - NS | Printing & Stationery | Software Expenses | Repairs to Plant and Machinery | Freight Inwards - Imports & Reimport
purchase_order_line.csv,sap__khpurchaseorder__ItemAccountAssignmentDetailsCollection__IndividualMaterialID,45981,1453,44528,30+,JSON_ARRAY,100001340 | 100001341 | 100001342 | 100001343 | 100001344
purchase_order_line.csv,sap__khpurchaseorder__ItemAccountAssignmentDetailsCollection__ObjectID,45981,18502,27479,30+,JSON_ARRAY,00163E5F7A721ED98BBB41F4DC0D7751 | 00163E5F7A721ED98BD1E79F83BD456E | 00163E5F7A721ED98BD2B3DD6098C957 | 00163E5F7A721ED98BD2C11438F109B1 | 00163E5F7A721ED98BD3956615150D4F
purchase_order_line.csv,sap__khpurchaseorder__ItemAccountAssignmentDetailsCollection__ParentObjectID,45981,18502,27479,30+,,00163E5F7A721ED98BBB41F4DC089751 | 00163E5F7A721ED98BD1D576B3702506 | 00163E5F7A721ED98BD29D46E6E828F7 | 00163E5F7A721ED98BD2C11438EBA9B1 | 00163E5F7A721ED98BD39566150FAD4F
purchase_order_line.csv,sap__khpurchaseorder__ItemAccountAssignmentDetailsCollection__Percent,45981,18502,27479,24,JSON_ARRAY,"100.000000 | 50.000000 | [""30.000000"", ""30.000000"", ""40.000000""] | [""25.000000"", ""75.000000""] | [""75.000000"", ""25.000000""]"
purchase_order_line.csv,sap__khpurchaseorder__ItemAccountAssignmentDetailsCollection__ProjectElementID,45981,0,45981,0,,
purchase_order_line.csv,sap__khpurchaseorder__ItemAccountAssignmentDetailsCollection__ProjectElementName,45981,0,45981,0,,
purchase_order_line.csv,sap__khpurchaseorder__ItemAccountAssignmentDetailsCollection__ProjectID,45981,0,45981,0,,
purchase_order_line.csv,sap__khpurchaseorder__ItemAccountAssignmentDetailsCollection__ProjectName,45981,0,45981,0,,
purchase_order_line.csv,sap__khpurchaseorder__ItemAccountAssignmentDetailsCollection__ProjectTaskID,45981,0,45981,0,,
purchase_order_line.csv,sap__khpurchaseorder__ItemAccountAssignmentDetailsCollection__Quantity,45981,18502,27479,30+,JSON_ARRAY,30.00000000000000 | 2.00000000000000 | 10000.00000000000000 | 13.00000000000000 | 1.00000000000000
purchase_order_line.csv,sap__khpurchaseorder__ItemAccountAssignmentDetailsCollection__QuantityUnitCode,45981,18502,27479,18,,ZNO | SET | LTR | EA | MTR
purchase_order_line.csv,sap__khpurchaseorder__ItemAccountAssignmentDetailsCollection__QuantityUnitCodeText,45981,18502,27479,18,,Number | Set | Liter | Each | Meter
purchase_order_line.csv,sap__khpurchaseorder__ItemAccountAssignmentDetailsCollection__SalesOrderID,45981,0,45981,0,,
purchase_order_line.csv,sap__khpurchaseorder__ItemAccountAssignmentDetailsCollection__SalesOrderItemDescription,45981,0,45981,0,,
purchase_order_line.csv,sap__khpurchaseorder__ItemAccountAssignmentDetailsCollection__SalesOrderItemID,45981,0,45981,0,,
purchase_order_line.csv,sap__khpurchaseorder__ItemAccountAssignmentDetailsCollection__SalesOrderName,45981,0,45981,0,,
purchase_order_line.csv,sap__khpurchaseorder__ItemAccountAssignmentDetailsCollection__ServiceOrderID,45981,0,45981,0,,
purchase_order_line.csv,sap__khpurchaseorder__ItemAccountAssignmentDetailsCollection__ServiceOrderItemDescription,45981,0,45981,0,,
purchase_order_line.csv,sap__khpurchaseorder__ItemAccountAssignmentDetailsCollection__ServiceOrderItemID,45981,0,45981,0,,
purchase_order_line.csv,sap__khpurchaseorder__ItemAccountAssignmentDetailsCollection__ServiceOrderName,45981,0,45981,0,,
purchase_order_line.csv,sap__khpurchaseorder__ItemBusinessTransactionDocumentReferenceCollection__ID,45981,41800,4181,30+,"JSON_ARRAY,VERY_LONG_TEXT","[""119"", ""4-117"", ""193"", ""4-1"", ""4-256"", ""704"", ""4-342"", ""980""] | [""4-510"", ""1423"", ""2049"", ""4-804"", ""2292"", ""4-695""] | [""402"", ""4-2"", ""4-1047"", ""4-2025"", ""5757"", ""3010""] | [""4-5"", ""56"", ""4-94"", ""4-684"", ""1952"", ""4-820"", ""4-280"", ""682"", ""760"", ""2339""] | [""4-94"", ""4-684"", ""1952"", ""4-896"", ""2415"", ""4-280"", ""682"", ""760"", ""4-858"", ""4-897"", ""2414"", ""2416""]"
purchase_order_line.csv,sap__khpurchaseorder__ItemBusinessTransactionDocumentReferenceCollection__ItemID,45981,41800,4181,30+,"JSON_ARRAY,VERY_LONG_TEXT","[""1"", ""10"", ""1"", ""10"", ""10"", ""1"", ""10"", ""1""] | [""10"", ""1"", ""1"", ""10"", ""1"", ""10""] | [""1"", ""20"", ""10"", ""10"", ""1"", ""1""] | [""10"", ""1"", ""10"", ""10"", ""1"", ""10"", ""10"", ""1"", ""1"", ""1""] | [""20"", ""20"", ""2"", ""10"", ""1"", ""20"", ""2"", ""2"", ""10"", ""10"", ""1"", ""1""]"
purchase_order_line.csv,sap__khpurchaseorder__ItemBusinessTransactionDocumentReferenceCollection__ItemTypeCode,45981,41800,4181,30+,"JSON_ARRAY,VERY_LONG_TEXT","[""002"", ""14"", ""002"", ""14"", ""14"", ""002"", ""14"", ""002""] | [""14"", ""002"", ""002"", ""14"", ""002"", ""14""] | [""002"", ""14"", ""14"", ""14"", ""002"", ""002""] | [""14"", ""002"", ""14"", ""14"", ""002"", ""14"", ""14"", ""002"", ""002"", ""002""] | [""14"", ""14"", ""002"", ""14"", ""002"", ""14"", ""002"", ""002"", ""14"", ""14"", ""002"", ""002""]"
purchase_order_line.csv,sap__khpurchaseorder__ItemBusinessTransactionDocumentReferenceCollection__ItemTypeCodeText,45981,41800,4181,30+,"JSON_ARRAY,VERY_LONG_TEXT","[""Invoice Item"", ""Delivery Standard Item"", ""Invoice Item"", ""Delivery Standard Item"", ""Delivery Standard Item"", ""Invoice Item"", ""Delivery Standard Item"", ""Invoice Item""] | [""Delivery Standard Item"", ""Invoice Item"", ""Invoice Item"", ""Delivery Standard Item"", ""Invoice Item"", ""Delivery Standard Item""] | [""Invoice Item"", ""Delivery Standard Item"", ""Delivery Standard Item"", ""Delivery Standard Item"", ""Invoice Item"", ""Invoice Item""] | [""Delivery Standard Item"", ""Invoice Item"", ""Delivery Standard Item"", ""Delivery Standard Item"", ""Invoice Item"", ""Delivery Standard Item"", ""Delivery Standard Item"", ""Invoice Item"", ""Invoice Item"", ""Invoice Item""] | [""Delivery Standard Item"", ""Delivery Standard Item"", ""Invoice Item"", ""Delivery Standard Item"", ""Invoice Item"", ""Delivery Standard Item"", ""Invoice Item"", ""Invoice Item"", ""Delivery Standard Item"", ""Delivery Standard Item"", ""Invoice Item"", ""Invoice Item""]"
purchase_order_line.csv,sap__khpurchaseorder__ItemBusinessTransactionDocumentReferenceCollection__ObjectID,45981,41800,4181,30+,"JSON_ARRAY,VERY_LONG_TEXT","[""00163E5F7A8F1ED98ECECED8E6F7D395"", ""00163E5F7A8F1ED98EEA2B56B295C26D"", ""00163E5F7A8F1ED9909100562D3AD2E0"", ""00163E5F7A8F1EE98B89953F141618ED"", ""00163E876AE01EE993E0637F9497097C"", ""00163E876AE21ED9958CB2E8529C401B"", ""00163E876AE21ED997892A3978E8D6C5"", ""00163E876AE21EE998B32C66760A40B6""] | [""00163E876AE21ED99EF116FF710D580E"", ""00163E876AE21ED99FD63B8F352547F1"", ""00163E876AE21ED9A8BEFD9E843FD9ED"", ""00163E876AE21ED9A9F22713E2C98E42"", ""00163E876AE21ED9AB8BBFBA01F73368"", ""00163E876AE21EE9A6972D34E10C5A23""] | [""00163E5F7A8F1ED993A426164B8CD95E"", ""00163E5F7A8F1EE98B8B1ED7F0DF7F39"", ""00163E92A9901ED9B2E0917DCEDA075A"", ""00163E92A9901EDA95F1E8DD87F40C03"", ""00163E92A9901EDA998526DF21A9034E"", ""00163E92A9901EE9B5A4B4FE51B4116A""] | [""00163E5F7A8F1ED98BBFEAB774543383"", ""00163E5F7A8F1ED98D9F210874F4F196"", ""00163E5F7A8F1ED98E9EADFB094A34FD"", ""00163E876AE21ED9A5FBA62C7CE7A73C"", ""00163E876AE21ED9A6F7BE69DC8DB306"", ""00163E876AE21ED9AAC1F74CE1B89CCA"", ""00163E876AE21EE994AC109D57BA671A"", ""00163E876AE21EE9958B61C1D0523A57"", ""00163E876AE21EE995A78416747A31B9"", ""00163E876AE21EE9ABEC826C6BB4E45C""] | [""00163E5F7A8F1ED98E9EADFB094A14FD"", ""00163E876AE21ED9A5FBA62C7CE7873C"", ""00163E876AE21ED9A6F7BE69DC8D9306"", ""00163E876AE21ED9ACD959396955E0AB"", ""00163E876AE21ED9AD83871E1E486ADF"", ""00163E876AE21EE994AC109D57BA471A"", ""00163E876AE21EE9958B61C1D0521A57"", ""00163E876AE21EE995A78416747A11B9"", ""00163E876AE21EE9ABF2764175AB3B82"", ""00163E92A9901ED9ACD979DC0F7A2CE2"", ""00163E92A9901EE9AD837AC23B4F64B5"", ""00163E92A9901EE9AD83A7588FBFE595""]"
purchase_order_line.csv,sap__khpurchaseorder__ItemBusinessTransactionDocumentReferenceCollection__ParentObjectID,45981,41800,4181,30+,,00163E5F7A721ED98B856A38BC546BB0 | 00163E5F7A721ED98B8638CAF3AB2F59 | 00163E5F7A721ED98B863905719AAF59 | 00163E5F7A721ED98B86F643EDC452E9 | 00163E5F7A721ED98B86F69D0836F2E9
purchase_order_line.csv,sap__khpurchaseorder__ItemBusinessTransactionDocumentReferenceCollection__RelationshipRoleCode,45981,41800,4181,30+,"JSON_ARRAY,VERY_LONG_TEXT","2 | [""1"", ""1"", ""2"", ""4"", ""2"", ""2""] | [""2"", ""2"", ""4"", ""4"", ""2"", ""2"", ""2"", ""2"", ""2"", ""2"", ""2"", ""2"", ""2"", ""2"", ""2"", ""2""] | [""2"", ""2"", ""4"", ""4"", ""2"", ""2"", ""2"", ""2"", ""2"", ""2"", ""2"", ""2""] | [""2"", ""4"", ""2"", ""2""]"
purchase_order_line.csv,sap__khpurchaseorder__ItemBusinessTransactionDocumentReferenceCollection__RelationshipRoleCodeText,45981,41800,4181,30+,"JSON_ARRAY,VERY_LONG_TEXT","Successor | [""Predecessor"", ""Predecessor"", ""Successor"", ""User"", ""Successor"", ""Successor""] | [""Successor"", ""Successor"", ""User"", ""User"", ""Successor"", ""Successor"", ""Successor"", ""Successor"", ""Successor"", ""Successor"", ""Successor"", ""Successor"", ""Successor"", ""Successor"", ""Successor"", ""Successor""] | [""Successor"", ""Successor"", ""User"", ""User"", ""Successor"", ""Successor"", ""Successor"", ""Successor"", ""Successor"", ""Successor"", ""Successor"", ""Successor""] | [""Successor"", ""User"", ""Successor"", ""Successor""]"
purchase_order_line.csv,sap__khpurchaseorder__ItemBusinessTransactionDocumentReferenceCollection__TypeCode,45981,41800,4181,30+,"JSON_ARRAY,VERY_LONG_TEXT","[""004"", ""24"", ""004"", ""24"", ""24"", ""004"", ""24"", ""004""] | [""24"", ""004"", ""004"", ""24"", ""004"", ""24""] | [""004"", ""24"", ""24"", ""24"", ""004"", ""004""] | [""24"", ""004"", ""24"", ""24"", ""004"", ""24"", ""24"", ""004"", ""004"", ""004""] | [""24"", ""24"", ""004"", ""24"", ""004"", ""24"", ""004"", ""004"", ""24"", ""24"", ""004"", ""004""]"
purchase_order_line.csv,sap__khpurchaseorder__ItemBusinessTransactionDocumentReferenceCollection__TypeCodeText,45981,41800,4181,30+,"JSON_ARRAY,VERY_LONG_TEXT","[""Invoice"", ""Inbound Delivery"", ""Invoice"", ""Inbound Delivery"", ""Inbound Delivery"", ""Invoice"", ""Inbound Delivery"", ""Invoice""] | [""Inbound Delivery"", ""Invoice"", ""Invoice"", ""Inbound Delivery"", ""Invoice"", ""Inbound Delivery""] | [""Invoice"", ""Inbound Delivery"", ""Inbound Delivery"", ""Inbound Delivery"", ""Invoice"", ""Invoice""] | [""Inbound Delivery"", ""Invoice"", ""Inbound Delivery"", ""Inbound Delivery"", ""Invoice"", ""Inbound Delivery"", ""Inbound Delivery"", ""Invoice"", ""Invoice"", ""Invoice""] | [""Inbound Delivery"", ""Inbound Delivery"", ""Invoice"", ""Inbound Delivery"", ""Invoice"", ""Inbound Delivery"", ""Invoice"", ""Invoice"", ""Inbound Delivery"", ""Inbound Delivery"", ""Invoice"", ""Invoice""]"
purchase_order_line.csv,sap__khpurchaseorder__ItemEndBuyerPartyCollection__ObjectID,45981,45981,0,30+,JSON_ARRAY,"[""00163E5F7A721ED98B856A38BC54CBB0"", ""00163E5F7A721ED98B856A38BC54EBB0"", ""00163E5F7A721ED98B856A38BC552BB0"", ""00163E5F7A721ED98B856A38BC5C0BB0""] | [""00163E5F7A721ED98B8638CAF3AB8F59"", ""00163E5F7A721ED98B8638CAF3ABAF59"", ""00163E5F7A721ED98B8638CAF3ABEF59"", ""00163E5F7A721ED98B8638CAF3B2CF59""] | [""00163E5F7A721ED98B863905719B0F59"", ""00163E5F7A721ED98B863905719B2F59"", ""00163E5F7A721ED98B863905719B6F59"", ""00163E5F7A721ED98B86390571A06F59""] | [""00163E5F7A721ED98B8685E6D6C110A3"", ""00163E5F7A721ED98B8685E6D6C130A3"", ""00163E5F7A721ED98B8685E6D6C170A3"", ""00163E5F7A721ED98B8685E6D6C850A3""] | [""00163E5F7A721ED98B86A8C3EB073165"", ""00163E5F7A721ED98B86A8C3EB075165"", ""00163E5F7A721ED98B86A8C3EB077165"", ""00163E5F7A721ED98B86A8C3EB079165""]"
purchase_order_line.csv,sap__khpurchaseorder__ItemEndBuyerPartyCollection__ParentObjectID,45981,45981,0,30+,,00163E5F7A721ED98B856A38BC546BB0 | 00163E5F7A721ED98B8638CAF3AB2F59 | 00163E5F7A721ED98B863905719AAF59 | 00163E5F7A721ED98B8685E6D6C0B0A3 | 00163E5F7A721ED98B86A8C3EB06F165
purchase_order_line.csv,sap__khpurchaseorder__ItemEndBuyerPartyCollection__PartyID,45981,45981,0,30+,JSON_ARRAY,"["""", """", ""70000"", ""71000""] | ["""", """", ""71000"", ""70000""] | [""G137"", ""G137"", ""71000""] | ["""", """", ""G221"", ""71000""] | ["""", """", ""G200"", ""71000""]"
purchase_order_line.csv,sap__khpurchaseorder__ItemShipToLocationCollection__LocationID,45981,45981,0,6,JSON_ARRAY,"[""71000"", ""71000"", """"] | [""71000"", """", ""71000""] | ["""", ""71000"", ""71000""] | [""71000"", """", """"] | ["""", ""71000"", """"]"
purchase_order_line.csv,sap__khpurchaseorder__ItemShipToLocationCollection__Name,45981,45981,0,6,JSON_ARRAY,"[""Danlaw Technologies India Limited"", ""Danlaw Technologies India Limited"", """"] | [""Danlaw Technologies India Limited"", """", ""Danlaw Technologies India Limited""] | ["""", ""Danlaw Technologies India Limited"", ""Danlaw Technologies India Limited""] | [""Danlaw Technologies India Limited"", """", """"] | ["""", ""Danlaw Technologies India Limited"", """"]"
purchase_order_line.csv,sap__khpurchaseorder__ItemShipToLocationCollection__ObjectID,45981,45981,0,30+,JSON_ARRAY,"[""00163E5F7A721ED98B856A38BC54ABB0"", ""00163E5F7A721ED98B856A38BC550BB0"", ""00163E5F7A721ED98B856A38BC5A2BB0""] | [""00163E5F7A721ED98B8638CAF3AB6F59"", ""00163E5F7A721ED98B8638CAF3ABCF59"", ""00163E5F7A721ED98B8638CAF3B0EF59""] | [""00163E5F7A721ED98B863905719AEF59"", ""00163E5F7A721ED98B863905719B4F59"", ""00163E5F7A721ED98B863905719EEF59""] | [""00163E5F7A721ED98B8685E6D6C0F0A3"", ""00163E5F7A721ED98B8685E6D6C150A3"", ""00163E5F7A721ED98B8685E6D6C670A3""] | [""00163E5F7A721ED98B86A8C3EB07B165"", ""00163E5F7A721ED98B86A8C3EB07D165"", ""00163E5F7A721ED98B86A8C3EB07F165""]"
purchase_order_line.csv,sap__khpurchaseorder__ItemShipToLocationCollection__ParentObjectID,45981,45981,0,30+,,00163E5F7A721ED98B856A38BC546BB0 | 00163E5F7A721ED98B8638CAF3AB2F59 | 00163E5F7A721ED98B863905719AAF59 | 00163E5F7A721ED98B8685E6D6C0B0A3 | 00163E5F7A721ED98B86A8C3EB06F165
purchase_order_rfq.csv,id,139,139,0,30+,,sap_rfq_30007439 | sap_rfq_30007147 | sap_rfq_30007257 | sap_rfq_30007244 | sap_rfq_30005511
purchase_order_rfq.csv,name,139,139,0,30+,,30007439 | 30007147 | 30007257 | 30007244 | 30005511
purchase_order_rfq.csv,partner_id/id,139,139,0,30+,,sap_bp_1001688 | sap_bp_2015361 | sap_bp_1003737 | sap_bp_8000280 | sap_bp_1002974
purchase_order_rfq.csv,date_order,139,139,0,30+,,2022-04-28 | 2022-02-21 | 2022-03-18 | 2022-03-16 | 2021-05-21
purchase_order_rfq.csv,state,139,139,0,2,,draft | sent
purchase_order_rfq.csv,currency_id/id,139,139,0,3,,base.USD | base.INR | base.EUR
purchase_order_rfq.csv,amount_total,139,139,0,30+,,3935.400000 | 174557.410000 | 3570.560000 | 18900.000000 | 517052.400000
purchase_order_rfq.csv,sap__khpurchaseorder__PurchaseOrderCollection__AcknowledgmentStatusCode,139,139,0,2,,9 | 1
purchase_order_rfq.csv,sap__khpurchaseorder__PurchaseOrderCollection__AcknowledgmentStatusCodeText,139,139,0,2,,No Acknowledgment Expected | No Acknowledgment Received
purchase_order_rfq.csv,sap__khpurchaseorder__PurchaseOrderCollection__ConsistencyStatusCode,139,139,0,2,,3 | 2
purchase_order_rfq.csv,sap__khpurchaseorder__PurchaseOrderCollection__ConsistencyStatusCodeText,139,139,0,2,,Consistent | Inconsistent
purchase_order_rfq.csv,sap__khpurchaseorder__PurchaseOrderCollection__CreationDateTime,139,139,0,30+,,2022-04-28 05:00:48 | 2022-02-21 09:41:22 | 2022-03-18 05:45:06 | 2022-03-16 05:45:55 | 2021-05-21 08:09:26
purchase_order_rfq.csv,sap__khpurchaseorder__PurchaseOrderCollection__CurrencyCode,139,139,0,3,,USD | INR | EUR
purchase_order_rfq.csv,sap__khpurchaseorder__PurchaseOrderCollection__CurrencyCodeText,139,139,0,3,,US Dollar | Indian Rupee | Euro
purchase_order_rfq.csv,sap__khpurchaseorder__PurchaseOrderCollection__DataOriginTypeCode,139,139,0,2,,1 | 8
purchase_order_rfq.csv,sap__khpurchaseorder__PurchaseOrderCollection__DataOriginTypeCodeText,139,139,0,2,,Manual data entry | Manual sourcing
purchase_order_rfq.csv,sap__khpurchaseorder__PurchaseOrderCollection__DeliveryStatusCode,139,139,0,3,,1 | 3 | 2
purchase_order_rfq.csv,sap__khpurchaseorder__PurchaseOrderCollection__DeliveryStatusCodeText,139,139,0,3,,Not Delivered | Delivered | Partially Delivered
purchase_order_rfq.csv,sap__khpurchaseorder__PurchaseOrderCollection__ID,139,139,0,30+,,30007439 | 30007147 | 30007257 | 30007244 | 30005511
purchase_order_rfq.csv,sap__khpurchaseorder__PurchaseOrderCollection__IncotermsCode,139,139,0,6,,EXW | DAP | FOB | FAS | CIF
purchase_order_rfq.csv,sap__khpurchaseorder__PurchaseOrderCollection__IncotermsCodeText,139,139,0,6,,"Ex works | Delivered at place | Free on board | Free alongside ship | Cost, insurance and freight"
purchase_order_rfq.csv,sap__khpurchaseorder__PurchaseOrderCollection__IncotermsLocationName,139,139,0,30+,,Singapore | Chennai | Yaumatei | Pune | Verna
purchase_order_rfq.csv,sap__khpurchaseorder__PurchaseOrderCollection__InvoicingStatusCode,139,139,0,4,,1 | 3 | 2 | 4
purchase_order_rfq.csv,sap__khpurchaseorder__PurchaseOrderCollection__InvoicingStatusCodeText,139,139,0,4,,Not Started | Finished | In Process | Not Relevant
purchase_order_rfq.csv,sap__khpurchaseorder__PurchaseOrderCollection__LastChangeDateTime,139,139,0,30+,,2022-04-28 05:00:48 | 2024-10-08 09:06:58 | 2022-09-24 03:17:42 | 2023-08-11 10:45:32 | 2021-11-10 05:39:48
purchase_order_rfq.csv,sap__khpurchaseorder__PurchaseOrderCollection__LifeCycleStatusCode,139,139,0,2,,1 | 2
purchase_order_rfq.csv,sap__khpurchaseorder__PurchaseOrderCollection__LifeCycleStatusCodeText,139,139,0,2,,In Preparation | In Approval
purchase_order_rfq.csv,sap__khpurchaseorder__PurchaseOrderCollection__ObjectID,139,139,0,30+,,00163EA941891EECB1D6007548863020 | 00163EA9426E1EDCA4DF27475E4C80AA | 00163EA9426E1EDCA9CFC05188199C8C | 00163EA9426E1EECA99D4D25C6FF02A1 | 00163EA942DA1EDBAEC1661B6D478F92
purchase_order_rfq.csv,sap__khpurchaseorder__PurchaseOrderCollection__PreventDocumentOutputIndicator,139,139,0,1,,False
purchase_order_rfq.csv,sap__khpurchaseorder__PurchaseOrderCollection__TotalGrossAmount,139,139,0,30+,,3935.400000 | 174557.410000 | 3570.560000 | 18900.000000 | 517052.400000
purchase_order_rfq.csv,sap__khpurchaseorder__PurchaseOrderCollection__TotalNetAmount,139,139,0,30+,,3935.400000 | 136372.980000 | 3570.560000 | 18900.000000 | 438180.000000
purchase_order_rfq.csv,sap__khpurchaseorder__PurchaseOrderCollection__TotalTaxAmount,139,139,0,30+,,0.000000 | 38184.430000 | 78872.400000 | 45570.600000 | 142560.000000
purchase_order_rfq.csv,sap__khpurchaseorder__PurchaseOrderCollection__UUID,139,139,0,30+,,00163EA9-4189-1EEC-B1D6-007548863020 | 00163EA9-426E-1EDC-A4DF-27475E4C80AA | 00163EA9-426E-1EDC-A9CF-C05188199C8C | 00163EA9-426E-1EEC-A99D-4D25C6FF02A1 | 00163EA9-42DA-1EDB-AEC1-661B6D478F92
purchase_order_rfq.csv,sap__khpurchaseorder__ApproverPartyCollection__ObjectID,139,139,0,30+,JSON_ARRAY,"[""00163EA941891EECB1D6007548867020"", ""00163EA941891EECB1D6007548869020"", ""00163EA941891EECB1D600754886B020"", ""00163EA941891EECB1D6007548891020""] | [""00163EA9426E1EDCA4DF27475E4CC0AA"", ""00163EA9426E1EDCA4DF27475E4CE0AA"", ""00163EA9426E1EDCA4DF27475E4D00AA"", ""00163EA9426E1EDCA4DF27475E4F60AA"", ""00163EA9426E1EECA5AC06A09A5DBF05""] | [""00163EA9426E1EDCA9CFC0518819DC8C"", ""00163EA9426E1EDCA9CFC0518819FC8C"", ""00163EA9426E1EDCA9CFC051881A1C8C"", ""00163EA9426E1EDCA9CFC051881C7C8C""] | [""00163EA9426E1EDCA9A9696D79695CF6"", ""00163EA9426E1EECA99D4D25C70062A1"", ""00163EA9426E1EECA99D4D25C70082A1"", ""00163EA9426E1EECA99D4D25C702C2A1"", ""00163EA9426E1EECA99D4DEAB2D002AF""] | [""00163EA942DA1EDBAEC1661B6D48EF92"", ""00163EA942DA1EDBAEC1661B6D490F92"", ""00163EA942DA1EDBAEC1661B6D4B6F92"", ""00163EA942DA1EDBAEC16A4192436F95"", ""00163EA942DA1EDBAEC22DC7493D9376""]"
purchase_order_rfq.csv,sap__khpurchaseorder__ApproverPartyCollection__ParentObjectID,139,139,0,30+,,00163EA941891EECB1D6007548863020 | 00163EA9426E1EDCA4DF27475E4C80AA | 00163EA9426E1EDCA9CFC05188199C8C | 00163EA9426E1EECA99D4D25C6FF02A1 | 00163EA942DA1EDBAEC1661B6D478F92
purchase_order_rfq.csv,sap__khpurchaseorder__ApproverPartyCollection__PartyID,139,139,0,30+,JSON_ARRAY,"[""70000"", ""70000"", ""1001688"", ""G233""] | [""70000"", ""70000"", ""2015361"", ""G233"", ""G232""] | [""70000"", ""70000"", ""1003737"", ""G233""] | [""G232"", ""70000"", ""G233"", ""70000"", ""1001688""] | [""70000"", ""G020"", ""70000"", ""8000280"", ""G232""]"
purchase_order_rfq.csv,sap__khpurchaseorder__BillToPartyCollection__ObjectID,139,139,0,30+,JSON_ARRAY,"[""00163EA941891EECB1D6007548867020"", ""00163EA941891EECB1D6007548869020"", ""00163EA941891EECB1D600754886B020"", ""00163EA941891EECB1D6007548891020""] | [""00163EA9426E1EDCA4DF27475E4CC0AA"", ""00163EA9426E1EDCA4DF27475E4CE0AA"", ""00163EA9426E1EDCA4DF27475E4D00AA"", ""00163EA9426E1EDCA4DF27475E4F60AA"", ""00163EA9426E1EECA5AC06A09A5DBF05""] | [""00163EA9426E1EDCA9CFC0518819DC8C"", ""00163EA9426E1EDCA9CFC0518819FC8C"", ""00163EA9426E1EDCA9CFC051881A1C8C"", ""00163EA9426E1EDCA9CFC051881C7C8C""] | [""00163EA9426E1EDCA9A9696D79695CF6"", ""00163EA9426E1EECA99D4D25C70062A1"", ""00163EA9426E1EECA99D4D25C70082A1"", ""00163EA9426E1EECA99D4D25C702C2A1"", ""00163EA9426E1EECA99D4DEAB2D002AF""] | [""00163EA942DA1EDBAEC1661B6D48EF92"", ""00163EA942DA1EDBAEC1661B6D490F92"", ""00163EA942DA1EDBAEC1661B6D4B6F92"", ""00163EA942DA1EDBAEC16A4192436F95"", ""00163EA942DA1EDBAEC22DC7493D9376""]"
purchase_order_rfq.csv,sap__khpurchaseorder__BillToPartyCollection__ParentObjectID,139,139,0,30+,,00163EA941891EECB1D6007548863020 | 00163EA9426E1EDCA4DF27475E4C80AA | 00163EA9426E1EDCA9CFC05188199C8C | 00163EA9426E1EECA99D4D25C6FF02A1 | 00163EA942DA1EDBAEC1661B6D478F92
purchase_order_rfq.csv,sap__khpurchaseorder__BillToPartyCollection__PartyID,139,139,0,30+,JSON_ARRAY,"[""70000"", ""70000"", ""1001688"", ""G233""] | [""70000"", ""70000"", ""2015361"", ""G233"", ""G232""] | [""70000"", ""70000"", ""1003737"", ""G233""] | [""G232"", ""70000"", ""G233"", ""70000"", ""1001688""] | [""70000"", ""G020"", ""70000"", ""8000280"", ""G232""]"
purchase_order_rfq.csv,sap__khpurchaseorder__BusinessTransactionDocumentReferenceCollection__ID,139,12,127,11,JSON_ARRAY,"[""4-9445"", ""21923"", ""4-9756"", ""102"", ""4-9904"", ""110"", ""97"", ""99"", ""282"", ""289"", ""4-9586"", ""22175"", ""22510"", ""22828"", ""273"", ""271""] | [""4-18059"", ""36335""] | [""4-13178"", ""28347""] | 9731 | 9679"
purchase_order_rfq.csv,sap__khpurchaseorder__BusinessTransactionDocumentReferenceCollection__ItemID,139,0,139,0,,
purchase_order_rfq.csv,sap__khpurchaseorder__BusinessTransactionDocumentReferenceCollection__ItemTypeCode,139,0,139,0,,
purchase_order_rfq.csv,sap__khpurchaseorder__BusinessTransactionDocumentReferenceCollection__ItemTypeCodeText,139,0,139,0,,
purchase_order_rfq.csv,sap__khpurchaseorder__BusinessTransactionDocumentReferenceCollection__ObjectID,139,12,127,12,"JSON_ARRAY,VERY_LONG_TEXT","[""FA163E0329D91EDCBFED371BE966B8BD"", ""FA163E0329D91EDD81FD494CC1C07AE7"", ""FA163E0329D91EDD85DD730CC3CE3410"", ""FA163E0329D91EDD8887620F96D0502C"", ""FA163E0329D91EDD88D8DE0323D8A97A"", ""FA163E0329D91EDD8BB595C9A4E51045"", ""FA163E0329D91EED81CCFE2A080B47B9"", ""FA163E0329D91EED83F9BC9161CE1CC3"", ""FA163E39381E1EED88874CB04D357825"", ""FA163E39381E1EED8BB56582CDB065C0"", ""FA163E6C5E4B1EDD81FF0AA5CC323FB4"", ""FA163E6C5E4B1EDD84AEDCD2EBB86368"", ""FA163E6C5E4B1EDD88BEEC15660EA133"", ""FA163E6C5E4B1EDD8C8102A0BAB52BEC"", ""FA163EE3F7811EDD83F9B3F5DCA8D0F2"", ""FA163EE3F7811EED819C5AA0B99F4B20""] | [""393CC51A438F1EEF90E88E3ABB2711BF"", ""77368A1DC3901EDF92E5AD9DAF454918""] | [""893484B0C0D01EEE849C8B1DCEA2AF25"", ""978DE9FB60D51EEE84FC2B95DAF5A357""] | FA163E19A50C1FE1ADCACC7D25EC433D | FA163E19A50C1FE1ADCD4CB81C84C345"
purchase_order_rfq.csv,sap__khpurchaseorder__BusinessTransactionDocumentReferenceCollection__ParentObjectID,139,12,127,12,,00163EA9426E1EDCA4DF27475E4C80AA | 67DDF946A9A21EEF8EBC13DFE7EC0A2C | 69E619FFAD611EEE84849C402D530A39 | FA163E19A50C1FE1ADCACC7D25E5C33D | FA163E19A50C1FE1ADCD35C0CA620345
purchase_order_rfq.csv,sap__khpurchaseorder__BusinessTransactionDocumentReferenceCollection__RelationshipRoleCode,139,12,127,3,JSON_ARRAY,"[""2"", ""2"", ""2"", ""4"", ""2"", ""4"", ""4"", ""4"", ""4"", ""4"", ""2"", ""2"", ""2"", ""2"", ""4"", ""4""] | 2 | 1"
purchase_order_rfq.csv,sap__khpurchaseorder__BusinessTransactionDocumentReferenceCollection__RelationshipRoleCodeText,139,12,127,3,JSON_ARRAY,"[""Successor"", ""Successor"", ""Successor"", ""User"", ""Successor"", ""User"", ""User"", ""User"", ""User"", ""User"", ""Successor"", ""Successor"", ""Successor"", ""Successor"", ""User"", ""User""] | Successor | Predecessor"
purchase_order_rfq.csv,sap__khpurchaseorder__BusinessTransactionDocumentReferenceCollection__TypeCode,139,12,127,5,JSON_ARRAY,"[""24"", ""004"", ""24"", ""73"", ""24"", ""73"", ""73"", ""73"", ""1671"", ""1671"", ""24"", ""004"", ""004"", ""004"", ""1671"", ""1671""] | [""24"", ""004""] | 108 | [""62"", ""108""] | [""004"", ""24"", ""24"", ""24"", ""24"", ""24"", ""004"", ""004"", ""24"", ""24"", ""004"", ""24"", ""24"", ""004"", ""24"", ""24"", ""004"", ""004"", ""004"", ""004"", ""004"", ""004"", ""004"", ""004"", ""004"", ""24"", ""24"", ""24""]"
purchase_order_rfq.csv,sap__khpurchaseorder__BusinessTransactionDocumentReferenceCollection__TypeCodeText,139,12,127,5,JSON_ARRAY,"[""Inbound Delivery"", ""Invoice"", ""Inbound Delivery"", ""Outbound Delivery"", ""Inbound Delivery"", ""Outbound Delivery"", ""Outbound Delivery"", ""Outbound Delivery"", ""Return to Supplier"", ""Return to Supplier"", ""Inbound Delivery"", ""Invoice"", ""Invoice"", ""Invoice"", ""Return to Supplier"", ""Return to Supplier""] | [""Inbound Delivery"", ""Invoice""] | Purchase Request | [""Shopping Cart"", ""Purchase Request""] | [""Invoice"", ""Inbound Delivery"", ""Inbound Delivery"", ""Inbound Delivery"", ""Inbound Delivery"", ""Inbound Delivery"", ""Invoice"", ""Invoice"", ""Inbound Delivery"", ""Inbound Delivery"", ""Invoice"", ""Inbound Delivery"", ""Inbound Delivery"", ""Invoice"", ""Inbound Delivery"", ""Inbound Delivery"", ""Invoice"", ""Invoice"", ""Invoice"", ""Invoice"", ""Invoice"", ""Invoice"", ""Invoice"", ""Invoice"", ""Invoice"", ""Inbound Delivery"", ""Inbound Delivery"", ""Inbound Delivery""]"
purchase_order_rfq.csv,sap__khpurchaseorder__BuyerPartyCollection__ObjectID,139,139,0,30+,JSON_ARRAY,"[""00163EA941891EECB1D6007548867020"", ""00163EA941891EECB1D6007548869020"", ""00163EA941891EECB1D600754886B020"", ""00163EA941891EECB1D6007548891020""] | [""00163EA9426E1EDCA4DF27475E4CC0AA"", ""00163EA9426E1EDCA4DF27475E4CE0AA"", ""00163EA9426E1EDCA4DF27475E4D00AA"", ""00163EA9426E1EDCA4DF27475E4F60AA"", ""00163EA9426E1EECA5AC06A09A5DBF05""] | [""00163EA9426E1EDCA9CFC0518819DC8C"", ""00163EA9426E1EDCA9CFC0518819FC8C"", ""00163EA9426E1EDCA9CFC051881A1C8C"", ""00163EA9426E1EDCA9CFC051881C7C8C""] | [""00163EA9426E1EDCA9A9696D79695CF6"", ""00163EA9426E1EECA99D4D25C70062A1"", ""00163EA9426E1EECA99D4D25C70082A1"", ""00163EA9426E1EECA99D4D25C702C2A1"", ""00163EA9426E1EECA99D4DEAB2D002AF""] | [""00163EA942DA1EDBAEC1661B6D48EF92"", ""00163EA942DA1EDBAEC1661B6D490F92"", ""00163EA942DA1EDBAEC1661B6D4B6F92"", ""00163EA942DA1EDBAEC16A4192436F95"", ""00163EA942DA1EDBAEC22DC7493D9376""]"
purchase_order_rfq.csv,sap__khpurchaseorder__BuyerPartyCollection__ParentObjectID,139,139,0,30+,,00163EA941891EECB1D6007548863020 | 00163EA9426E1EDCA4DF27475E4C80AA | 00163EA9426E1EDCA9CFC05188199C8C | 00163EA9426E1EECA99D4D25C6FF02A1 | 00163EA942DA1EDBAEC1661B6D478F92
purchase_order_rfq.csv,sap__khpurchaseorder__BuyerPartyCollection__PartyID,139,139,0,30+,JSON_ARRAY,"[""70000"", ""70000"", ""1001688"", ""G233""] | [""70000"", ""70000"", ""2015361"", ""G233"", ""G232""] | [""70000"", ""70000"", ""1003737"", ""G233""] | [""G232"", ""70000"", ""G233"", ""70000"", ""1001688""] | [""70000"", ""G020"", ""70000"", ""8000280"", ""G232""]"
purchase_order_rfq.csv,sap__khpurchaseorder__EmployeeResponsibleCollection__ObjectID,139,139,0,30+,JSON_ARRAY,"[""00163EA941891EECB1D6007548867020"", ""00163EA941891EECB1D6007548869020"", ""00163EA941891EECB1D600754886B020"", ""00163EA941891EECB1D6007548891020""] | [""00163EA9426E1EDCA4DF27475E4CC0AA"", ""00163EA9426E1EDCA4DF27475E4CE0AA"", ""00163EA9426E1EDCA4DF27475E4D00AA"", ""00163EA9426E1EDCA4DF27475E4F60AA"", ""00163EA9426E1EECA5AC06A09A5DBF05""] | [""00163EA9426E1EDCA9CFC0518819DC8C"", ""00163EA9426E1EDCA9CFC0518819FC8C"", ""00163EA9426E1EDCA9CFC051881A1C8C"", ""00163EA9426E1EDCA9CFC051881C7C8C""] | [""00163EA9426E1EDCA9A9696D79695CF6"", ""00163EA9426E1EECA99D4D25C70062A1"", ""00163EA9426E1EECA99D4D25C70082A1"", ""00163EA9426E1EECA99D4D25C702C2A1"", ""00163EA9426E1EECA99D4DEAB2D002AF""] | [""00163EA942DA1EDBAEC1661B6D48EF92"", ""00163EA942DA1EDBAEC1661B6D490F92"", ""00163EA942DA1EDBAEC1661B6D4B6F92"", ""00163EA942DA1EDBAEC16A4192436F95"", ""00163EA942DA1EDBAEC22DC7493D9376""]"
purchase_order_rfq.csv,sap__khpurchaseorder__EmployeeResponsibleCollection__ParentObjectID,139,139,0,30+,,00163EA941891EECB1D6007548863020 | 00163EA9426E1EDCA4DF27475E4C80AA | 00163EA9426E1EDCA9CFC05188199C8C | 00163EA9426E1EECA99D4D25C6FF02A1 | 00163EA942DA1EDBAEC1661B6D478F92
purchase_order_rfq.csv,sap__khpurchaseorder__EmployeeResponsibleCollection__PartyID,139,139,0,30+,JSON_ARRAY,"[""70000"", ""70000"", ""1001688"", ""G233""] | [""70000"", ""70000"", ""2015361"", ""G233"", ""G232""] | [""70000"", ""70000"", ""1003737"", ""G233""] | [""G232"", ""70000"", ""G233"", ""70000"", ""1001688""] | [""70000"", ""G020"", ""70000"", ""8000280"", ""G232""]"
purchase_order_rfq.csv,sap__khpurchaseorder__ItemCollection__AcknowledgmentRequirementCode,139,0,139,0,,
purchase_order_rfq.csv,sap__khpurchaseorder__ItemCollection__AcknowledgmentRequirementCodeText,139,0,139,0,,
purchase_order_rfq.csv,sap__khpurchaseorder__ItemCollection__DeliveryEndDateTime,139,110,29,30+,"JSON_ARRAY,VERY_LONG_TEXT","2022-05-24 00:00:00 | [""2022-12-15 18:30:00"", ""2022-09-13 18:30:00""] | 2022-10-10 18:30:00 | [""2023-04-11 00:00:00"", ""2034-12-15 18:30:00""] | 2021-05-28 18:30:00"
purchase_order_rfq.csv,sap__khpurchaseorder__ItemCollection__DeliveryEndDateTimeZoneCode,139,110,29,18,JSON_ARRAY,"UTC | INDIA | [""UTC"", ""INDIA""] | [""INDIA"", ""UTC""] | [""UTC"", ""INDIA"", ""INDIA""]"
purchase_order_rfq.csv,sap__khpurchaseorder__ItemCollection__DeliveryStartDateTime,139,110,29,30+,"JSON_ARRAY,VERY_LONG_TEXT","2022-05-04 00:00:00 | [""2022-07-24 18:30:00"", ""2022-07-14 18:30:00""] | 2022-10-09 18:30:00 | [""2023-02-10 00:00:00"", ""2023-06-14 18:30:00""] | 2021-05-27 18:30:00"
purchase_order_rfq.csv,sap__khpurchaseorder__ItemCollection__DeliveryStartDateTimeZoneCode,139,110,29,18,JSON_ARRAY,"UTC | INDIA | [""UTC"", ""INDIA""] | [""INDIA"", ""UTC""] | [""UTC"", ""INDIA"", ""INDIA""]"
purchase_order_rfq.csv,sap__khpurchaseorder__ItemCollection__DeliveryStatusCode,139,110,29,10,JSON_ARRAY,"1 | 3 | [""4"", ""1""] | [""1"", ""4""] | [""4"", ""3""]"
purchase_order_rfq.csv,sap__khpurchaseorder__ItemCollection__DeliveryStatusCodeText,139,110,29,10,"JSON_ARRAY,VERY_LONG_TEXT","Not Delivered | Delivered | [""Not Relevant"", ""Not Delivered""] | [""Not Delivered"", ""Not Relevant""] | [""Not Relevant"", ""Delivered""]"
purchase_order_rfq.csv,sap__khpurchaseorder__ItemCollection__Description,139,110,29,30+,"JSON_ARRAY,VERY_LONG_TEXT","ICS REG BUCK ADJ 2.5A SYNC 22VQFN | [""Base Black PP-01B1 2.0t RH"", ""Base Black PP-01B1 2.0t LH""] | PCB 2 Layer FR4 | [""DIODE TVS 24V 38.9V DO218AB"", ""IC REG BUCK 5V 0.65A SYNC""] | [""Elantron W 5506 Epoxy Hardener"", ""Elan-tron MC 5506 Epoxy resin""]"
purchase_order_rfq.csv,sap__khpurchaseorder__ItemCollection__DirectMaterialIndicator,139,110,29,9,JSON_ARRAY,"True | [""True"", ""False""] | [""False"", ""True""] | [""True"", ""True"", ""True"", ""True"", ""True"", ""True"", ""True"", ""True"", ""True"", ""True"", ""True"", ""True"", ""True"", ""True"", ""True"", ""True"", ""True"", ""True"", ""True"", ""True"", ""True"", ""True"", ""True"", ""True"", ""True"", ""True"", ""True"", ""False""] | [""True"", ""True"", ""True"", ""True"", ""True"", ""True"", ""True"", ""True"", ""True"", ""True"", ""True"", ""True"", ""True"", ""True"", ""True"", ""True"", ""True"", ""True"", ""True"", ""True"", ""True"", ""True"", ""True"", ""True"", ""True"", ""True"", ""True"", ""True"", ""True"", ""True"", ""True"", ""True"", ""False""]"
purchase_order_rfq.csv,sap__khpurchaseorder__ItemCollection__EmployeeTimeConfirmationRequiredIndicator,139,110,29,1,,False
purchase_order_rfq.csv,sap__khpurchaseorder__ItemCollection__EvaluatedReceiptSettlementIndicator,139,110,29,1,,False
purchase_order_rfq.csv,sap__khpurchaseorder__ItemCollection__GoodsAndServiceReceiptRequirementCode,139,110,29,5,JSON_ARRAY,"01 | [""01"", ""05""] | [""05"", ""01""] | [""01"", ""01"", ""01"", ""01"", ""01"", ""01"", ""01"", ""01"", ""01"", ""01"", ""01"", ""01"", ""01"", ""01"", ""01"", ""01"", ""01"", ""01"", ""01"", ""01"", ""01"", ""01"", ""01"", ""01"", ""01"", ""01"", ""01"", ""05""] | [""01"", ""01"", ""01"", ""01"", ""01"", ""01"", ""01"", ""01"", ""01"", ""01"", ""01"", ""01"", ""01"", ""01"", ""01"", ""01"", ""01"", ""01"", ""01"", ""01"", ""01"", ""01"", ""01"", ""01"", ""01"", ""01"", ""01"", ""01"", ""01"", ""01"", ""01"", ""01"", ""05""]"
purchase_order_rfq.csv,sap__khpurchaseorder__ItemCollection__GoodsAndServiceReceiptRequirementCodeText,139,110,29,5,JSON_ARRAY,"Required | [""Required"", ""Forbidden""] | [""Forbidden"", ""Required""] | [""Required"", ""Required"", ""Required"", ""Required"", ""Required"", ""Required"", ""Required"", ""Required"", ""Required"", ""Required"", ""Required"", ""Required"", ""Required"", ""Required"", ""Required"", ""Required"", ""Required"", ""Required"", ""Required"", ""Required"", ""Required"", ""Required"", ""Required"", ""Required"", ""Required"", ""Required"", ""Required"", ""Forbidden""] | [""Required"", ""Required"", ""Required"", ""Required"", ""Required"", ""Required"", ""Required"", ""Required"", ""Required"", ""Required"", ""Required"", ""Required"", ""Required"", ""Required"", ""Required"", ""Required"", ""Required"", ""Required"", ""Required"", ""Required"", ""Required"", ""Required"", ""Required"", ""Required"", ""Required"", ""Required"", ""Required"", ""Required"", ""Required"", ""Required"", ""Required"", ""Required"", ""Forbidden""]"
purchase_order_rfq.csv,sap__khpurchaseorder__ItemCollection__ID,139,110,29,18,JSON_ARRAY,"1 | [""1"", ""2""] | [""2"", ""1""] | [""1"", ""2"", ""3""] | [""1"", ""2"", ""3"", ""4"", ""5"", ""6"", ""7"", ""8"", ""9"", ""10"", ""11""]"
purchase_order_rfq.csv,sap__khpurchaseorder__ItemCollection__InvoiceRequirementCode,139,110,29,2,,01 | 05
purchase_order_rfq.csv,sap__khpurchaseorder__ItemCollection__InvoiceRequirementCodeText,139,110,29,2,,Required | Forbidden
purchase_order_rfq.csv,sap__khpurchaseorder__ItemCollection__InvoicingStatusCode,139,110,29,7,JSON_ARRAY,"1 | 3 | [""4"", ""1""] | [""1"", ""3""] | [""2"", ""2"", ""1""]"
purchase_order_rfq.csv,sap__khpurchaseorder__ItemCollection__InvoicingStatusCodeText,139,110,29,7,JSON_ARRAY,"Not Invoiced | Invoiced | [""Not Relevant"", ""Not Invoiced""] | [""Not Invoiced"", ""Invoiced""] | [""Partially Invoiced"", ""Partially Invoiced"", ""Not Invoiced""]"
purchase_order_rfq.csv,sap__khpurchaseorder__ItemCollection__ItemTypeCode,139,110,29,5,JSON_ARRAY,"18 | [""18"", ""84""] | [""84"", ""18""] | [""18"", ""18"", ""18"", ""18"", ""18"", ""18"", ""18"", ""18"", ""18"", ""18"", ""18"", ""18"", ""18"", ""18"", ""18"", ""18"", ""18"", ""18"", ""18"", ""18"", ""18"", ""18"", ""18"", ""18"", ""18"", ""18"", ""18"", ""84""] | [""18"", ""18"", ""18"", ""18"", ""18"", ""18"", ""18"", ""18"", ""18"", ""18"", ""18"", ""18"", ""18"", ""18"", ""18"", ""18"", ""18"", ""18"", ""18"", ""18"", ""18"", ""18"", ""18"", ""18"", ""18"", ""18"", ""18"", ""18"", ""18"", ""18"", ""18"", ""18"", ""19""]"
purchase_order_rfq.csv,sap__khpurchaseorder__ItemCollection__ItemTypeCodeText,139,110,29,5,JSON_ARRAY,"Material | [""Material"", ""Expense""] | [""Expense"", ""Material""] | [""Material"", ""Material"", ""Material"", ""Material"", ""Material"", ""Material"", ""Material"", ""Material"", ""Material"", ""Material"", ""Material"", ""Material"", ""Material"", ""Material"", ""Material"", ""Material"", ""Material"", ""Material"", ""Material"", ""Material"", ""Material"", ""Material"", ""Material"", ""Material"", ""Material"", ""Material"", ""Material"", ""Expense""] | [""Material"", ""Material"", ""Material"", ""Material"", ""Material"", ""Material"", ""Material"", ""Material"", ""Material"", ""Material"", ""Material"", ""Material"", ""Material"", ""Material"", ""Material"", ""Material"", ""Material"", ""Material"", ""Material"", ""Material"", ""Material"", ""Material"", ""Material"", ""Material"", ""Material"", ""Material"", ""Material"", ""Material"", ""Material"", ""Material"", ""Material"", ""Material"", ""Service""]"
purchase_order_rfq.csv,sap__khpurchaseorder__ItemCollection__LifeCycleStatusCode,139,110,29,9,JSON_ARRAY,"1 | 10 | [""8"", ""6""] | [""2"", ""6""] | [""1"", ""10""]"
purchase_order_rfq.csv,sap__khpurchaseorder__ItemCollection__LifeCycleStatusCodeText,139,110,29,9,JSON_ARRAY,"In Preparation | Finished | [""Canceled"", ""Sent""] | [""In Approval"", ""Sent""] | [""In Preparation"", ""Finished""]"
purchase_order_rfq.csv,sap__khpurchaseorder__ItemCollection__ListUnitPriceAmount,139,110,29,30+,JSON_ARRAY,"9.370000 | 7.820000 | 0.700000 | [""1.280000"", ""0.900000""] | [""630.000000"", ""625.300000""]"
purchase_order_rfq.csv,sap__khpurchaseorder__ItemCollection__ListUnitPriceBaseQuantity,139,110,29,24,"JSON_ARRAY,VERY_LONG_TEXT","100.00000000000000 | 1.00000000000000 | 10.00000000000000 | [""10.00000000000000"", ""100.00000000000000"", ""10.00000000000000""] | [""100.00000000000000"", ""1.00000000000000""]"
purchase_order_rfq.csv,sap__khpurchaseorder__ItemCollection__ListUnitPriceBaseUnitCode,139,110,29,9,JSON_ARRAY,"ZNO | KGM | [""ZNO"", ""EA""] | [""ZNO"", ""ZNO"", ""ZNO"", ""ZNO"", ""ZNO"", ""ZNO"", ""ZNO"", ""ZNO"", ""ZNO"", ""ZNO"", ""ZNO"", ""ZNO"", ""ZNO"", ""ZNO"", ""ZNO"", ""ZNO"", ""ZNO"", ""ZNO"", ""ZNO"", ""ZNO"", ""ZNO"", ""ZNO"", ""ZNO"", ""ZNO"", ""ZNO"", ""ZNO"", ""ZNO"", ""ZNO"", ""ZNO"", ""ZNO"", ""ZNO"", ""ZNO"", ""EA""] | [""ZNO"", ""ZNO"", """"]"
purchase_order_rfq.csv,sap__khpurchaseorder__ItemCollection__ListUnitPriceCurrencyCode,139,110,29,3,,USD | INR | EUR
purchase_order_rfq.csv,sap__khpurchaseorder__ItemCollection__NetAmount,139,110,29,30+,JSON_ARRAY,"3935.400000 | [""68073.100000"", ""68299.880000""] | 3570.560000 | [""17280.000000"", ""18900.000000""] | [""63000.000000"", ""375180.000000""]"
purchase_order_rfq.csv,sap__khpurchaseorder__ItemCollection__NetAmountCurrencyCode,139,110,29,3,,USD | INR | EUR
purchase_order_rfq.csv,sap__khpurchaseorder__ItemCollection__NetAmountCurrencyCodeText,139,110,29,3,,US Dollar | Indian Rupee | Euro
purchase_order_rfq.csv,sap__khpurchaseorder__ItemCollection__NetUnitPriceAmount,139,110,29,30+,JSON_ARRAY,"9.370000 | 7.820000 | 0.700000 | [""1.280000"", ""0.900000""] | [""630.000000"", ""625.300000""]"
purchase_order_rfq.csv,sap__khpurchaseorder__ItemCollection__NetUnitPriceBaseQuantity,139,110,29,24,"JSON_ARRAY,VERY_LONG_TEXT","100.00000000000000 | 1.00000000000000 | 10.00000000000000 | [""10.00000000000000"", ""100.00000000000000"", ""10.00000000000000""] | [""100.00000000000000"", ""1.00000000000000""]"
purchase_order_rfq.csv,sap__khpurchaseorder__ItemCollection__NetUnitPriceBaseUnitCode,139,110,29,9,JSON_ARRAY,"ZNO | KGM | [""ZNO"", ""EA""] | [""ZNO"", ""ZNO"", ""ZNO"", ""ZNO"", ""ZNO"", ""ZNO"", ""ZNO"", ""ZNO"", ""ZNO"", ""ZNO"", ""ZNO"", ""ZNO"", ""ZNO"", ""ZNO"", ""ZNO"", ""ZNO"", ""ZNO"", ""ZNO"", ""ZNO"", ""ZNO"", ""ZNO"", ""ZNO"", ""ZNO"", ""ZNO"", ""ZNO"", ""ZNO"", ""ZNO"", ""ZNO"", ""ZNO"", ""ZNO"", ""ZNO"", ""ZNO"", ""EA""] | [""ZNO"", ""ZNO"", """"]"
purchase_order_rfq.csv,sap__khpurchaseorder__ItemCollection__NetUnitPriceCurrencyCode,139,110,29,3,,USD | INR | EUR
purchase_order_rfq.csv,sap__khpurchaseorder__ItemCollection__ObjectID,139,110,29,30+,"JSON_ARRAY,VERY_LONG_TEXT","00163EA941891EECB1D60075488D9020 | [""00163EA9426E1EDCA4DF27475E5420AA"", ""00163EA9426E1EDCA4DF27475E5440AA""] | 00163EA9426E1EDCA9CFC05188213C8C | [""00163EA9426E1EECA99D4E296EB282AF"", ""00163EA9426E1EECA99D75CDD3A9C375""] | [""00163EA910BC1EEBAFF04B9C706B11B6"", ""00163EA942DA1EDBAEC16E83B3F58F9B""]"
purchase_order_rfq.csv,sap__khpurchaseorder__ItemCollection__OrderedDateTime,139,12,127,12,JSON_ARRAY,"2022-02-24 10:55:00 | 2022-03-16 17:05:37 | ["""", ""2021-05-21 08:49:21""] | ["""", ""2024-07-04 11:39:58""] | [""2023-06-22 07:38:54"", ""2023-06-22 07:38:54"", """"]"
purchase_order_rfq.csv,sap__khpurchaseorder__ItemCollection__OrderedDateTimeZoneCode,139,12,127,6,JSON_ARRAY,"UTC | ["""", ""INDIA""] | ["""", ""UTC""] | [""UTC"", ""UTC"", """"] | [""UTC"", ""INDIA""]"
purchase_order_rfq.csv,sap__khpurchaseorder__ItemCollection__OrderedDateTimeZoneCodeText,139,12,127,6,JSON_ARRAY,"UTC+0 | ["""", ""India""] | ["""", ""UTC+0""] | [""UTC+0"", ""UTC+0"", """"] | [""UTC+0"", ""India""]"
purchase_order_rfq.csv,sap__khpurchaseorder__ItemCollection__ParentObjectID,139,110,29,30+,,00163EA941891EECB1D6007548863020 | 00163EA9426E1EDCA4DF27475E4C80AA | 00163EA9426E1EDCA9CFC05188199C8C | 00163EA9426E1EECA99D4D25C6FF02A1 | 00163EA942DA1EDBAEC1661B6D478F92
purchase_order_rfq.csv,sap__khpurchaseorder__ItemCollection__ProductCategoryDescription,139,110,29,30+,JSON_ARRAY,"INTEGRATED CIRCUITS | OTHERS | BARE PCB | [""DIODE"", ""INTEGRATED CIRCUITS""] | PRODUCTION CONSUMMABLE"
purchase_order_rfq.csv,sap__khpurchaseorder__ItemCollection__ProductCategoryInternalID,139,110,29,30+,JSON_ARRAY,"ICS | OTH | PCB | [""DIO"", ""ICS""] | 400"
purchase_order_rfq.csv,sap__khpurchaseorder__ItemCollection__ProductID,139,106,33,30+,"JSON_ARRAY,VERY_LONG_TEXT","DAL4SICS433 | [""IJCHMOTH501"", ""IJCHMOTH502""] | EHA0079XXXXG | [""DABUSDIO405"", ""DABUSICS509""] | [""W5506"", ""MC5506""]"
purchase_order_rfq.csv,sap__khpurchaseorder__ItemCollection__ProductSellerID,139,0,139,0,,
purchase_order_rfq.csv,sap__khpurchaseorder__ItemCollection__ProductStandardID,139,0,139,0,,
purchase_order_rfq.csv,sap__khpurchaseorder__ItemCollection__ProductTypeCode,139,110,29,5,JSON_ARRAY,"1 | [""1"", ""2""] | [""2"", ""1""] | [""1"", ""1"", ""1"", ""1"", ""1"", ""1"", ""1"", ""1"", ""1"", ""1"", ""1"", ""1"", ""1"", ""1"", ""1"", ""1"", ""1"", ""1"", ""1"", ""1"", ""1"", ""1"", ""1"", ""1"", ""1"", ""1"", ""1"", ""2""] | [""1"", ""1"", ""1"", ""1"", ""1"", ""1"", ""1"", ""1"", ""1"", ""1"", ""1"", ""1"", ""1"", ""1"", ""1"", ""1"", ""1"", ""1"", ""1"", ""1"", ""1"", ""1"", ""1"", ""1"", ""1"", ""1"", ""1"", ""1"", ""1"", ""1"", ""1"", ""1"", ""2""]"
purchase_order_rfq.csv,sap__khpurchaseorder__ItemCollection__ProductTypeCodeText,139,110,29,5,JSON_ARRAY,"Material | [""Material"", ""Service""] | [""Service"", ""Material""] | [""Material"", ""Material"", ""Material"", ""Material"", ""Material"", ""Material"", ""Material"", ""Material"", ""Material"", ""Material"", ""Material"", ""Material"", ""Material"", ""Material"", ""Material"", ""Material"", ""Material"", ""Material"", ""Material"", ""Material"", ""Material"", ""Material"", ""Material"", ""Material"", ""Material"", ""Material"", ""Material"", ""Service""] | [""Material"", ""Material"", ""Material"", ""Material"", ""Material"", ""Material"", ""Material"", ""Material"", ""Material"", ""Material"", ""Material"", ""Material"", ""Material"", ""Material"", ""Material"", ""Material"", ""Material"", ""Material"", ""Material"", ""Material"", ""Material"", ""Material"", ""Material"", ""Material"", ""Material"", ""Material"", ""Material"", ""Material"", ""Material"", ""Material"", ""Material"", ""Material"", ""Service""]"
purchase_order_rfq.csv,sap__khpurchaseorder__ItemCollection__Quantity,139,110,29,30+,"JSON_ARRAY,VERY_LONG_TEXT","42000.00000000000000 | [""8705.00000000000000"", ""8734.00000000000000""] | 51008.00000000000000 | [""13500.00000000000000"", ""21000.00000000000000""] | [""100.00000000000000"", ""600.00000000000000""]"
purchase_order_rfq.csv,sap__khpurchaseorder__ItemCollection__QuantityUnitCode,139,110,29,9,JSON_ARRAY,"ZNO | KGM | [""ZNO"", ""EA""] | [""ZNO"", ""ZNO"", ""ZNO"", ""ZNO"", ""ZNO"", ""ZNO"", ""ZNO"", ""ZNO"", ""ZNO"", ""ZNO"", ""ZNO"", ""ZNO"", ""ZNO"", ""ZNO"", ""ZNO"", ""ZNO"", ""ZNO"", ""ZNO"", ""ZNO"", ""ZNO"", ""ZNO"", ""ZNO"", ""ZNO"", ""ZNO"", ""ZNO"", ""ZNO"", ""ZNO"", ""ZNO"", ""ZNO"", ""ZNO"", ""ZNO"", ""ZNO"", ""EA""] | [""ZNO"", ""ZNO"", """"]"
purchase_order_rfq.csv,sap__khpurchaseorder__ItemCollection__QuantityUnitCodeText,139,110,29,9,JSON_ARRAY,"Number | Kilogram | [""Number"", ""Each""] | [""Number"", ""Number"", ""Number"", ""Number"", ""Number"", ""Number"", ""Number"", ""Number"", ""Number"", ""Number"", ""Number"", ""Number"", ""Number"", ""Number"", ""Number"", ""Number"", ""Number"", ""Number"", ""Number"", ""Number"", ""Number"", ""Number"", ""Number"", ""Number"", ""Number"", ""Number"", ""Number"", ""Number"", ""Number"", ""Number"", ""Number"", ""Number"", ""Each""] | [""Number"", ""Number"", """"]"
purchase_order_rfq.csv,sap__khpurchaseorder__ItemCollection__TaxAmount,139,110,29,30+,JSON_ARRAY,"0.000000 | [""19060.470000"", ""19123.960000""] | [""11340.000000"", ""67532.400000""] | [""13653.000000"", ""31917.600000""] | 142560.000000"
purchase_order_rfq.csv,sap__khpurchaseorder__ItemCollection__TaxAmountCurrencyCode,139,110,29,3,,USD | INR | EUR
purchase_order_rfq.csv,sap__khpurchaseorder__ItemCollection__TaxAmountCurrencyCodeText,139,110,29,3,,US Dollar | Indian Rupee | Euro
purchase_order_rfq.csv,sap__khpurchaseorder__ItemCollection__ThirdPartyDealIndicator,139,110,29,1,,False
purchase_order_rfq.csv,sap__khpurchaseorder__ItemCollection__UUID,139,110,29,30+,"JSON_ARRAY,VERY_LONG_TEXT","00163EA9-4189-1EEC-B1D6-0075488D9020 | [""00163EA9-426E-1EDC-A4DF-27475E5420AA"", ""00163EA9-426E-1EDC-A4DF-27475E5440AA""] | 00163EA9-426E-1EDC-A9CF-C05188213C8C | [""00163EA9-426E-1EEC-A99D-4E296EB282AF"", ""00163EA9-426E-1EEC-A99D-75CDD3A9C375""] | [""00163EA9-10BC-1EEB-AFF0-4B9C706B11B6"", ""00163EA9-42DA-1EDB-AEC1-6E83B3F58F9B""]"
purchase_order_rfq.csv,sap__khpurchaseorder__PaymentTermsCollection__ObjectID,139,139,0,30+,,00163EA941891EECB1D60075488CB020 | 00163EA9426E1EDCA4DF27475E5400AA | 00163EA9426E1EDCA9CFC05188205C8C | 00163EA9426E1EECA99D4DEAB2D482AF | 00163EA942DA1EDBAEC16A419247EF95
purchase_order_rfq.csv,sap__khpurchaseorder__PaymentTermsCollection__ParentObjectID,139,139,0,30+,,00163EA941891EECB1D6007548863020 | 00163EA9426E1EDCA4DF27475E4C80AA | 00163EA9426E1EDCA9CFC05188199C8C | 00163EA9426E1EECA99D4D25C6FF02A1 | 00163EA942DA1EDBAEC1661B6D478F92
purchase_order_rfq.csv,sap__khpurchaseorder__PaymentTermsCollection__PaymentTermsCode,139,139,0,10,,Z005 | Z006 | Z002 | Z009 | Z025
purchase_order_rfq.csv,sap__khpurchaseorder__PaymentTermsCollection__PaymentTermsCodeText,139,139,0,9,,"30 days from the date of invoice subject to acceptance | 45days from the dt of Invoice,subject to acceptance | 60days from the dt of Invoice,subject to acceptance | 15 days from the date of invoice | 100 % against profroma invoice"
purchase_order_rfq.csv,sap__khpurchaseorder__PurchasingUnitCollection__ObjectID,139,139,0,30+,JSON_ARRAY,"[""00163EA941891EECB1D6007548867020"", ""00163EA941891EECB1D6007548869020"", ""00163EA941891EECB1D600754886B020"", ""00163EA941891EECB1D6007548891020""] | [""00163EA9426E1EDCA4DF27475E4CC0AA"", ""00163EA9426E1EDCA4DF27475E4CE0AA"", ""00163EA9426E1EDCA4DF27475E4D00AA"", ""00163EA9426E1EDCA4DF27475E4F60AA"", ""00163EA9426E1EECA5AC06A09A5DBF05""] | [""00163EA9426E1EDCA9CFC0518819DC8C"", ""00163EA9426E1EDCA9CFC0518819FC8C"", ""00163EA9426E1EDCA9CFC051881A1C8C"", ""00163EA9426E1EDCA9CFC051881C7C8C""] | [""00163EA9426E1EDCA9A9696D79695CF6"", ""00163EA9426E1EECA99D4D25C70062A1"", ""00163EA9426E1EECA99D4D25C70082A1"", ""00163EA9426E1EECA99D4D25C702C2A1"", ""00163EA9426E1EECA99D4DEAB2D002AF""] | [""00163EA942DA1EDBAEC1661B6D48EF92"", ""00163EA942DA1EDBAEC1661B6D490F92"", ""00163EA942DA1EDBAEC1661B6D4B6F92"", ""00163EA942DA1EDBAEC16A4192436F95"", ""00163EA942DA1EDBAEC22DC7493D9376""]"
purchase_order_rfq.csv,sap__khpurchaseorder__PurchasingUnitCollection__ParentObjectID,139,139,0,30+,,00163EA941891EECB1D6007548863020 | 00163EA9426E1EDCA4DF27475E4C80AA | 00163EA9426E1EDCA9CFC05188199C8C | 00163EA9426E1EECA99D4D25C6FF02A1 | 00163EA942DA1EDBAEC1661B6D478F92
purchase_order_rfq.csv,sap__khpurchaseorder__PurchasingUnitCollection__PartyID,139,139,0,30+,JSON_ARRAY,"[""70000"", ""70000"", ""1001688"", ""G233""] | [""70000"", ""70000"", ""2015361"", ""G233"", ""G232""] | [""70000"", ""70000"", ""1003737"", ""G233""] | [""G232"", ""70000"", ""G233"", ""70000"", ""1001688""] | [""70000"", ""G020"", ""70000"", ""8000280"", ""G232""]"
purchase_order_rfq.csv,sap__khpurchaseorder__SupplierCollection__ObjectID,139,139,0,30+,JSON_ARRAY,"[""00163EA941891EECB1D6007548867020"", ""00163EA941891EECB1D6007548869020"", ""00163EA941891EECB1D600754886B020"", ""00163EA941891EECB1D6007548891020""] | [""00163EA9426E1EDCA4DF27475E4CC0AA"", ""00163EA9426E1EDCA4DF27475E4CE0AA"", ""00163EA9426E1EDCA4DF27475E4D00AA"", ""00163EA9426E1EDCA4DF27475E4F60AA"", ""00163EA9426E1EECA5AC06A09A5DBF05""] | [""00163EA9426E1EDCA9CFC0518819DC8C"", ""00163EA9426E1EDCA9CFC0518819FC8C"", ""00163EA9426E1EDCA9CFC051881A1C8C"", ""00163EA9426E1EDCA9CFC051881C7C8C""] | [""00163EA9426E1EDCA9A9696D79695CF6"", ""00163EA9426E1EECA99D4D25C70062A1"", ""00163EA9426E1EECA99D4D25C70082A1"", ""00163EA9426E1EECA99D4D25C702C2A1"", ""00163EA9426E1EECA99D4DEAB2D002AF""] | [""00163EA942DA1EDBAEC1661B6D48EF92"", ""00163EA942DA1EDBAEC1661B6D490F92"", ""00163EA942DA1EDBAEC1661B6D4B6F92"", ""00163EA942DA1EDBAEC16A4192436F95"", ""00163EA942DA1EDBAEC22DC7493D9376""]"
purchase_order_rfq.csv,sap__khpurchaseorder__SupplierCollection__ParentObjectID,139,139,0,30+,,00163EA941891EECB1D6007548863020 | 00163EA9426E1EDCA4DF27475E4C80AA | 00163EA9426E1EDCA9CFC05188199C8C | 00163EA9426E1EECA99D4D25C6FF02A1 | 00163EA942DA1EDBAEC1661B6D478F92
purchase_order_rfq.csv,sap__khpurchaseorder__SupplierCollection__PartyID,139,139,0,30+,JSON_ARRAY,"[""70000"", ""70000"", ""1001688"", ""G233""] | [""70000"", ""70000"", ""2015361"", ""G233"", ""G232""] | [""70000"", ""70000"", ""1003737"", ""G233""] | [""G232"", ""70000"", ""G233"", ""70000"", ""1001688""] | [""70000"", ""G020"", ""70000"", ""8000280"", ""G232""]"
res_bank.csv,id,279,279,0,30+,,sap_bank_AXIS_BANK | sap_bank_Abhyudaya_Cooperative_Bank_Ltd | sap_bank_Andhra_Bank | sap_bank_ICICI_Bank | sap_bank_Indian_Bank
res_bank.csv,name,279,279,0,30+,,AXIS BANK | Abhyudaya Cooperative Bank Ltd | Andhra Bank | ICICI Bank | Indian Bank
res_bank.csv,country_id/id,279,279,0,22,,base.in | base.sg | base.jp | base.ch | base.de
res_bank.csv,sap__khhousebankaccount__BankDirectoryEntryCollection__BankGroupCode,279,0,279,0,,
res_bank.csv,sap__khhousebankaccount__BankDirectoryEntryCollection__BankGroupCodeText,279,0,279,0,,
res_bank.csv,sap__khhousebankaccount__BankDirectoryEntryCollection__BankStandardID,279,3,276,3,,UTIB0000579 | ABHY0065111 | ANDB0000192
res_bank.csv,sap__khhousebankaccount__BankDirectoryEntryCollection__CityName,279,3,276,3,,Mysore | Pune | Hyderabad
res_bank.csv,sap__khhousebankaccount__BankDirectoryEntryCollection__CommonBankStandardIDMainIndicator,279,3,276,1,,False
res_bank.csv,sap__khhousebankaccount__BankDirectoryEntryCollection__CountryCode,279,3,276,1,,IN
res_bank.csv,sap__khhousebankaccount__BankDirectoryEntryCollection__CountryCodeText,279,3,276,1,,India
res_bank.csv,sap__khhousebankaccount__BankDirectoryEntryCollection__DeletedIndicator,279,3,276,1,,False
res_bank.csv,sap__khhousebankaccount__BankDirectoryEntryCollection__LifeCycleStatusCode,279,3,276,1,,2
res_bank.csv,sap__khhousebankaccount__BankDirectoryEntryCollection__LifeCycleStatusCodeText,279,3,276,1,,Active
res_bank.csv,sap__khhousebankaccount__BankDirectoryEntryCollection__ObjectID,279,3,276,3,,00163E5F7A721ED987FB14AA46A5A1B7 | 00163E5F7A721ED987FB14AC492261B7 | 00163E5F7A721ED987FB14B046D6A1B7
res_bank.csv,sap__khhousebankaccount__BankDirectoryEntryCollection__OrganisationFormattedName,279,3,276,3,,AXIS BANK | Abhyudaya Cooperative Bank Ltd | Andhra Bank
res_bank.csv,sap__khhousebankaccount__BankDirectoryEntryCollection__RegionCode,279,0,279,0,,
res_bank.csv,sap__khhousebankaccount__BankDirectoryEntryCollection__RegionCodeText,279,0,279,0,,
res_bank.csv,sap__khhousebankaccount__BankDirectoryEntryCollection__StreetName,279,0,279,0,,
res_partner.csv,id,2404,2404,0,30+,,sap_bp_1113761 | sap_bp_1116013 | sap_bp_1120645 | sap_bp_1121595 | sap_bp_1121709
res_partner.csv,name,2404,2404,0,30+,,TE CONNECTIVITY INDIA PVT LTD (EOU | SIEMENS LTD | ABB INDIA LIMITED | DURA AUTO SYSTEMS (I) PVT. LTD | Dellorto India Pvt Ltd
res_partner.csv,street,2404,385,2019,30+,,"GAT NO.1122, 1129, 1140, 1295, 1296 | Gat No. 376 & 377/1 | Plot No. B-42, MIDC INdustrial Area | E&A-ESP Vadodara Manufacturing Plan | S-7, SECOND FLOOR, PAI HOUSE"
res_partner.csv,city,2404,2256,148,30+,,SATARA | THANE | BANGALORE | Pune | Vadodara
res_partner.csv,zip,2404,2174,230,30+,,412801 | 400708 | 560058 | 410501 | 390019
res_partner.csv,country_id/id,2404,2398,6,28,,base.in | base.gb | base.us | base.it | base.cn
res_partner.csv,phone,2404,25,2379,25,,+91 80566078 | +91 9691829413 | +91 80-23004999 | +91 2224910 | +91 2514010
res_partner.csv,email,2404,15,2389,15,,mohammadkhannoor48@gmail.com | csr_2@tronics.com.sg | Michaela.Kroepfl@ams-osram.com | easonchou@imagematch.com.tw | sourceblr@sourcetechnologi.in
res_partner.csv,website,2404,2,2402,2,,www.titancem.com | www.anandspacers.co.in
res_partner.csv,vat,2404,1214,1190,30+,,27AABCT7374C1ZB | 27AAACS0764L1Z6 | 29AAACA3834B1Z4 | 27AACCD8562B1ZS | 27AACCD3242J1ZS
res_partner.csv,customer_rank,2404,2404,0,2,,1 | 0
res_partner.csv,supplier_rank,2404,2404,0,2,,0 | 1
res_partner.csv,active,2404,2404,0,2,,True | False
res_partner.csv,sap__khcustomer__CustomerCollection__ABCClassificationCode,2404,156,2248,3,,A | C | B
res_partner.csv,sap__khcustomer__CustomerCollection__ABCClassificationCodeText,2404,156,2248,3,,A-Account | C-Account | B-Account
res_partner.csv,sap__khcustomer__CustomerCollection__BusinessPartnerFormattedName,2404,259,2145,30+,,TE CONNECTIVITY INDIA PVT LTD (EOU | SIEMENS LTD | ABB INDIA LIMITED | DURA AUTO SYSTEMS (I) PVT. LTD | Dellorto India Pvt Ltd
res_partner.csv,sap__khcustomer__CustomerCollection__CategoryCode,2404,259,2145,1,,2
res_partner.csv,sap__khcustomer__CustomerCollection__CategoryCodeText,2404,259,2145,1,,Organization
res_partner.csv,sap__khcustomer__CustomerCollection__CompanyLegalFormCode,2404,0,2404,0,,
res_partner.csv,sap__khcustomer__CustomerCollection__CompanyLegalFormCodeText,2404,0,2404,0,,
res_partner.csv,sap__khcustomer__CustomerCollection__ContactAllowedCode,2404,2,2402,1,,1
res_partner.csv,sap__khcustomer__CustomerCollection__ContactAllowedCodeText,2404,2,2402,1,,Allowed
res_partner.csv,sap__khcustomer__CustomerCollection__CreationDateTime,2404,259,2145,30+,,2019-01-25 04:58:58 | 2019-01-25 04:59:18 | 2019-01-25 04:59:17 | 2019-02-05 19:25:43 | 2019-02-06 06:21:50
res_partner.csv,sap__khcustomer__CustomerCollection__FulfilmentBlockingReasonCode,2404,0,2404,0,,
res_partner.csv,sap__khcustomer__CustomerCollection__FulfilmentBlockingReasonCodeText,2404,0,2404,0,,
res_partner.csv,sap__khcustomer__CustomerCollection__IndustrialSectorCode,2404,151,2253,2,,31 | 81
res_partner.csv,sap__khcustomer__CustomerCollection__IndustrialSectorCodeText,2404,151,2253,2,,Manufacturing | Other services (except public administration)
res_partner.csv,sap__khcustomer__CustomerCollection__InternalID,2404,259,2145,30+,,1113761 | 1116013 | 1120645 | 1121595 | 1121709
res_partner.csv,sap__khcustomer__CustomerCollection__InvoicingBlockingReasonCode,2404,0,2404,0,,
res_partner.csv,sap__khcustomer__CustomerCollection__InvoicingBlockingReasonCodeText,2404,0,2404,0,,
res_partner.csv,sap__khcustomer__CustomerCollection__LastChangeDateTime,2404,259,2145,30+,,2023-08-26 10:34:20 | 2023-09-07 06:58:17 | 2019-08-22 05:13:41 | 2023-08-26 10:36:44 | 2023-08-26 10:34:58
res_partner.csv,sap__khcustomer__CustomerCollection__LegalCompetenceIndicator,2404,259,2145,1,,True
res_partner.csv,sap__khcustomer__CustomerCollection__LifeCycleStatusCode,2404,259,2145,2,,2 | 3
res_partner.csv,sap__khcustomer__CustomerCollection__LifeCycleStatusCodeText,2404,259,2145,2,,Active | Blocked
res_partner.csv,sap__khcustomer__CustomerCollection__NielsenID,2404,0,2404,0,,
res_partner.csv,sap__khcustomer__CustomerCollection__NielsenIDText,2404,0,2404,0,,
res_partner.csv,sap__khcustomer__CustomerCollection__ObjectID,2404,259,2145,30+,,00163E5F7A721ED9888B75CEA3DFD2EA | 00163E5F7A721ED9888B762B0CC812EA | 00163E5F7A721ED9888B762B0CC952EA | 00163E5F7A721ED9888B762B0CCA32EA | 00163E5F7A721ED9888B762B0CCB52EA
res_partner.csv,sap__khcustomer__CustomerCollection__OrderBlockingReasonCode,2404,0,2404,0,,
res_partner.csv,sap__khcustomer__CustomerCollection__OrderBlockingReasonCodeText,2404,0,2404,0,,
res_partner.csv,sap__khcustomer__CustomerCollection__OrganisationFirstLineName,2404,259,2145,30+,,TE CONNECTIVITY INDIA PVT LTD (EOU | SIEMENS LTD | ABB INDIA LIMITED | DURA AUTO SYSTEMS (I) PVT. LTD | Dellorto India Pvt Ltd
res_partner.csv,sap__khcustomer__CustomerCollection__OrganisationSecondLineName,2404,45,2359,30+,,TITAN COMPANY LTD | TITAN COMPANY LTD (TEAL) | ESAB INDIA LIMITED | SEI Green Technology Private Limited | SIEMENS LTD (Pondicherry)
res_partner.csv,sap__khcustomer__CustomerCollection__PersonAcademicTitleCode,2404,0,2404,0,,
res_partner.csv,sap__khcustomer__CustomerCollection__PersonAcademicTitleCodeText,2404,0,2404,0,,
res_partner.csv,sap__khcustomer__CustomerCollection__PersonBirthDate,2404,0,2404,0,,
res_partner.csv,sap__khcustomer__CustomerCollection__PersonBirthName,2404,0,2404,0,,
res_partner.csv,sap__khcustomer__CustomerCollection__PersonCommunicationLanguageCode,2404,0,2404,0,,
res_partner.csv,sap__khcustomer__CustomerCollection__PersonCommunicationLanguageCodeText,2404,0,2404,0,,
res_partner.csv,sap__khcustomer__CustomerCollection__PersonFamilyName,2404,0,2404,0,,
res_partner.csv,sap__khcustomer__CustomerCollection__PersonFormOfAddressCode,2404,0,2404,0,,
res_partner.csv,sap__khcustomer__CustomerCollection__PersonFormOfAddressCodeText,2404,0,2404,0,,
res_partner.csv,sap__khcustomer__CustomerCollection__PersonGenderCode,2404,0,2404,0,,
res_partner.csv,sap__khcustomer__CustomerCollection__PersonGenderCodeText,2404,0,2404,0,,
res_partner.csv,sap__khcustomer__CustomerCollection__PersonGivenName,2404,0,2404,0,,
res_partner.csv,sap__khcustomer__CustomerCollection__PersonMiddleName,2404,0,2404,0,,
res_partner.csv,sap__khcustomer__CustomerCollection__PersonNickName,2404,0,2404,0,,
res_partner.csv,sap__khcustomer__CustomerCollection__PersonProfessionCode,2404,0,2404,0,,
res_partner.csv,sap__khcustomer__CustomerCollection__PersonProfessionCodeText,2404,0,2404,0,,
res_partner.csv,sap__khcustomer__CustomerCollection__SortingFormattedName,2404,259,2145,30+,,TE CONNECTIVITY INDIA PVT LTD (EOU | SIEMENS LTD | ABB INDIA LIMITED | DURA AUTO SYSTEMS (I) PVT. LTD | Dellorto India Pvt Ltd
res_partner.csv,sap__khcustomer__CustomerCollection__UUID,2404,259,2145,30+,,00163E5F-7A72-1ED9-888B-75CEA3DFD2EA | 00163E5F-7A72-1ED9-888B-762B0CC812EA | 00163E5F-7A72-1ED9-888B-762B0CC952EA | 00163E5F-7A72-1ED9-888B-762B0CCA32EA | 00163E5F-7A72-1ED9-888B-762B0CCB52EA
res_partner.csv,sap__khcustomer__AddressInformationCollection__ObjectID,2404,259,2145,30+,"JSON_ARRAY,VERY_LONG_TEXT","00163E5F7A721ED9888B75CEA3DFD2EA00163E5F7A721ED9888BBD2D939AF460 | 00163E5F7A721ED9888B762B0CC812EA00163E5F7A721ED9888BBD2D939B9460 | [""00163E5F7A721ED9888B762B0CC952EA00163E5F7A721ED9888BBD2D939BB460"", ""00163E5F7A721ED9888B762B0CC952EA00163E876AF11EE9B1935B83548EEADC""] | 00163E5F7A721ED9888B762B0CCA32EA00163E5F7A721ED9888BBD2D939BD460 | 00163E5F7A721ED9888B762B0CCB52EA00163E5F7A721ED9888BBD2D939BF460"
res_partner.csv,sap__khcustomer__AddressInformationCollection__ParentObjectID,2404,259,2145,30+,,00163E5F7A721ED9888B75CEA3DFD2EA | 00163E5F7A721ED9888B762B0CC812EA | 00163E5F7A721ED9888B762B0CC952EA | 00163E5F7A721ED9888B762B0CCA32EA | 00163E5F7A721ED9888B762B0CCB52EA
res_partner.csv,sap__khcustomer__AddressInformationCollection__UUID,2404,259,2145,30+,JSON_ARRAY,"00163E5F-7A72-1ED9-888B-BD2D939AF460 | 00163E5F-7A72-1ED9-888B-BD2D939B9460 | [""00163E5F-7A72-1ED9-888B-BD2D939BB460"", ""00163E87-6AF1-1EE9-B193-5B83548EEADC""] | 00163E5F-7A72-1ED9-888B-BD2D939BD460 | 00163E5F-7A72-1ED9-888B-BD2D939BF460"
res_partner.csv,sap__khcustomer__AddressUsageCollection__AddressUsageCode,2404,259,2145,4,JSON_ARRAY,"[""BILL_TO"", ""PAY001"", ""SHIP_TO"", ""XXDEFAULT""] | [""SHIP_TO"", ""BILL_TO"", ""PAY001"", ""XXDEFAULT""] | XXDEFAULT | [""XXDEFAULT"", ""SHIP_TO""]"
res_partner.csv,sap__khcustomer__AddressUsageCollection__AddressUsageCodeText,2404,259,2145,4,JSON_ARRAY,"[""Bill-to party"", ""Payment Advice To Address"", ""Deliv. address"", ""Stand. address""] | [""Deliv. address"", ""Bill-to party"", ""Payment Advice To Address"", ""Stand. address""] | Stand. address | [""Stand. address"", ""Deliv. address""]"
res_partner.csv,sap__khcustomer__AddressUsageCollection__DefaultIndicator,2404,259,2145,3,JSON_ARRAY,"[""True"", ""True"", ""True"", ""False""] | False | [""False"", ""True""]"
res_partner.csv,sap__khcustomer__AddressUsageCollection__ObjectID,2404,259,2145,30+,JSON_ARRAY,"[""ABY+X3pyHtmIi3XOo9/S6gABY+X3pyHtmIi70tk5r0YABILL_TO   99991231"", ""ABY+X3pyHtmIi3XOo9/S6gABY+X3pyHtmIi70tk5r0YAPAY001    99991231"", ""ABY+X3pyHtmIi3XOo9/S6gABY+X3pyHtmIi70tk5r0YASHIP_TO   99991231"", ""ABY+X3pyHtmIi3XOo9/S6gABY+X3pyHtmIi70tk5r0YAXXDEFAULT 99991231""] | [""ABY+X3pyHtmIi3YrDMgS6gABY+X3pyHtmIi70tk5uUYABILL_TO   99991231"", ""ABY+X3pyHtmIi3YrDMgS6gABY+X3pyHtmIi70tk5uUYAPAY001    99991231"", ""ABY+X3pyHtmIi3YrDMgS6gABY+X3pyHtmIi70tk5uUYASHIP_TO   99991231"", ""ABY+X3pyHtmIi3YrDMgS6gABY+X3pyHtmIi70tk5uUYAXXDEFAULT 99991231""] | [""ABY+X3pyHtmIi3YrDMlS6gABY+h2rxHumxk1uDVI7q3ASHIP_TO   99991231"", ""ABY+X3pyHtmIi3YrDMlS6gABY+X3pyHtmIi70tk5u0YABILL_TO   99991231"", ""ABY+X3pyHtmIi3YrDMlS6gABY+X3pyHtmIi70tk5u0YAPAY001    99991231"", ""ABY+X3pyHtmIi3YrDMlS6gABY+X3pyHtmIi70tk5u0YAXXDEFAULT 99991231""] | [""ABY+X3pyHtmIi3YrDMoy6gABY+X3pyHtmIi70tk5vUYABILL_TO   99991231"", ""ABY+X3pyHtmIi3YrDMoy6gABY+X3pyHtmIi70tk5vUYAPAY001    99991231"", ""ABY+X3pyHtmIi3YrDMoy6gABY+X3pyHtmIi70tk5vUYASHIP_TO   99991231"", ""ABY+X3pyHtmIi3YrDMoy6gABY+X3pyHtmIi70tk5vUYAXXDEFAULT 99991231""] | [""ABY+X3pyHtmIi3YrDMtS6gABY+X3pyHtmIi70tk5v0YABILL_TO   99991231"", ""ABY+X3pyHtmIi3YrDMtS6gABY+X3pyHtmIi70tk5v0YAPAY001    99991231"", ""ABY+X3pyHtmIi3YrDMtS6gABY+X3pyHtmIi70tk5v0YASHIP_TO   99991231"", ""ABY+X3pyHtmIi3YrDMtS6gABY+X3pyHtmIi70tk5v0YAXXDEFAULT 99991231""]"
res_partner.csv,sap__khcustomer__AddressUsageCollection__ParentObjectID,2404,259,2145,30+,JSON_ARRAY,"00163E5F7A721ED9888B75CEA3DFD2EA00163E5F7A721ED9888BBD2D939AF460 | 00163E5F7A721ED9888B762B0CC812EA00163E5F7A721ED9888BBD2D939B9460 | [""00163E5F7A721ED9888B762B0CC952EA00163E876AF11EE9B1935B83548EEADC"", ""00163E5F7A721ED9888B762B0CC952EA00163E5F7A721ED9888BBD2D939BB460"", ""00163E5F7A721ED9888B762B0CC952EA00163E5F7A721ED9888BBD2D939BB460"", ""00163E5F7A721ED9888B762B0CC952EA00163E5F7A721ED9888BBD2D939BB460""] | 00163E5F7A721ED9888B762B0CCA32EA00163E5F7A721ED9888BBD2D939BD460 | 00163E5F7A721ED9888B762B0CCB52EA00163E5F7A721ED9888BBD2D939BF460"
res_partner.csv,sap__khcustomer__AddressUsageCollection__ValidityEndDate,2404,259,2145,1,,9999-12-31 00:00:00
res_partner.csv,sap__khcustomer__AddressUsageCollection__ValidityStartDate,2404,1,2403,1,,2019-01-21 00:00:00
res_partner.csv,sap__khcustomer__BankDetailsCollection__BankAccountHolderName,2404,0,2404,0,,
res_partner.csv,sap__khcustomer__BankDetailsCollection__BankAccountID,2404,24,2380,21,,003005001388 | 748037882 | 05212320000222 | 3404002100025661 | 00000000003
res_partner.csv,sap__khcustomer__BankDetailsCollection__BankAccountIDCheckDigitValue,2404,0,2404,0,,
res_partner.csv,sap__khcustomer__BankDetailsCollection__BankAccountStandardID,2404,0,2404,0,,
res_partner.csv,sap__khcustomer__BankDetailsCollection__BankAccountTypeCode,2404,0,2404,0,,
res_partner.csv,sap__khcustomer__BankDetailsCollection__BankAccountTypeCodeText,2404,0,2404,0,,
res_partner.csv,sap__khcustomer__BankDetailsCollection__BankCityName,2404,22,2382,17,,Mapusa | Gurgaon | Vascco | VERNA | Hosur
res_partner.csv,sap__khcustomer__BankDetailsCollection__BankCountryCode,2404,24,2380,1,,IN
res_partner.csv,sap__khcustomer__BankDetailsCollection__BankCountryCodeText,2404,24,2380,1,,India
res_partner.csv,sap__khcustomer__BankDetailsCollection__BankDirectoryEntryUUID,2404,24,2380,19,,FA163E39-381E-1FD1-A2E2-B9567E64CEE7 | FA163E71-DD41-1FD1-8591-36C35EEC83CE | 00163E87-6AF1-1ED9-B4D9-9202B01DA370 | 00163E5F-7A72-1ED9-87FB-175D195AE1C0 | 00163E5F-7A72-1ED9-87FB-1767C908A1C0
res_partner.csv,sap__khcustomer__BankDetailsCollection__BankFormattedName,2404,24,2380,16,,ICICI Bank | Indian Bank | HDFC BANK LTD | Punjab National Bank | STATE BANK OF INDIA
res_partner.csv,sap__khcustomer__BankDetailsCollection__BankGroupCode,2404,3,2401,1,,03
res_partner.csv,sap__khcustomer__BankDetailsCollection__BankGroupCodeText,2404,3,2401,1,,State Bank of India
res_partner.csv,sap__khcustomer__BankDetailsCollection__BankInternalID,2404,24,2380,19,,951 | 933 | 576 | 312 | 317
res_partner.csv,sap__khcustomer__BankDetailsCollection__BankStandardID,2404,24,2380,19,,ICIC0000030 | IDIB000I014 | HDFC0000521 | PUNB0340400 | SBIN0004338
res_partner.csv,sap__khcustomer__BankDetailsCollection__EndDate,2404,24,2380,1,,9999-12-31 00:00:00
res_partner.csv,sap__khcustomer__BankDetailsCollection__ID,2404,24,2380,1,,0001
res_partner.csv,sap__khcustomer__BankDetailsCollection__ObjectID,2404,24,2380,24,,00163E5F7A721ED9888B762B0CD552EA0001 | 00163E5F7A721ED9888B762B0CD6D2EA0001 | 00163E5F7A721ED9888B762B0CDD32EA0001 | 00163E5F7A721ED98AAF746712974A8A0001 | 00163E5F7A721ED98ABABB9F5C36A8110001
res_partner.csv,sap__khcustomer__BankDetailsCollection__ParentObjectID,2404,24,2380,24,,00163E5F7A721ED9888B762B0CD552EA | 00163E5F7A721ED9888B762B0CD6D2EA | 00163E5F7A721ED9888B762B0CDD32EA | 00163E5F7A721ED98AAF746712974A8A | 00163E5F7A721ED98ABABB9F5C36A811
res_partner.csv,sap__khcustomer__BankDetailsCollection__StartDate,2404,24,2380,22,,2026-07-29 00:00:00 | 2026-02-28 00:00:00 | 2019-09-09 00:00:00 | 2024-12-30 00:00:00 | 2019-03-29 00:00:00
res_partner.csv,sap__khcustomer__CommunicationPreferenceCollection__CorrespondenceLanguageCode,2404,75,2329,1,,EN
res_partner.csv,sap__khcustomer__CommunicationPreferenceCollection__CorrespondenceLanguageCodeText,2404,75,2329,1,,English
res_partner.csv,sap__khcustomer__CommunicationPreferenceCollection__ObjectID,2404,75,2329,30+,,AVCPRGEN100163E5F7A721ED9888BBD7687E31460 | AVCPRGEN100163E5F7A721ED9888BBD7687E41460 | AVCPRGEN100163E5F7A721ED9888BBD7687E51460 | AVCPRGEN100163E5F7A721ED9888BBD7687E61460 | AVCPRGEN100163E5F7A721ED9888BBD7687E71460
res_partner.csv,sap__khcustomer__CommunicationPreferenceCollection__ParentObjectID,2404,75,2329,30+,,00163E5F7A721ED9888B75CEA3DFD2EA00163E5F7A721ED9888BBD2D939AF460 | 00163E5F7A721ED9888B762B0CC812EA00163E5F7A721ED9888BBD2D939B9460 | 00163E5F7A721ED9888B762B0CC952EA00163E5F7A721ED9888BBD2D939BB460 | 00163E5F7A721ED9888B762B0CCA32EA00163E5F7A721ED9888BBD2D939BD460 | 00163E5F7A721ED9888B762B0CCB52EA00163E5F7A721ED9888BBD2D939BF460
res_partner.csv,sap__khcustomer__CommunicationPreferenceCollection__PreferredCommunicationMediumTypeCode,2404,0,2404,0,,
res_partner.csv,sap__khcustomer__CommunicationPreferenceCollection__PreferredCommunicationMediumTypeCodeText,2404,0,2404,0,,
res_partner.csv,sap__khcustomer__ConventionalPhoneCollection__FormattedNumberDescription,2404,3,2401,3,JSON_ARRAY,"+91 80566078 | [""+91 9691829413"", ""+91 9676886767"", ""+91 9648938201"", ""+91 9414061730"", ""+91 9589012195"", ""+91 7611100351""] | +91 80-23004999"
res_partner.csv,sap__khcustomer__ConventionalPhoneCollection__NormalisedNumberDescription,2404,3,2401,3,JSON_ARRAY,"+9180566078 | [""+919691829413"", ""+919676886767"", ""+919648938201"", ""+919414061730"", ""+919589012195"", ""+917611100351""] | +918023004999"
res_partner.csv,sap__khcustomer__ConventionalPhoneCollection__ObjectID,2404,3,2401,3,JSON_ARRAY,"COTELGEN100163E5F7A721ED9888BBD7687E31460 001 | [""COTELGEN111D460936AED1EDE9CE2DF62439DC701 001"", ""COTELGEN111D460936AED1EDE9D9435B6D482C77A 001"", ""COTELGEN111D460936AED1EDE9DAB4CE3EE7A87B1 001"", ""COTELGEN111D460936AED1EDE9DACB278695347B3 001"", ""COTELGEN111D460936AED1EDE9DDC464564D50855 001"", ""COTELGEN111D460936AED1EDE9DDC635174A88855 001""] | COTELGEN100163E876AF11ED99BF884D50B971147 001"
res_partner.csv,sap__khcustomer__ConventionalPhoneCollection__ParentObjectID,2404,3,2401,3,JSON_ARRAY,"00163E5F7A721ED9888B75CEA3DFD2EA00163E5F7A721ED9888BBD2D939AF460 | [""00163E5F7A721ED98ABABB9F5C36A81111D460936AED1EDE9CE2DF62439D8701"", ""00163E5F7A721ED98ABABB9F5C36A81111D460936AED1EDE9D9435B6D482877A"", ""00163E5F7A721ED98ABABB9F5C36A81111D460936AED1EDE9DAB4CE3EE7A47B1"", ""00163E5F7A721ED98ABABB9F5C36A81111D460936AED1EDE9DACB278695307B3"", ""00163E5F7A721ED98ABABB9F5C36A81111D460936AED1EDE9DDC464564D4C855"", ""00163E5F7A721ED98ABABB9F5C36A81111D460936AED1EDE9DDC635174A84855""] | 00163E876AF11ED99BF884D50B95F14700163E876AF11ED99BF884D50B96D147"
res_partner.csv,sap__khcustomer__EMailCollection__NormalisedURI,2404,1,2403,1,,mohammadkhannoor48@GMAIL.COM
res_partner.csv,sap__khcustomer__EMailCollection__ObjectID,2404,1,2403,1,,COINTGEN1FA163EE0C9301EDCB5E7FF0A5E7485F6 001
res_partner.csv,sap__khcustomer__EMailCollection__ParentObjectID,2404,1,2403,1,,FA163EE0C9301EDCB5E7FF0A5E7365F6FA163EE0C9301EDCB5E7FF0A5E7445F6
res_partner.csv,sap__khcustomer__EMailCollection__URI,2404,1,2403,1,,mohammadkhannoor48@gmail.com
res_partner.csv,sap__khcustomer__FacsimileCollection__FormattedNumberDescription,2404,1,2403,1,,+91 80-23004900
res_partner.csv,sap__khcustomer__FacsimileCollection__NormalisedNumberDescription,2404,1,2403,1,,+918023004900
res_partner.csv,sap__khcustomer__FacsimileCollection__ObjectID,2404,1,2403,1,,COFAXGEN100163E876AF11ED99BF884D50B971147 001
res_partner.csv,sap__khcustomer__FacsimileCollection__ParentObjectID,2404,1,2403,1,,00163E876AF11ED99BF884D50B95F14700163E876AF11ED99BF884D50B96D147
res_partner.csv,sap__khcustomer__FormattedAddressCollection__FormattedPostalAddressDescription,2404,223,2181,30+,JSON_ARRAY,"THANE 400708 / IN | Plot No. B-42, MIDC INdustrial Area / Pune 410501 / IN | Verna Goa 403722 / IN | Village Bhatian / Bharatgarh Rd Dist Sola-Nalaga rh, 174101 / IN | Powai, Mumbai 400072 / IN"
res_partner.csv,sap__khcustomer__FormattedAddressCollection__ObjectID,2404,223,2181,30+,JSON_ARRAY,AGGEN100163E5F7A721ED9888BBD7687E41460 | AGGEN100163E5F7A721ED9888BBD7687E71460 | AGGEN100163E5F7A721ED9888BBEE57B41D462 | AGGEN100163E5F7A721ED9888BBEE57B42D462 | AGGEN100163E5F7A721ED9888BBEE5E3263462
res_partner.csv,sap__khcustomer__FormattedAddressCollection__ParentObjectID,2404,223,2181,30+,"JSON_ARRAY,VERY_LONG_TEXT",00163E5F7A721ED9888B762B0CC812EA00163E5F7A721ED9888BBD2D939B9460 | 00163E5F7A721ED9888B762B0CCB52EA00163E5F7A721ED9888BBD2D939BF460 | 00163E5F7A721ED9888B762B0CD232EA00163E5F7A721ED9888BBD2D939CF460 | 00163E5F7A721ED9888B762B0CD2F2EA00163E5F7A721ED9888BBD2D939D1460 | 00163E5F7A721ED9888B762B0CDBF2EA00163E5F7A721ED9888BBD2D939E7460
res_partner.csv,sap__khcustomer__MobilePhoneCollection__FormattedNumberDescription,2404,3,2401,3,JSON_ARRAY,"+91 80566078 | [""+91 9691829413"", ""+91 9676886767"", ""+91 9648938201"", ""+91 9414061730"", ""+91 9589012195"", ""+91 7611100351""] | +91 80-23004999"
res_partner.csv,sap__khcustomer__MobilePhoneCollection__NormalisedNumberDescription,2404,3,2401,3,JSON_ARRAY,"+9180566078 | [""+919691829413"", ""+919676886767"", ""+919648938201"", ""+919414061730"", ""+919589012195"", ""+917611100351""] | +918023004999"
res_partner.csv,sap__khcustomer__MobilePhoneCollection__ObjectID,2404,3,2401,3,JSON_ARRAY,"COTELGEN100163E5F7A721ED9888BBD7687E31460 001 | [""COTELGEN111D460936AED1EDE9CE2DF62439DC701 001"", ""COTELGEN111D460936AED1EDE9D9435B6D482C77A 001"", ""COTELGEN111D460936AED1EDE9DAB4CE3EE7A87B1 001"", ""COTELGEN111D460936AED1EDE9DACB278695347B3 001"", ""COTELGEN111D460936AED1EDE9DDC464564D50855 001"", ""COTELGEN111D460936AED1EDE9DDC635174A88855 001""] | COTELGEN100163E876AF11ED99BF884D50B971147 001"
res_partner.csv,sap__khcustomer__MobilePhoneCollection__ParentObjectID,2404,3,2401,3,JSON_ARRAY,"00163E5F7A721ED9888B75CEA3DFD2EA00163E5F7A721ED9888BBD2D939AF460 | [""00163E5F7A721ED98ABABB9F5C36A81111D460936AED1EDE9CE2DF62439D8701"", ""00163E5F7A721ED98ABABB9F5C36A81111D460936AED1EDE9D9435B6D482877A"", ""00163E5F7A721ED98ABABB9F5C36A81111D460936AED1EDE9DAB4CE3EE7A47B1"", ""00163E5F7A721ED98ABABB9F5C36A81111D460936AED1EDE9DACB278695307B3"", ""00163E5F7A721ED98ABABB9F5C36A81111D460936AED1EDE9DDC464564D4C855"", ""00163E5F7A721ED98ABABB9F5C36A81111D460936AED1EDE9DDC635174A84855""] | 00163E876AF11ED99BF884D50B95F14700163E876AF11ED99BF884D50B96D147"
res_partner.csv,sap__khcustomer__PostalAddressCollection__CareOfName,2404,0,2404,0,,
res_partner.csv,sap__khcustomer__PostalAddressCollection__CityName,2404,254,2150,30+,JSON_ARRAY,"SATARA | THANE | [""BANGALORE"", ""Bangalore""] | Pune | Vadodara"
res_partner.csv,sap__khcustomer__PostalAddressCollection__CompanyPostalCode,2404,0,2404,0,,
res_partner.csv,sap__khcustomer__PostalAddressCollection__CountryCode,2404,259,2145,12,,IN | GB | US | IT | CN
res_partner.csv,sap__khcustomer__PostalAddressCollection__CountryCodeText,2404,259,2145,12,,India | United Kingdom | United States | Italy | China
res_partner.csv,sap__khcustomer__PostalAddressCollection__CountyName,2404,1,2403,1,,Austria
res_partner.csv,sap__khcustomer__PostalAddressCollection__DifferentCityName,2404,0,2404,0,,
res_partner.csv,sap__khcustomer__PostalAddressCollection__DistrictName,2404,81,2323,30+,,"Nalaga rh, | North Goa | South Goa | Rewari | Salem"
res_partner.csv,sap__khcustomer__PostalAddressCollection__HouseID,2404,14,2390,13,,"G-22, | Old No.110 | Villianur | 41211 | Plot No 5"
res_partner.csv,sap__khcustomer__PostalAddressCollection__ObjectID,2404,259,2145,30+,JSON_ARRAY,"AVLOCGEN100163E5F7A721ED9888BBD7687E31460 | AVLOCGEN100163E5F7A721ED9888BBD7687E41460 | [""AVLOCGEN100163E5F7A721ED9888BBD7687E51460"", ""AVLOCGEN100163E876AF11EE9B1935B83548F2ADC""] | AVLOCGEN100163E5F7A721ED9888BBD7687E61460 | AVLOCGEN100163E5F7A721ED9888BBD7687E71460"
res_partner.csv,sap__khcustomer__PostalAddressCollection__POBoxDeviatingCityName,2404,0,2404,0,,
res_partner.csv,sap__khcustomer__PostalAddressCollection__POBoxDeviatingCountryCode,2404,0,2404,0,,
res_partner.csv,sap__khcustomer__PostalAddressCollection__POBoxDeviatingCountryCodeText,2404,0,2404,0,,
res_partner.csv,sap__khcustomer__PostalAddressCollection__POBoxDeviatingRegionCode,2404,0,2404,0,,
res_partner.csv,sap__khcustomer__PostalAddressCollection__POBoxDeviatingRegionCodeText,2404,0,2404,0,,
res_partner.csv,sap__khcustomer__PostalAddressCollection__POBoxID,2404,0,2404,0,,
res_partner.csv,sap__khcustomer__PostalAddressCollection__POBoxPostalCode,2404,0,2404,0,,
res_partner.csv,sap__khcustomer__PostalAddressCollection__ParentObjectID,2404,259,2145,30+,"JSON_ARRAY,VERY_LONG_TEXT","00163E5F7A721ED9888B75CEA3DFD2EA00163E5F7A721ED9888BBD2D939AF460 | 00163E5F7A721ED9888B762B0CC812EA00163E5F7A721ED9888BBD2D939B9460 | [""00163E5F7A721ED9888B762B0CC952EA00163E5F7A721ED9888BBD2D939BB460"", ""00163E5F7A721ED9888B762B0CC952EA00163E876AF11EE9B1935B83548EEADC""] | 00163E5F7A721ED9888B762B0CCA32EA00163E5F7A721ED9888BBD2D939BD460 | 00163E5F7A721ED9888B762B0CCB52EA00163E5F7A721ED9888BBD2D939BF460"
res_partner.csv,sap__khcustomer__PostalAddressCollection__RegionCode,2404,241,2163,30+,JSON_ARRAY,"13 | [""10"", """"] | 06 | 05 | 30"
res_partner.csv,sap__khcustomer__PostalAddressCollection__RegionCodeText,2404,241,2163,30+,JSON_ARRAY,"Santiago del Estero | [""San Juan"", """"] | Sant Julià de Lòria | Ordino | Kushtia (Khulna)"
res_partner.csv,sap__khcustomer__PostalAddressCollection__StreetName,2404,54,2350,30+,JSON_ARRAY,"GAT NO.1122, 1129, 1140, 1295, 1296 | Gat No. 376 & 377/1 | Plot No. B-42, MIDC INdustrial Area | E&A-ESP Vadodara Manufacturing Plan | S-7, SECOND FLOOR, PAI HOUSE"
res_partner.csv,sap__khcustomer__PostalAddressCollection__StreetPostalCode,2404,255,2149,30+,JSON_ARRAY,"412801 | 400708 | [""560058"", ""562123""] | 410501 | 390019"
res_partner.csv,sap__khcustomer__PostalAddressCollection__StreetPrefixName,2404,223,2181,30+,JSON_ARRAY,"SI EP MF KW | [""Plot No. 4A, 5 & 6"", ""EP-Motor Starting And Safety""] | B-22, Sagar Apartments | Plot L42,  Phase II B | THIVIM INDUSTRIAL ESTATE"
res_partner.csv,sap__khcustomer__PostalAddressCollection__StreetSuffixName,2404,119,2285,30+,JSON_ARRAY,"["""", ""Kasaba Hobli,Nelamangala Taluk""] | Gate No.1 & 5 Saki Vihar Road, | Madhapur | Cabiate Co | 3,4,5 SIPCOT INDUSTRIAL COMPLEX"
res_partner.csv,sap__khcustomer__PostalAddressCollection__TaxJurisdictionCode,2404,1,2403,1,,MI
res_partner.csv,sap__khcustomer__PostalAddressCollection__TaxJurisdictionCodeText,2404,1,2403,1,,Michigan
res_partner.csv,sap__khcustomer__PostalAddressCollection__TimeZoneCode,2404,259,2145,6,,INDIA | GMTUK | EST | CET | UTC+8
res_partner.csv,sap__khcustomer__PostalAddressCollection__TimeZoneCodeText,2404,259,2145,6,,"(UTC+05:30) Indian Standard Time | (UTC+00:00) Greenwich Mean Time with daylight saving time (UK) | (UTC-05:00) Eastern Time (New York, Quebec) | (UTC+01:00) Central European Time | (UTC+08:00) Brunei Daruss., China, Hong Kong, Singapore, Indonesia, Malaysia, Philippines, Taiwan, Mongolia, Macao"
res_partner.csv,sap__khcustomer__RoleCollection__BusinessCharacterCode,2404,259,2145,2,JSON_ARRAY,"CRM000 | [""BBP000"", ""BBP006"", ""BBP007"", ""CRM000""]"
res_partner.csv,sap__khcustomer__RoleCollection__BusinessCharacterCodeText,2404,259,2145,2,JSON_ARRAY,"Sold-To Party/Customer | [""Vendor"", ""Invoicing Party"", ""Payee"", ""Sold-To Party/Customer""]"
res_partner.csv,sap__khcustomer__RoleCollection__BusinessObjectTypeCode,2404,259,2145,2,JSON_ARRAY,"159 | [""266"", ""266"", ""266"", ""159""]"
res_partner.csv,sap__khcustomer__RoleCollection__BusinessObjectTypeCodeText,2404,259,2145,2,JSON_ARRAY,"Account | [""Supplier"", ""Supplier"", ""Supplier"", ""Account""]"
res_partner.csv,sap__khcustomer__RoleCollection__ObjectID,2404,259,2145,30+,JSON_ARRAY,00163E5F7A721ED9888B75CEA3DFD2EACRM000 | 00163E5F7A721ED9888B762B0CC812EACRM000 | 00163E5F7A721ED9888B762B0CC952EACRM000 | 00163E5F7A721ED9888B762B0CCA32EACRM000 | 00163E5F7A721ED9888B762B0CCB52EACRM000
res_partner.csv,sap__khcustomer__RoleCollection__ParentObjectID,2404,259,2145,30+,,00163E5F7A721ED9888B75CEA3DFD2EA | 00163E5F7A721ED9888B762B0CC812EA | 00163E5F7A721ED9888B762B0CC952EA | 00163E5F7A721ED9888B762B0CCA32EA | 00163E5F7A721ED9888B762B0CCB52EA
res_partner.csv,sap__khcustomer__RoleCollection__RoleCode,2404,259,2145,2,JSON_ARRAY,"CRM000 | [""BBP000"", ""BBP006"", ""BBP007"", ""CRM000""]"
res_partner.csv,sap__khcustomer__RoleCollection__RoleCodeText,2404,259,2145,2,JSON_ARRAY,"Account | [""Supplier"", ""Invoicing Party"", ""Payee"", ""Account""]"
res_partner.csv,sap__khcustomer__TaxNumberCollection__CountryCode,2404,114,2290,1,,IN
res_partner.csv,sap__khcustomer__TaxNumberCollection__CountryCodeText,2404,114,2290,1,,India
res_partner.csv,sap__khcustomer__TaxNumberCollection__ObjectID,2404,114,2290,30+,JSON_ARRAY,00163E5F7A721ED9888B75CEA3DFD2EAIN16 | 00163E5F7A721ED9888B762B0CC812EAIN16 | 00163E5F7A721ED9888B762B0CC952EAIN16 | 00163E5F7A721ED9888B762B0CCA32EAIN16 | 00163E5F7A721ED9888B762B0CCB52EAIN16
res_partner.csv,sap__khcustomer__TaxNumberCollection__ParentObjectID,2404,114,2290,30+,,00163E5F7A721ED9888B75CEA3DFD2EA | 00163E5F7A721ED9888B762B0CC812EA | 00163E5F7A721ED9888B762B0CC952EA | 00163E5F7A721ED9888B762B0CCA32EA | 00163E5F7A721ED9888B762B0CCB52EA
res_partner.csv,sap__khcustomer__TaxNumberCollection__TaxNumberID,2404,114,2290,30+,JSON_ARRAY,27AABCT7374C1ZB | 27AAACS0764L1Z6 | 29AAACA3834B1Z4 | 27AACCD8562B1ZS | 27AACCD3242J1ZS
res_partner.csv,sap__khcustomer__TaxNumberCollection__TaxNumberTypeCode,2404,114,2290,3,JSON_ARRAY,"12 | [""7"", ""12""] | 7"
res_partner.csv,sap__khcustomer__TaxNumberCollection__TaxNumberTypeCodeText,2404,114,2290,3,JSON_ARRAY,"GST Identification Number | [""Permanent Account Number"", ""GST Identification Number""] | Permanent Account Number"
res_partner.csv,sap__khcustomer__WebSiteCollection__ObjectID,2404,1,2403,1,,COURIGEN100163E5F7A721EE987A8E1DA4A2F4E15 001
res_partner.csv,sap__khcustomer__WebSiteCollection__ParentObjectID,2404,1,2403,1,,00163E5F7A721EE987A81D692B73CA0C00163E5F7A721EE987A8E1DA4A2EEE15
res_partner.csv,sap__khcustomer__WebSiteCollection__URI,2404,1,2403,1,,www.titancem.com
res_partner.csv,sap__khsupplier__SupplierCollection__ABCClassificationCode,2404,1541,863,3,,A | B | C
res_partner.csv,sap__khsupplier__SupplierCollection__ABCClassificationCodeText,2404,1541,863,3,,A-supplier | B-supplier | C-supplier
res_partner.csv,sap__khsupplier__SupplierCollection__BusinessPartnerFormattedName,2404,2147,257,30+,,Amir Metal Corporation | Danlaw Technologies India Limited | 123E DISTRIBUTION | Detronics Pte Ltd | 3M ELECTRO & COMMUNICATION INDIA P
res_partner.csv,sap__khsupplier__SupplierCollection__CompanyLegalFormCode,2404,0,2404,0,,
res_partner.csv,sap__khsupplier__SupplierCollection__CompanyLegalFormCodeText,2404,0,2404,0,,
res_partner.csv,sap__khsupplier__SupplierCollection__CreationDateTime,2404,2147,257,30+,,2019-02-05 19:25:43 | 2019-01-21 06:37:47 | 2019-01-25 15:31:20 | 2019-01-25 15:34:43 | 2019-01-25 15:37:03
res_partner.csv,sap__khsupplier__SupplierCollection__FirstLineName,2404,2147,257,30+,,Amir Metal Corporation | Danlaw Technologies India Limited | 123E DISTRIBUTION | Detronics Pte Ltd | 3M ELECTRO & COMMUNICATION INDIA P
res_partner.csv,sap__khsupplier__SupplierCollection__IndustrialSectorCode,2404,2,2402,2,,54 | 42
res_partner.csv,sap__khsupplier__SupplierCollection__IndustrialSectorCodeText,2404,2,2402,2,,"Professional, scientific and technical services | Wholesale trade"
res_partner.csv,sap__khsupplier__SupplierCollection__InternalID,2404,2147,257,30+,,8000017 | 2000000000 | 1001705 | 1003784 | 2009076
res_partner.csv,sap__khsupplier__SupplierCollection__LastChangeDateTime,2404,2147,257,30+,,2024-12-31 11:32:42 | 2022-12-01 07:25:38 | 2022-04-20 11:49:18 | 2025-01-24 08:45:35 | 2022-04-21 12:59:10
res_partner.csv,sap__khsupplier__SupplierCollection__LegalCompetenceIndicator,2404,2147,257,1,,True
res_partner.csv,sap__khsupplier__SupplierCollection__LifeCycleStatusCode,2404,2147,257,3,,2 | 3 | 4
res_partner.csv,sap__khsupplier__SupplierCollection__LifeCycleStatusCodeText,2404,2147,257,3,,Active | Blocked | Obsolete
res_partner.csv,sap__khsupplier__SupplierCollection__ObjectID,2404,2147,257,30+,,00163E5F7A721ED98AAF746712974A8A | 00163E5F7A721EE987A81D692B73CA0C | 00163E5F7A721ED9889502A6C9BF2129 | 00163E5F7A721ED9889502C897AFA129 | 00163E5F7A721ED9889502C897B08129
res_partner.csv,sap__khsupplier__SupplierCollection__SecondLineName,2404,60,2344,30+,,(Miyota works.) | GmbH + CO KG | GmbH | SINGAPORE &#160;PTE.LTD | Formerly Statclean Technology India PLtd
res_partner.csv,sap__khsupplier__SupplierCollection__SortingFormattedName,2404,2147,257,30+,,Amir Metal Corporation | Danlaw Technologies India Limited | 123E DISTRIBUTION | Detronics Pte Ltd | 3M ELECTRO & COMMUNICATION INDIA P
res_partner.csv,sap__khsupplier__SupplierCollection__UUID,2404,2147,257,30+,,00163E5F-7A72-1ED9-8AAF-746712974A8A | 00163E5F-7A72-1EE9-87A8-1D692B73CA0C | 00163E5F-7A72-1ED9-8895-02A6C9BF2129 | 00163E5F-7A72-1ED9-8895-02C897AFA129 | 00163E5F-7A72-1ED9-8895-02C897B08129
res_partner.csv,sap__khsupplier__BankDetailsCollection__BankAccountHolderName,2404,0,2404,0,,
res_partner.csv,sap__khsupplier__BankDetailsCollection__BankAccountID,2404,1354,1050,30+,JSON_ARRAY,"3404002100025661 | 501-855076-201 | 90481010004754 | [""748631447"", ""422162746""] | 202642"
res_partner.csv,sap__khsupplier__BankDetailsCollection__BankAccountIDCheckDigitValue,2404,0,2404,0,,
res_partner.csv,sap__khsupplier__BankDetailsCollection__BankAccountStandardID,2404,23,2381,23,JSON_ARRAY,"CH7104835117444002002 | DE53600501017404041888 | [""AE310211000000100472023"", ""GB97CITI18500812911302""] | GB86LOYD30136411236989 | GB10LOYD30998000055925"
res_partner.csv,sap__khsupplier__BankDetailsCollection__BankAccountTypeCode,2404,0,2404,0,,
res_partner.csv,sap__khsupplier__BankDetailsCollection__BankAccountTypeCodeText,2404,0,2404,0,,
res_partner.csv,sap__khsupplier__BankDetailsCollection__BankCityName,2404,1335,1069,30+,JSON_ARRAY,"Vascco | Singapore 049513 | New Delhi | Chennai | Singapore Branch, 9 Raffles Place,"
res_partner.csv,sap__khsupplier__BankDetailsCollection__BankCountryCode,2404,1361,1043,25,JSON_ARRAY,IN | SG | JP | CH | DE
res_partner.csv,sap__khsupplier__BankDetailsCollection__BankCountryCodeText,2404,1361,1043,25,JSON_ARRAY,India | Singapore | Japan | Switzerland | Germany
res_partner.csv,sap__khsupplier__BankDetailsCollection__BankDirectoryEntryUUID,2404,1361,1043,30+,"JSON_ARRAY,VERY_LONG_TEXT",00163E5F-7A72-1ED9-87FB-175D195AE1C0 | 00163E5F-7A72-1EE9-8C86-F9507B1D36F5 | 00163E5F-7A72-1ED9-87FB-17FA5A18A1E9 | 00163E5F-7A72-1ED9-87FB-173B599D21C0 | 00163E5F-7A72-1ED9-8BF1-303D2F8F56E1
res_partner.csv,sap__khsupplier__BankDetailsCollection__BankFormattedName,2404,1361,1043,30+,JSON_ARRAY,"Punjab National Bank | ""OVERSEA-CHINESE BANKING CORPORATION LTD "" | Syndicate Bank | Ms Indian Bank | The Bank of Tokyo – Mitsubishi, UFJ Ltd."
res_partner.csv,sap__khsupplier__BankDetailsCollection__BankGroupCode,2404,17,2387,2,JSON_ARRAY,"03 | [""03"", """", """", """"]"
res_partner.csv,sap__khsupplier__BankDetailsCollection__BankGroupCodeText,2404,17,2387,2,JSON_ARRAY,"State Bank of India | [""State Bank of India"", """", """", """"]"
res_partner.csv,sap__khsupplier__BankDetailsCollection__BankInternalID,2404,1361,1043,30+,JSON_ARRAY,312 | 497 | 393 | 296 | 454
res_partner.csv,sap__khsupplier__BankDetailsCollection__BankStandardID,2404,1353,1051,30+,JSON_ARRAY,PUNB0340400 | OCBCSGSGXXX | SYNB0009048 | IDIB000C032 | BOTKSGSXXXX
res_partner.csv,sap__khsupplier__BankDetailsCollection__EndDate,2404,1361,1043,30+,JSON_ARRAY,"9999-12-31 00:00:00 | [""2021-02-18 00:00:00"", ""9999-12-31 00:00:00""] | [""2026-08-27 00:00:00"", ""9999-12-31 00:00:00""] | [""2024-02-01 00:00:00"", ""9999-12-31 00:00:00""] | [""2023-04-25 00:00:00"", ""9999-12-31 00:00:00""]"
res_partner.csv,sap__khsupplier__BankDetailsCollection__ID,2404,1361,1043,6,JSON_ARRAY,"0001 | [""0001"", ""0002""] | [""0001"", ""0002"", ""0003"", ""0004""] | [""0001"", ""0002"", ""0003""] | [""0001"", ""0002"", ""0003"", ""0004"", ""0005""]"
res_partner.csv,sap__khsupplier__BankDetailsCollection__ObjectID,2404,1361,1043,30+,"JSON_ARRAY,VERY_LONG_TEXT","00163E5F7A721ED98AAF746712974A8A0001 | 00163E5F7A721ED9889502C897AFA1290001 | 00163E5F7A721ED9889502C897B241290001 | [""00163E5F7A721ED9889502C897B301290001"", ""00163E5F7A721ED9889502C897B301290002""] | 00163E5F7A721ED9889646A5E44D26DA0001"
res_partner.csv,sap__khsupplier__BankDetailsCollection__ParentObjectID,2404,1361,1043,30+,,00163E5F7A721ED98AAF746712974A8A | 00163E5F7A721ED9889502C897AFA129 | 00163E5F7A721ED9889502C897B24129 | 00163E5F7A721ED9889502C897B30129 | 00163E5F7A721ED9889646A5E44D26DA
res_partner.csv,sap__khsupplier__BankDetailsCollection__StartDate,2404,1361,1043,30+,JSON_ARRAY,"2024-12-30 00:00:00 | 2017-01-01 00:00:00 | 2019-01-28 00:00:00 | [""2019-01-28 00:00:00"", ""2021-02-19 00:00:00""] | 2019-02-14 00:00:00"
res_partner.csv,sap__khsupplier__CurrentDefaultAddressInformationCollection__ObjectID,2404,2141,263,30+,JSON_ARRAY,"00163E5F7A721ED98AAF746712974A8A00163E5F7A721ED98AAF746712982A8A | 00163E5F7A721EE987A81D692B73CA0C00163E5F7A721EE987A8E1DA4A2EEE15 | [""00163E5F7A721ED9889502A6C9BF212900163E5F7A721ED98896C4901A0E896B"", ""00163E5F7A721ED9889502A6C9BF212900163E5F7A721EE98B8CD2772C308F9B"", ""00163E5F7A721ED9889502A6C9BF212900163E5F7A721EE98B8DFE127EF0153E""] | 00163E5F7A721ED9889502C897AFA12900163E5F7A721ED98896C4B63CFF896B | [""00163E5F7A721ED9889502C897B0812900163E5F7A721ED98896C4DC89A1496B"", ""00163E5F7A721ED9889502C897B0812900163E5F7A721EE98B8CD28675E56F9B"", ""00163E5F7A721ED9889502C897B0812900163E5F7A721EE98B8DFE19CD81353E""]"
res_partner.csv,sap__khsupplier__CurrentDefaultAddressInformationCollection__ParentObjectID,2404,2141,263,30+,,00163E5F7A721ED98AAF746712974A8A | 00163E5F7A721EE987A81D692B73CA0C | 00163E5F7A721ED9889502A6C9BF2129 | 00163E5F7A721ED9889502C897AFA129 | 00163E5F7A721ED9889502C897B08129
res_partner.csv,sap__khsupplier__CurrentDefaultAddressInformationCollection__UUID,2404,2141,263,30+,JSON_ARRAY,"00163E5F-7A72-1ED9-8AAF-746712982A8A | 00163E5F-7A72-1EE9-87A8-E1DA4A2EEE15 | [""00163E5F-7A72-1ED9-8896-C4901A0E896B"", ""00163E5F-7A72-1EE9-8B8C-D2772C308F9B"", ""00163E5F-7A72-1EE9-8B8D-FE127EF0153E""] | 00163E5F-7A72-1ED9-8896-C4B63CFF896B | [""00163E5F-7A72-1ED9-8896-C4DC89A1496B"", ""00163E5F-7A72-1EE9-8B8C-D28675E56F9B"", ""00163E5F-7A72-1EE9-8B8D-FE19CD81353E""]"
res_partner.csv,sap__khsupplier__CurrentDefaultCommunicationPreferenceCollection__CorrespondenceLanguageCode,2404,40,2364,1,,EN
res_partner.csv,sap__khsupplier__CurrentDefaultCommunicationPreferenceCollection__CorrespondenceLanguageCodeText,2404,40,2364,1,,English
res_partner.csv,sap__khsupplier__CurrentDefaultCommunicationPreferenceCollection__ObjectID,2404,40,2364,30+,,AVCPRGEN100163E5F7A721ED98AAF746712986A8A | AVCPRGEN100163E5F7A721ED989C1BCBBD4C17099 | AVCPRGEN100163E5F7A721ED989C1D1CEED2D3103 | AVCPRGEN100163E5F7A721ED98AA5948854F2D778 | AVCPRGEN100163E5F7A721ED98AA5A9CC20C537E8
res_partner.csv,sap__khsupplier__CurrentDefaultCommunicationPreferenceCollection__ParentObjectID,2404,40,2364,30+,,00163E5F7A721ED98AAF746712974A8A00163E5F7A721ED98AAF746712982A8A | 00163E5F7A721ED989C1BCBBD4C0509900163E5F7A721ED989C1BCBBD4C13099 | 00163E5F7A721ED989C1D1CEED2C110300163E5F7A721ED989C1D1CEED2CF103 | 00163E5F7A721ED98AA5948854F1B77800163E5F7A721ED98AA5948854F29778 | 00163E5F7A721ED98AA5A9CC20C417E800163E5F7A721ED98AA5A9CC20C4F7E8
res_partner.csv,sap__khsupplier__CurrentDefaultCommunicationPreferenceCollection__PreferredCommunicationMediumTypeCode,2404,0,2404,0,,
res_partner.csv,sap__khsupplier__CurrentDefaultCommunicationPreferenceCollection__PreferredCommunicationMediumTypeCodeText,2404,0,2404,0,,
res_partner.csv,sap__khsupplier__CurrentDefaultConventionalPhoneCollection__FormattedNumberDescription,2404,22,2382,22,,+91 2224910 | +91 2514010 | +91 2782786 | +91 (9822354463) 919922818961 | +91 2705526
res_partner.csv,sap__khsupplier__CurrentDefaultConventionalPhoneCollection__NormalisedNumberDescription,2404,22,2382,22,,+912224910 | +912514010 | +912782786 | +919822354463919922818961 | +912705526
res_partner.csv,sap__khsupplier__CurrentDefaultConventionalPhoneCollection__ObjectID,2404,22,2382,22,,COTELGEN100163E5F7A721EE98B8CD4B0C41ACF9B 001 | COTELGEN100163E5F7A721EE98B8CDCEC9D1AEFA2 001 | COTELGEN100163E5F7A721ED98896E50B5BDCAA22 001 | COTELGEN100163E5F7A721ED98896EEBA6E282A24 001 | COTELGEN100163E5F7A721EE98B8CD8708DDEAFA2 001
res_partner.csv,sap__khsupplier__CurrentDefaultConventionalPhoneCollection__ParentObjectID,2404,22,2382,22,,00163E5F7A721ED9889646DF06ABA6DA00163E5F7A721EE98B8CD28675D86F9B | 00163E5F7A721ED9889646DF06B3C6DA00163E5F7A721EE98B8CD28675DA6F9B | 00163E5F7A721ED9889646DF06FEC6DA00163E5F7A721ED98896C4DC89A8296B | 00163E5F7A721ED9889646FF07EC46DA00163E5F7A721ED98896C50299E2696B | 00163E5F7A721ED9889647184C20A6DA00163E5F7A721EE98B8CD28676278F9B
res_partner.csv,sap__khsupplier__CurrentDefaultEMailCollection__NormalisedURI,2404,14,2390,14,,csr_2@TRONICS.COM.SG | Michaela.Kroepfl@AMS-OSRAM.COM | easonchou@IMAGEMATCH.COM.TW | sourceblr@SOURCETECHNOLOGI.IN | pradosh@DANLAWEMS.COM
res_partner.csv,sap__khsupplier__CurrentDefaultEMailCollection__ObjectID,2404,14,2390,14,,COINTGEN100163E5F7A721ED98896D78E76AC89B9 001 | COINTGEN100163E5F7A721EE98B8CDC512367EFA2 001 | COINTGEN100163E5F7A721EE98B8CDCAD269EAFA2 001 | COINTGEN100163E5F7A721ED98896E081E1CF0A22 001 | COINTGEN100163E5F7A721ED98896E6298B7FEA23 001
res_partner.csv,sap__khsupplier__CurrentDefaultEMailCollection__ParentObjectID,2404,14,2390,14,,00163E5F7A721ED9889502C897AFA12900163E5F7A721ED98896C4B63CFF896B | 00163E5F7A721ED9889646C5F0C806DA00163E5F7A721EE98B8CD2772C516F9B | 00163E5F7A721ED9889646C5F0F186DA00163E5F7A721EE98B8CD28675D1CF9B | 00163E5F7A721ED9889646DF06D3C6DA00163E5F7A721ED98896C4DC899E496B | 00163E5F7A721ED9889646DF070986DA00163E5F7A721ED98896C4DC89AAC96B
res_partner.csv,sap__khsupplier__CurrentDefaultEMailCollection__URI,2404,14,2390,14,,csr_2@tronics.com.sg | Michaela.Kroepfl@ams-osram.com | easonchou@imagematch.com.tw | sourceblr@sourcetechnologi.in | pradosh@danlawems.com
res_partner.csv,sap__khsupplier__CurrentDefaultFormattedAddressCollection__FormattedPostalAddressDescription,2404,583,1821,30+,JSON_ARRAY,"Zuarinagar 403726 / IN | Salcette, Goa 403722 / IN | 3980294 ,NAGANO-PREF / JP | 110 Lorong 23 Geylang / #06-08 Victory Centre,Singapore 388410 / SG | CN"
res_partner.csv,sap__khsupplier__CurrentDefaultFormattedAddressCollection__ObjectID,2404,583,1821,30+,JSON_ARRAY,AGGEN100163E5F7A721ED98AAF746712986A8A | AGGEN100163E5F7A721EE987A8E1DA4A2F4E15 | AGGEN100163E5F7A721ED988F2A339CA8C24D0 | AGGEN100163E5F7A721EE98B8CDB0AA4F2EFA2 | AGGEN100163EA9430C1EDB9181FED786262C4A
res_partner.csv,sap__khsupplier__CurrentDefaultFormattedAddressCollection__ParentObjectID,2404,583,1821,30+,JSON_ARRAY,00163E5F7A721ED98AAF746712974A8A00163E5F7A721ED98AAF746712982A8A | 00163E5F7A721EE987A81D692B73CA0C00163E5F7A721EE987A8E1DA4A2EEE15 | 00163E5F7A721ED9889646A5E44FC6DA00163E5F7A721ED988F2A3132CD3C4D0 | 00163E5F7A721ED9889646A5E471E6DA00163E5F7A721EE98B8CD2772C328F9B | 00163E5F7A721ED9889646A5E48586DA00163EA9430C1EDB9181FED78625CC4A
res_partner.csv,sap__khsupplier__CurrentDefaultMobilePhoneCollection__FormattedNumberDescription,2404,22,2382,22,,+91 2224910 | +91 2514010 | +91 2782786 | +91 (9822354463) 919922818961 | +91 2705526
res_partner.csv,sap__khsupplier__CurrentDefaultMobilePhoneCollection__NormalisedNumberDescription,2404,22,2382,22,,+912224910 | +912514010 | +912782786 | +919822354463919922818961 | +912705526
res_partner.csv,sap__khsupplier__CurrentDefaultMobilePhoneCollection__ObjectID,2404,22,2382,22,,COTELGEN100163E5F7A721EE98B8CD4B0C41ACF9B 001 | COTELGEN100163E5F7A721EE98B8CDCEC9D1AEFA2 001 | COTELGEN100163E5F7A721ED98896E50B5BDCAA22 001 | COTELGEN100163E5F7A721ED98896EEBA6E282A24 001 | COTELGEN100163E5F7A721EE98B8CD8708DDEAFA2 001
res_partner.csv,sap__khsupplier__CurrentDefaultMobilePhoneCollection__ParentObjectID,2404,22,2382,22,,00163E5F7A721ED9889646DF06ABA6DA00163E5F7A721EE98B8CD28675D86F9B | 00163E5F7A721ED9889646DF06B3C6DA00163E5F7A721EE98B8CD28675DA6F9B | 00163E5F7A721ED9889646DF06FEC6DA00163E5F7A721ED98896C4DC89A8296B | 00163E5F7A721ED9889646FF07EC46DA00163E5F7A721ED98896C50299E2696B | 00163E5F7A721ED9889647184C20A6DA00163E5F7A721EE98B8CD28676278F9B
res_partner.csv,sap__khsupplier__CurrentDefaultPostalAddressCollection__CareOfName,2404,0,2404,0,,
res_partner.csv,sap__khsupplier__CurrentDefaultPostalAddressCollection__CityName,2404,2004,400,30+,JSON_ARRAY,"Zuarinagar | Salcette, Goa | [""SANTA RANCHO MARGARITA"", ""MARGARITA"", ""MARGARITA""] | 11 Woodlands Close, | BANGALORE"
res_partner.csv,sap__khsupplier__CurrentDefaultPostalAddressCollection__CompanyPostalCode,2404,0,2404,0,,
res_partner.csv,sap__khsupplier__CurrentDefaultPostalAddressCollection__CountryCode,2404,2141,263,27,,IN | US | SG | CH | HK
res_partner.csv,sap__khsupplier__CurrentDefaultPostalAddressCollection__CountryCodeText,2404,2141,263,27,,India | United States | Singapore | Switzerland | Hong Kong
res_partner.csv,sap__khsupplier__CurrentDefaultPostalAddressCollection__CountyName,2404,0,2404,0,,
res_partner.csv,sap__khsupplier__CurrentDefaultPostalAddressCollection__DifferentCityName,2404,1,2403,1,,BUPYEONG-GU
res_partner.csv,sap__khsupplier__CurrentDefaultPostalAddressCollection__DistrictName,2404,85,2319,30+,JSON_ARRAY,"["""", ""South Goa"", """"] | ["""", ""KONERIPALLI SHOOLAGIRI"", """"] | CHAKAN | ["""", ""O/S. GOMTIPUR GATE"", """"] | South Goa"
res_partner.csv,sap__khsupplier__CurrentDefaultPostalAddressCollection__HouseID,2404,261,2143,30+,JSON_ARRAY,"#06-09 | 51 | #07-01/02 | NO 10, | ["""", ""110"", """"]"
res_partner.csv,sap__khsupplier__CurrentDefaultPostalAddressCollection__ObjectID,2404,2141,263,30+,JSON_ARRAY,"AVLOCGEN100163E5F7A721ED98AAF746712986A8A | AVLOCGEN100163E5F7A721EE987A8E1DA4A2F4E15 | [""AVLOCGEN100163E5F7A721ED98896C874012169B8"", ""AVLOCGEN100163E5F7A721EE98B8CDB004D846FA2"", ""AVLOCGEN100163E5F7A721EE98B8E064C15EB7545""] | AVLOCGEN100163E5F7A721ED98896D78E76AC89B9 | [""AVLOCGEN100163E5F7A721ED98896E20623D1AA22"", ""AVLOCGEN100163E5F7A721EE98B8CDD27DEA5EFA2"", ""AVLOCGEN100163E5F7A721EE98B8E00C57EF2B53E""]"
res_partner.csv,sap__khsupplier__CurrentDefaultPostalAddressCollection__POBoxDeviatingCityName,2404,0,2404,0,,
res_partner.csv,sap__khsupplier__CurrentDefaultPostalAddressCollection__POBoxDeviatingCountryCode,2404,0,2404,0,,
res_partner.csv,sap__khsupplier__CurrentDefaultPostalAddressCollection__POBoxDeviatingCountryCodeText,2404,0,2404,0,,
res_partner.csv,sap__khsupplier__CurrentDefaultPostalAddressCollection__POBoxDeviatingRegionCode,2404,0,2404,0,,
res_partner.csv,sap__khsupplier__CurrentDefaultPostalAddressCollection__POBoxDeviatingRegionCodeText,2404,0,2404,0,,
res_partner.csv,sap__khsupplier__CurrentDefaultPostalAddressCollection__POBoxID,2404,0,2404,0,,
res_partner.csv,sap__khsupplier__CurrentDefaultPostalAddressCollection__POBoxPostalCode,2404,0,2404,0,,
res_partner.csv,sap__khsupplier__CurrentDefaultPostalAddressCollection__ParentObjectID,2404,2141,263,30+,JSON_ARRAY,"00163E5F7A721ED98AAF746712974A8A00163E5F7A721ED98AAF746712982A8A | 00163E5F7A721EE987A81D692B73CA0C00163E5F7A721EE987A8E1DA4A2EEE15 | [""00163E5F7A721ED9889502A6C9BF212900163E5F7A721ED98896C4901A0E896B"", ""00163E5F7A721ED9889502A6C9BF212900163E5F7A721EE98B8CD2772C308F9B"", ""00163E5F7A721ED9889502A6C9BF212900163E5F7A721EE98B8DFE127EF0153E""] | 00163E5F7A721ED9889502C897AFA12900163E5F7A721ED98896C4B63CFF896B | [""00163E5F7A721ED9889502C897B0812900163E5F7A721ED98896C4DC89A1496B"", ""00163E5F7A721ED9889502C897B0812900163E5F7A721EE98B8CD28675E56F9B"", ""00163E5F7A721ED9889502C897B0812900163E5F7A721EE98B8DFE19CD81353E""]"
res_partner.csv,sap__khsupplier__CurrentDefaultPostalAddressCollection__RegionCode,2404,738,1666,30+,JSON_ARRAY,05 | SG | CA | 12 | TPE
res_partner.csv,sap__khsupplier__CurrentDefaultPostalAddressCollection__RegionCodeText,2404,738,1666,30+,JSON_ARRAY,Ordino | St. Gallen | Cankuzo | Santa Fe | T'ai-pei
res_partner.csv,sap__khsupplier__CurrentDefaultPostalAddressCollection__StreetName,2404,212,2192,30+,JSON_ARRAY,"[""66 Nehru Place,"", """", """"] | [""PERUGANDI"", """", """"] | Lorong Chuan | Technopark@chai chee | UPPER ALJUNIED LINK, #06-07"
res_partner.csv,sap__khsupplier__CurrentDefaultPostalAddressCollection__StreetPostalCode,2404,1921,483,30+,JSON_ARRAY,403726 | 403722 | 92688 | 737853 | 560001
res_partner.csv,sap__khsupplier__CurrentDefaultPostalAddressCollection__StreetPrefixName,2404,902,1502,30+,JSON_ARRAY,"Chowgule Industrial Estate | L-15, Verna Industrial Estate | #06-03, New Tech Park | 4107-5, MIYOTA | #03-01 11 Tampines Concourse"
res_partner.csv,sap__khsupplier__CurrentDefaultPostalAddressCollection__StreetSuffixName,2404,287,2117,30+,JSON_ARRAY,"Verna | [""KANCHEEPURAM"", """", """"] | 3980294, NAGANO-PREF, JAPAN. | [""Kowloon, Hong Kong"", """", """"] | Delhi-07"
res_partner.csv,sap__khsupplier__CurrentDefaultPostalAddressCollection__TaxJurisdictionCode,2404,6,2398,4,,TX | MN | CA | MA
res_partner.csv,sap__khsupplier__CurrentDefaultPostalAddressCollection__TaxJurisdictionCodeText,2404,6,2398,4,,Texas | Minnesota | California | Massachusetts
res_partner.csv,sap__khsupplier__CurrentDefaultPostalAddressCollection__TimeZoneCode,2404,2141,263,14,JSON_ARRAY,INDIA | CST | UTC+8 | CET | JAPAN
res_partner.csv,sap__khsupplier__CurrentDefaultPostalAddressCollection__TimeZoneCodeText,2404,2141,263,14,JSON_ARRAY,"(UTC+05:30) Indian Standard Time | (UTC-06:00) Central Time (Dallas, Manitoba) | (UTC+08:00) Brunei Daruss., China, Hong Kong, Singapore, Indonesia, Malaysia, Philippines, Taiwan, Mongolia, Macao | (UTC+01:00) Central European Time | (UTC+09:00) Japan"
res_partner.csv,sap__khsupplier__CurrentDefaultWebSiteCollection__ObjectID,2404,2,2402,2,,COURIGEN100163E5F7A721EE987A8E1DA4A2F4E15 001 | COURIGEN100163E5F7A721ED98896EEBA6E282A24 001
res_partner.csv,sap__khsupplier__CurrentDefaultWebSiteCollection__ParentObjectID,2404,2,2402,2,,00163E5F7A721EE987A81D692B73CA0C00163E5F7A721EE987A8E1DA4A2EEE15 | 00163E5F7A721ED9889646FF07EC46DA00163E5F7A721ED98896C50299E2696B
res_partner.csv,sap__khsupplier__CurrentDefaultWebSiteCollection__URI,2404,2,2402,2,,www.titancem.com | www.anandspacers.co.in
res_partner.csv,sap__khsupplier__RoleCollection__BusinessCharacterCode,2404,2147,257,4,JSON_ARRAY,"[""BBP000"", ""BBP006"", ""BBP007"", ""CRM000""] | [""BBP000"", ""BBP006"", ""BBP007""] | [""BBP000"", ""BBP001"", ""BBP006"", ""BBP007""] | [""BBP000"", ""BBP006"", ""BBP007"", ""CRM011""]"
res_partner.csv,sap__khsupplier__RoleCollection__BusinessCharacterCodeText,2404,2147,257,4,JSON_ARRAY,"[""Vendor"", ""Invoicing Party"", ""Payee"", ""Sold-To Party/Customer""] | [""Vendor"", ""Invoicing Party"", ""Payee""] | [""Vendor"", ""Bidder"", ""Invoicing Party"", ""Payee""] | [""Vendor"", ""Invoicing Party"", ""Payee"", ""Partner""]"
res_partner.csv,sap__khsupplier__RoleCollection__BusinessObjectTypeCode,2404,2147,257,3,JSON_ARRAY,"[""266"", ""266"", ""266"", ""159""] | 266 | [""266"", ""266"", ""266"", ""147""]"
res_partner.csv,sap__khsupplier__RoleCollection__BusinessObjectTypeCodeText,2404,2147,257,3,JSON_ARRAY,"[""Supplier"", ""Supplier"", ""Supplier"", ""Account""] | Supplier | [""Supplier"", ""Supplier"", ""Supplier"", ""Business Partner""]"
res_partner.csv,sap__khsupplier__RoleCollection__ObjectID,2404,2147,257,30+,JSON_ARRAY,"[""00163E5F7A721ED98AAF746712974A8ABBP000"", ""00163E5F7A721ED98AAF746712974A8ABBP006"", ""00163E5F7A721ED98AAF746712974A8ABBP007"", ""00163E5F7A721ED98AAF746712974A8ACRM000""] | [""00163E5F7A721EE987A81D692B73CA0CBBP000"", ""00163E5F7A721EE987A81D692B73CA0CBBP006"", ""00163E5F7A721EE987A81D692B73CA0CBBP007"", ""00163E5F7A721EE987A81D692B73CA0CCRM000""] | [""00163E5F7A721ED9889502A6C9BF2129BBP000"", ""00163E5F7A721ED9889502A6C9BF2129BBP006"", ""00163E5F7A721ED9889502A6C9BF2129BBP007""] | [""00163E5F7A721ED9889502C897AFA129BBP000"", ""00163E5F7A721ED9889502C897AFA129BBP006"", ""00163E5F7A721ED9889502C897AFA129BBP007""] | [""00163E5F7A721ED9889502C897B08129BBP000"", ""00163E5F7A721ED9889502C897B08129BBP006"", ""00163E5F7A721ED9889502C897B08129BBP007""]"
res_partner.csv,sap__khsupplier__RoleCollection__ParentObjectID,2404,2147,257,30+,,00163E5F7A721ED98AAF746712974A8A | 00163E5F7A721EE987A81D692B73CA0C | 00163E5F7A721ED9889502A6C9BF2129 | 00163E5F7A721ED9889502C897AFA129 | 00163E5F7A721ED9889502C897B08129
res_partner.csv,sap__khsupplier__RoleCollection__RoleCode,2404,2147,257,4,JSON_ARRAY,"[""BBP000"", ""BBP006"", ""BBP007"", ""CRM000""] | [""BBP000"", ""BBP006"", ""BBP007""] | [""BBP000"", ""BBP001"", ""BBP006"", ""BBP007""] | [""BBP000"", ""BBP006"", ""BBP007"", ""CRM011""]"
res_partner.csv,sap__khsupplier__RoleCollection__RoleCodeText,2404,2147,257,4,JSON_ARRAY,"[""Supplier"", ""Invoicing Party"", ""Payee"", ""Account""] | [""Supplier"", ""Invoicing Party"", ""Payee""] | [""Supplier"", ""Bidder"", ""Invoicing Party"", ""Payee""] | [""Supplier"", ""Invoicing Party"", ""Payee"", ""Sales and Service Partner""]"
res_partner.csv,sap__khsupplier__TaxNumberCollection__CountryCode,2404,1101,1303,2,,IN | US
res_partner.csv,sap__khsupplier__TaxNumberCollection__CountryCodeText,2404,1101,1303,2,,India | United States
res_partner.csv,sap__khsupplier__TaxNumberCollection__ObjectID,2404,1101,1303,30+,JSON_ARRAY,"00163E5F7A721ED98AAF746712974A8AIN16 | 00163E5F7A721ED9889502C897B16129IN11 | 00163E5F7A721ED9889646C5F0F1E6DAIN16 | [""00163E5F7A721ED9889646C5F0F326DAIN11"", ""00163E5F7A721ED9889646C5F0F326DAIN16""] | [""00163E5F7A721ED9889646C5F0F4E6DAIN11"", ""00163E5F7A721ED9889646C5F0F4E6DAIN16""]"
res_partner.csv,sap__khsupplier__TaxNumberCollection__ParentObjectID,2404,1101,1303,30+,,00163E5F7A721ED98AAF746712974A8A | 00163E5F7A721ED9889502C897B16129 | 00163E5F7A721ED9889646C5F0F1E6DA | 00163E5F7A721ED9889646C5F0F326DA | 00163E5F7A721ED9889646C5F0F4E6DA
res_partner.csv,sap__khsupplier__TaxNumberCollection__PartyTaxID,2404,1101,1303,30+,JSON_ARRAY,"30AODPK5479A1ZD | AAACZ3386K | 33AAACT5131A1Z4 | [""AABCM3899H"", ""30AABCM3899H1ZF""] | [""AAACS8913K"", ""07AAACS8913K1Z3""]"
res_partner.csv,sap__khsupplier__TaxNumberCollection__TaxIdentificationNumberTypeCode,2404,1101,1303,3,JSON_ARRAY,"12 | 7 | [""7"", ""12""]"
res_partner.csv,sap__khsupplier__TaxNumberCollection__TaxIdentificationNumberTypeCodeText,2404,1101,1303,4,JSON_ARRAY,"GST Identification Number | Permanent Account Number | [""Permanent Account Number"", ""GST Identification Number""] | Foreign Tax I.D. Number"
res_partner.csv,sap__khsupplier__WithholdingTaxClassificationCollection__CountryCode,2404,385,2019,1,,IN
res_partner.csv,sap__khsupplier__WithholdingTaxClassificationCollection__CountryCodeText,2404,385,2019,1,,India
res_partner.csv,sap__khsupplier__WithholdingTaxClassificationCollection__ObjectID,2404,385,2019,30+,JSON_ARRAY,00163E5F7A721ED9889502C897B1612900163E5F7A721ED988DAC680503992D1 | 00163E5F7A721ED9889646C5F0F326DA00163EA910BC1EEBB8924DB4F05CBD9D | 00163E5F7A721ED9889646C5F0FA46DA00163EA9426E1EECAAB76F3D4FBFA815 | 00163E5F7A721ED9889646DF06B1E6DA00163E5F7A721ED988DA7901D086D1CF | 00163E5F7A721ED9889646DF06B286DA00163E5F7A721ED988D7CCAE7B454592
res_partner.csv,sap__khsupplier__WithholdingTaxClassificationCollection__ParentObjectID,2404,385,2019,30+,,00163E5F7A721ED9889502C897B16129 | 00163E5F7A721ED9889646C5F0F326DA | 00163E5F7A721ED9889646C5F0FA46DA | 00163E5F7A721ED9889646DF06B1E6DA | 00163E5F7A721ED9889646DF06B286DA
res_partner.csv,sap__khsupplier__WithholdingTaxClassificationCollection__TaxExemptionReasonCode,2404,0,2404,0,,
res_partner.csv,sap__khsupplier__WithholdingTaxClassificationCollection__TaxExemptionReasonCodeText,2404,0,2404,0,,
res_partner.csv,sap__khsupplier__WithholdingTaxClassificationCollection__TaxRateTypeCode,2404,385,2019,7,,1 | 2 | Z2 | Z1 | Z3
res_partner.csv,sap__khsupplier__WithholdingTaxClassificationCollection__TaxRateTypeCodeText,2404,385,2019,6,,Standard | Zero | 194C _ 1.50% | 194C _ 0.75% | 194J _ 7.50%
res_partner.csv,sap__khsupplier__WithholdingTaxClassificationCollection__TaxTypeCode,2404,385,2019,3,JSON_ARRAY,"19 | [""19"", ""21"", ""22""] | [""22"", ""21"", ""19""]"
res_partner.csv,sap__khsupplier__WithholdingTaxClassificationCollection__TaxTypeCodeText,2404,385,2019,3,JSON_ARRAY,"Withholding Income Tax | [""Withholding Income Tax"", ""EC on Income Tax"", ""SHEC on Income tax""] | [""SHEC on Income tax"", ""EC on Income Tax"", ""Withholding Income Tax""]"
res_partner.csv,sap__khsupplier__WithholdingTaxClassificationCollection__WithholdingTaxIncomeTypeCode,2404,197,2207,6,JSON_ARRAY,"194C | 194J | 194Q | 194I | [""194LC"", """", """"]"
res_partner.csv,sap__khsupplier__WithholdingTaxClassificationCollection__WithholdingTaxIncomeTypeCodeText,2404,197,2207,6,JSON_ARRAY,"Payment to Contractor or Sub Contractors | Fees for professional or technical services | TDS on Purchase of Goods | Rent | [""Income by way of interest from an Indian company"", """", """"]"
res_partner_bank.csv,id,1532,1532,0,30+,,sap_pbank_sap_bp_1123925_003005001388 | sap_pbank_sap_bp_1124347_748037882 | sap_pbank_sap_bp_1127393_05212320000222 | sap_pbank_sap_bp_8000017_3404002100025661 | sap_pbank_sap_bp_1000020_00000000003
res_partner_bank.csv,partner_id/id,1532,1532,0,30+,,sap_bp_1123925 | sap_bp_1124347 | sap_bp_1127393 | sap_bp_8000017 | sap_bp_1000020
res_partner_bank.csv,bank_id/id,1532,1532,0,30+,,sap_bank_ICICI_Bank | sap_bank_Indian_Bank | sap_bank_HDFC_BANK_LTD | sap_bank_Punjab_National_Bank | sap_bank_STATE_BANK_OF_INDIA
res_partner_bank.csv,acc_number,1532,1532,0,30+,,003005001388 | 748037882 | 05212320000222 | 3404002100025661 | 00000000003
res_partner_contact.csv,id,27,27,0,27,,sap_contact_8000001 | sap_contact_8000002 | sap_contact_8000003 | sap_contact_8000004 | sap_contact_8000005
res_partner_contact.csv,name,27,27,0,26,,Piyush | Vishal Navgan | Tushar Shinde | Jagtap Yuvraj | Tushar Desale
res_partner_contact.csv,parent_id/id,27,27,0,26,,sap_bp_1121778 | sap_bp_1121709 | sap_bp_1121595 | sap_bp_1116013 | sap_bp_1113761
res_partner_contact.csv,function,27,4,23,4,,Finance Manager | Purchasing Manager | Sales Account Rep | Sales Manager
res_partner_contact.csv,type,27,27,0,1,,contact
res_partner_contact.csv,sap__khcustomer__RelationshipCollection__BuildingID,27,0,27,0,,
res_partner_contact.csv,sap__khcustomer__RelationshipCollection__BusinessPartnerFormattedName1,27,27,0,23,,Larsen & Toubro Limited | Dellorto India Pvt Ltd | DURA AUTO SYSTEMS (I) PVT. LTD | SIEMENS LTD | TE CONNECTIVITY INDIA PVT LTD (EOU
res_partner_contact.csv,sap__khcustomer__RelationshipCollection__BusinessPartnerFormattedName2,27,27,0,26,,Piyush | Vishal Navgan | Tushar Shinde | Jagtap Yuvraj | Tushar Desale
res_partner_contact.csv,sap__khcustomer__RelationshipCollection__BusinessPartnerFunctionTypeCode,27,3,24,3,,0002 | 0016 | 0003
res_partner_contact.csv,sap__khcustomer__RelationshipCollection__BusinessPartnerFunctionTypeCodeText,27,3,24,3,,Purchasing Manager | Sales Account Rep | Sales Manager
res_partner_contact.csv,sap__khcustomer__RelationshipCollection__BusinessPartnerFunctionalAreaCode,27,3,24,2,,0001 | 0002
res_partner_contact.csv,sap__khcustomer__RelationshipCollection__BusinessPartnerFunctionalAreaCodeText,27,3,24,2,,Purchasing Dept | Sales Dept
res_partner_contact.csv,sap__khcustomer__RelationshipCollection__CategoryCode,27,27,0,1,,BUR001
res_partner_contact.csv,sap__khcustomer__RelationshipCollection__CategoryCode1,27,27,0,1,,2
res_partner_contact.csv,sap__khcustomer__RelationshipCollection__CategoryCode1Text,27,27,0,1,,Organization
res_partner_contact.csv,sap__khcustomer__RelationshipCollection__CategoryCode2,27,27,0,1,,1
res_partner_contact.csv,sap__khcustomer__RelationshipCollection__CategoryCode2Text,27,27,0,1,,Person
res_partner_contact.csv,sap__khcustomer__RelationshipCollection__CategoryCodeText,27,27,0,1,,Contact Person Rel.ship
res_partner_contact.csv,sap__khcustomer__RelationshipCollection__DefaultIndicator,27,27,0,2,,True | False
res_partner_contact.csv,sap__khcustomer__RelationshipCollection__DepartmentName,27,1,26,1,,Accounting
res_partner_contact.csv,sap__khcustomer__RelationshipCollection__FloorID,27,0,27,0,,
res_partner_contact.csv,sap__khcustomer__RelationshipCollection__FunctionalTitleName,27,1,26,1,,Finance Manager
res_partner_contact.csv,sap__khcustomer__RelationshipCollection__InhouseMailID,27,0,27,0,,
res_partner_contact.csv,sap__khcustomer__RelationshipCollection__InternalID1,27,27,0,26,,1121778 | 1121709 | 1121595 | 1116013 | 1113761
res_partner_contact.csv,sap__khcustomer__RelationshipCollection__InternalID2,27,27,0,27,,8000001 | 8000002 | 8000003 | 8000004 | 8000005
res_partner_contact.csv,sap__khcustomer__RelationshipCollection__ObjectID,27,27,0,27,,00163E5F7A721ED9888BBD7687F53460 | 00163E5F7A721ED9888BBD7687F55460 | 00163E5F7A721ED9888BBD7687F57460 | 00163E5F7A721ED9888BBD7687F59460 | 00163E5F7A721ED9888BBD7687F5B460
res_partner_contact.csv,sap__khcustomer__RelationshipCollection__ReverseDefaultIndicator,27,27,0,1,,True
res_partner_contact.csv,sap__khcustomer__RelationshipCollection__RoomID,27,0,27,0,,
res_users.csv,id,102,102,0,30+,,sap_emp_00163E5F7A721EE988AD732926A53649 | sap_emp_00163E5F7A721EE988AD737300D8B649 | sap_emp_00163E5F7A721EE988AD7393A739B649 | sap_emp_00163E5F7A721EE988AD73AF33C9F649 | sap_emp_00163E5F7A721EE988AD73CA89AB7649
res_users.csv,name,102,102,0,30+,,Shilesh Malur Jayaram | Anil Krishna Arondekar | Filipe Pereira | Floriano Vaz | Sushila Shirke
res_users.csv,login,102,102,0,30+,,mjshilesh@danlawems.com | anil@danlawems.com | sap_emp_00163E5F7A721EE988AD7393A739B649 | sap_emp_00163E5F7A721EE988AD73AF33C9F649 | sap_emp_00163E5F7A721EE988AD73CA89AB7649
res_users.csv,email,102,24,78,24,,mjshilesh@danlawems.com | anil@danlawems.com | maryann@danlawems.com | anish@danlawems.com | deepa@danlawems.com
res_users.csv,phone,102,1,101,1,,+91 9000830809
res_users.csv,sap__khemployee__EmployeeCollection__AcademicTitleCode,102,0,102,0,,
res_users.csv,sap__khemployee__EmployeeCollection__AcademicTitleCodeText,102,0,102,0,,
res_users.csv,sap__khemployee__EmployeeCollection__BirthDate,102,89,13,30+,,1965-08-01 00:00:00 | 1964-08-01 00:00:00 | 1974-07-01 00:00:00 | 1973-04-07 00:00:00 | 1976-01-03 00:00:00
res_users.csv,sap__khemployee__EmployeeCollection__BirthName,102,0,102,0,,
res_users.csv,sap__khemployee__EmployeeCollection__BirthPlaceName,102,0,102,0,,
res_users.csv,sap__khemployee__EmployeeCollection__CreationDateTime,102,102,0,30+,,2019-01-26 13:09:23 | 2019-01-26 13:09:27 | 2019-01-26 13:09:28 | 2019-01-26 13:09:30 | 2019-01-26 13:09:31
res_users.csv,sap__khemployee__EmployeeCollection__EmployeeID,102,102,0,30+,,G001 | G002 | G006 | G007 | G008
res_users.csv,sap__khemployee__EmployeeCollection__FamilyName,102,102,0,30+,,Jayaram | Arondekar | Pereira | Vaz | Shirke
res_users.csv,sap__khemployee__EmployeeCollection__FormOfAddressCode,102,90,12,2,,0002 | 0001
res_users.csv,sap__khemployee__EmployeeCollection__FormOfAddressCodeText,102,90,12,2,,Mr. | Ms.
res_users.csv,sap__khemployee__EmployeeCollection__FormattedName,102,102,0,30+,,Shilesh Malur Jayaram | Anil Krishna Arondekar | Filipe Pereira | Floriano Vaz | Sushila Shirke
res_users.csv,sap__khemployee__EmployeeCollection__GenderCode,102,102,0,3,,1 | 2 | 0
res_users.csv,sap__khemployee__EmployeeCollection__GenderCodeText,102,102,0,3,,Male | Female | Gender not known
res_users.csv,sap__khemployee__EmployeeCollection__GivenName,102,102,0,30+,,Shilesh | Anil | Filipe | Floriano | Sushila
res_users.csv,sap__khemployee__EmployeeCollection__InternalID,102,102,0,30+,,8000000010 | 8000000011 | 8000000012 | 8000000013 | 8000000014
res_users.csv,sap__khemployee__EmployeeCollection__LastChangeDateTime,102,102,0,30+,,2019-02-08 07:26:47 | 2019-02-08 07:28:21 | 2019-02-04 12:16:17 | 2019-02-04 12:35:55 | 2019-02-04 12:17:28
res_users.csv,sap__khemployee__EmployeeCollection__MaritalStatusCode,102,89,13,3,,2 | 1 | 3
res_users.csv,sap__khemployee__EmployeeCollection__MaritalStatusCodeText,102,89,13,3,,Married | Single | Widowed
res_users.csv,sap__khemployee__EmployeeCollection__MiddleName,102,18,84,16,,Malur | Krishna | A | Chandrakant | M A
res_users.csv,sap__khemployee__EmployeeCollection__NationalityCountryCode,102,89,13,1,,IN
res_users.csv,sap__khemployee__EmployeeCollection__NationalityCountryCodeText,102,89,13,1,,India
res_users.csv,sap__khemployee__EmployeeCollection__NickName,102,0,102,0,,
res_users.csv,sap__khemployee__EmployeeCollection__ObjectID,102,102,0,30+,,00163E5F7A721EE988AD732926A53649 | 00163E5F7A721EE988AD737300D8B649 | 00163E5F7A721EE988AD7393A739B649 | 00163E5F7A721EE988AD73AF33C9F649 | 00163E5F7A721EE988AD73CA89AB7649
res_users.csv,sap__khemployee__EmployeeCollection__UUID,102,102,0,30+,,00163E5F-7A72-1EE9-88AD-732926A53649 | 00163E5F-7A72-1EE9-88AD-737300D8B649 | 00163E5F-7A72-1EE9-88AD-7393A739B649 | 00163E5F-7A72-1EE9-88AD-73AF33C9F649 | 00163E5F-7A72-1EE9-88AD-73CA89AB7649
res_users.csv,sap__khemployee__EmployeeTypeCollection__EndDate,102,102,0,30+,JSON_ARRAY,"[""9999-12-31 00:00:00"", ""1992-01-15 00:00:00""] | [""9999-12-31 00:00:00"", ""1992-03-01 00:00:00""] | [""9999-12-31 00:00:00"", ""1992-05-10 00:00:00""] | [""9999-12-31 00:00:00"", ""1992-08-16 00:00:00""] | [""9999-12-31 00:00:00"", ""1992-10-21 00:00:00""]"
res_users.csv,sap__khemployee__EmployeeTypeCollection__InternalEmployeeIndicator,102,102,0,4,JSON_ARRAY,"True | False | [""True"", ""False""] | [""False"", ""True""]"
res_users.csv,sap__khemployee__EmployeeTypeCollection__ObjectID,102,102,0,30+,JSON_ARRAY,"[""00163E5F7A721ED9898F707A4A15F389"", ""00163E5F7A721EE988AD732926A75649""] | [""00163E5F7A721ED9898F70FEC8F17389"", ""00163E5F7A721EE988AD737300DAD649""] | [""00163E5F7A721ED9898F717BE4F0F389"", ""00163E5F7A721EE988AD7393A73BD649""] | [""00163E5F7A721ED9898F71F3BF223389"", ""00163E5F7A721EE988AD73AF33CC1649""] | [""00163E5F7A721ED9898F727C2099B389"", ""00163E5F7A721EE988AD73CA89AD9649""]"
res_users.csv,sap__khemployee__EmployeeTypeCollection__ParentObjectID,102,102,0,30+,,00163E5F7A721EE988AD732926A53649 | 00163E5F7A721EE988AD737300D8B649 | 00163E5F7A721EE988AD7393A739B649 | 00163E5F7A721EE988AD73AF33C9F649 | 00163E5F7A721EE988AD73CA89AB7649
res_users.csv,sap__khemployee__EmployeeTypeCollection__StartDate,102,95,7,30+,JSON_ARRAY,"[""1992-01-16 00:00:00"", """"] | [""1992-03-02 00:00:00"", """"] | [""1992-05-11 00:00:00"", """"] | [""1992-08-17 00:00:00"", """"] | [""1992-10-22 00:00:00"", """"]"
res_users.csv,sap__khemployee__WorkplaceAddressCollection__Building,102,0,102,0,,
res_users.csv,sap__khemployee__WorkplaceAddressCollection__Email,102,24,78,24,,mjshilesh@danlawems.com | anil@danlawems.com | maryann@danlawems.com | anish@danlawems.com | deepa@danlawems.com
res_users.csv,sap__khemployee__WorkplaceAddressCollection__Fax,102,1,101,1,,9545450177
res_users.csv,sap__khemployee__WorkplaceAddressCollection__Floor,102,0,102,0,,
res_users.csv,sap__khemployee__WorkplaceAddressCollection__Mobile,102,20,82,20,,+91 9545450175 | +91 9545450171 | +91 9545450178 | +91 9545450173 | +91 9823299464
res_users.csv,sap__khemployee__WorkplaceAddressCollection__ObjectID,102,29,73,29,,ADGEN300163E5F7A721ED98AEE5C909154B161 | ADGEN300163E5F7A721ED98AEE638E6ADF5166 | ADGEN300163E5F7A721ED98AEEAD01C27472D9 | ADGEN300163E5F7A721ED98AEEA3B44018F2CF | ADGEN300163E5F7A721ED98AEEA8CCFBE972D6
res_users.csv,sap__khemployee__WorkplaceAddressCollection__ParentObjectID,102,29,73,29,,00163E5F7A721EE988AD732926A5364900163E5F7A721ED98AEE5C909153F161 | 00163E5F7A721EE988AD737300D8B64900163E5F7A721ED98AEE638E6ADE9166 | 00163E5F7A721EE988AD7439A66E364900163E5F7A721ED98AEEAD01C273B2D9 | 00163E5F7A721EE988AD7456534DF64900163E5F7A721ED98AEEA3B4401832CF | 00163E5F7A721EE988AD7790BCA8366D00163E5F7A721ED98AEEA8CCFBE8B2D6
res_users.csv,sap__khemployee__WorkplaceAddressCollection__Phone,102,1,101,1,,+91 9000830809
res_users.csv,sap__khemployee__WorkplaceAddressCollection__Room,102,0,102,0,,
res_users.csv,sap__khemployee__WorkplaceAddressInformationCollection__ObjectID,102,29,73,29,,00163E5F7A721EE988AD732926A5364900163E5F7A721ED98AEE5C909153F161 | 00163E5F7A721EE988AD737300D8B64900163E5F7A721ED98AEE638E6ADE9166 | 00163E5F7A721EE988AD7439A66E364900163E5F7A721ED98AEEAD01C273B2D9 | 00163E5F7A721EE988AD7456534DF64900163E5F7A721ED98AEEA3B4401832CF | 00163E5F7A721EE988AD7790BCA8366D00163E5F7A721ED98AEEA8CCFBE8B2D6
res_users.csv,sap__khemployee__WorkplaceAddressInformationCollection__ParentObjectID,102,29,73,29,,00163E5F7A721EE988AD732926A53649 | 00163E5F7A721EE988AD737300D8B649 | 00163E5F7A721EE988AD7439A66E3649 | 00163E5F7A721EE988AD7456534DF649 | 00163E5F7A721EE988AD7790BCA8366D
res_users.csv,sap__khemployee__WorkplaceAddressInformationCollection__UUID,102,29,73,29,,00163E5F-7A72-1ED9-8AEE-5C909153F161 | 00163E5F-7A72-1ED9-8AEE-638E6ADE9166 | 00163E5F-7A72-1ED9-8AEE-AD01C273B2D9 | 00163E5F-7A72-1ED9-8AEE-A3B4401832CF | 00163E5F-7A72-1ED9-8AEE-A8CCFBE8B2D6
sale_order.csv,id,4308,4308,0,30+,,sap_so_00163E5F7A721ED98AEFE604B5B6996C | sap_so_00163E5F7A721ED98AF09C2FDC3C5CBC | sap_so_00163E5F7A721ED98AF12BF942DF5FBF | sap_so_00163E5F7A721ED98B845C8FAC5CC65F | sap_so_00163E5F7A721ED98B84AE9188484827
sale_order.csv,name,4308,4308,0,30+,,10000000 | 10000001 | 10000002 | 10000009 | 10000010
sale_order.csv,partner_id/id,4308,4307,1,30+,,sap_bp_1121709 | sap_bp_1121778 | sap_bp_1127393 | sap_bp_1125090 | sap_bp_1123611
sale_order.csv,date_order,4308,4308,0,30+,,2019-02-08 | 2019-02-09 | 2019-02-11 | 2019-02-12 | 2019-02-14
sale_order.csv,state,4308,4308,0,1,,sale
sale_order.csv,currency_id/id,4308,4307,1,5,,base.INR | base.GBP | base.EUR | base.JPY | base.USD
sale_order.csv,amount_total,4308,4308,0,30+,,573288.970000 | 1155730.910000 | 2701268.630000 | 879273.830000 | 481599.120000
sale_order.csv,sap__khsalesorder__SalesOrderCollection__ApprovalStatusCode,4308,4308,0,5,,2 | 4 | 1 | 6 | 7
sale_order.csv,sap__khsalesorder__SalesOrderCollection__ApprovalStatusCodeText,4308,4308,0,5,,Approval not Necessary | Approved | Not Started | In Revision | Withdrawn
sale_order.csv,sap__khsalesorder__SalesOrderCollection__CancellationStatusCode,4308,4308,0,3,,4 | 1 | 5
sale_order.csv,sap__khsalesorder__SalesOrderCollection__CancellationStatusCodeText,4308,4308,0,3,,Canceled | Not Canceled | Partially Canceled
sale_order.csv,sap__khsalesorder__SalesOrderCollection__CompleteDeliveryRequestedIndicator,4308,4308,0,2,,False | True
sale_order.csv,sap__khsalesorder__SalesOrderCollection__ConfirmationIssuingStatusCode,4308,4308,0,2,,1 | 3
sale_order.csv,sap__khsalesorder__SalesOrderCollection__ConfirmationIssuingStatusCodeText,4308,4308,0,2,,Not Issued | Issued
sale_order.csv,sap__khsalesorder__SalesOrderCollection__ConsistencyStatusCode,4308,4308,0,2,,3 | 2
sale_order.csv,sap__khsalesorder__SalesOrderCollection__ConsistencyStatusCodeText,4308,4308,0,2,,Consistent | Inconsistent
sale_order.csv,sap__khsalesorder__SalesOrderCollection__CreationDateTime,4308,4308,0,30+,,2019-02-08 09:16:38 | 2019-02-08 09:52:34 | 2019-02-08 10:12:32 | 2019-02-09 04:28:54 | 2019-02-09 04:48:27
sale_order.csv,sap__khsalesorder__SalesOrderCollection__CreditWorthinessStatusCode,4308,4308,0,1,,1
sale_order.csv,sap__khsalesorder__SalesOrderCollection__CreditWorthinessStatusCodeText,4308,4308,0,1,,Not Relevant
sale_order.csv,sap__khsalesorder__SalesOrderCollection__CustomerProjectInvoiceRequisitionAutomaticallyReleaseIndicator,4308,4308,0,1,,False
sale_order.csv,sap__khsalesorder__SalesOrderCollection__CustomerProjectInvoiceRequisitionItemCreationMethodCode,4308,4308,0,1,,1
sale_order.csv,sap__khsalesorder__SalesOrderCollection__CustomerProjectInvoiceRequisitionItemCreationMethodCodeText,4308,4308,0,1,,Using Sales Order
sale_order.csv,sap__khsalesorder__SalesOrderCollection__DataOriginTypeCode,4308,4308,0,1,,1
sale_order.csv,sap__khsalesorder__SalesOrderCollection__DataOriginTypeCodeText,4308,4308,0,1,,Manual data entry
sale_order.csv,sap__khsalesorder__SalesOrderCollection__DeliveryBlockingStatusCode,4308,4308,0,2,,1 | 3
sale_order.csv,sap__khsalesorder__SalesOrderCollection__DeliveryBlockingStatusCodeText,4308,4308,0,2,,Not Blocked | Blocked
sale_order.csv,sap__khsalesorder__SalesOrderCollection__DeliveryPriorityCode,4308,4236,72,4,,2 | 3 | 1 | 7
sale_order.csv,sap__khsalesorder__SalesOrderCollection__DeliveryPriorityCodeText,4308,4236,72,4,,Urgent | Normal | Immediate | Low
sale_order.csv,sap__khsalesorder__SalesOrderCollection__DeliveryStatusCode,4308,4308,0,3,,3 | 1 | 2
sale_order.csv,sap__khsalesorder__SalesOrderCollection__DeliveryStatusCodeText,4308,4308,0,3,,Finished | Not Started | In Process
sale_order.csv,sap__khsalesorder__SalesOrderCollection__DistributionChannelCode,4308,4307,1,1,,01
sale_order.csv,sap__khsalesorder__SalesOrderCollection__DistributionChannelCodeText,4308,4307,1,1,,Direct sales
sale_order.csv,sap__khsalesorder__SalesOrderCollection__ExecutionReleaseStatusCode,4308,4308,0,1,,6
sale_order.csv,sap__khsalesorder__SalesOrderCollection__ExecutionReleaseStatusCodeText,4308,4308,0,1,,Not Relevant
sale_order.csv,sap__khsalesorder__SalesOrderCollection__ExternalReference,4308,4297,11,30+,,WO18190051 | 1530294137 | 1530290785 | 1530295141 | DTIL/PO/147/2018-19
sale_order.csv,sap__khsalesorder__SalesOrderCollection__FulfillmentBlockingReasonCode,4308,29,4279,1,,91
sale_order.csv,sap__khsalesorder__SalesOrderCollection__FulfillmentBlockingReasonCodeText,4308,29,4279,1,,Customer request
sale_order.csv,sap__khsalesorder__SalesOrderCollection__GrossAmount,4308,4308,0,30+,,676481.000000 | 1363762.500000 | 3187497.000000 | 1037543.120000 | 568286.960000
sale_order.csv,sap__khsalesorder__SalesOrderCollection__GrossAmountCurrencyCode,4308,4307,1,5,,INR | GBP | EUR | JPY | USD
sale_order.csv,sap__khsalesorder__SalesOrderCollection__GrossAmountCurrencyCodeText,4308,4307,1,5,,Indian Rupee | Pound Sterling | Euro | Yen | US Dollar
sale_order.csv,sap__khsalesorder__SalesOrderCollection__ID,4308,4308,0,30+,,10000000 | 10000001 | 10000002 | 10000009 | 10000010
sale_order.csv,sap__khsalesorder__SalesOrderCollection__IncotermsClassificationCode,4308,3754,554,3,,EXW | CFR | FCA
sale_order.csv,sap__khsalesorder__SalesOrderCollection__IncotermsClassificationCodeText,4308,3754,554,3,,Ex works | Cost and freight | Free carrier
sale_order.csv,sap__khsalesorder__SalesOrderCollection__IncotermsLocationName,4308,3754,554,29,,Pune | Vadodara | VIKHROLI | Guwahati | Bharatgarh
sale_order.csv,sap__khsalesorder__SalesOrderCollection__InvoiceStatusCode,4308,4308,0,3,,3 | 2 | 1
sale_order.csv,sap__khsalesorder__SalesOrderCollection__InvoiceStatusCodeText,4308,4308,0,3,,Finished | In Process | Not Started
sale_order.csv,sap__khsalesorder__SalesOrderCollection__InvoicingBlockingReasonCode,4308,10,4298,3,,03 | 04 | 01
sale_order.csv,sap__khsalesorder__SalesOrderCollection__InvoicingBlockingReasonCodeText,4308,10,4298,3,,Pricing incomplete | Delivery incomplete | Calculation missing
sale_order.csv,sap__khsalesorder__SalesOrderCollection__InvoicingBlockingStatusCode,4308,4308,0,2,,1 | 3
sale_order.csv,sap__khsalesorder__SalesOrderCollection__InvoicingBlockingStatusCodeText,4308,4308,0,2,,Not Blocked | Blocked
sale_order.csv,sap__khsalesorder__SalesOrderCollection__LastChangeDateTime,4308,4308,0,30+,,2019-04-16 10:56:51 | 2019-07-10 09:24:12 | 2019-07-10 09:24:57 | 2019-04-13 11:45:03 | 2019-03-19 11:27:32
sale_order.csv,sap__khsalesorder__SalesOrderCollection__LifeCycleStatusCode,4308,4308,0,4,,3 | 2 | 1 | 4
sale_order.csv,sap__khsalesorder__SalesOrderCollection__LifeCycleStatusCodeText,4308,4308,0,4,,Completed | In Process | Open | In Preparation
sale_order.csv,sap__khsalesorder__SalesOrderCollection__Name,4308,0,4308,0,,
sale_order.csv,sap__khsalesorder__SalesOrderCollection__NetAmount,4308,4308,0,30+,,573288.970000 | 1155730.910000 | 2701268.630000 | 879273.830000 | 481599.120000
sale_order.csv,sap__khsalesorder__SalesOrderCollection__NetAmountCurrencyCode,4308,4307,1,5,,INR | GBP | EUR | JPY | USD
sale_order.csv,sap__khsalesorder__SalesOrderCollection__NetAmountCurrencyCodeText,4308,4307,1,5,,Indian Rupee | Pound Sterling | Euro | Yen | US Dollar
sale_order.csv,sap__khsalesorder__SalesOrderCollection__ObjectID,4308,4308,0,30+,,00163E5F7A721ED98AEFE604B5B6996C | 00163E5F7A721ED98AF09C2FDC3C5CBC | 00163E5F7A721ED98AF12BF942DF5FBF | 00163E5F7A721ED98B845C8FAC5CC65F | 00163E5F7A721ED98B84AE9188484827
sale_order.csv,sap__khsalesorder__SalesOrderCollection__PaymentAuthorisationStatusCode,4308,4308,0,1,,4
sale_order.csv,sap__khsalesorder__SalesOrderCollection__PaymentAuthorisationStatusCodeText,4308,4308,0,1,,Authorization not Required
sale_order.csv,sap__khsalesorder__SalesOrderCollection__PostingDateTime,4308,4308,0,30+,,2019-02-08 08:54:49 | 2019-02-08 09:35:33 | 2019-02-08 10:07:43 | 2019-02-09 04:26:38 | 2019-02-09 04:44:59
sale_order.csv,sap__khsalesorder__SalesOrderCollection__ProposedInvoiceDate,4308,4308,0,30+,,2019-02-08 00:00:00 | 2019-02-09 00:00:00 | 2019-02-11 00:00:00 | 2019-02-12 00:00:00 | 2019-02-14 00:00:00
sale_order.csv,sap__khsalesorder__SalesOrderCollection__ReleaseStatusCode,4308,4308,0,2,,3 | 1
sale_order.csv,sap__khsalesorder__SalesOrderCollection__ReleaseStatusCodeText,4308,4308,0,2,,Released | Not Released
sale_order.csv,sap__khsalesorder__SalesOrderCollection__SalesOrganisationID,4308,4307,1,1,,71000
sale_order.csv,sap__khsalesorder__SalesOrderCollection__TaxAmount,4308,4308,0,30+,,103192.030000 | 208031.590000 | 486228.370000 | 158269.290000 | 86687.840000
sale_order.csv,sap__khsalesorder__SalesOrderCollection__TaxAmountCurrencyCode,4308,4307,1,5,,INR | GBP | EUR | JPY | USD
sale_order.csv,sap__khsalesorder__SalesOrderCollection__TaxAmountCurrencyCodeText,4308,4307,1,5,,Indian Rupee | Pound Sterling | Euro | Yen | US Dollar
sale_order.csv,sap__khsalesorder__SalesOrderCollection__UUID,4308,4308,0,30+,,00163E5F-7A72-1ED9-8AEF-E604B5B6996C | 00163E5F-7A72-1ED9-8AF0-9C2FDC3C5CBC | 00163E5F-7A72-1ED9-8AF1-2BF942DF5FBF | 00163E5F-7A72-1ED9-8B84-5C8FAC5CC65F | 00163E5F-7A72-1ED9-8B84-AE9188484827
sale_order.csv,sap__khsalesorder__BuyerPartyCollection__ObjectID,4308,4308,0,30+,"JSON_ARRAY,VERY_LONG_TEXT","[""00163E5F7A721ED98AEFE604B5B6996C                                    1"", ""00163E5F7A721ED98AEFE604B5B6996C                                    2"", ""00163E5F7A721ED98AEFE604B5B6996C                                    3"", ""00163E5F7A721ED98AEFE604B5B6996C                                    4"", ""00163E5F7A721ED98AEFE604B5B6996C                                    5"", ""00163E5F7A721ED98AEFE604B5B6996C                                    6"", ""00163E5F7A721ED98AEFE604B5B6996C                                    7"", ""00163E5F7A721ED98AEFE604B5B6996C                                    8""] | [""00163E5F7A721ED98AF09C2FDC3C5CBC                                    1"", ""00163E5F7A721ED98AF09C2FDC3C5CBC                                    2"", ""00163E5F7A721ED98AF09C2FDC3C5CBC                                    3"", ""00163E5F7A721ED98AF09C2FDC3C5CBC                                    4"", ""00163E5F7A721ED98AF09C2FDC3C5CBC                                    5"", ""00163E5F7A721ED98AF09C2FDC3C5CBC                                    6"", ""00163E5F7A721ED98AF09C2FDC3C5CBC                                    7"", ""00163E5F7A721ED98AF09C2FDC3C5CBC                                    8""] | [""00163E5F7A721ED98AF12BF942DF5FBF                                    1"", ""00163E5F7A721ED98AF12BF942DF5FBF                                    2"", ""00163E5F7A721ED98AF12BF942DF5FBF                                    3"", ""00163E5F7A721ED98AF12BF942DF5FBF                                    4"", ""00163E5F7A721ED98AF12BF942DF5FBF                                    5"", ""00163E5F7A721ED98AF12BF942DF5FBF                                    6"", ""00163E5F7A721ED98AF12BF942DF5FBF                                    7"", ""00163E5F7A721ED98AF12BF942DF5FBF                                    8""] | [""00163E5F7A721ED98B845C8FAC5CC65F                                    1"", ""00163E5F7A721ED98B845C8FAC5CC65F                                    2"", ""00163E5F7A721ED98B845C8FAC5CC65F                                    3"", ""00163E5F7A721ED98B845C8FAC5CC65F                                    4"", ""00163E5F7A721ED98B845C8FAC5CC65F                                    5"", ""00163E5F7A721ED98B845C8FAC5CC65F                                    6"", ""00163E5F7A721ED98B845C8FAC5CC65F                                    7"", ""00163E5F7A721ED98B845C8FAC5CC65F                                    8""] | [""00163E5F7A721ED98B84AE9188484827                                    1"", ""00163E5F7A721ED98B84AE9188484827                                    2"", ""00163E5F7A721ED98B84AE9188484827                                    3"", ""00163E5F7A721ED98B84AE9188484827                                    4"", ""00163E5F7A721ED98B84AE9188484827                                    5"", ""00163E5F7A721ED98B84AE9188484827                                    6"", ""00163E5F7A721ED98B84AE9188484827                                    7"", ""00163E5F7A721ED98B84AE9188484827                                    8""]"
sale_order.csv,sap__khsalesorder__BuyerPartyCollection__ParentObjectID,4308,4308,0,30+,,00163E5F7A721ED98AEFE604B5B6996C | 00163E5F7A721ED98AF09C2FDC3C5CBC | 00163E5F7A721ED98AF12BF942DF5FBF | 00163E5F7A721ED98B845C8FAC5CC65F | 00163E5F7A721ED98B84AE9188484827
sale_order.csv,sap__khsalesorder__BuyerPartyCollection__PartyID,4308,4307,1,30+,JSON_ARRAY,"[""1121709"", ""1121709"", ""1121709"", ""1121709"", ""8000000018"", ""71000"", ""70000"", ""71000""] | [""1121778"", ""1121778"", ""1121778"", ""1121778"", ""8000000018"", ""71000"", ""70000"", ""71000""] | [""1127393"", ""1127393"", ""1127393"", ""1127393"", ""8000000018"", ""71000"", ""70000"", ""71000""] | [""1125090"", ""1125090"", ""1125090"", ""1125090"", ""8000000018"", ""71000"", ""70000"", ""71000""] | [""1123611"", ""1123611"", ""1123611"", ""1123611"", ""8000000018"", ""71000"", ""70000"", ""71000""]"
sale_order.csv,sap__khsalesorder__DocumentReferenceCollection__CampaignDescription,4308,0,4308,0,,
sale_order.csv,sap__khsalesorder__DocumentReferenceCollection__CampaignPlannedEndDate,4308,0,4308,0,,
sale_order.csv,sap__khsalesorder__DocumentReferenceCollection__CampaignPlannedStartDate,4308,0,4308,0,,
sale_order.csv,sap__khsalesorder__DocumentReferenceCollection__ID,4308,4021,287,30+,"JSON_ARRAY,VERY_LONG_TEXT","[""8-42"", ""2018-100042"", ""8-201"", ""2018-100210"", ""8-2"", ""2018-100002"", ""8-4"", ""2018-100004"", ""8-121"", ""2018-100125"", ""8-267"", ""2018-100277"", ""10000153""] | [""8-107"", ""2018-100111"", ""8-1"", ""2018-100001"", ""8-34"", ""2018-100034"", ""8-151"", ""2018-100155"", ""8-164"", ""2018-100169"", ""8-336"", ""2018-100347""] | [""8-49"", ""2018-100049"", ""8-236"", ""2018-100244"", ""8-152"", ""2018-100156"", ""8-261"", ""2018-100271"", ""8-271"", ""2018-100282"", ""8-277"", ""2018-100288"", ""8-284"", ""2018-100295"", ""8-427"", ""2019-100076"", ""8-437"", ""2019-100086"", ""8-466"", ""2019-100115"", ""8-489"", ""2019-100138"", ""8-504"", ""2019-100154"", ""8-521"", ""2019-100171"", ""8-523"", ""2019-100173"", ""8-604"", ""2019-100254"", ""8-607"", ""2019-100260"", ""8-670"", ""2019-100329"", ""8-730"", ""2019-100389"", ""8-740"", ""2019-100400"", ""8-747"", ""2019-100407"", ""8-756"", ""2019-100416"", ""8-764"", ""2019-100424"", ""8-765"", ""2019-100425"", ""8-793"", ""2019-100453"", ""8-814"", ""2019-100474"", ""8-279"", ""2018-100290"", ""8-338"", ""2018-100349"", ""8-450"", ""2019-100099"", ""8-477"", ""2019-100126"", ""8-500"", ""2019-100150"", ""8-507"", ""2019-100157"", ""8-532"", ""2019-100182"", ""8-548"", ""2019-100198"", ""8-595"", ""2019-100245"", ""8-677"", ""2019-100336"", ""8-784"", ""2019-100444"", ""8-802"", ""2019-100462"", ""8-811"", ""2019-100471""] | [""8-9"", ""2018-100009"", ""8-22"", ""2018-100022"", ""8-43"", ""2018-100043"", ""8-56"", ""2018-100056"", ""8-89"", ""2018-100093"", ""8-115"", ""2018-100119"", ""8-149"", ""2018-100153"", ""8-210"", ""2018-100219"", ""8-221"", ""2018-100229"", ""8-260"", ""2018-100270"", ""8-3"", ""2018-100003"", ""8-11"", ""8-12"", ""8-13"", ""2018-100012"", ""2018-100013"", ""2018-100014"", ""8-16"", ""2018-100017"", ""8-29"", ""2018-100032"", ""8-61"", ""2018-100061"", ""8-123"", ""2018-100127"", ""8-229"", ""2018-100237"", ""8-243"", ""2018-100251"", ""8-268"", ""2018-100278"", ""8-275"", ""2018-100286"", ""8-286"", ""2018-100297"", ""8-311"", ""2018-100319"", ""8-343"", ""2018-100354"", ""8-382"", ""2019-100032""] | [""8-81"", ""2018-100085"", ""8-109"", ""2018-100113"", ""8-192"", ""2018-100200"", ""8-204"", ""2018-100213"", ""8-35"", ""2018-100035"", ""8-178"", ""2018-100183"", ""8-182"", ""2018-100188"", ""8-227"", ""2018-100235""]"
sale_order.csv,sap__khsalesorder__DocumentReferenceCollection__ObjectID,4308,4021,287,30+,"JSON_ARRAY,VERY_LONG_TEXT","[""00163E5F7A721ED98AEFE604B5B6996C00163E5F7A8F1ED98D9BC8BB206064A6"", ""00163E5F7A721ED98AEFE604B5B6996C00163E5F7A8F1ED98D9C88094A0687B2"", ""00163E5F7A721ED98AEFE604B5B6996C00163E5F7A8F1ED991FB77CADD5E2E1E"", ""00163E5F7A721ED98AEFE604B5B6996C00163E5F7A8F1ED991FB8BD580CA0ECA"", ""00163E5F7A721ED98AEFE604B5B6996C00163E5F7A8F1EE98B868AEEF9206C7C"", ""00163E5F7A721ED98AEFE604B5B6996C00163E5F7A8F1EE98B899BEADB80D905"", ""00163E5F7A721ED98AEFE604B5B6996C00163E5F7A8F1EE98BD633C5DA80EEE7"", ""00163E5F7A721ED98AEFE604B5B6996C00163E5F7A8F1EE98BD652B6CD7DCF42"", ""00163E5F7A721ED98AEFE604B5B6996C00163E5F7A8F1EE98EE89B40E4AC3BFF"", ""00163E5F7A721ED98AEFE604B5B6996C00163E5F7A8F1EE98EE8BD40B8D41C5A"", ""00163E5F7A721ED98AEFE604B5B6996C00163E5F7A8F1EE993AB6CA7E8E2F671"", ""00163E5F7A721ED98AEFE604B5B6996C00163E5F7A8F1EE993AB6FE991AB1672"", ""00163E5F7A721ED98AEFE604B5B6996C00163E876AF11ED99886B3533B0BEF3A""] | [""00163E5F7A721ED98AF09C2FDC3C5CBC00163E5F7A8F1ED98ECF759833673686"", ""00163E5F7A721ED98AF09C2FDC3C5CBC00163E5F7A8F1ED98ECF7A8E716A5687"", ""00163E5F7A721ED98AF09C2FDC3C5CBC00163E5F7A8F1EE98B84C24BA7346565"", ""00163E5F7A721ED98AF09C2FDC3C5CBC00163E5F7A8F1EE98B87D560526551B9"", ""00163E5F7A721ED98AF09C2FDC3C5CBC00163E5F7A8F1EE98D86FACC20B37292"", ""00163E5F7A721ED98AF09C2FDC3C5CBC00163E5F7A8F1EE98D870001B52DD295"", ""00163E5F7A721ED98AF09C2FDC3C5CBC00163E5F7A8F1EE99098B9F652DDB147"", ""00163E5F7A721ED98AF09C2FDC3C5CBC00163E5F7A8F1EE990995BC1EBC39378"", ""00163E5F7A721ED98AF09C2FDC3C5CBC00163E5F7A8F1EE990CAB95B10B7F355"", ""00163E5F7A721ED98AF09C2FDC3C5CBC00163E5F7A8F1EE990CAE4E54DDED3F6"", ""00163E5F7A721ED98AF09C2FDC3C5CBC00163E876AE21EE994DC1694BCA93156"", ""00163E5F7A721ED98AF09C2FDC3C5CBC00163E876AE21EE994DC6FA7378A9322""] | [""00163E5F7A721ED98AF12BF942DF5FBF00163E5F7A8F1ED98D9F76176312F2DE"", ""00163E5F7A721ED98AF12BF942DF5FBF00163E5F7A8F1ED98D9F877F65931332"", ""00163E5F7A721ED98AF12BF942DF5FBF00163E5F7A8F1ED992DF5E3CF3F9EE4D"", ""00163E5F7A721ED98AF12BF942DF5FBF00163E5F7A8F1ED992DF683CF9E90E4E"", ""00163E5F7A721ED98AF12BF942DF5FBF00163E5F7A8F1EE99098BC3E0988B149"", ""00163E5F7A721ED98AF12BF942DF5FBF00163E5F7A8F1EE99099682A9E7113DB"", ""00163E5F7A721ED98AF12BF942DF5FBF00163E5F7A8F1EE993AACFFCEB40B40A"", ""00163E5F7A721ED98AF12BF942DF5FBF00163E5F7A8F1EE993AAE4A80B01945D"", ""00163E5F7A721ED98AF12BF942DF5FBF00163E876AE01ED993DD2E3E1B6F7C53"", ""00163E5F7A721ED98AF12BF942DF5FBF00163E876AE01ED993DD3F4405D11CA9"", ""00163E5F7A721ED98AF12BF942DF5FBF00163E876AE01ED993F731AC1E42E968"", ""00163E5F7A721ED98AF12BF942DF5FBF00163E876AE01ED993F742B956A9A9BB"", ""00163E5F7A721ED98AF12BF942DF5FBF00163E876AE21ED994A914D012C3BB08"", ""00163E5F7A721ED98AF12BF942DF5FBF00163E876AE21ED994A94990D4FF1BB5"", ""00163E5F7A721ED98AF12BF942DF5FBF00163E876AE21ED999EA0DECE3173223"", ""00163E5F7A721ED98AF12BF942DF5FBF00163E876AE21ED999EA414BEE8A92D5"", ""00163E5F7A721ED98AF12BF942DF5FBF00163E876AE21ED99A9BD2A045B03F9E"", ""00163E5F7A721ED98AF12BF942DF5FBF00163E876AE21ED99A9BD8F7C4F9DFA1"", ""00163E5F7A721ED98AF12BF942DF5FBF00163E876AE21ED99AE724E9518C79AB"", ""00163E5F7A721ED98AF12BF942DF5FBF00163E876AE21ED99AE72E04103519AD"", ""00163E5F7A721ED98AF12BF942DF5FBF00163E876AE21ED99BFE4390D1713446"", ""00163E5F7A721ED98AF12BF942DF5FBF00163E876AE21ED99BFE4ED6FBA1549D"", ""00163E5F7A721ED98AF12BF942DF5FBF00163E876AE21ED99CC94C999B83AC61"", ""00163E5F7A721ED98AF12BF942DF5FBF00163E876AE21ED99CC978808C71CD0E"", ""00163E5F7A721ED98AF12BF942DF5FBF00163E876AE21ED99CFB710C6BE87B6F"", ""00163E5F7A721ED98AF12BF942DF5FBF00163E876AE21ED99CFB9BE084D7DC0F"", ""00163E5F7A721ED98AF12BF942DF5FBF00163E876AE21ED99CFBB439A1EABC66"", ""00163E5F7A721ED98AF12BF942DF5FBF00163E876AE21ED99CFBBEB260D89CBB"", ""00163E5F7A721ED98AF12BF942DF5FBF00163E876AE21ED99F902E86B175FAC8"", ""00163E5F7A721ED98AF12BF942DF5FBF00163E876AE21ED99F90372893721B25"", ""00163E5F7A721ED98AF12BF942DF5FBF00163E876AE21ED99FA96987BFDFE7AD"", ""00163E5F7A721ED98AF12BF942DF5FBF00163E876AE21ED99FA96E5A7B4F47AF"", ""00163E5F7A721ED98AF12BF942DF5FBF00163E876AE21ED9A18BFE90E8D36074"", ""00163E5F7A721ED98AF12BF942DF5FBF00163E876AE21ED9A18C03C91FE40075"", ""00163E5F7A721ED98AF12BF942DF5FBF00163E876AE21ED9A4B6EF0808532BB4"", ""00163E5F7A721ED98AF12BF942DF5FBF00163E876AE21ED9A4B6F947B0264BB7"", ""00163E5F7A721ED98AF12BF942DF5FBF00163E876AE21ED9A4E8D64FEF8BFCD3"", ""00163E5F7A721ED98AF12BF942DF5FBF00163E876AE21ED9A4E8DEBEC35EDD14"", ""00163E5F7A721ED98AF12BF942DF5FBF00163E876AE21ED9A582991551FAE7E8"", ""00163E5F7A721ED98AF12BF942DF5FBF00163E876AE21ED9A5829B85B92207E8"", ""00163E5F7A721ED98AF12BF942DF5FBF00163E876AE21ED9A5CE09231E216675"", ""00163E5F7A721ED98AF12BF942DF5FBF00163E876AE21ED9A5CE0CFEBAB44676"", ""00163E5F7A721ED98AF12BF942DF5FBF00163E876AE21ED9A680543FEA57BA28"", ""00163E5F7A721ED98AF12BF942DF5FBF00163E876AE21ED9A68058B9C1E61A2A"", ""00163E5F7A721ED98AF12BF942DF5FBF00163E876AE21ED9A68061EE8C94BA93"", ""00163E5F7A721ED98AF12BF942DF5FBF00163E876AE21ED9A68064FAB463DA94"", ""00163E5F7A721ED98AF12BF942DF5FBF00163E876AE21ED9A6CB837D79A5763E"", ""00163E5F7A721ED98AF12BF942DF5FBF00163E876AE21ED9A6CB863CBD10D63E"", ""00163E5F7A721ED98AF12BF942DF5FBF00163E876AE21ED9A7FBA7184449A174"", ""00163E5F7A721ED98AF12BF942DF5FBF00163E876AE21ED9A7FBC86256EAC1D5"", ""00163E5F7A721ED98AF12BF942DF5FBF00163E876AE21EE9948F007DA3252BBE"", ""00163E5F7A721ED98AF12BF942DF5FBF00163E876AE21EE9948F2616DB162C80"", ""00163E5F7A721ED98AF12BF942DF5FBF00163E876AE21EE994DCC96C707B3497"", ""00163E5F7A721ED98AF12BF942DF5FBF00163E876AE21EE994DD08D507F695C3"", ""00163E5F7A721ED98AF12BF942DF5FBF00163E876AE21EE99ACE0DEC109531E2"", ""00163E5F7A721ED98AF12BF942DF5FBF00163E876AE21EE99ACE1A5006EA923A"", ""00163E5F7A721ED98AF12BF942DF5FBF00163E876AE21EE99B9941266BA2E96D"", ""00163E5F7A721ED98AF12BF942DF5FBF00163E876AE21EE99B994C09BEC20970"", ""00163E5F7A721ED98AF12BF942DF5FBF00163E876AE21EE99CB07EC50CC9E5AA"", ""00163E5F7A721ED98AF12BF942DF5FBF00163E876AE21EE99CB084C74727C5AC"", ""00163E5F7A721ED98AF12BF942DF5FBF00163E876AE21EE99CE25EA71D227402"", ""00163E5F7A721ED98AF12BF942DF5FBF00163E876AE21EE99CE26545D403B404"", ""00163E5F7A721ED98AF12BF942DF5FBF00163E876AE21EE99DAE422840C02B51"", ""00163E5F7A721ED98AF12BF942DF5FBF00163E876AE21EE99DAE884906A84C70"", ""00163E5F7A721ED98AF12BF942DF5FBF00163E876AE21EE99DDAF4B188FEE768"", ""00163E5F7A721ED98AF12BF942DF5FBF00163E876AE21EE99DDB8D02C4C249B2"", ""00163E5F7A721ED98AF12BF942DF5FBF00163E876AE21EE99EF70343D7DAB15B"", ""00163E5F7A721ED98AF12BF942DF5FBF00163E876AE21EE99EF73998F2191222"", ""00163E5F7A721ED98AF12BF942DF5FBF00163E876AE21EE9A1F0291E3665A9B1"", ""00163E5F7A721ED98AF12BF942DF5FBF00163E876AE21EE9A1F02D3E748809B1"", ""00163E5F7A721ED98AF12BF942DF5FBF00163E876AE21EE9A6B2E8A8A6E26E80"", ""00163E5F7A721ED98AF12BF942DF5FBF00163E876AE21EE9A6B2EEFA04268E83"", ""00163E5F7A721ED98AF12BF942DF5FBF00163E876AE21EE9A7AFBCBA3F31DB13"", ""00163E5F7A721ED98AF12BF942DF5FBF00163E876AE21EE9A7B02386ED74BD63"", ""00163E5F7A721ED98AF12BF942DF5FBF00163E876AE21EE9A7C93D4CA0C3CE3B"", ""00163E5F7A721ED98AF12BF942DF5FBF00163E876AE21EE9A7C96589E2484EDB""] | [""00163E5F7A721ED98B845C8FAC5CC65F00163E5F7A8F1ED98BF072197A8EF6D0"", ""00163E5F7A721ED98B845C8FAC5CC65F00163E5F7A8F1ED98BF076C0D91B36D1"", ""00163E5F7A721ED98B845C8FAC5CC65F00163E5F7A8F1ED98CA27346AE16BD99"", ""00163E5F7A721ED98B845C8FAC5CC65F00163E5F7A8F1ED98CA2778E5E579D9B"", ""00163E5F7A721ED98B845C8FAC5CC65F00163E5F7A8F1ED98D9BD047E87664AA"", ""00163E5F7A721ED98B845C8FAC5CC65F00163E5F7A8F1ED98D9C8AD46D2C07B5"", ""00163E5F7A721ED98B845C8FAC5CC65F00163E5F7A8F1ED98DA06BA73644F682"", ""00163E5F7A721ED98B845C8FAC5CC65F00163E5F7A8F1ED98DA0F9C34CD758E8"", ""00163E5F7A721ED98B845C8FAC5CC65F00163E5F7A8F1ED98E9DBE4C3D847137"", ""00163E5F7A721ED98B845C8FAC5CC65F00163E5F7A8F1ED98E9E7AA5E5279447"", ""00163E5F7A721ED98B845C8FAC5CC65F00163E5F7A8F1ED98ED057E748087A14"", ""00163E5F7A721ED98B845C8FAC5CC65F00163E5F7A8F1ED98ED067ACB6511A6C"", ""00163E5F7A721ED98B845C8FAC5CC65F00163E5F7A8F1ED98FFFD3F251FD2F4B"", ""00163E5F7A721ED98B845C8FAC5CC65F00163E5F7A8F1ED98FFFF1A340AB4FF2"", ""00163E5F7A721ED98B845C8FAC5CC65F00163E5F7A8F1ED991FCECD37CD6736D"", ""00163E5F7A721ED98B845C8FAC5CC65F00163E5F7A8F1ED991FD1AEC2F4D9400"", ""00163E5F7A721ED98B845C8FAC5CC65F00163E5F7A8F1ED992AE0B238B49F0B2"", ""00163E5F7A721ED98B845C8FAC5CC65F00163E5F7A8F1ED992AE2318BF2E510A"", ""00163E5F7A721ED98B845C8FAC5CC65F00163E5F7A8F1ED993929A215482F2D4"", ""00163E5F7A721ED98B845C8FAC5CC65F00163E5F7A8F1ED993929F14B080D2D5"", ""00163E5F7A721ED98B845C8FAC5CC65F00163E5F7A8F1EE98B87D5680456B1B9"", ""00163E5F7A721ED98B845C8FAC5CC65F00163E5F7A8F1EE98B89A00201EA5905"", ""00163E5F7A721ED98B845C8FAC5CC65F00163E5F7A8F1EE98C885B0CA0F1F42D"", ""00163E5F7A721ED98B845C8FAC5CC65F00163E5F7A8F1EE98C88613DB1013478"", ""00163E5F7A721ED98B845C8FAC5CC65F00163E5F7A8F1EE98C8870DD8055347B"", ""00163E5F7A721ED98B845C8FAC5CC65F00163E5F7A8F1EE98C889B9A9181951C"", ""00163E5F7A721ED98B845C8FAC5CC65F00163E5F7A8F1EE98C889E9C5BAED51E"", ""00163E5F7A721ED98B845C8FAC5CC65F00163E5F7A8F1EE98C88A09E60CDD56F"", ""00163E5F7A721ED98B845C8FAC5CC65F00163E5F7A8F1EE98C89E0DCD3507A39"", ""00163E5F7A721ED98B845C8FAC5CC65F00163E5F7A8F1EE98C89F03F891B9A8E"", ""00163E5F7A721ED98B845C8FAC5CC65F00163E5F7A8F1EE98D8267CDEEBEE022"", ""00163E5F7A721ED98B845C8FAC5CC65F00163E5F7A8F1EE98D84BE3F378B093C"", ""00163E5F7A721ED98B845C8FAC5CC65F00163E5F7A8F1EE98DBA066690F01E13"", ""00163E5F7A721ED98B845C8FAC5CC65F00163E5F7A8F1EE98DBA355329A61EC0"", ""00163E5F7A721ED98B845C8FAC5CC65F00163E5F7A8F1EE98EE8B752EF9E5C5A"", ""00163E5F7A721ED98B845C8FAC5CC65F00163E5F7A8F1EE98EE8C082A9DD3C5A"", ""00163E5F7A721ED98B845C8FAC5CC65F00163E5F7A8F1EE992C74B6EC758B0EF"", ""00163E5F7A721ED98B845C8FAC5CC65F00163E5F7A8F1EE992C7A62DD256923A"", ""00163E5F7A721ED98B845C8FAC5CC65F00163E5F7A8F1EE992F9331EE7AFB23F"", ""00163E5F7A721ED98B845C8FAC5CC65F00163E5F7A8F1EE992F939AA35141242"", ""00163E5F7A721ED98B845C8FAC5CC65F00163E5F7A8F1EE993ABB1F7785BF776"", ""00163E5F7A721ED98B845C8FAC5CC65F00163E5F7A8F1EE993ABB77AF4525776"", ""00163E5F7A721ED98B845C8FAC5CC65F00163E876AE01ED993F6B6BC76F827A9"", ""00163E5F7A721ED98B845C8FAC5CC65F00163E876AE01ED993F6CFB12F29C813"", ""00163E5F7A721ED98B845C8FAC5CC65F00163E876AE21ED994A95682AF7C7C03"", ""00163E5F7A721ED98B845C8FAC5CC65F00163E876AE21ED994A97EF069D3DCC3"", ""00163E5F7A721ED98B845C8FAC5CC65F00163E876AE21ED994C33C657B25E8E1"", ""00163E5F7A721ED98B845C8FAC5CC65F00163E876AE21ED994C3A9EA4DEF4AA1"", ""00163E5F7A721ED98B845C8FAC5CC65F00163E876AE21EE994DCF4170C52F550"", ""00163E5F7A721ED98B845C8FAC5CC65F00163E876AE21EE994DD1AF59A95561F"", ""00163E5F7A721ED98B845C8FAC5CC65F00163E876AE21EE997BC29769CA26624"", ""00163E5F7A721ED98B845C8FAC5CC65F00163E876AE21EE997BC32521E8EC678""] | [""00163E5F7A721ED98B84AE918848482700163E5F7A8F1ED98DEBC00D70BC6670"", ""00163E5F7A721ED98B84AE918848482700163E5F7A8F1ED98DEBC1C2755A0670"", ""00163E5F7A721ED98B84AE918848482700163E5F7A8F1ED98ECF826BDE3D7689"", ""00163E5F7A721ED98B84AE918848482700163E5F7A8F1ED98ECF8DFCCC0996E2"", ""00163E5F7A721ED98B84AE918848482700163E5F7A8F1ED991C942F6CD917438"", ""00163E5F7A721ED98B84AE918848482700163E5F7A8F1ED991C9FE4B6DB71730"", ""00163E5F7A721ED98B84AE918848482700163E5F7A8F1ED991FC08A6057A7060"", ""00163E5F7A721ED98B84AE918848482700163E5F7A8F1ED991FC4C1097DB914D"", ""00163E5F7A721ED98B84AE918848482700163E5F7A8F1EE98D8705089694B297"", ""00163E5F7A721ED98B84AE918848482700163E5F7A8F1EE98D871851091692EA"", ""00163E5F7A721ED98B84AE918848482700163E5F7A8F1EE990FE2BDABEE9F88D"", ""00163E5F7A721ED98B84AE918848482700163E5F7A8F1EE990FEC94C39571AE8"", ""00163E5F7A721ED98B84AE918848482700163E5F7A8F1EE991AF92AE9BF4B416"", ""00163E5F7A721ED98B84AE918848482700163E5F7A8F1EE991AFB5ADAEFF54A8"", ""00163E5F7A721ED98B84AE918848482700163E5F7A8F1EE992C727E1F64CB093"", ""00163E5F7A721ED98B84AE918848482700163E5F7A8F1EE992C73F69049710EE""]"
sale_order.csv,sap__khsalesorder__DocumentReferenceCollection__OpportunityDescription,4308,0,4308,0,,
sale_order.csv,sap__khsalesorder__DocumentReferenceCollection__OpportunitySourceCode,4308,0,4308,0,,
sale_order.csv,sap__khsalesorder__DocumentReferenceCollection__OpportunitySourceCodeText,4308,0,4308,0,,
sale_order.csv,sap__khsalesorder__DocumentReferenceCollection__ParentObjectID,4308,4021,287,30+,,00163E5F7A721ED98AEFE604B5B6996C | 00163E5F7A721ED98AF09C2FDC3C5CBC | 00163E5F7A721ED98AF12BF942DF5FBF | 00163E5F7A721ED98B845C8FAC5CC65F | 00163E5F7A721ED98B84AE9188484827
sale_order.csv,sap__khsalesorder__DocumentReferenceCollection__QuoteDescription,4308,0,4308,0,,
sale_order.csv,sap__khsalesorder__DocumentReferenceCollection__RelationshipRoleCode,4308,4021,287,30+,"JSON_ARRAY,VERY_LONG_TEXT","2 | [""1"", ""2"", ""2"", ""2"", ""2"", ""2"", ""2"", ""2"", ""2"", ""2"", ""2"", ""2"", ""2"", ""2"", ""2"", ""2"", ""2"", ""2"", ""2"", ""2"", ""2"", ""2"", ""2"", ""2"", ""2"", ""2"", ""2"", ""2"", ""2""] | [""1"", ""2"", ""2"", ""2"", ""2"", ""2"", ""2"", ""2"", ""2"", ""2"", ""2"", ""2"", ""2"", ""2"", ""2"", ""2"", ""2"", ""2"", ""2"", ""2"", ""2"", ""2"", ""2"", ""2"", ""2"", ""2"", ""2"", ""2"", ""2"", ""2"", ""2"", ""2"", ""2"", ""2"", ""2"", ""2"", ""2""] | [""1"", ""2"", ""2"", ""2"", ""2"", ""2"", ""2"", ""2"", ""2"", ""2"", ""2"", ""2"", ""2"", ""2"", ""2"", ""2"", ""2"", ""2"", ""2"", ""2"", ""2"", ""2"", ""2"", ""2"", ""2""] | [""1"", ""2"", ""2"", ""2"", ""2"", ""2"", ""2"", ""2"", ""2""]"
sale_order.csv,sap__khsalesorder__DocumentReferenceCollection__RelationshipRoleCodeText,4308,4021,287,30+,"JSON_ARRAY,VERY_LONG_TEXT","Successor | [""Predecessor"", ""Successor"", ""Successor"", ""Successor"", ""Successor"", ""Successor"", ""Successor"", ""Successor"", ""Successor"", ""Successor"", ""Successor"", ""Successor"", ""Successor"", ""Successor"", ""Successor"", ""Successor"", ""Successor"", ""Successor"", ""Successor"", ""Successor"", ""Successor"", ""Successor"", ""Successor"", ""Successor"", ""Successor"", ""Successor"", ""Successor"", ""Successor"", ""Successor""] | [""Predecessor"", ""Successor"", ""Successor"", ""Successor"", ""Successor"", ""Successor"", ""Successor"", ""Successor"", ""Successor"", ""Successor"", ""Successor"", ""Successor"", ""Successor"", ""Successor"", ""Successor"", ""Successor"", ""Successor"", ""Successor"", ""Successor"", ""Successor"", ""Successor"", ""Successor"", ""Successor"", ""Successor"", ""Successor"", ""Successor"", ""Successor"", ""Successor"", ""Successor"", ""Successor"", ""Successor"", ""Successor"", ""Successor"", ""Successor"", ""Successor"", ""Successor"", ""Successor""] | [""Predecessor"", ""Successor"", ""Successor"", ""Successor"", ""Successor"", ""Successor"", ""Successor"", ""Successor"", ""Successor"", ""Successor"", ""Successor"", ""Successor"", ""Successor"", ""Successor"", ""Successor"", ""Successor"", ""Successor"", ""Successor"", ""Successor"", ""Successor"", ""Successor"", ""Successor"", ""Successor"", ""Successor"", ""Successor""] | [""Predecessor"", ""Successor"", ""Successor"", ""Successor"", ""Successor"", ""Successor"", ""Successor"", ""Successor"", ""Successor""]"
sale_order.csv,sap__khsalesorder__DocumentReferenceCollection__ServiceConfirmationDateTime,4308,0,4308,0,,
sale_order.csv,sap__khsalesorder__DocumentReferenceCollection__ServiceConfirmationDescription,4308,0,4308,0,,
sale_order.csv,sap__khsalesorder__DocumentReferenceCollection__TypeCode,4308,4021,287,30+,"JSON_ARRAY,VERY_LONG_TEXT","[""73"", ""28"", ""73"", ""28"", ""73"", ""28"", ""73"", ""28"", ""73"", ""28"", ""73"", ""28"", ""114""] | [""73"", ""28"", ""73"", ""28"", ""73"", ""28"", ""73"", ""28"", ""73"", ""28"", ""73"", ""28""] | [""73"", ""28"", ""73"", ""28"", ""73"", ""28"", ""73"", ""28"", ""73"", ""28"", ""73"", ""28"", ""73"", ""28"", ""73"", ""28"", ""73"", ""28"", ""73"", ""28"", ""73"", ""28"", ""73"", ""28"", ""73"", ""28"", ""73"", ""28"", ""73"", ""28"", ""73"", ""28"", ""73"", ""28"", ""73"", ""28"", ""73"", ""28"", ""73"", ""28"", ""73"", ""28"", ""73"", ""28"", ""73"", ""28"", ""73"", ""28"", ""73"", ""28"", ""73"", ""28"", ""73"", ""28"", ""73"", ""28"", ""73"", ""28"", ""73"", ""28"", ""73"", ""28"", ""73"", ""28"", ""73"", ""28"", ""73"", ""28"", ""73"", ""28"", ""73"", ""28"", ""73"", ""28"", ""73"", ""28""] | [""73"", ""28"", ""73"", ""28"", ""73"", ""28"", ""73"", ""28"", ""73"", ""28"", ""73"", ""28"", ""73"", ""28"", ""73"", ""28"", ""73"", ""28"", ""73"", ""28"", ""73"", ""28"", ""73"", ""73"", ""73"", ""28"", ""28"", ""28"", ""73"", ""28"", ""73"", ""28"", ""73"", ""28"", ""73"", ""28"", ""73"", ""28"", ""73"", ""28"", ""73"", ""28"", ""73"", ""28"", ""73"", ""28"", ""73"", ""28"", ""73"", ""28"", ""73"", ""28""] | [""73"", ""28"", ""73"", ""28"", ""73"", ""28"", ""73"", ""28"", ""73"", ""28"", ""73"", ""28"", ""73"", ""28"", ""73"", ""28""]"
sale_order.csv,sap__khsalesorder__DocumentReferenceCollection__TypeCodeText,4308,4021,287,30+,"JSON_ARRAY,VERY_LONG_TEXT","[""Outbound Delivery"", ""Customer Invoice"", ""Outbound Delivery"", ""Customer Invoice"", ""Outbound Delivery"", ""Customer Invoice"", ""Outbound Delivery"", ""Customer Invoice"", ""Outbound Delivery"", ""Customer Invoice"", ""Outbound Delivery"", ""Customer Invoice"", ""Sales Order""] | [""Outbound Delivery"", ""Customer Invoice"", ""Outbound Delivery"", ""Customer Invoice"", ""Outbound Delivery"", ""Customer Invoice"", ""Outbound Delivery"", ""Customer Invoice"", ""Outbound Delivery"", ""Customer Invoice"", ""Outbound Delivery"", ""Customer Invoice""] | [""Outbound Delivery"", ""Customer Invoice"", ""Outbound Delivery"", ""Customer Invoice"", ""Outbound Delivery"", ""Customer Invoice"", ""Outbound Delivery"", ""Customer Invoice"", ""Outbound Delivery"", ""Customer Invoice"", ""Outbound Delivery"", ""Customer Invoice"", ""Outbound Delivery"", ""Customer Invoice"", ""Outbound Delivery"", ""Customer Invoice"", ""Outbound Delivery"", ""Customer Invoice"", ""Outbound Delivery"", ""Customer Invoice"", ""Outbound Delivery"", ""Customer Invoice"", ""Outbound Delivery"", ""Customer Invoice"", ""Outbound Delivery"", ""Customer Invoice"", ""Outbound Delivery"", ""Customer Invoice"", ""Outbound Delivery"", ""Customer Invoice"", ""Outbound Delivery"", ""Customer Invoice"", ""Outbound Delivery"", ""Customer Invoice"", ""Outbound Delivery"", ""Customer Invoice"", ""Outbound Delivery"", ""Customer Invoice"", ""Outbound Delivery"", ""Customer Invoice"", ""Outbound Delivery"", ""Customer Invoice"", ""Outbound Delivery"", ""Customer Invoice"", ""Outbound Delivery"", ""Customer Invoice"", ""Outbound Delivery"", ""Customer Invoice"", ""Outbound Delivery"", ""Customer Invoice"", ""Outbound Delivery"", ""Customer Invoice"", ""Outbound Delivery"", ""Customer Invoice"", ""Outbound Delivery"", ""Customer Invoice"", ""Outbound Delivery"", ""Customer Invoice"", ""Outbound Delivery"", ""Customer Invoice"", ""Outbound Delivery"", ""Customer Invoice"", ""Outbound Delivery"", ""Customer Invoice"", ""Outbound Delivery"", ""Customer Invoice"", ""Outbound Delivery"", ""Customer Invoice"", ""Outbound Delivery"", ""Customer Invoice"", ""Outbound Delivery"", ""Customer Invoice"", ""Outbound Delivery"", ""Customer Invoice"", ""Outbound Delivery"", ""Customer Invoice""] | [""Outbound Delivery"", ""Customer Invoice"", ""Outbound Delivery"", ""Customer Invoice"", ""Outbound Delivery"", ""Customer Invoice"", ""Outbound Delivery"", ""Customer Invoice"", ""Outbound Delivery"", ""Customer Invoice"", ""Outbound Delivery"", ""Customer Invoice"", ""Outbound Delivery"", ""Customer Invoice"", ""Outbound Delivery"", ""Customer Invoice"", ""Outbound Delivery"", ""Customer Invoice"", ""Outbound Delivery"", ""Customer Invoice"", ""Outbound Delivery"", ""Customer Invoice"", ""Outbound Delivery"", ""Outbound Delivery"", ""Outbound Delivery"", ""Customer Invoice"", ""Customer Invoice"", ""Customer Invoice"", ""Outbound Delivery"", ""Customer Invoice"", ""Outbound Delivery"", ""Customer Invoice"", ""Outbound Delivery"", ""Customer Invoice"", ""Outbound Delivery"", ""Customer Invoice"", ""Outbound Delivery"", ""Customer Invoice"", ""Outbound Delivery"", ""Customer Invoice"", ""Outbound Delivery"", ""Customer Invoice"", ""Outbound Delivery"", ""Customer Invoice"", ""Outbound Delivery"", ""Customer Invoice"", ""Outbound Delivery"", ""Customer Invoice"", ""Outbound Delivery"", ""Customer Invoice"", ""Outbound Delivery"", ""Customer Invoice""] | [""Outbound Delivery"", ""Customer Invoice"", ""Outbound Delivery"", ""Customer Invoice"", ""Outbound Delivery"", ""Customer Invoice"", ""Outbound Delivery"", ""Customer Invoice"", ""Outbound Delivery"", ""Customer Invoice"", ""Outbound Delivery"", ""Customer Invoice"", ""Outbound Delivery"", ""Customer Invoice"", ""Outbound Delivery"", ""Customer Invoice""]"
sale_order.csv,sap__khsalesorder__DocumentReferenceCollection__UUID,4308,4021,287,30+,"JSON_ARRAY,VERY_LONG_TEXT","[""00163E5F-7A72-1ED9-8D9B-C6DD710551EF"", ""00163E5F-7A72-1ED9-8D9C-86331B9C7551"", ""00163E70-8BF9-1EE9-91FB-76BCA305D70F"", ""00163E70-8BF9-1EE9-91FB-89884ED79760"", ""00163E5F-7A72-1ED9-8B86-84765060F0A3"", ""00163E5F-7A72-1ED9-8B89-94D04BB2BF99"", ""00163E5F-7A72-1ED9-8BD6-2D9C5951F934"", ""00163E5F-7A72-1ED9-8BD6-4ED29E9839AB"", ""00163E5F-7A72-1EE9-8EE8-953287628319"", ""00163E5F-7A72-1EE9-8EE8-BC1810E12394"", ""00163E70-8BF9-1EE9-93AB-6AA3E8735752"", ""00163E70-8BF9-1EE9-93AB-6E719B691753"", ""00163E87-6AF1-1ED9-9886-B19CBCE1EF3A""] | [""00163E5F-7A72-1EE9-8ECF-706566DE1144"", ""00163E5F-7A72-1EE9-8ECF-794705A9F149"", ""00163E5F-7A72-1ED9-8B84-90AF427507AE"", ""00163E5F-7A72-1ED9-8B87-C8B0CF635702"", ""00163E5F-7A72-1EE9-8D86-F0798AA61493"", ""00163E5F-7A72-1EE9-8D86-FDC0ACD43526"", ""00163E5F-7A72-1EE9-9098-B7F712F59898"", ""00163E5F-7A72-1EE9-9099-58B4FA219B1B"", ""00163E70-8BF9-1ED9-90CA-B354921894E7"", ""00163E70-8BF9-1ED9-90CA-E3751F86D5D7"", ""00163E87-6AF1-1ED9-94DC-139ABDAB9311"", ""00163E87-6AF1-1ED9-94DC-6DAD6E4B54D1""] | [""00163E5F-7A72-1EE9-8D9F-7334A47D01B2"", ""00163E5F-7A72-1EE9-8D9F-85C0FAAE8209"", ""00163E70-8BF9-1EE9-92DF-5BF5BCD0C93C"", ""00163E70-8BF9-1EE9-92DF-642A08B5893F"", ""00163E5F-7A72-1EE9-9098-BAA17429D89D"", ""00163E5F-7A72-1EE9-9099-6722E68E1B7D"", ""00163E70-8BF9-1EE9-93AA-CA8665A714C4"", ""00163E70-8BF9-1EE9-93AA-E115F96A951B"", ""00163E87-6AE2-1EE9-93DD-29A9C0FB1AB1"", ""00163E87-6AE2-1EE9-93DD-3BE5C5623B1F"", ""00163E87-6AF1-1EE9-93F7-2EE6C3341D0D"", ""00163E87-6AF1-1EE9-93F7-4111E4BC5D71"", ""00163E87-6AF1-1EE9-94A9-119A49BD4A6A"", ""00163E87-6AF1-1EE9-94A9-418F56B54B2D"", ""00163E87-6AF1-1EE9-99EA-0BE41685CBB5"", ""00163E87-6AF1-1EE9-99EA-40C9025F8C74"", ""00163E87-6AF1-1ED9-9A9B-D0744A2951E6"", ""00163E87-6AF1-1ED9-9A9B-D79D6B2751E8"", ""00163E87-6AF1-1EE9-9AE7-21A62D3A4D90"", ""00163E87-6AF1-1EE9-9AE7-2D7213118D94"", ""00163E87-6AF1-1EE9-9BFE-417712E3CAA0"", ""00163E87-6AF1-1EE9-9BFE-4D68AD108B0B"", ""00163E87-6AF1-1ED9-9CC9-4A69667C8306"", ""00163E87-6AF1-1ED9-9CC9-7694362A43BE"", ""00163E87-6AF1-1EE9-9CFB-6EA95DE0CD81"", ""00163E87-6AF1-1EE9-9CFB-9B4591F48E44"", ""00163E87-6AF1-1EE9-9CFB-B2CF1DF68EA2"", ""00163E87-6AF1-1EE9-9CFB-BE1D1AB3CF00"", ""00163E87-6AF1-1ED9-9F90-2AD97B0FC0C2"", ""00163E87-6AF1-1ED9-9F90-35F2878C4117"", ""00163E87-6AF1-1EE9-9FA9-6849FCC3FA48"", ""00163E87-6AF1-1EE9-9FA9-6D5D356D1A56"", ""00163E87-6AD0-1ED9-A18B-FD0232F507CF"", ""00163E87-6AD0-1ED9-A18C-02D4951087D1"", ""00163E87-6AD0-1ED9-A4B6-ED35727E60CD"", ""00163E87-6AD0-1ED9-A4B6-F89CA19E80D6"", ""00163E87-6AD0-1EE9-A4E8-D42D06B91B7C"", ""00163E87-6AD0-1EE9-A4E8-DE2C43B85BDA"", ""00163E87-6AD0-1EE9-A582-97304557DDAC"", ""00163E87-6AD0-1EE9-A582-9AF2799A5DAC"", ""00163E87-6AD0-1EE9-A5CE-06B3D4EB5BEC"", ""00163E87-6AD0-1EE9-A5CE-0C58D96B1BF2"", ""00163E87-6AD0-1EE9-A680-44215F12D5B4"", ""00163E87-6AD0-1EE9-A680-580D333E55D5"", ""00163E87-6AD0-1EE9-A680-5F1AAE48562B"", ""00163E87-6AD0-1EE9-A680-6418623CD632"", ""00163E87-6AD0-1EE9-A6CB-8225A3970FCA"", ""00163E87-6AD0-1EE9-A6CB-85A9B5B3CFD0"", ""00163E87-6AD0-1EE9-A7FB-A342DF9F41A4"", ""00163E87-6AD0-1EE9-A7FB-C7B9CCEEC245"", ""00163E87-6AF1-1EE9-948E-FF0431B79132"", ""00163E87-6AF1-1EE9-948F-099AE533113A"", ""00163E87-6AF1-1ED9-94DC-C59EB506763C"", ""00163E87-6AF1-1ED9-94DD-0778D7D6975C"", ""00163E87-6AF1-1EE9-9ACE-0C6B9B289CEF"", ""00163E87-6AF1-1EE9-9ACE-196B78BC7D4D"", ""00163E87-6AF1-1ED9-9B99-3E3583CCF29B"", ""00163E87-6AF1-1ED9-9B99-4AD0EF7BB2EC"", ""00163E87-6AF1-1ED9-9CB0-7C31FA9F4FA3"", ""00163E87-6AF1-1ED9-9CB0-805D3A520FA6"", ""00163E87-6AF1-1EE9-9CE2-5CFF80A6975A"", ""00163E87-6AF1-1EE9-9CE2-645FF46E575E"", ""00163E87-6AF1-1ED9-9DAE-3CF6056019E7"", ""00163E87-6AF1-1ED9-9DAE-87B8593B9B11"", ""00163E87-6AF1-1EE9-9DDA-F323B22708A0"", ""00163E87-6AF1-1EE9-9DDB-8C08A563EB08"", ""00163E87-6AF1-1ED9-9EF7-01D2785CA74C"", ""00163E87-6AF1-1ED9-9EF7-38E1F53C284F"", ""00163E87-6AD0-1ED9-A1F0-26832853C44E"", ""00163E87-6AD0-1ED9-A1F0-2BB6B7414451"", ""00163E87-6AD0-1ED9-A6B2-E67B17B69C7F"", ""00163E87-6AD0-1ED9-A6B2-EE2C95621CD9"", ""00163E87-6AD0-1ED9-A7AF-B8A59CFEC97F"", ""00163E87-6AD0-1ED9-A7B0-22D7B646CC14"", ""00163E87-6AD0-1EE9-A7C9-3B9C0C7B1193"", ""00163E87-6AD0-1EE9-A7C9-64B0E1D5528C""] | [""00163E5F-7A72-1ED9-8BF0-6E6E30807414"", ""00163E5F-7A72-1ED9-8BF0-754F2B66B45C"", ""00163E5F-7A72-1EE9-8CA2-715782607149"", ""00163E5F-7A72-1EE9-8CA2-75128D80314D"", ""00163E5F-7A72-1ED9-8D9B-CC99E944F1FC"", ""00163E5F-7A72-1ED9-8D9C-88D8E635F5A0"", ""00163E5F-7A72-1EE9-8DA0-68F39713E5C7"", ""00163E5F-7A72-1EE9-8DA0-F80499D7A83E"", ""00163E5F-7A72-1ED9-8E9D-BCC955DAD50B"", ""00163E5F-7A72-1ED9-8E9E-625418F9F7E9"", ""00163E5F-7A72-1EE9-8ED0-5663135A54EF"", ""00163E5F-7A72-1EE9-8ED0-6671783CF55A"", ""00163E5F-7A72-1ED9-8FFF-D2494D8327C4"", ""00163E5F-7A72-1ED9-8FFF-F085550E2887"", ""00163E70-8BF9-1EE9-91FC-EB37F4B55D2A"", ""00163E70-8BF9-1EE9-91FD-0C920CA13DDC"", ""00163E70-8BF9-1ED9-92AE-0979AA7591E6"", ""00163E70-8BF9-1ED9-92AE-21B1A22B9250"", ""00163E70-8BF9-1ED9-9392-991B31B34966"", ""00163E70-8BF9-1ED9-9392-9DF9176BC96B"", ""00163E5F-7A72-1ED9-8B87-C9470BFBB702"", ""00163E5F-7A72-1ED9-8B89-9D9BCE467FEB"", ""00163E5F-7A72-1EE9-8C88-39636280DC97"", ""00163E5F-7A72-1EE9-8C88-5C6949AFFD58"", ""00163E5F-7A72-1EE9-8C88-6B3B89A91D64"", ""00163E5F-7A72-1EE9-8C88-992D42F8BE23"", ""00163E5F-7A72-1EE9-8C88-9C752B93FE2D"", ""00163E5F-7A72-1EE9-8C88-9F0CB2707E30"", ""00163E5F-7A72-1ED9-8C89-CFBE27B8837C"", ""00163E5F-7A72-1ED9-8C89-EC11EC99E3D1"", ""00163E5F-7A72-1ED9-8CEE-572460B6A471"", ""00163E5F-7A72-1EE9-8D84-BA3BC84E6AC5"", ""00163E5F-7A72-1ED9-8DBA-01EE68E816E4"", ""00163E5F-7A72-1ED9-8DBA-29811D83F781"", ""00163E5F-7A72-1EE9-8EE8-B5E7A0348390"", ""00163E5F-7A72-1EE9-8EE8-BF5D11D6A398"", ""00163E70-8BF9-1EE9-92C7-4A5CA46D9ED2"", ""00163E70-8BF9-1ED9-92C7-A13DB5578042"", ""00163E70-8BF9-1ED9-92F9-3140201E1AD6"", ""00163E70-8BF9-1ED9-92F9-375902D41AD7"", ""00163E70-8BF9-1EE9-93AB-B0B436C45863"", ""00163E70-8BF9-1EE9-93AB-B5356ADA1866"", ""00163E87-6AF1-1EE9-93F6-B5659DF29A71"", ""00163E87-6AF1-1EE9-93F6-C7208FD59AD5"", ""00163E87-6AF1-1EE9-94A9-517043978B7E"", ""00163E87-6AF1-1EE9-94A9-7D45A33C2C31"", ""00163E87-6AF1-1EE9-94C3-3B6D5C878243"", ""00163E87-6AF1-1EE9-94C3-9C2B03BEC3CE"", ""00163E87-6AF1-1ED9-94DC-F1F4C2A2D710"", ""00163E87-6AF1-1ED9-94DD-190C357BD7B6"", ""00163E87-6AF1-1EE9-97BC-267C4F3B0FF6"", ""00163E87-6AF1-1EE9-97BC-30A52FA97051""] | [""00163E5F-7A72-1EE9-8DEB-BBF6F7D6D7E5"", ""00163E5F-7A72-1EE9-8DEB-C0C1CFE4B7E5"", ""00163E5F-7A72-1EE9-8ECF-7D9B77E2514E"", ""00163E5F-7A72-1EE9-8ECF-8D10CD9FF1A4"", ""00163E70-8BF9-1ED9-91C9-3E78458DDAB5"", ""00163E70-8BF9-1ED9-91C9-F8CE4D59BDEE"", ""00163E70-8BF9-1EE9-91FC-00A100B4B98E"", ""00163E70-8BF9-1EE9-91FC-466312A17A97"", ""00163E5F-7A72-1EE9-8D86-FEF28C69F526"", ""00163E5F-7A72-1EE9-8D87-166FD0F0557D"", ""00163E70-8BF9-1ED9-90FE-29353DA185D7"", ""00163E70-8BF9-1ED9-90FE-C8AE86BA08A9"", ""00163E70-8BF9-1EE9-91AF-8ED4497E461E"", ""00163E70-8BF9-1EE9-91AF-AD9ABEFF86D1"", ""00163E70-8BF9-1EE9-92C7-19EE97591E20"", ""00163E70-8BF9-1EE9-92C7-3D68FFDF1ECF""]"
sale_order.csv,sap__khsalesorder__ItemCollection__CancellationStatusCode,4308,4307,1,30+,JSON_ARRAY,"4 | 1 | [""4"", ""1""] | [""1"", ""4""] | [""1"", ""1"", ""4"", ""1"", ""1"", ""1"", ""1"", ""1"", ""1"", ""1"", ""1"", ""1"", ""1"", ""1""]"
sale_order.csv,sap__khsalesorder__ItemCollection__CancellationStatusCodeText,4308,4307,1,30+,"JSON_ARRAY,VERY_LONG_TEXT","Canceled | Not Canceled | [""Canceled"", ""Not Canceled""] | [""Not Canceled"", ""Canceled""] | [""Not Canceled"", ""Not Canceled"", ""Canceled"", ""Not Canceled"", ""Not Canceled"", ""Not Canceled"", ""Not Canceled"", ""Not Canceled"", ""Not Canceled"", ""Not Canceled"", ""Not Canceled"", ""Not Canceled"", ""Not Canceled"", ""Not Canceled""]"
sale_order.csv,sap__khsalesorder__ItemCollection__Description,4308,4307,1,30+,"JSON_ARRAY,VERY_LONG_TEXT",Bajaj ETB Sensor | EMERALD BASIC RELEASE - BOM LS/IN 80% | EMERALD BASIC RELEASE - BOM LS/IN 62.5% | 19239.00.48 Cover Assly With PCB Gasolin | EMERALD BASIC RELEASE – BOM 100%
sale_order.csv,sap__khsalesorder__ItemCollection__ExecutionReleaseStatusCode,4308,0,4308,0,,
sale_order.csv,sap__khsalesorder__ItemCollection__ExecutionReleaseStatusCodeText,4308,0,4308,0,,
sale_order.csv,sap__khsalesorder__ItemCollection__ExternalItemReference,4308,0,4308,0,,
sale_order.csv,sap__khsalesorder__ItemCollection__FulfilmentPartyCategoryCode,4308,4301,7,4,JSON_ARRAY,"1 | [""1"", """"] | ["""", """", ""1"", """", """", """", """", """", """", """"] | ["""", """", ""1""]"
sale_order.csv,sap__khsalesorder__ItemCollection__FulfilmentPartyCategoryCodeText,4308,4301,7,4,JSON_ARRAY,"Internal | [""Internal"", """"] | ["""", """", ""Internal"", """", """", """", """", """", """", """"] | ["""", """", ""Internal""]"
sale_order.csv,sap__khsalesorder__ItemCollection__FulfilmentProcessingStatusCode,4308,4307,1,21,JSON_ARRAY,"3 | 1 | 2 | [""2"", ""3""] | [""1"", """"]"
sale_order.csv,sap__khsalesorder__ItemCollection__FulfilmentProcessingStatusCodeText,4308,4307,1,21,JSON_ARRAY,"Finished | Not Started | In Process | [""In Process"", ""Finished""] | [""Not Started"", """"]"
sale_order.csv,sap__khsalesorder__ItemCollection__ID,4308,4307,1,30+,"JSON_ARRAY,VERY_LONG_TEXT","10 | [""10"", ""20"", ""30"", ""40""] | [""10"", ""20""] | [""10"", ""20"", ""30"", ""40"", ""50"", ""60""] | [""10"", ""20"", ""30"", ""40"", ""50"", ""60"", ""70"", ""80"", ""90"", ""100"", ""110"", ""120"", ""130"", ""140""]"
sale_order.csv,sap__khsalesorder__ItemCollection__InvoiceProcessingStatusCode,4308,4307,1,23,JSON_ARRAY,"3 | 2 | 1 | [""2"", ""3""] | [""1"", """"]"
sale_order.csv,sap__khsalesorder__ItemCollection__InvoiceProcessingStatusCodeText,4308,4307,1,23,JSON_ARRAY,"Finished | In Process | Not Started | [""In Process"", ""Finished""] | [""Not Started"", """"]"
sale_order.csv,sap__khsalesorder__ItemCollection__NetAmount,4308,4307,1,30+,"JSON_ARRAY,VERY_LONG_TEXT","573288.970000 | 1155730.910000 | 2701268.630000 | [""102002.990000"", ""378386.810000"", ""320260.200000"", ""78623.830000""] | [""454219.920000"", ""27379.200000""]"
sale_order.csv,sap__khsalesorder__ItemCollection__NetAmountCurrencyCode,4308,4307,1,6,JSON_ARRAY,INR | GBP | EUR | JPY | USD
sale_order.csv,sap__khsalesorder__ItemCollection__NetAmountCurrencyCodeText,4308,4307,1,6,JSON_ARRAY,Indian Rupee | Pound Sterling | Euro | Yen | US Dollar
sale_order.csv,sap__khsalesorder__ItemCollection__ObjectID,4308,4307,1,30+,"JSON_ARRAY,VERY_LONG_TEXT","00163E5F7A721ED98AF03C4571D8DAF6 | 00163E5F7A721ED98AF0DB64891BDE15 | 00163E5F7A721ED98AF132BB10575FD9 | [""00163E5F7A721ED98B848858072707A1"", ""00163E5F7A721ED98BD1A79209060447"", ""00163E5F7A721EE98CE6CFB17A0D032F"", ""00163E876AF11EE997BBF9466188CF39""] | [""00163E5F7A721ED98B84B54E2CD7C882"", ""00163E708BF91EE992C4F396916B1484""]"
sale_order.csv,sap__khsalesorder__ItemCollection__ParentObjectID,4308,4307,1,30+,,00163E5F7A721ED98AEFE604B5B6996C | 00163E5F7A721ED98AF09C2FDC3C5CBC | 00163E5F7A721ED98AF12BF942DF5FBF | 00163E5F7A721ED98B845C8FAC5CC65F | 00163E5F7A721ED98B84AE9188484827
sale_order.csv,sap__khsalesorder__ItemCollection__PartialDeliveryControlCode,4308,2832,1476,30+,JSON_ARRAY,"[""9"", """", ""9""] | 9 | ["""", ""1""] | [""9"", """", """", ""9""] | [""9"", """"]"
sale_order.csv,sap__khsalesorder__ItemCollection__PartialDeliveryControlCodeText,4308,2832,1476,30+,"JSON_ARRAY,VERY_LONG_TEXT","[""Single Delivery"", """", ""Single Delivery""] | Single Delivery | ["""", ""Multiple Deliveries""] | [""Single Delivery"", """", """", ""Single Delivery""] | [""Single Delivery"", """"]"
sale_order.csv,sap__khsalesorder__ItemCollection__ProcessingTypeCode,4308,4307,1,2,JSON_ARRAY,"TAN | [""TAN"", """"]"
sale_order.csv,sap__khsalesorder__ItemCollection__ProcessingTypeCodeText,4308,4307,1,2,JSON_ARRAY,"Product - delivery-based | [""Product - delivery-based"", """"]"
sale_order.csv,sap__khsalesorder__ItemCollection__ProductAvailabilityConfirmationStatusCode,4308,4307,1,30+,JSON_ARRAY,"4 | 3 | [""4"", ""3""] | [""3"", ""4""] | [""3"", ""4"", ""4"", ""3"", ""3"", ""3"", ""3"", ""3"", ""3"", ""3"", ""3"", ""3"", ""3"", ""3""]"
sale_order.csv,sap__khsalesorder__ItemCollection__ProductAvailabilityConfirmationStatusCodeText,4308,4307,1,30+,"JSON_ARRAY,VERY_LONG_TEXT","Confirmed Sufficiently | Confirmed Insufficiently | [""Confirmed Sufficiently"", ""Confirmed Insufficiently""] | [""Confirmed Insufficiently"", ""Confirmed Sufficiently""] | [""Confirmed Insufficiently"", ""Confirmed Sufficiently"", ""Confirmed Sufficiently"", ""Confirmed Insufficiently"", ""Confirmed Insufficiently"", ""Confirmed Insufficiently"", ""Confirmed Insufficiently"", ""Confirmed Insufficiently"", ""Confirmed Insufficiently"", ""Confirmed Insufficiently"", ""Confirmed Insufficiently"", ""Confirmed Insufficiently"", ""Confirmed Insufficiently"", ""Confirmed Insufficiently""]"
sale_order.csv,sap__khsalesorder__ItemCollection__ReleaseStatusCode,4308,4307,1,3,JSON_ARRAY,"3 | 1 | [""1"", """"]"
sale_order.csv,sap__khsalesorder__ItemCollection__ReleaseStatusCodeText,4308,4307,1,3,JSON_ARRAY,"Released | Not Released | [""Not Released"", """"]"
sale_order.csv,sap__khsalesorder__ItemCollection__TaxAmount,4308,4307,1,30+,"JSON_ARRAY,VERY_LONG_TEXT","103192.030000 | 208031.590000 | 486228.370000 | [""18360.510000"", ""68109.690000"", ""57646.800000"", ""14152.290000""] | [""81759.580000"", ""4928.260000""]"
sale_order.csv,sap__khsalesorder__ItemCollection__TaxAmountCurrencyCode,4308,4307,1,6,JSON_ARRAY,INR | GBP | EUR | JPY | USD
sale_order.csv,sap__khsalesorder__ItemCollection__TaxAmountCurrencyCodeText,4308,4307,1,6,JSON_ARRAY,Indian Rupee | Pound Sterling | Euro | Yen | US Dollar
sale_order.csv,sap__khsalesorder__ItemCollection__UUID,4308,4307,1,30+,"JSON_ARRAY,VERY_LONG_TEXT","00163E5F-7A72-1ED9-8AF0-3C4571D8DAF6 | 00163E5F-7A72-1ED9-8AF0-DB64891BDE15 | 00163E5F-7A72-1ED9-8AF1-32BB10575FD9 | [""00163E5F-7A72-1ED9-8B84-8858072707A1"", ""00163E5F-7A72-1ED9-8BD1-A79209060447"", ""00163E5F-7A72-1EE9-8CE6-CFB17A0D032F"", ""00163E87-6AF1-1EE9-97BB-F9466188CF39""] | [""00163E5F-7A72-1ED9-8B84-B54E2CD7C882"", ""00163E70-8BF9-1EE9-92C4-F396916B1484""]"
sale_order.csv,sap__khsalesorder__ItemPriceAndTaxCalculationCollection__CalculationStatusCode,4308,4307,1,2,,2 | 3
sale_order.csv,sap__khsalesorder__ItemPriceAndTaxCalculationCollection__CalculationStatusCodeText,4308,4307,1,2,,Calculated Successfully | Calculated with Errors
sale_order.csv,sap__khsalesorder__ItemPriceAndTaxCalculationCollection__CountryCode,4308,4307,1,1,,IN
sale_order.csv,sap__khsalesorder__ItemPriceAndTaxCalculationCollection__CountryCodeText,4308,4307,1,1,,India
sale_order.csv,sap__khsalesorder__ItemPriceAndTaxCalculationCollection__ObjectID,4308,4307,1,30+,"JSON_ARRAY,VERY_LONG_TEXT","00163E5F7A721ED98AF03C4571D8DAF6 | 00163E5F7A721ED98AF0DB64891BDE15 | 00163E5F7A721ED98AF132BB10575FD9 | [""00163E5F7A721ED98B848858072707A1"", ""00163E5F7A721ED98BD1A79209060447"", ""00163E5F7A721EE98CE6CFB17A0D032F"", ""00163E876AF11EE997BBF9466188CF39""] | [""00163E5F7A721ED98B84B54E2CD7C882"", ""00163E708BF91EE992C4F396916B1484""]"
sale_order.csv,sap__khsalesorder__ItemPriceAndTaxCalculationCollection__ParentObjectID,4308,4307,1,30+,,00163E5F7A721ED98AEFE604B5B6996C | 00163E5F7A721ED98AF09C2FDC3C5CBC | 00163E5F7A721ED98AF12BF942DF5FBF | 00163E5F7A721ED98B845C8FAC5CC65F | 00163E5F7A721ED98B84AE9188484827
sale_order.csv,sap__khsalesorder__ItemPriceAndTaxCalculationCollection__RegisterDateTime,4308,4307,1,30+,"JSON_ARRAY,VERY_LONG_TEXT","2019-02-08 09:14:13 | 2019-02-08 09:49:53 | 2019-02-08 10:09:26 | [""2019-02-09 04:36:34"", ""2019-02-12 06:13:17"", ""2019-02-18 04:34:59"", ""2019-04-13 11:32:23""] | [""2019-02-09 04:46:34"", ""2019-03-19 09:17:16""]"
sale_order.csv,sap__khsalesorder__ItemPriceAndTaxCalculationCollection__TaxJurisdictionCode,4308,0,4308,0,,
sale_order.csv,sap__khsalesorder__ItemPriceAndTaxCalculationCollection__TaxJurisdictionCodeText,4308,0,4308,0,,
sale_order.csv,sap__khsalesorder__ItemPriceAndTaxCalculationCollection__TaxationCharacteristicsCode,4308,4307,1,17,JSON_ARRAY,560 | 561 | 562 | 578 | 576
sale_order.csv,sap__khsalesorder__ItemPriceAndTaxCalculationCollection__TaxationCharacteristicsCodeText,4308,4307,1,17,"JSON_ARRAY,VERY_LONG_TEXT",Domestic Sale Interstate (IGST) | Domestic Sale Intrastate (CGST & SGST) | Export Sale (IGST) | EU Sale of Service to Private Persons (OSS Special Reduced Rate) | EU Sale of Service to Private Persons (OSS Standard Rate)
sale_order.csv,sap__khsalesorder__ItemPriceAndTaxCalculationCollection__TaxationCharacteristicsDeterminationMethodCode,4308,4307,1,18,JSON_ARRAY,"2 | 1 | [""1"", ""1"", ""2""] | [""1"", ""2"", ""2""] | [""1"", ""1"", ""1"", ""1"", ""1"", ""1"", ""1"", ""1"", ""1"", ""1"", ""1"", ""1"", ""1"", ""1"", ""1"", ""1"", ""1"", ""1"", ""1"", ""1"", ""1"", ""1"", ""1"", ""1"", ""1"", ""1"", ""1"", ""1"", ""1"", ""1"", ""2""]"
sale_order.csv,sap__khsalesorder__ItemPriceAndTaxCalculationCollection__TaxationCharacteristicsDeterminationMethodCodeText,4308,4307,1,18,"JSON_ARRAY,VERY_LONG_TEXT","Provided Automatically by Tax Calculation Service | Provided by an Unspecified External Source | [""Provided by an Unspecified External Source"", ""Provided by an Unspecified External Source"", ""Provided Automatically by Tax Calculation Service""] | [""Provided by an Unspecified External Source"", ""Provided Automatically by Tax Calculation Service"", ""Provided Automatically by Tax Calculation Service""] | [""Provided by an Unspecified External Source"", ""Provided by an Unspecified External Source"", ""Provided by an Unspecified External Source"", ""Provided by an Unspecified External Source"", ""Provided by an Unspecified External Source"", ""Provided by an Unspecified External Source"", ""Provided by an Unspecified External Source"", ""Provided by an Unspecified External Source"", ""Provided by an Unspecified External Source"", ""Provided by an Unspecified External Source"", ""Provided by an Unspecified External Source"", ""Provided by an Unspecified External Source"", ""Provided by an Unspecified External Source"", ""Provided by an Unspecified External Source"", ""Provided by an Unspecified External Source"", ""Provided by an Unspecified External Source"", ""Provided by an Unspecified External Source"", ""Provided by an Unspecified External Source"", ""Provided by an Unspecified External Source"", ""Provided by an Unspecified External Source"", ""Provided by an Unspecified External Source"", ""Provided by an Unspecified External Source"", ""Provided by an Unspecified External Source"", ""Provided by an Unspecified External Source"", ""Provided by an Unspecified External Source"", ""Provided by an Unspecified External Source"", ""Provided by an Unspecified External Source"", ""Provided by an Unspecified External Source"", ""Provided by an Unspecified External Source"", ""Provided by an Unspecified External Source"", ""Provided Automatically by Tax Calculation Service""]"
sale_order.csv,sap__khsalesorder__ItemPriceAndTaxCalculationCollection__WithholdingTaxationCharacteristicsCode,4308,0,4308,0,,
sale_order.csv,sap__khsalesorder__ItemPriceAndTaxCalculationCollection__WithholdingTaxationCharacteristicsCodeText,4308,0,4308,0,,
sale_order.csv,sap__khsalesorder__ItemPriceAndTaxCalculationCollection__WithholdingTaxationCharacteristicsDeterminationMethodCode,4308,4307,1,1,,2
sale_order.csv,sap__khsalesorder__ItemPriceAndTaxCalculationCollection__WithholdingTaxationCharacteristicsDeterminationMethodCodeText,4308,4307,1,1,,Provided Automatically by Tax Calculation Service
sale_order.csv,sap__khsalesorder__PaymentControlCollection__Note,4308,0,4308,0,,
sale_order.csv,sap__khsalesorder__PaymentControlCollection__ObjectID,4308,4308,0,30+,JSON_ARRAY,00163E5F7A721ED98AEFE604B5B7B96C | 00163E5F7A721ED98AF09C2FDC3DFCBC | 00163E5F7A721ED98AF12BF942E07FBF | 00163E5F7A721ED98B845C8FAC5DE65F | 00163E5F7A721ED98B84AE9188496827
sale_order.csv,sap__khsalesorder__PaymentControlCollection__ParentObjectID,4308,4308,0,30+,,00163E5F7A721ED98AEFE604B5B6996C | 00163E5F7A721ED98AF09C2FDC3C5CBC | 00163E5F7A721ED98AF12BF942DF5FBF | 00163E5F7A721ED98B845C8FAC5CC65F | 00163E5F7A721ED98B84AE9188484827
sale_order.csv,sap__khsalesorder__PaymentControlCollection__PaymentBlockingReasonCode,4308,0,4308,0,,
sale_order.csv,sap__khsalesorder__PaymentControlCollection__PaymentBlockingReasonCodeText,4308,0,4308,0,,
sale_order.csv,sap__khsalesorder__PaymentControlCollection__PaymentFormCode,4308,0,4308,0,,
sale_order.csv,sap__khsalesorder__PaymentControlCollection__PaymentFormCodeText,4308,0,4308,0,,
sale_order.csv,sap__khsalesorder__PaymentControlCollection__PaymentReferenceID,4308,0,4308,0,,
sale_order.csv,sap__khsalesorder__PaymentControlCollection__PaymentReferenceTypeCode,4308,0,4308,0,,
sale_order.csv,sap__khsalesorder__PaymentControlCollection__PaymentReferenceTypeCodeText,4308,0,4308,0,,
sale_order.csv,sap__khsalesorder__PriceAndTaxCalculationCollection__CalculationStatusCode,4308,4307,1,2,,2 | 3
sale_order.csv,sap__khsalesorder__PriceAndTaxCalculationCollection__CalculationStatusCodeText,4308,4307,1,2,,Calculated Successfully | Calculated with Errors
sale_order.csv,sap__khsalesorder__PriceAndTaxCalculationCollection__ObjectID,4308,4307,1,30+,,00163E5F7A721ED98AEFE604B5B6996C | 00163E5F7A721ED98AF09C2FDC3C5CBC | 00163E5F7A721ED98AF12BF942DF5FBF | 00163E5F7A721ED98B845C8FAC5CC65F | 00163E5F7A721ED98B84AE9188484827
sale_order.csv,sap__khsalesorder__PriceAndTaxCalculationCollection__ParentObjectID,4308,4307,1,30+,,00163E5F7A721ED98AEFE604B5B6996C | 00163E5F7A721ED98AF09C2FDC3C5CBC | 00163E5F7A721ED98AF12BF942DF5FBF | 00163E5F7A721ED98B845C8FAC5CC65F | 00163E5F7A721ED98B84AE9188484827
sale_order.csv,sap__khsalesorder__PriceComponentCollection__BaseDecimalValue,4308,4250,58,30+,"JSON_ARRAY,VERY_LONG_TEXT","[""1.00000000000000"", ""0.00000000000000"", ""0.00000000000000"", ""0.00000000000000"", ""1.00000000000000"", ""0.00000000000000"", ""0.00000000000000"", ""0.00000000000000"", ""0.00000000000000"", ""0.00000000000000"", ""0.00000000000000"", ""0.00000000000000"", ""0.00000000000000"", ""0.00000000000000"", ""0.00000000000000""] | [""0.00000000000000"", ""0.00000000000000"", ""0.00000000000000"", ""0.00000000000000"", ""1.00000000000000"", ""0.00000000000000"", ""0.00000000000000"", ""0.00000000000000"", ""0.00000000000000"", ""0.00000000000000"", ""0.00000000000000"", ""0.00000000000000"", ""0.00000000000000"", ""0.00000000000000"", ""0.00000000000000""] | [""0.00000000000000"", ""0.00000000000000"", ""0.00000000000000"", ""0.00000000000000"", ""1.00000000000000"", ""0.00000000000000"", ""0.00000000000000"", ""0.00000000000000"", ""0.00000000000000"", ""0.00000000000000"", ""0.00000000000000"", ""0.00000000000000"", ""0.00000000000000"", ""0.00000000000000"", ""0.00000000000000"", ""0.00000000000000"", ""0.00000000000000"", ""0.00000000000000"", ""0.00000000000000""] | 0.00000000000000 | [""1.00000000000000"", ""0.00000000000000"", ""0.00000000000000"", ""0.00000000000000"", ""1.00000000000000"", ""0.00000000000000"", ""0.00000000000000"", ""0.00000000000000"", ""0.00000000000000"", ""0.00000000000000"", ""0.00000000000000"", ""0.00000000000000"", ""0.00000000000000"", ""0.00000000000000"", ""0.00000000000000"", ""0.00000000000000""]"
sale_order.csv,sap__khsalesorder__PriceComponentCollection__BaseMeasureUnitCode,4308,3209,1099,30+,JSON_ARRAY,"[""ZNO"", """", """", """", ""ZNO"", """", """", """", """", """", """", """", """", """", """"] | ["""", """", """", """", ""ZNO"", """", """", """", """", """", """", """", """", """", """"] | ["""", """", """", """", ""ZNO"", """", """", """", """", """", """", """", """", """", """", """", """", """", """"] | [""ZNO"", """", """", """", ""ZNO"", """", """", """", """", """", """", """", """", """", """", """"] | [""ZNO"", """", """", """", """", """", """", """", """", """", """", """", """", """", """"]"
sale_order.csv,sap__khsalesorder__PriceComponentCollection__BaseMeasureUnitCodeText,4308,3209,1099,30+,JSON_ARRAY,"[""Number"", """", """", """", ""Number"", """", """", """", """", """", """", """", """", """", """"] | ["""", """", """", """", ""Number"", """", """", """", """", """", """", """", """", """", """"] | ["""", """", """", """", ""Number"", """", """", """", """", """", """", """", """", """", """", """", """", """", """"] | [""Number"", """", """", """", ""Number"", """", """", """", """", """", """", """", """", """", """", """"] | [""Number"", """", """", """", """", """", """", """", """", """", """", """", """", """", """"]"
sale_order.csv,sap__khsalesorder__PriceComponentCollection__CalculatedAmount,4308,4250,58,30+,"JSON_ARRAY,VERY_LONG_TEXT","[""573289.080000"", ""573289.080000"", ""573289.080000"", ""573289.080000"", ""0.000000"", ""573289.080000"", ""573289.080000"", ""0.000000"", ""103192.030000"", ""0.000000"", ""-0.110000"", ""676481.000000"", ""0.000000"", ""0.000000"", ""0.000000""] | [""1155731.040000"", ""1155731.040000"", ""1155731.040000"", ""1155731.040000"", ""1128746.010000"", ""26985.030000"", ""26985.030000"", ""0.000000"", ""208031.590000"", ""0.000000"", ""-0.130000"", ""1363762.500000"", ""0.000000"", ""0.000000"", ""0.000000""] | [""2701268.720000"", ""2701268.720000"", ""2701268.720000"", ""2701268.720000"", ""2621881.420000"", ""79387.300000"", ""79387.300000"", ""0.000000"", ""486228.370000"", ""0.000000"", ""-0.090000"", ""3187497.000000"", ""0.000000"", ""0.000000"", ""0.000000""] | [""879273.830000"", ""879273.830000"", ""879273.830000"", ""879273.830000"", ""0.000000"", ""879273.830000"", ""879273.830000"", ""0.000000"", ""0.000000"", ""1037543.120000"", ""0.000000"", ""0.000000"", ""0.000000"", ""158269.290000"", ""0.000000""] | [""481599.100000"", ""481599.100000"", ""481599.100000"", ""481599.100000"", ""472848.750000"", ""8750.350000"", ""8750.350000"", ""0.000000"", ""0.020000"", ""568286.960000"", ""0.000000"", ""0.000000"", ""0.000000"", ""86687.840000"", ""0.000000""]"
sale_order.csv,sap__khsalesorder__PriceComponentCollection__CalculatedAmountCurrencyCode,4308,4250,58,5,,INR | GBP | EUR | JPY | USD
sale_order.csv,sap__khsalesorder__PriceComponentCollection__CalculatedAmountCurrencyCodeText,4308,4250,58,5,,Indian Rupee | Pound Sterling | Euro | Yen | US Dollar
sale_order.csv,sap__khsalesorder__PriceComponentCollection__CalculationBasisAmount,4308,4250,58,30+,"JSON_ARRAY,VERY_LONG_TEXT","[""0.000000"", ""0.000000"", ""0.000000"", ""0.000000"", ""0.000000"", ""0.000000"", ""573289.080000"", ""573289.080000"", ""573289.080000"", ""573289.080000"", ""676481.110000"", ""0.000000"", ""0.000000"", ""0.000000"", ""573288.970000""] | [""0.000000"", ""0.000000"", ""0.000000"", ""0.000000"", ""0.000000"", ""0.000000"", ""1155731.040000"", ""1155731.040000"", ""1155731.040000"", ""1155731.040000"", ""1363762.630000"", ""0.000000"", ""0.000000"", ""0.000000"", ""1155730.910000""] | [""0.000000"", ""0.000000"", ""0.000000"", ""0.000000"", ""0.000000"", ""0.000000"", ""2701268.720000"", ""2701268.720000"", ""2701268.720000"", ""2701268.720000"", ""3187497.090000"", ""0.000000"", ""0.000000"", ""0.000000"", ""2701268.630000""] | [""0.000000"", ""0.000000"", ""0.000000"", ""0.000000"", ""0.000000"", ""0.000000"", ""879273.830000"", ""879273.830000"", ""944767.000000"", ""0.000000"", ""0.000000"", ""0.000000"", ""879273.830000"", ""879273.830000"", ""879273.830000""] | [""0.000000"", ""0.000000"", ""0.000000"", ""0.000000"", ""0.000000"", ""0.000000"", ""481599.100000"", ""481599.100000"", ""535979.480000"", ""0.000000"", ""0.000000"", ""0.000000"", ""481599.120000"", ""481599.100000"", ""481599.100000""]"
sale_order.csv,sap__khsalesorder__PriceComponentCollection__CalculationBasisAmountCurrencyCode,4308,4250,58,5,,INR | GBP | EUR | JPY | USD
sale_order.csv,sap__khsalesorder__PriceComponentCollection__CalculationBasisBaseCode,4308,4250,58,30+,JSON_ARRAY,"[""3"", ""3"", ""3"", ""3"", ""3"", ""3"", ""1"", ""1"", ""1"", ""1"", ""2"", ""3"", ""3"", ""3"", ""1""] | [""3"", ""3"", ""3"", ""3"", ""3"", ""3"", ""1"", ""1"", ""2"", ""3"", ""3"", ""3"", ""1"", ""1"", ""1""] | [""3"", ""1"", ""2"", ""3"", ""3"", ""3"", ""3"", ""3"", ""3"", ""3"", ""1"", ""1"", ""2"", ""3"", ""3"", ""3"", ""1"", ""1"", ""1""] | [""3"", ""3"", ""3"", ""3"", ""3"", ""3"", ""1"", ""1"", ""1"", ""1"", ""1"", ""2"", ""3"", ""3"", ""3"", ""1""] | [""3"", ""3"", ""3"", ""3"", ""3"", ""3"", ""1"", ""1"", ""1"", ""1"", ""3"", ""3"", ""3"", ""1""]"
sale_order.csv,sap__khsalesorder__PriceComponentCollection__CalculationBasisBaseCodeText,4308,4250,58,30+,"JSON_ARRAY,VERY_LONG_TEXT","[""Quantity"", ""Quantity"", ""Quantity"", ""Quantity"", ""Quantity"", ""Quantity"", ""Percentage (of one hundred)"", ""Percentage (of one hundred)"", ""Percentage (of one hundred)"", ""Percentage (of one hundred)"", ""Fixed Amount"", ""Quantity"", ""Quantity"", ""Quantity"", ""Percentage (of one hundred)""] | [""Quantity"", ""Quantity"", ""Quantity"", ""Quantity"", ""Quantity"", ""Quantity"", ""Percentage (of one hundred)"", ""Percentage (of one hundred)"", ""Fixed Amount"", ""Quantity"", ""Quantity"", ""Quantity"", ""Percentage (of one hundred)"", ""Percentage (of one hundred)"", ""Percentage (of one hundred)""] | [""Quantity"", ""Percentage (of one hundred)"", ""Fixed Amount"", ""Quantity"", ""Quantity"", ""Quantity"", ""Quantity"", ""Quantity"", ""Quantity"", ""Quantity"", ""Percentage (of one hundred)"", ""Percentage (of one hundred)"", ""Fixed Amount"", ""Quantity"", ""Quantity"", ""Quantity"", ""Percentage (of one hundred)"", ""Percentage (of one hundred)"", ""Percentage (of one hundred)""] | [""Quantity"", ""Quantity"", ""Quantity"", ""Quantity"", ""Quantity"", ""Quantity"", ""Percentage (of one hundred)"", ""Percentage (of one hundred)"", ""Percentage (of one hundred)"", ""Percentage (of one hundred)"", ""Percentage (of one hundred)"", ""Fixed Amount"", ""Quantity"", ""Quantity"", ""Quantity"", ""Percentage (of one hundred)""] | [""Quantity"", ""Quantity"", ""Quantity"", ""Quantity"", ""Quantity"", ""Quantity"", ""Percentage (of one hundred)"", ""Percentage (of one hundred)"", ""Percentage (of one hundred)"", ""Percentage (of one hundred)"", ""Quantity"", ""Quantity"", ""Quantity"", ""Percentage (of one hundred)""]"
sale_order.csv,sap__khsalesorder__PriceComponentCollection__CategoryCode,4308,4247,61,30+,JSON_ARRAY,"[""1"", """", """", """", ""1"", """", """", ""4"", ""4"", ""4"", ""2"", """", """", """", """"] | [""1"", """", """", """", ""1"", """", """", ""4"", ""2"", """", """", """", """", ""4"", ""4""] | ["""", ""4"", ""2"", """", ""1"", """", """", """", ""1"", """", """", ""4"", ""2"", """", """", """", """", ""4"", ""4""] | [""1"", """", """", """", ""1"", """", """", ""4"", ""4"", ""4"", ""4"", ""2"", """", """", """", """"] | [""1"", """", """", """", ""1"", """", """", ""4"", ""4"", ""4"", """", """", """", """"]"
sale_order.csv,sap__khsalesorder__PriceComponentCollection__CategoryCodeText,4308,4247,61,30+,JSON_ARRAY,"[""Price"", """", """", """", ""Price"", """", """", ""Tax"", ""Tax"", ""Tax"", ""Discount"", """", """", """", """"] | [""Price"", """", """", """", ""Price"", """", """", ""Tax"", ""Discount"", """", """", """", """", ""Tax"", ""Tax""] | ["""", ""Tax"", ""Discount"", """", ""Price"", """", """", """", ""Price"", """", """", ""Tax"", ""Discount"", """", """", """", """", ""Tax"", ""Tax""] | [""Price"", """", """", """", ""Price"", """", """", ""Tax"", ""Tax"", ""Tax"", ""Tax"", ""Discount"", """", """", """", """"] | [""Price"", """", """", """", ""Price"", """", """", ""Tax"", ""Tax"", ""Tax"", """", """", """", """"]"
sale_order.csv,sap__khsalesorder__PriceComponentCollection__CurrencyCode,4308,3226,1082,30+,JSON_ARRAY,"[""INR"", """", """", """", ""INR"", """", """", """", """", """", ""INR"", """", """", """", """"] | [""INR"", """", """", """", ""INR"", """", """", """", ""INR"", """", """", """", """", """", """"] | ["""", """", """", """", ""INR"", """", """", """", ""INR"", """", """", """", """", """", """"] | ["""", """", ""INR"", """", ""INR"", """", """", """", """", """", """", """", ""INR"", """", """", """", """", """", """"] | ["""", """", """", """", """", """", """", """", """", """", ""INR"", """", """", """", """"]"
sale_order.csv,sap__khsalesorder__PriceComponentCollection__CurrencyCodeText,4308,3226,1082,30+,JSON_ARRAY,"[""Indian Rupee"", """", """", """", ""Indian Rupee"", """", """", """", """", """", ""Indian Rupee"", """", """", """", """"] | [""Indian Rupee"", """", """", """", ""Indian Rupee"", """", """", """", ""Indian Rupee"", """", """", """", """", """", """"] | ["""", """", """", """", ""Indian Rupee"", """", """", """", ""Indian Rupee"", """", """", """", """", """", """"] | ["""", """", ""Indian Rupee"", """", ""Indian Rupee"", """", """", """", """", """", """", """", ""Indian Rupee"", """", """", """", """", """", """"] | ["""", """", """", """", """", """", """", """", """", """", ""Indian Rupee"", """", """", """", """"]"
sale_order.csv,sap__khsalesorder__PriceComponentCollection__DecimalValue,4308,4250,58,30+,"JSON_ARRAY,VERY_LONG_TEXT","[""156.38000000000000"", ""0.00000000000000"", ""0.00000000000000"", ""0.00000000000000"", ""0.00000000000000"", ""0.00000000000000"", ""100.00000000000000"", ""0.00000000000000"", ""18.00000000000000"", ""0.00000000000000"", ""0.00000000000000"", ""0.00000000000000"", ""0.00000000000000"", ""0.00000000000000"", ""0.00000000000000""] | [""437.28000000000000"", ""0.00000000000000"", ""0.00000000000000"", ""0.00000000000000"", ""427.07000000000000"", ""0.00000000000000"", ""2.33500000000000"", ""0.00000000000000"", ""18.00000000000000"", ""0.00000000000000"", ""0.00000000000000"", ""0.00000000000000"", ""0.00000000000000"", ""0.00000000000000"", ""0.00000000000000""] | [""437.24000000000000"", ""0.00000000000000"", ""0.00000000000000"", ""0.00000000000000"", ""424.39000000000000"", ""0.00000000000000"", ""2.93900000000000"", ""0.00000000000000"", ""18.00000000000000"", ""0.00000000000000"", ""0.00000000000000"", ""0.00000000000000"", ""0.00000000000000"", ""0.00000000000000"", ""0.00000000000000""] | [""160.13000000000000"", ""0.00000000000000"", ""0.00000000000000"", ""0.00000000000000"", ""0.00000000000000"", ""0.00000000000000"", ""100.00000000000000"", ""0.00000000000000"", ""0.00000000000000"", ""0.00000000000000"", ""0.00000000000000"", ""0.00000000000000"", ""0.00000000000000"", ""18.00000000000000"", ""0.00000000000000""] | [""0.00000000000000"", ""0.00000000000000"", ""0.00000000000000"", ""0.00000000000000"", ""420.31000000000000"", ""0.00000000000000"", ""1.81700000000000"", ""0.00000000000000"", ""0.00000000000000"", ""0.00000000000000"", ""0.00000000000000"", ""0.00000000000000"", ""0.00000000000000"", ""18.00000000000000"", ""0.00000000000000""]"
sale_order.csv,sap__khsalesorder__PriceComponentCollection__Description,4308,4250,58,30+,"JSON_ARRAY,VERY_LONG_TEXT","[""List Price"", ""Total Item Net Value"", ""Total Item Net Value"", ""Total Net Value"", ""Cost"", ""Profit Margin"", ""Profit Margin (%)"", ""Tax Values"", ""Interstate GST (%)"", ""Compensation Cess (%)"", ""Rounding Difference"", ""Total"", ""Item Discounts"", ""Header Discounts"", ""Total Given Discounts (%)""] | [""List Price"", ""Total Item Net Value"", ""Total Item Net Value"", ""Total Net Value"", ""Cost"", ""Profit Margin"", ""Profit Margin (%)"", ""Tax Values"", ""Rounding Difference"", ""Total"", ""Item Discounts"", ""Header Discounts"", ""Total Given Discounts (%)"", ""Interstate GST (%)"", ""Compensation Cess (%)""] | [""Total Item Net Value"", ""Interstate GST (%)"", ""Rounding Difference"", ""Total"", ""List Price"", ""Total Item Net Value"", ""Total Item Net Value"", ""Total Net Value"", ""Cost"", ""Profit Margin"", ""Profit Margin (%)"", ""Tax Values"", ""Rounding Difference"", ""Total"", ""Item Discounts"", ""Header Discounts"", ""Total Given Discounts (%)"", ""Interstate GST (%)"", ""Compensation Cess (%)""] | [""List Price"", ""Total Item Net Value"", ""Total Item Net Value"", ""Total Net Value"", ""Cost"", ""Profit Margin"", ""Profit Margin (%)"", ""Tax Values"", ""Central GST (%)"", ""State GST (%)"", ""Compensation Cess (%)"", ""Rounding Difference"", ""Total"", ""Item Discounts"", ""Header Discounts"", ""Total Given Discounts (%)""] | [""List Price"", ""Total Item Net Value"", ""Total Item Net Value"", ""Total Net Value"", ""Cost"", ""Profit Margin"", ""Profit Margin (%)"", ""Tax Values"", ""Interstate GST (%)"", ""Compensation Cess (%)"", ""Total"", ""Item Discounts"", ""Header Discounts"", ""Total Given Discounts (%)""]"
sale_order.csv,sap__khsalesorder__PriceComponentCollection__EffectiveIndicator,4308,4250,58,30+,JSON_ARRAY,"[""True"", ""True"", ""True"", ""True"", ""False"", ""True"", ""True"", ""False"", ""True"", ""True"", ""True"", ""True"", ""True"", ""True"", ""True""] | [""True"", ""True"", ""True"", ""True"", ""True"", ""True"", ""True"", ""True"", ""False"", ""True"", ""True"", ""False"", ""True"", ""True"", ""True"", ""True"", ""True"", ""True"", ""True""] | [""True"", ""True"", ""True"", ""True"", ""False"", ""True"", ""True"", ""False"", ""True"", ""True"", ""True"", ""True"", ""True"", ""True"", ""True"", ""True""] | [""True"", ""True"", ""True"", ""True"", ""False"", ""True"", ""True"", ""False"", ""True"", ""True"", ""True"", ""True"", ""True"", ""True""] | [""True"", ""True"", ""True"", ""True"", ""True"", ""True"", ""True"", ""True"", ""True"", ""True"", ""False"", ""True"", ""True"", ""False"", ""True"", ""True"", ""True"", ""True"", ""True"", ""True"", ""True""]"
sale_order.csv,sap__khsalesorder__PriceComponentCollection__GroupedIndicator,4308,4250,58,30+,JSON_ARRAY,"[""False"", ""False"", ""False"", ""False"", ""False"", ""False"", ""False"", ""True"", ""False"", ""False"", ""True"", ""False"", ""False"", ""False"", ""False""] | [""False"", ""False"", ""False"", ""False"", ""False"", ""False"", ""False"", ""True"", ""True"", ""False"", ""False"", ""False"", ""False"", ""False"", ""False""] | [""False"", ""False"", ""True"", ""False"", ""False"", ""False"", ""False"", ""False"", ""False"", ""False"", ""False"", ""True"", ""True"", ""False"", ""False"", ""False"", ""False"", ""False"", ""False""] | [""False"", ""False"", ""False"", ""False"", ""False"", ""False"", ""False"", ""True"", ""False"", ""False"", ""False"", ""True"", ""False"", ""False"", ""False"", ""False""] | [""False"", ""False"", ""False"", ""False"", ""False"", ""False"", ""False"", ""True"", ""False"", ""False"", ""False"", ""False"", ""False"", ""False""]"
sale_order.csv,sap__khsalesorder__PriceComponentCollection__ManuallyChangedIndicator,4308,4250,58,30+,JSON_ARRAY,"[""True"", ""False"", ""False"", ""False"", ""True"", ""False"", ""False"", ""False"", ""False"", ""False"", ""False"", ""False"", ""False"", ""False"", ""False""] | [""False"", ""False"", ""False"", ""False"", ""True"", ""False"", ""False"", ""False"", ""True"", ""False"", ""False"", ""False"", ""False"", ""False"", ""False"", ""False"", ""False"", ""False"", ""False""] | [""True"", ""False"", ""False"", ""False"", ""True"", ""False"", ""False"", ""False"", ""False"", ""False"", ""False"", ""False"", ""False"", ""False"", ""False"", ""False""] | [""True"", ""False"", ""False"", ""False"", ""True"", ""False"", ""False"", ""False"", ""False"", ""False"", ""False"", ""False"", ""False"", ""False""] | [""False"", ""False"", ""False"", ""False"", ""False"", ""False"", ""True"", ""False"", ""False"", ""False"", ""True"", ""False"", ""False"", ""False"", ""False"", ""False"", ""False"", ""False"", ""False"", ""False"", ""False""]"
sale_order.csv,sap__khsalesorder__PriceComponentCollection__MeasureUnitCode,4308,4247,61,30+,JSON_ARRAY,"["""", """", """", """", """", """", ""P1"", ""P1"", ""P1"", ""P1"", """", """", """", """", ""P1""] | ["""", """", """", """", """", """", ""P1"", ""P1"", """", """", """", """", ""P1"", ""P1"", ""P1""] | ["""", ""P1"", """", """", """", """", """", """", """", """", ""P1"", ""P1"", """", """", """", """", ""P1"", ""P1"", ""P1""] | ["""", """", """", """", """", """", ""P1"", ""P1"", ""P1"", ""P1"", ""P1"", """", """", """", """", ""P1""] | ["""", """", """", """", """", """", ""P1"", ""P1"", ""P1"", ""P1"", """", """", """", ""P1""]"
sale_order.csv,sap__khsalesorder__PriceComponentCollection__MeasureUnitCodeText,4308,4247,61,30+,JSON_ARRAY,"["""", """", """", """", """", """", ""Percent"", ""Percent"", ""Percent"", ""Percent"", """", """", """", """", ""Percent""] | ["""", """", """", """", """", """", ""Percent"", ""Percent"", """", """", """", """", ""Percent"", ""Percent"", ""Percent""] | ["""", ""Percent"", """", """", """", """", """", """", """", """", ""Percent"", ""Percent"", """", """", """", """", ""Percent"", ""Percent"", ""Percent""] | ["""", """", """", """", """", """", ""Percent"", ""Percent"", ""Percent"", ""Percent"", ""Percent"", """", """", """", """", ""Percent""] | ["""", """", """", """", """", """", ""Percent"", ""Percent"", ""Percent"", ""Percent"", """", """", """", ""Percent""]"
sale_order.csv,sap__khsalesorder__PriceComponentCollection__ObjectID,4308,4250,58,30+,"JSON_ARRAY,VERY_LONG_TEXT","[""00163E5F7A721ED98AEFE604B5B6996C00163E876AF11ED99886CA251F9CCF9A"", ""00163E5F7A721ED98AEFE604B5B6996C00163E876AF11ED99886CA251F9CEF9A"", ""00163E5F7A721ED98AEFE604B5B6996C00163E876AF11ED99886CA251F9D0F9A"", ""00163E5F7A721ED98AEFE604B5B6996C00163E876AF11ED99886CA251F9D2F9A"", ""00163E5F7A721ED98AEFE604B5B6996C00163E876AF11ED99886CA251F9D4F9A"", ""00163E5F7A721ED98AEFE604B5B6996C00163E876AF11ED99886CA251F9D6F9A"", ""00163E5F7A721ED98AEFE604B5B6996C00163E876AF11ED99886CA251F9D8F9A"", ""00163E5F7A721ED98AEFE604B5B6996C00163E876AF11ED99886CA251F9DAF9A"", ""00163E5F7A721ED98AEFE604B5B6996C00163E876AF11ED99886CA251F9DCF9A"", ""00163E5F7A721ED98AEFE604B5B6996C00163E876AF11ED99886CA251F9DEF9A"", ""00163E5F7A721ED98AEFE604B5B6996C00163E876AF11ED99886CA251F9E0F9A"", ""00163E5F7A721ED98AEFE604B5B6996C00163E876AF11ED99886CA251F9E2F9A"", ""00163E5F7A721ED98AEFE604B5B6996C00163E876AF11ED99886CA251F9E4F9A"", ""00163E5F7A721ED98AEFE604B5B6996C00163E876AF11ED99886CA251F9E6F9A"", ""00163E5F7A721ED98AEFE604B5B6996C00163E876AF11ED99886CA251F9E8F9A""] | [""00163E5F7A721ED98AF09C2FDC3C5CBC00163E876AD01EE9A8DE8C4A1552ADA2"", ""00163E5F7A721ED98AF09C2FDC3C5CBC00163E876AD01EE9A8DE8C4A1552CDA2"", ""00163E5F7A721ED98AF09C2FDC3C5CBC00163E876AD01EE9A8DE8C4A1552EDA2"", ""00163E5F7A721ED98AF09C2FDC3C5CBC00163E876AD01EE9A8DE8C4A15530DA2"", ""00163E5F7A721ED98AF09C2FDC3C5CBC00163E876AD01EE9A8DE8C4A15532DA2"", ""00163E5F7A721ED98AF09C2FDC3C5CBC00163E876AD01EE9A8DE8C4A15534DA2"", ""00163E5F7A721ED98AF09C2FDC3C5CBC00163E876AD01EE9A8DE8C4A15536DA2"", ""00163E5F7A721ED98AF09C2FDC3C5CBC00163E876AD01EE9A8DE8C4A15538DA2"", ""00163E5F7A721ED98AF09C2FDC3C5CBC00163E876AD01EE9A8DE8C4A1553ADA2"", ""00163E5F7A721ED98AF09C2FDC3C5CBC00163E876AD01EE9A8DE8C4A1553CDA2"", ""00163E5F7A721ED98AF09C2FDC3C5CBC00163E876AD01EE9A8DE8C4A1553EDA2"", ""00163E5F7A721ED98AF09C2FDC3C5CBC00163E876AD01EE9A8DE8C4A15540DA2"", ""00163E5F7A721ED98AF09C2FDC3C5CBC00163E876AD01EE9A8DE8C4A15542DA2"", ""00163E5F7A721ED98AF09C2FDC3C5CBC00163E876AD01EE9A8DE8C4A15544DA2"", ""00163E5F7A721ED98AF09C2FDC3C5CBC00163E876AD01EE9A8DE8C4A15546DA2""] | [""00163E5F7A721ED98AF12BF942DF5FBF00163E876AD01EE9A8DE91B8988F4DFD"", ""00163E5F7A721ED98AF12BF942DF5FBF00163E876AD01EE9A8DE91B8988F6DFD"", ""00163E5F7A721ED98AF12BF942DF5FBF00163E876AD01EE9A8DE91B8988F8DFD"", ""00163E5F7A721ED98AF12BF942DF5FBF00163E876AD01EE9A8DE91B8988FADFD"", ""00163E5F7A721ED98AF12BF942DF5FBF00163E876AD01EE9A8DE91B8988FCDFD"", ""00163E5F7A721ED98AF12BF942DF5FBF00163E876AD01EE9A8DE91B8988FEDFD"", ""00163E5F7A721ED98AF12BF942DF5FBF00163E876AD01EE9A8DE91B898900DFD"", ""00163E5F7A721ED98AF12BF942DF5FBF00163E876AD01EE9A8DE91B898902DFD"", ""00163E5F7A721ED98AF12BF942DF5FBF00163E876AD01EE9A8DE91B898904DFD"", ""00163E5F7A721ED98AF12BF942DF5FBF00163E876AD01EE9A8DE91B898906DFD"", ""00163E5F7A721ED98AF12BF942DF5FBF00163E876AD01EE9A8DE91B898908DFD"", ""00163E5F7A721ED98AF12BF942DF5FBF00163E876AD01EE9A8DE91B89890ADFD"", ""00163E5F7A721ED98AF12BF942DF5FBF00163E876AD01EE9A8DE91B89890CDFD"", ""00163E5F7A721ED98AF12BF942DF5FBF00163E876AD01EE9A8DE91B89890EDFD"", ""00163E5F7A721ED98AF12BF942DF5FBF00163E876AD01EE9A8DE91B898910DFD""] | [""00163E5F7A721ED98B845C8FAC5CC65F00163E876AE21EE997BC32521E94C678"", ""00163E5F7A721ED98B845C8FAC5CC65F00163E876AE21EE997BC32521E94E678"", ""00163E5F7A721ED98B845C8FAC5CC65F00163E876AE21EE997BC32521E950678"", ""00163E5F7A721ED98B845C8FAC5CC65F00163E876AE21EE997BC32521E952678"", ""00163E5F7A721ED98B845C8FAC5CC65F00163E876AE21EE997BC32521E954678"", ""00163E5F7A721ED98B845C8FAC5CC65F00163E876AE21EE997BC32521E956678"", ""00163E5F7A721ED98B845C8FAC5CC65F00163E876AE21EE997BC32521E958678"", ""00163E5F7A721ED98B845C8FAC5CC65F00163E876AE21EE997BC32521E95A678"", ""00163E5F7A721ED98B845C8FAC5CC65F00163E876AE21EE997BC32521E960678"", ""00163E5F7A721ED98B845C8FAC5CC65F00163E876AE21EE997BC32521E962678"", ""00163E5F7A721ED98B845C8FAC5CC65F00163E876AE21EE997BC32521E964678"", ""00163E5F7A721ED98B845C8FAC5CC65F00163E876AE21EE997BC32521E966678"", ""00163E5F7A721ED98B845C8FAC5CC65F00163E876AE21EE997BC32521E968678"", ""00163E5F7A721ED98B845C8FAC5CC65F00163E876AE21EE997BC32521E998678"", ""00163E5F7A721ED98B845C8FAC5CC65F00163E876AE21EE997BC32521E99A678""] | [""00163E5F7A721ED98B84AE918848482700163E5F7A8F1EE992C73F69049BF0EE"", ""00163E5F7A721ED98B84AE918848482700163E5F7A8F1EE992C73F69049C10EE"", ""00163E5F7A721ED98B84AE918848482700163E5F7A8F1EE992C73F69049C30EE"", ""00163E5F7A721ED98B84AE918848482700163E5F7A8F1EE992C73F69049C50EE"", ""00163E5F7A721ED98B84AE918848482700163E5F7A8F1EE992C73F69049C70EE"", ""00163E5F7A721ED98B84AE918848482700163E5F7A8F1EE992C73F69049C90EE"", ""00163E5F7A721ED98B84AE918848482700163E5F7A8F1EE992C73F69049CB0EE"", ""00163E5F7A721ED98B84AE918848482700163E5F7A8F1EE992C73F69049CD0EE"", ""00163E5F7A721ED98B84AE918848482700163E5F7A8F1EE992C73F69049D30EE"", ""00163E5F7A721ED98B84AE918848482700163E5F7A8F1EE992C73F69049D50EE"", ""00163E5F7A721ED98B84AE918848482700163E5F7A8F1EE992C73F69049D70EE"", ""00163E5F7A721ED98B84AE918848482700163E5F7A8F1EE992C73F69049D90EE"", ""00163E5F7A721ED98B84AE918848482700163E5F7A8F1EE992C73F69049DB0EE"", ""00163E5F7A721ED98B84AE918848482700163E5F7A8F1EE992C73F8D8839B0EE"", ""00163E5F7A721ED98B84AE918848482700163E5F7A8F1EE992C73F8D8839D0EE""]"
sale_order.csv,sap__khsalesorder__PriceComponentCollection__OriginCode,4308,4250,58,1,,3
sale_order.csv,sap__khsalesorder__PriceComponentCollection__OriginCodeText,4308,4250,58,1,,From the item
sale_order.csv,sap__khsalesorder__PriceComponentCollection__ParentObjectID,4308,4250,58,30+,,00163E5F7A721ED98AEFE604B5B6996C | 00163E5F7A721ED98AF09C2FDC3C5CBC | 00163E5F7A721ED98AF12BF942DF5FBF | 00163E5F7A721ED98B845C8FAC5CC65F | 00163E5F7A721ED98B84AE9188484827
sale_order.csv,sap__khsalesorder__PriceComponentCollection__PurposeCode,4308,4247,61,30+,JSON_ARRAY,"[""1000"", """", """", """", ""4110"", """", """", ""5100"", ""5100"", ""5100"", ""3020"", """", """", """", """"] | [""1000"", """", """", """", ""4110"", """", """", ""5100"", ""3020"", """", """", """", """", ""5100"", ""5100""] | ["""", ""5100"", ""3020"", """", ""1000"", """", """", """", ""4110"", """", """", ""5100"", ""3020"", """", """", """", """", ""5100"", ""5100""] | [""1000"", """", """", """", ""4110"", """", """", ""5100"", ""5100"", ""5100"", ""5100"", ""3020"", """", """", """", """"] | [""1000"", """", """", """", ""4110"", """", """", ""5100"", ""5100"", ""5100"", """", """", """", """"]"
sale_order.csv,sap__khsalesorder__PriceComponentCollection__PurposeCodeText,4308,4247,61,30+,JSON_ARRAY,"[""General"", """", """", """", ""Inventory Valuation"", """", """", ""Tax"", ""Tax"", ""Tax"", ""Rounding Difference"", """", """", """", """"] | [""General"", """", """", """", ""Inventory Valuation"", """", """", ""Tax"", ""Rounding Difference"", """", """", """", """", ""Tax"", ""Tax""] | ["""", ""Tax"", ""Rounding Difference"", """", ""General"", """", """", """", ""Inventory Valuation"", """", """", ""Tax"", ""Rounding Difference"", """", """", """", """", ""Tax"", ""Tax""] | [""General"", """", """", """", ""Inventory Valuation"", """", """", ""Tax"", ""Tax"", ""Tax"", ""Tax"", ""Rounding Difference"", """", """", """", """"] | [""General"", """", """", """", ""Inventory Valuation"", """", """", ""Tax"", ""Tax"", ""Tax"", """", """", """", """"]"
sale_order.csv,sap__khsalesorder__PriceComponentCollection__TypeCode,4308,4247,61,30+,JSON_ARRAY,"[""7PR1"", """", """", """", ""0008"", """", """", ""0TTE"", ""IN44"", ""IN46"", ""DIFF"", """", """", """", """"] | [""7PR1"", """", """", """", ""0008"", """", """", ""0TTE"", ""DIFF"", """", """", """", """", ""IN44"", ""IN46""] | ["""", ""IN44"", ""DIFF"", """", ""7PR1"", """", """", """", ""0008"", """", """", ""0TTE"", ""DIFF"", """", """", """", """", ""IN44"", ""IN46""] | [""7PR1"", """", """", """", ""0008"", """", """", ""0TTE"", ""IN42"", ""IN43"", ""IN46"", ""DIFF"", """", """", """", """"] | [""7PR1"", """", """", """", ""0008"", """", """", ""0TTE"", ""IN44"", ""IN46"", """", """", """", """"]"
sale_order.csv,sap__khsalesorder__PriceComponentCollection__TypeCodeText,4308,4021,287,30+,JSON_ARRAY,"[""List Price"", """", """", """", ""Cost"", """", """", ""Tax"", """", """", ""Rounding Difference"", """", """", """", """"] | [""List Price"", """", """", """", ""Cost"", """", """", ""Tax"", ""Rounding Difference"", """", """", """", """", """", """"] | ["""", """", ""Rounding Difference"", """", ""List Price"", """", """", """", ""Cost"", """", """", ""Tax"", ""Rounding Difference"", """", """", """", """", """", """"] | [""List Price"", """", """", """", ""Cost"", """", """", ""Tax"", """", """", """", ""Rounding Difference"", """", """", """", """"] | [""List Price"", """", """", """", ""Cost"", """", """", ""Tax"", """", """", """", """", """", """"]"
sale_order.csv,sap__khsalesorder__PricingTermsCollection__CurrencyCode,4308,4307,1,5,,INR | GBP | EUR | JPY | USD
sale_order.csv,sap__khsalesorder__PricingTermsCollection__CurrencyCodeText,4308,4307,1,5,,Indian Rupee | Pound Sterling | Euro | Yen | US Dollar
sale_order.csv,sap__khsalesorder__PricingTermsCollection__GrossAmountIndicator,4308,4308,0,1,,False
sale_order.csv,sap__khsalesorder__PricingTermsCollection__ObjectID,4308,4308,0,30+,,00163E5F7A721ED98AEFE604B5B6996C | 00163E5F7A721ED98AF09C2FDC3C5CBC | 00163E5F7A721ED98AF12BF942DF5FBF | 00163E5F7A721ED98B845C8FAC5CC65F | 00163E5F7A721ED98B84AE9188484827
sale_order.csv,sap__khsalesorder__PricingTermsCollection__ParentObjectID,4308,4308,0,30+,,00163E5F7A721ED98AEFE604B5B6996C | 00163E5F7A721ED98AF09C2FDC3C5CBC | 00163E5F7A721ED98AF12BF942DF5FBF | 00163E5F7A721ED98B845C8FAC5CC65F | 00163E5F7A721ED98B84AE9188484827
sale_order.csv,sap__khsalesorder__PricingTermsCollection__PriceDateTime,4308,4308,0,30+,,2019-02-08 08:54:49 | 2019-02-08 09:35:33 | 2019-02-08 10:07:43 | 2019-02-09 04:26:38 | 2019-02-09 04:44:59
sale_order.csv,sap__khsalesorder__PricingTermsCollection__timeZoneCode,4308,4308,0,1,,INDIA
sale_order.csv,sap__khsalesorder__PricingTermsCollection__timeZoneCodeText,4308,4308,0,1,,India
sale_order.csv,sap__khsalesorder__ProductRecipientPartyCollection__AddressReferenceTypeCode,4308,4307,1,1,,9
sale_order.csv,sap__khsalesorder__ProductRecipientPartyCollection__AddressReferenceTypeCodeText,4308,4307,1,1,,Address Snapshot
sale_order.csv,sap__khsalesorder__ProductRecipientPartyCollection__AddressReferenceUUID,4308,4307,1,30+,JSON_ARRAY,"[""00163E5F-7A72-1ED9-888B-BD7688387460"", ""00163E5F-7A72-1ED9-888B-BD7688387460"", ""00163E5F-7A72-1ED9-888B-BD7688387460"", ""00163E5F-7A72-1ED9-888B-BD7688387460"", ""00163E5F-7A72-1ED9-8AEE-AD01C27F32D9"", ""00163E5F-7A72-1ED9-8AA3-7D335BF3ACE3"", ""00163E5F-7A72-1ED9-8AA3-7D335BF2ECE3"", ""00163E5F-7A72-1ED9-8AA3-7D335BF3ACE3""] | [""00163E5F-7A72-1ED9-888B-BD7688389460"", ""00163E5F-7A72-1ED9-888B-BD7688389460"", ""00163E5F-7A72-1ED9-888B-BD7688389460"", ""00163E5F-7A72-1ED9-888B-BD7688389460"", ""00163E5F-7A72-1ED9-8AEE-AD01C27F32D9"", ""00163E5F-7A72-1ED9-8AA3-7D335BF3ACE3"", ""00163E5F-7A72-1ED9-8AA3-7D335BF2ECE3"", ""00163E5F-7A72-1ED9-8AA3-7D335BF3ACE3""] | [""00163E5F-7A72-1ED9-888B-BF071570D463"", ""00163E5F-7A72-1ED9-888B-BF071570D463"", ""00163E5F-7A72-1ED9-888B-BF071570D463"", ""00163E5F-7A72-1ED9-888B-BF071570D463"", ""00163E5F-7A72-1ED9-8AEE-AD01C27F32D9"", ""00163E5F-7A72-1ED9-8AA3-7D335BF3ACE3"", ""00163E5F-7A72-1ED9-8AA3-7D335BF2ECE3"", ""00163E5F-7A72-1ED9-8AA3-7D335BF3ACE3""] | [""00163E5F-7A72-1ED9-888B-BF0715705463"", ""00163E5F-7A72-1ED9-888B-BF0715705463"", ""00163E5F-7A72-1ED9-888B-BF0715705463"", ""00163E5F-7A72-1ED9-888B-BF0715705463"", ""00163E5F-7A72-1ED9-8AEE-AD01C27F32D9"", ""00163E5F-7A72-1ED9-8AA3-7D335BF3ACE3"", ""00163E5F-7A72-1ED9-8AA3-7D335BF2ECE3"", ""00163E5F-7A72-1ED9-8AA3-7D335BF3ACE3""] | [""00163E5F-7A72-1ED9-888B-BF0715429462"", ""00163E5F-7A72-1ED9-888B-BF0715429462"", ""00163E5F-7A72-1ED9-888B-BF0715429462"", ""00163E5F-7A72-1ED9-888B-BF0715429462"", ""00163E5F-7A72-1ED9-8AEE-AD01C27F32D9"", ""00163E5F-7A72-1ED9-8AA3-7D335BF3ACE3"", ""00163E5F-7A72-1ED9-8AA3-7D335BF2ECE3"", ""00163E5F-7A72-1ED9-8AA3-7D335BF3ACE3""]"
sale_order.csv,sap__khsalesorder__ProductRecipientPartyCollection__DeterminationMethodCode,4308,4308,0,17,JSON_ARRAY,"[""1"", ""5"", ""5"", ""5"", ""3"", ""4"", ""4"", ""4""] | [""1"", ""5"", ""1"", ""5"", ""3"", ""4"", ""4"", ""4""] | [""1"", ""3"", ""4"", ""4"", ""4"", ""5"", ""5"", ""5""] | [""9"", ""9"", ""9"", ""9"", ""9"", ""9"", ""9"", ""3""] | [""9"", ""9"", ""9"", ""1"", ""3"", ""5"", ""5"", ""5""]"
sale_order.csv,sap__khsalesorder__ProductRecipientPartyCollection__DeterminationMethodCodeText,4308,4308,0,17,JSON_ARRAY,"[""Provided by an Unspecified External Source"", ""Copied Automatically from a Party with a Different Party Role Category"", ""Copied Automatically from a Party with a Different Party Role Category"", ""Copied Automatically from a Party with a Different Party Role Category"", ""Provided Automatically by User Data"", ""Provided Automatically by Organizational Model"", ""Provided Automatically by Organizational Model"", ""Provided Automatically by Organizational Model""] | [""Provided by an Unspecified External Source"", ""Copied Automatically from a Party with a Different Party Role Category"", ""Provided by an Unspecified External Source"", ""Copied Automatically from a Party with a Different Party Role Category"", ""Provided Automatically by User Data"", ""Provided Automatically by Organizational Model"", ""Provided Automatically by Organizational Model"", ""Provided Automatically by Organizational Model""] | [""Provided by an Unspecified External Source"", ""Provided Automatically by User Data"", ""Provided Automatically by Organizational Model"", ""Provided Automatically by Organizational Model"", ""Provided Automatically by Organizational Model"", ""Copied Automatically from a Party with a Different Party Role Category"", ""Copied Automatically from a Party with a Different Party Role Category"", ""Copied Automatically from a Party with a Different Party Role Category""] | [""Copied from Preceding Business Transaction Document"", ""Copied from Preceding Business Transaction Document"", ""Copied from Preceding Business Transaction Document"", ""Copied from Preceding Business Transaction Document"", ""Copied from Preceding Business Transaction Document"", ""Copied from Preceding Business Transaction Document"", ""Copied from Preceding Business Transaction Document"", ""Provided Automatically by User Data""] | [""Copied from Preceding Business Transaction Document"", ""Copied from Preceding Business Transaction Document"", ""Copied from Preceding Business Transaction Document"", ""Provided by an Unspecified External Source"", ""Provided Automatically by User Data"", ""Copied Automatically from a Party with a Different Party Role Category"", ""Copied Automatically from a Party with a Different Party Role Category"", ""Copied Automatically from a Party with a Different Party Role Category""]"
sale_order.csv,sap__khsalesorder__ProductRecipientPartyCollection__ObjectID,4308,4308,0,30+,"JSON_ARRAY,VERY_LONG_TEXT","[""00163E5F7A721ED98AEFE604B5B6996C                                    1"", ""00163E5F7A721ED98AEFE604B5B6996C                                    2"", ""00163E5F7A721ED98AEFE604B5B6996C                                    3"", ""00163E5F7A721ED98AEFE604B5B6996C                                    4"", ""00163E5F7A721ED98AEFE604B5B6996C                                    5"", ""00163E5F7A721ED98AEFE604B5B6996C                                    6"", ""00163E5F7A721ED98AEFE604B5B6996C                                    7"", ""00163E5F7A721ED98AEFE604B5B6996C                                    8""] | [""00163E5F7A721ED98AF09C2FDC3C5CBC                                    1"", ""00163E5F7A721ED98AF09C2FDC3C5CBC                                    2"", ""00163E5F7A721ED98AF09C2FDC3C5CBC                                    3"", ""00163E5F7A721ED98AF09C2FDC3C5CBC                                    4"", ""00163E5F7A721ED98AF09C2FDC3C5CBC                                    5"", ""00163E5F7A721ED98AF09C2FDC3C5CBC                                    6"", ""00163E5F7A721ED98AF09C2FDC3C5CBC                                    7"", ""00163E5F7A721ED98AF09C2FDC3C5CBC                                    8""] | [""00163E5F7A721ED98AF12BF942DF5FBF                                    1"", ""00163E5F7A721ED98AF12BF942DF5FBF                                    2"", ""00163E5F7A721ED98AF12BF942DF5FBF                                    3"", ""00163E5F7A721ED98AF12BF942DF5FBF                                    4"", ""00163E5F7A721ED98AF12BF942DF5FBF                                    5"", ""00163E5F7A721ED98AF12BF942DF5FBF                                    6"", ""00163E5F7A721ED98AF12BF942DF5FBF                                    7"", ""00163E5F7A721ED98AF12BF942DF5FBF                                    8""] | [""00163E5F7A721ED98B845C8FAC5CC65F                                    1"", ""00163E5F7A721ED98B845C8FAC5CC65F                                    2"", ""00163E5F7A721ED98B845C8FAC5CC65F                                    3"", ""00163E5F7A721ED98B845C8FAC5CC65F                                    4"", ""00163E5F7A721ED98B845C8FAC5CC65F                                    5"", ""00163E5F7A721ED98B845C8FAC5CC65F                                    6"", ""00163E5F7A721ED98B845C8FAC5CC65F                                    7"", ""00163E5F7A721ED98B845C8FAC5CC65F                                    8""] | [""00163E5F7A721ED98B84AE9188484827                                    1"", ""00163E5F7A721ED98B84AE9188484827                                    2"", ""00163E5F7A721ED98B84AE9188484827                                    3"", ""00163E5F7A721ED98B84AE9188484827                                    4"", ""00163E5F7A721ED98B84AE9188484827                                    5"", ""00163E5F7A721ED98B84AE9188484827                                    6"", ""00163E5F7A721ED98B84AE9188484827                                    7"", ""00163E5F7A721ED98B84AE9188484827                                    8""]"
sale_order.csv,sap__khsalesorder__ProductRecipientPartyCollection__ParentObjectID,4308,4308,0,30+,,00163E5F7A721ED98AEFE604B5B6996C | 00163E5F7A721ED98AF09C2FDC3C5CBC | 00163E5F7A721ED98AF12BF942DF5FBF | 00163E5F7A721ED98B845C8FAC5CC65F | 00163E5F7A721ED98B84AE9188484827
sale_order.csv,sap__khsalesorder__ProductRecipientPartyCollection__PartyID,4308,4307,1,30+,JSON_ARRAY,"[""1121709"", ""1121709"", ""1121709"", ""1121709"", ""8000000018"", ""71000"", ""70000"", ""71000""] | [""1121778"", ""1121778"", ""1121778"", ""1121778"", ""8000000018"", ""71000"", ""70000"", ""71000""] | [""1127393"", ""1127393"", ""1127393"", ""1127393"", ""8000000018"", ""71000"", ""70000"", ""71000""] | [""1125090"", ""1125090"", ""1125090"", ""1125090"", ""8000000018"", ""71000"", ""70000"", ""71000""] | [""1123611"", ""1123611"", ""1123611"", ""1123611"", ""8000000018"", ""71000"", ""70000"", ""71000""]"
sale_order.csv,sap__khsalesorder__RequestedFulfillmentPeriodCollection__EndDateTime,4308,4308,0,30+,JSON_ARRAY,2019-02-10T18:30:00Z | 2019-02-11T18:30:00Z | 2019-02-13T18:30:00Z | 2019-02-14T18:30:00Z | 2019-02-16T18:30:00Z
sale_order.csv,sap__khsalesorder__RequestedFulfillmentPeriodCollection__EndDateTimeZoneCode,4308,4308,0,2,JSON_ARRAY,"INDIA | [""UTC"", ""INDIA""]"
sale_order.csv,sap__khsalesorder__RequestedFulfillmentPeriodCollection__ObjectID,4308,4308,0,30+,JSON_ARRAY,00163E5F7A721ED98AEFE604B5B6996C43 INTERVAL | 00163E5F7A721ED98AF09C2FDC3C5CBC43 INTERVAL | 00163E5F7A721ED98AF12BF942DF5FBF43 INTERVAL | 00163E5F7A721ED98B845C8FAC5CC65F43 INTERVAL | 00163E5F7A721ED98B84AE918848482743 INTERVAL
sale_order.csv,sap__khsalesorder__RequestedFulfillmentPeriodCollection__ParentObjectID,4308,4308,0,30+,,00163E5F7A721ED98AEFE604B5B6996C | 00163E5F7A721ED98AF09C2FDC3C5CBC | 00163E5F7A721ED98AF12BF942DF5FBF | 00163E5F7A721ED98B845C8FAC5CC65F | 00163E5F7A721ED98B84AE9188484827
sale_order.csv,sap__khsalesorder__RequestedFulfillmentPeriodCollection__StartDateTime,4308,4308,0,30+,JSON_ARRAY,2019-02-09T18:30:00Z | 2019-02-10T18:30:00Z | 2019-02-12T18:30:00Z | 2019-02-13T18:30:00Z | 2019-02-15T18:30:00Z
sale_order.csv,sap__khsalesorder__RequestedFulfillmentPeriodCollection__StartDateTimeZoneCode,4308,4308,0,2,JSON_ARRAY,"INDIA | [""UTC"", ""INDIA""]"
sale_order.csv,sap__khsalesorder__SalesUnitPartyCollection__ObjectID,4308,4308,0,30+,"JSON_ARRAY,VERY_LONG_TEXT","[""00163E5F7A721ED98AEFE604B5B6996C                                    1"", ""00163E5F7A721ED98AEFE604B5B6996C                                    2"", ""00163E5F7A721ED98AEFE604B5B6996C                                    3"", ""00163E5F7A721ED98AEFE604B5B6996C                                    4"", ""00163E5F7A721ED98AEFE604B5B6996C                                    5"", ""00163E5F7A721ED98AEFE604B5B6996C                                    6"", ""00163E5F7A721ED98AEFE604B5B6996C                                    7"", ""00163E5F7A721ED98AEFE604B5B6996C                                    8""] | [""00163E5F7A721ED98AF09C2FDC3C5CBC                                    1"", ""00163E5F7A721ED98AF09C2FDC3C5CBC                                    2"", ""00163E5F7A721ED98AF09C2FDC3C5CBC                                    3"", ""00163E5F7A721ED98AF09C2FDC3C5CBC                                    4"", ""00163E5F7A721ED98AF09C2FDC3C5CBC                                    5"", ""00163E5F7A721ED98AF09C2FDC3C5CBC                                    6"", ""00163E5F7A721ED98AF09C2FDC3C5CBC                                    7"", ""00163E5F7A721ED98AF09C2FDC3C5CBC                                    8""] | [""00163E5F7A721ED98AF12BF942DF5FBF                                    1"", ""00163E5F7A721ED98AF12BF942DF5FBF                                    2"", ""00163E5F7A721ED98AF12BF942DF5FBF                                    3"", ""00163E5F7A721ED98AF12BF942DF5FBF                                    4"", ""00163E5F7A721ED98AF12BF942DF5FBF                                    5"", ""00163E5F7A721ED98AF12BF942DF5FBF                                    6"", ""00163E5F7A721ED98AF12BF942DF5FBF                                    7"", ""00163E5F7A721ED98AF12BF942DF5FBF                                    8""] | [""00163E5F7A721ED98B845C8FAC5CC65F                                    1"", ""00163E5F7A721ED98B845C8FAC5CC65F                                    2"", ""00163E5F7A721ED98B845C8FAC5CC65F                                    3"", ""00163E5F7A721ED98B845C8FAC5CC65F                                    4"", ""00163E5F7A721ED98B845C8FAC5CC65F                                    5"", ""00163E5F7A721ED98B845C8FAC5CC65F                                    6"", ""00163E5F7A721ED98B845C8FAC5CC65F                                    7"", ""00163E5F7A721ED98B845C8FAC5CC65F                                    8""] | [""00163E5F7A721ED98B84AE9188484827                                    1"", ""00163E5F7A721ED98B84AE9188484827                                    2"", ""00163E5F7A721ED98B84AE9188484827                                    3"", ""00163E5F7A721ED98B84AE9188484827                                    4"", ""00163E5F7A721ED98B84AE9188484827                                    5"", ""00163E5F7A721ED98B84AE9188484827                                    6"", ""00163E5F7A721ED98B84AE9188484827                                    7"", ""00163E5F7A721ED98B84AE9188484827                                    8""]"
sale_order.csv,sap__khsalesorder__SalesUnitPartyCollection__ParentObjectID,4308,4308,0,30+,,00163E5F7A721ED98AEFE604B5B6996C | 00163E5F7A721ED98AF09C2FDC3C5CBC | 00163E5F7A721ED98AF12BF942DF5FBF | 00163E5F7A721ED98B845C8FAC5CC65F | 00163E5F7A721ED98B84AE9188484827
sale_order.csv,sap__khsalesorder__SalesUnitPartyCollection__PartyID,4308,4307,1,30+,JSON_ARRAY,"[""1121709"", ""1121709"", ""1121709"", ""1121709"", ""8000000018"", ""71000"", ""70000"", ""71000""] | [""1121778"", ""1121778"", ""1121778"", ""1121778"", ""8000000018"", ""71000"", ""70000"", ""71000""] | [""1127393"", ""1127393"", ""1127393"", ""1127393"", ""8000000018"", ""71000"", ""70000"", ""71000""] | [""1125090"", ""1125090"", ""1125090"", ""1125090"", ""8000000018"", ""71000"", ""70000"", ""71000""] | [""1123611"", ""1123611"", ""1123611"", ""1123611"", ""8000000018"", ""71000"", ""70000"", ""71000""]"
sale_order_line.csv,id,9921,9921,0,30+,,sap_so_item_00163E5F7A721ED98AF03C4571D8DAF6 | sap_so_item_00163E5F7A721ED98AF0DB64891BDE15 | sap_so_item_00163E5F7A721ED98AF132BB10575FD9 | sap_so_item_00163E5F7A721ED98B848858072707A1 | sap_so_item_00163E5F7A721ED98B84B54E2CD7C882
sale_order_line.csv,order_id/id,9921,9921,0,30+,,sap_so_00163E5F7A721ED98AEFE604B5B6996C | sap_so_00163E5F7A721ED98AF09C2FDC3C5CBC | sap_so_00163E5F7A721ED98AF12BF942DF5FBF | sap_so_00163E5F7A721ED98B845C8FAC5CC65F | sap_so_00163E5F7A721ED98B84AE9188484827
sale_order_line.csv,product_id/id,9921,9920,1,30+,,sap_prod_730511 | sap_prod_LF90044 | sap_prod_LF90045 | sap_prod_19239000048 | sap_prod_LF91127
sale_order_line.csv,name,9921,9921,0,30+,,Bajaj ETB Sensor | EMERALD BASIC RELEASE - BOM LS/IN 80% | EMERALD BASIC RELEASE - BOM LS/IN 62.5% | 19239.00.48 Cover Assly With PCB Gasolin | EMERALD BASIC RELEASE – BOM 100%
sale_order_line.csv,price_subtotal,9921,9921,0,30+,,573288.970000 | 1155730.910000 | 2701268.630000 | 102002.990000 | 454219.920000
sale_order_line.csv,sap__khsalesorder__ItemCollection__CancellationStatusCode,9921,9920,1,2,,4 | 1
sale_order_line.csv,sap__khsalesorder__ItemCollection__CancellationStatusCodeText,9921,9920,1,2,,Canceled | Not Canceled
sale_order_line.csv,sap__khsalesorder__ItemCollection__Description,9921,9920,1,30+,,Bajaj ETB Sensor | EMERALD BASIC RELEASE - BOM LS/IN 80% | EMERALD BASIC RELEASE - BOM LS/IN 62.5% | 19239.00.48 Cover Assly With PCB Gasolin | EMERALD BASIC RELEASE – BOM 100%
sale_order_line.csv,sap__khsalesorder__ItemCollection__ExecutionReleaseStatusCode,9921,0,9921,0,,
sale_order_line.csv,sap__khsalesorder__ItemCollection__ExecutionReleaseStatusCodeText,9921,0,9921,0,,
sale_order_line.csv,sap__khsalesorder__ItemCollection__ExternalItemReference,9921,0,9921,0,,
sale_order_line.csv,sap__khsalesorder__ItemCollection__FulfilmentPartyCategoryCode,9921,9892,29,1,,1
sale_order_line.csv,sap__khsalesorder__ItemCollection__FulfilmentPartyCategoryCodeText,9921,9892,29,1,,Internal
sale_order_line.csv,sap__khsalesorder__ItemCollection__FulfilmentProcessingStatusCode,9921,9920,1,3,,3 | 1 | 2
sale_order_line.csv,sap__khsalesorder__ItemCollection__FulfilmentProcessingStatusCodeText,9921,9920,1,3,,Finished | Not Started | In Process
sale_order_line.csv,sap__khsalesorder__ItemCollection__ID,9921,9921,0,30+,,10 | 20 | 30 | 40 | 50
sale_order_line.csv,sap__khsalesorder__ItemCollection__InvoiceProcessingStatusCode,9921,9920,1,3,,3 | 2 | 1
sale_order_line.csv,sap__khsalesorder__ItemCollection__InvoiceProcessingStatusCodeText,9921,9920,1,3,,Finished | In Process | Not Started
sale_order_line.csv,sap__khsalesorder__ItemCollection__NetAmount,9921,9921,0,30+,,573288.970000 | 1155730.910000 | 2701268.630000 | 102002.990000 | 454219.920000
sale_order_line.csv,sap__khsalesorder__ItemCollection__NetAmountCurrencyCode,9921,9920,1,5,,INR | GBP | EUR | JPY | USD
sale_order_line.csv,sap__khsalesorder__ItemCollection__NetAmountCurrencyCodeText,9921,9920,1,5,,Indian Rupee | Pound Sterling | Euro | Yen | US Dollar
sale_order_line.csv,sap__khsalesorder__ItemCollection__ObjectID,9921,9921,0,30+,,00163E5F7A721ED98AF03C4571D8DAF6 | 00163E5F7A721ED98AF0DB64891BDE15 | 00163E5F7A721ED98AF132BB10575FD9 | 00163E5F7A721ED98B848858072707A1 | 00163E5F7A721ED98B84B54E2CD7C882
sale_order_line.csv,sap__khsalesorder__ItemCollection__ParentObjectID,9921,9921,0,30+,,00163E5F7A721ED98AEFE604B5B6996C | 00163E5F7A721ED98AF09C2FDC3C5CBC | 00163E5F7A721ED98AF12BF942DF5FBF | 00163E5F7A721ED98B845C8FAC5CC65F | 00163E5F7A721ED98B84AE9188484827
sale_order_line.csv,sap__khsalesorder__ItemCollection__PartialDeliveryControlCode,9921,5181,4740,3,,9 | 1 | 3
sale_order_line.csv,sap__khsalesorder__ItemCollection__PartialDeliveryControlCodeText,9921,5181,4740,3,,Single Delivery | Multiple Deliveries | Single delivery - full quantity
sale_order_line.csv,sap__khsalesorder__ItemCollection__ProcessingTypeCode,9921,9920,1,1,,TAN
sale_order_line.csv,sap__khsalesorder__ItemCollection__ProcessingTypeCodeText,9921,9920,1,1,,Product - delivery-based
sale_order_line.csv,sap__khsalesorder__ItemCollection__ProductAvailabilityConfirmationStatusCode,9921,9920,1,4,,4 | 3 | 1 | 2
sale_order_line.csv,sap__khsalesorder__ItemCollection__ProductAvailabilityConfirmationStatusCodeText,9921,9920,1,4,,Confirmed Sufficiently | Confirmed Insufficiently | Confirmation Pending | Not Confirmed
sale_order_line.csv,sap__khsalesorder__ItemCollection__ReleaseStatusCode,9921,9920,1,2,,3 | 1
sale_order_line.csv,sap__khsalesorder__ItemCollection__ReleaseStatusCodeText,9921,9920,1,2,,Released | Not Released
sale_order_line.csv,sap__khsalesorder__ItemCollection__TaxAmount,9921,9921,0,30+,,103192.030000 | 208031.590000 | 486228.370000 | 18360.510000 | 81759.580000
sale_order_line.csv,sap__khsalesorder__ItemCollection__TaxAmountCurrencyCode,9921,9920,1,5,,INR | GBP | EUR | JPY | USD
sale_order_line.csv,sap__khsalesorder__ItemCollection__TaxAmountCurrencyCodeText,9921,9920,1,5,,Indian Rupee | Pound Sterling | Euro | Yen | US Dollar
sale_order_line.csv,sap__khsalesorder__ItemCollection__UUID,9921,9921,0,30+,,00163E5F-7A72-1ED9-8AF0-3C4571D8DAF6 | 00163E5F-7A72-1ED9-8AF0-DB64891BDE15 | 00163E5F-7A72-1ED9-8AF1-32BB10575FD9 | 00163E5F-7A72-1ED9-8B84-8858072707A1 | 00163E5F-7A72-1ED9-8B84-B54E2CD7C882
sale_order_line.csv,sap__khsalesorder__ItemDocumentReferenceCollection__ID,9921,8115,1806,30+,"JSON_ARRAY,VERY_LONG_TEXT","[""8-42"", ""2018-100042"", ""8-201"", ""2018-100210"", ""8-2"", ""2018-100002"", ""8-4"", ""2018-100004"", ""8-121"", ""2018-100125"", ""8-267"", ""2018-100277"", ""10000153""] | [""8-107"", ""2018-100111"", ""8-1"", ""2018-100001"", ""8-34"", ""2018-100034"", ""8-151"", ""2018-100155"", ""8-164"", ""2018-100169"", ""8-336"", ""2018-100347""] | [""8-49"", ""2018-100049"", ""8-236"", ""2018-100244"", ""8-152"", ""2018-100156"", ""8-261"", ""2018-100271"", ""8-271"", ""2018-100282"", ""8-277"", ""2018-100288"", ""8-284"", ""2018-100295"", ""8-427"", ""2019-100076"", ""8-437"", ""2019-100086"", ""8-466"", ""2019-100115"", ""8-489"", ""2019-100138"", ""8-504"", ""2019-100154"", ""8-521"", ""2019-100171"", ""8-523"", ""2019-100173"", ""8-604"", ""2019-100254"", ""8-607"", ""2019-100260"", ""8-670"", ""2019-100329"", ""8-730"", ""2019-100389"", ""8-740"", ""2019-100400"", ""8-747"", ""2019-100407"", ""8-756"", ""2019-100416"", ""8-764"", ""2019-100424"", ""8-765"", ""2019-100425"", ""8-793"", ""2019-100453"", ""8-814"", ""2019-100474"", ""8-279"", ""2018-100290"", ""8-338"", ""2018-100349"", ""8-450"", ""2019-100099"", ""8-477"", ""2019-100126"", ""8-500"", ""2019-100150"", ""8-507"", ""2019-100157"", ""8-532"", ""2019-100182"", ""8-548"", ""2019-100198"", ""8-595"", ""2019-100245"", ""8-677"", ""2019-100336"", ""8-784"", ""2019-100444"", ""8-802"", ""2019-100462"", ""8-811"", ""2019-100471""] | [""8-9"", ""2018-100009"", ""8-3"", ""2018-100003"", ""8-11"", ""8-12"", ""8-13"", ""2018-100012"", ""2018-100013"", ""2018-100014"", ""8-16"", ""2018-100017""] | [""8-81"", ""2018-100085"", ""8-109"", ""2018-100113"", ""8-192"", ""2018-100200"", ""8-204"", ""2018-100213"", ""8-35"", ""2018-100035"", ""8-178"", ""2018-100183"", ""8-182"", ""2018-100188""]"
sale_order_line.csv,sap__khsalesorder__ItemDocumentReferenceCollection__ItemID,9921,8115,1806,30+,"JSON_ARRAY,VERY_LONG_TEXT","10 | [""20"", ""10"", ""10"", ""10"", ""10"", ""10"", ""10"", ""10"", ""10"", ""10"", ""10"", ""10"", ""10"", ""10""] | [""10"", ""10"", ""10"", ""10"", ""10"", ""10"", ""10"", ""10"", ""10"", ""10"", ""10"", ""10"", ""10"", ""10"", ""20"", ""20"", ""10"", ""10"", ""10"", ""10"", ""10"", ""10""] | 20 | 30"
sale_order_line.csv,sap__khsalesorder__ItemDocumentReferenceCollection__ItemTypeCode,9921,8115,1806,30+,"JSON_ARRAY,VERY_LONG_TEXT","[""14"", ""002"", ""14"", ""002"", ""14"", ""002"", ""14"", ""002"", ""14"", ""002"", ""14"", ""002"", ""28""] | [""14"", ""002"", ""14"", ""002"", ""14"", ""002"", ""14"", ""002"", ""14"", ""002"", ""14"", ""002""] | [""14"", ""002"", ""14"", ""002"", ""14"", ""002"", ""14"", ""002"", ""14"", ""002"", ""14"", ""002"", ""14"", ""002"", ""14"", ""002"", ""14"", ""002"", ""14"", ""002"", ""14"", ""002"", ""14"", ""002"", ""14"", ""002"", ""14"", ""002"", ""14"", ""002"", ""14"", ""002"", ""14"", ""002"", ""14"", ""002"", ""14"", ""002"", ""14"", ""002"", ""14"", ""002"", ""14"", ""002"", ""14"", ""002"", ""14"", ""002"", ""14"", ""002"", ""14"", ""002"", ""14"", ""002"", ""14"", ""002"", ""14"", ""002"", ""14"", ""002"", ""14"", ""002"", ""14"", ""002"", ""14"", ""002"", ""14"", ""002"", ""14"", ""002"", ""14"", ""002"", ""14"", ""002"", ""14"", ""002""] | [""14"", ""002"", ""14"", ""002"", ""14"", ""14"", ""14"", ""002"", ""002"", ""002"", ""14"", ""002""] | [""14"", ""002"", ""14"", ""002"", ""14"", ""002"", ""14"", ""002"", ""14"", ""002"", ""14"", ""002"", ""14"", ""002""]"
sale_order_line.csv,sap__khsalesorder__ItemDocumentReferenceCollection__ItemTypeCodeText,9921,8115,1806,30+,"JSON_ARRAY,VERY_LONG_TEXT","[""Delivery Standard Item"", ""Invoice Item"", ""Delivery Standard Item"", ""Invoice Item"", ""Delivery Standard Item"", ""Invoice Item"", ""Delivery Standard Item"", ""Invoice Item"", ""Delivery Standard Item"", ""Invoice Item"", ""Delivery Standard Item"", ""Invoice Item"", ""Sales Item""] | [""Delivery Standard Item"", ""Invoice Item"", ""Delivery Standard Item"", ""Invoice Item"", ""Delivery Standard Item"", ""Invoice Item"", ""Delivery Standard Item"", ""Invoice Item"", ""Delivery Standard Item"", ""Invoice Item"", ""Delivery Standard Item"", ""Invoice Item""] | [""Delivery Standard Item"", ""Invoice Item"", ""Delivery Standard Item"", ""Invoice Item"", ""Delivery Standard Item"", ""Invoice Item"", ""Delivery Standard Item"", ""Invoice Item"", ""Delivery Standard Item"", ""Invoice Item"", ""Delivery Standard Item"", ""Invoice Item"", ""Delivery Standard Item"", ""Invoice Item"", ""Delivery Standard Item"", ""Invoice Item"", ""Delivery Standard Item"", ""Invoice Item"", ""Delivery Standard Item"", ""Invoice Item"", ""Delivery Standard Item"", ""Invoice Item"", ""Delivery Standard Item"", ""Invoice Item"", ""Delivery Standard Item"", ""Invoice Item"", ""Delivery Standard Item"", ""Invoice Item"", ""Delivery Standard Item"", ""Invoice Item"", ""Delivery Standard Item"", ""Invoice Item"", ""Delivery Standard Item"", ""Invoice Item"", ""Delivery Standard Item"", ""Invoice Item"", ""Delivery Standard Item"", ""Invoice Item"", ""Delivery Standard Item"", ""Invoice Item"", ""Delivery Standard Item"", ""Invoice Item"", ""Delivery Standard Item"", ""Invoice Item"", ""Delivery Standard Item"", ""Invoice Item"", ""Delivery Standard Item"", ""Invoice Item"", ""Delivery Standard Item"", ""Invoice Item"", ""Delivery Standard Item"", ""Invoice Item"", ""Delivery Standard Item"", ""Invoice Item"", ""Delivery Standard Item"", ""Invoice Item"", ""Delivery Standard Item"", ""Invoice Item"", ""Delivery Standard Item"", ""Invoice Item"", ""Delivery Standard Item"", ""Invoice Item"", ""Delivery Standard Item"", ""Invoice Item"", ""Delivery Standard Item"", ""Invoice Item"", ""Delivery Standard Item"", ""Invoice Item"", ""Delivery Standard Item"", ""Invoice Item"", ""Delivery Standard Item"", ""Invoice Item"", ""Delivery Standard Item"", ""Invoice Item"", ""Delivery Standard Item"", ""Invoice Item""] | [""Delivery Standard Item"", ""Invoice Item"", ""Delivery Standard Item"", ""Invoice Item"", ""Delivery Standard Item"", ""Delivery Standard Item"", ""Delivery Standard Item"", ""Invoice Item"", ""Invoice Item"", ""Invoice Item"", ""Delivery Standard Item"", ""Invoice Item""] | [""Delivery Standard Item"", ""Invoice Item"", ""Delivery Standard Item"", ""Invoice Item"", ""Delivery Standard Item"", ""Invoice Item"", ""Delivery Standard Item"", ""Invoice Item"", ""Delivery Standard Item"", ""Invoice Item"", ""Delivery Standard Item"", ""Invoice Item"", ""Delivery Standard Item"", ""Invoice Item""]"
sale_order_line.csv,sap__khsalesorder__ItemDocumentReferenceCollection__ItemUUID,9921,8115,1806,30+,"JSON_ARRAY,VERY_LONG_TEXT","[""00163E5F-7A72-1ED9-8D9B-C6DD710591EF"", ""00163E5F-7A72-1ED9-8D9C-86331BA03551"", ""00163E70-8BF9-1EE9-91FB-76BCA306170F"", ""00163E70-8BF9-1EE9-91FB-89884EDB5760"", ""00163E5F-7A72-1ED9-8B86-8476506130A3"", ""00163E5F-7A72-1ED9-8B89-94D04BB67F99"", ""00163E5F-7A72-1ED9-8BD6-2D9C59523934"", ""00163E5F-7A72-1ED9-8BD6-4ED29E9BF9AB"", ""00163E5F-7A72-1EE9-8EE8-95328762C319"", ""00163E5F-7A72-1EE9-8EE8-BC1810E4E394"", ""00163E70-8BF9-1EE9-93AB-6AA3E8739752"", ""00163E70-8BF9-1EE9-93AB-6E719B6CD753"", ""00163E87-6AF1-1ED9-9886-B3533B0BCF3A""] | [""00163E5F-7A72-1EE9-8ECF-706566DE5144"", ""00163E5F-7A72-1EE9-8ECF-794705ADB149"", ""00163E5F-7A72-1ED9-8B84-90AF427547AE"", ""00163E5F-7A72-1ED9-8B87-C8B0CF671702"", ""00163E5F-7A72-1EE9-8D86-F0798AA65493"", ""00163E5F-7A72-1EE9-8D86-FDC0ACD7F526"", ""00163E5F-7A72-1EE9-9098-B7F712F5D898"", ""00163E5F-7A72-1EE9-9099-58B4FA255B1B"", ""00163E70-8BF9-1ED9-90CA-B3549218D4E7"", ""00163E70-8BF9-1ED9-90CA-E3751F8A95D7"", ""00163E87-6AF1-1ED9-94DC-139ABDABD311"", ""00163E87-6AF1-1ED9-94DC-6DAD6E4F14D1""] | [""00163E5F-7A72-1EE9-8D9F-7334A47D41B2"", ""00163E5F-7A72-1EE9-8D9F-85C0FAB24209"", ""00163E70-8BF9-1EE9-92DF-5BF5BCD1093C"", ""00163E70-8BF9-1EE9-92DF-642A08B9493F"", ""00163E5F-7A72-1EE9-9098-BAA1742A189D"", ""00163E5F-7A72-1EE9-9099-6722E691DB7D"", ""00163E70-8BF9-1EE9-93AA-CA8665A754C4"", ""00163E70-8BF9-1EE9-93AA-E115F96E551B"", ""00163E87-6AE2-1EE9-93DD-29A9C0FB5AB1"", ""00163E87-6AE2-1EE9-93DD-3BE5C565FB1F"", ""00163E87-6AF1-1EE9-93F7-2EE6C3345D0D"", ""00163E87-6AF1-1EE9-93F7-4111E4C01D71"", ""00163E87-6AF1-1EE9-94A9-119A49BD8A6A"", ""00163E87-6AF1-1EE9-94A9-418F56B90B2D"", ""00163E87-6AF1-1EE9-99EA-0BE416860BB5"", ""00163E87-6AF1-1EE9-99EA-40C902634C74"", ""00163E87-6AF1-1ED9-9A9B-D0744A2991E6"", ""00163E87-6AF1-1ED9-9A9B-D79D6B2B11E8"", ""00163E87-6AF1-1EE9-9AE7-21A62D3A8D90"", ""00163E87-6AF1-1EE9-9AE7-2D7213154D94"", ""00163E87-6AF1-1EE9-9BFE-417712E40AA0"", ""00163E87-6AF1-1EE9-9BFE-4D68AD144B0B"", ""00163E87-6AF1-1ED9-9CC9-4A69667CC306"", ""00163E87-6AF1-1ED9-9CC9-7694362E03BE"", ""00163E87-6AF1-1EE9-9CFB-6EA95DE10D81"", ""00163E87-6AF1-1EE9-9CFB-9B4591F84E44"", ""00163E87-6AF1-1EE9-9CFB-B2CF1DF6CEA2"", ""00163E87-6AF1-1EE9-9CFB-BE1D1AB78F00"", ""00163E87-6AF1-1ED9-9F90-2AD97B1000C2"", ""00163E87-6AF1-1ED9-9F90-35F287900117"", ""00163E87-6AF1-1EE9-9FA9-6849FCC43A48"", ""00163E87-6AF1-1EE9-9FA9-6D5D3570DA56"", ""00163E87-6AD0-1ED9-A18B-FD0232F547CF"", ""00163E87-6AD0-1ED9-A18C-02D4951447D1"", ""00163E87-6AD0-1ED9-A4B6-ED35727EA0CD"", ""00163E87-6AD0-1ED9-A4B6-F89CA1A240D6"", ""00163E87-6AD0-1EE9-A4E8-D42D06B95B7C"", ""00163E87-6AD0-1EE9-A4E8-DE2C43BC1BDA"", ""00163E87-6AD0-1EE9-A582-973045581DAC"", ""00163E87-6AD0-1EE9-A582-9AF2799E1DAC"", ""00163E87-6AD0-1EE9-A5CE-06B3D4EB9BEC"", ""00163E87-6AD0-1EE9-A5CE-0C58D96EDBF2"", ""00163E87-6AD0-1EE9-A680-44215F1315B4"", ""00163E87-6AD0-1EE9-A680-580D334215D5"", ""00163E87-6AD0-1EE9-A680-5F1AAE48962B"", ""00163E87-6AD0-1EE9-A680-641862409632"", ""00163E87-6AD0-1EE9-A6CB-8225A3974FCA"", ""00163E87-6AD0-1EE9-A6CB-85A9B5B78FD0"", ""00163E87-6AD0-1EE9-A7FB-A342DF9F81A4"", ""00163E87-6AD0-1EE9-A7FB-C7B9CCF28245"", ""00163E87-6AF1-1EE9-948E-FF0431B7D132"", ""00163E87-6AF1-1EE9-948F-099AE536D13A"", ""00163E87-6AF1-1ED9-94DC-C59EB506B63C"", ""00163E87-6AF1-1ED9-94DD-0778D7DA575C"", ""00163E87-6AF1-1EE9-9ACE-0C6B9B28DCEF"", ""00163E87-6AF1-1EE9-9ACE-196B78C03D4D"", ""00163E87-6AF1-1ED9-9B99-3E3583CD329B"", ""00163E87-6AF1-1ED9-9B99-4AD0EF7F72EC"", ""00163E87-6AF1-1ED9-9CB0-7C31FA9F8FA3"", ""00163E87-6AF1-1ED9-9CB0-805D3A55CFA6"", ""00163E87-6AF1-1EE9-9CE2-5CFF80A6D75A"", ""00163E87-6AF1-1EE9-9CE2-645FF472175E"", ""00163E87-6AF1-1ED9-9DAE-3CF6056059E7"", ""00163E87-6AF1-1ED9-9DAE-87B8593F5B11"", ""00163E87-6AF1-1EE9-9DDA-F323B22748A0"", ""00163E87-6AF1-1EE9-9DDB-8C08A567AB08"", ""00163E87-6AF1-1ED9-9EF7-01D2785CE74C"", ""00163E87-6AF1-1ED9-9EF7-38E1F53FE84F"", ""00163E87-6AD0-1ED9-A1F0-26832854044E"", ""00163E87-6AD0-1ED9-A1F0-2BB6B7450451"", ""00163E87-6AD0-1ED9-A6B2-E67B17B6DC7F"", ""00163E87-6AD0-1ED9-A6B2-EE2C9565DCD9"", ""00163E87-6AD0-1ED9-A7AF-B8A59CFF097F"", ""00163E87-6AD0-1ED9-A7B0-22D7B64A8C14"", ""00163E87-6AD0-1EE9-A7C9-3B9C0C7B5193"", ""00163E87-6AD0-1EE9-A7C9-64B0E1D9128C""] | [""00163E5F-7A72-1ED9-8BF0-6E6E3080B414"", ""00163E5F-7A72-1ED9-8BF0-754F2B6A745C"", ""00163E5F-7A72-1ED9-8B87-C9470BFBF702"", ""00163E5F-7A72-1ED9-8B89-9D9BCE4A3FEB"", ""00163E5F-7A72-1EE9-8C88-396362811C97"", ""00163E5F-7A72-1EE9-8C88-5C6949B03D58"", ""00163E5F-7A72-1EE9-8C88-6B3B89A95D64"", ""00163E5F-7A72-1EE9-8C88-992D42FC7E23"", ""00163E5F-7A72-1EE9-8C88-9C752B97BE2D"", ""00163E5F-7A72-1EE9-8C88-9F0CB2743E30"", ""00163E5F-7A72-1ED9-8C89-CFBE27B8C37C"", ""00163E5F-7A72-1ED9-8C89-EC11EC9DA3D1""] | [""00163E5F-7A72-1EE9-8DEB-BBF6F7D737E5"", ""00163E5F-7A72-1EE9-8DEB-C0C1CFE877E5"", ""00163E5F-7A72-1EE9-8ECF-7D9B77E2914E"", ""00163E5F-7A72-1EE9-8ECF-8D10CDA3B1A4"", ""00163E70-8BF9-1ED9-91C9-3E78458E1AB5"", ""00163E70-8BF9-1ED9-91C9-F8CE4D5D7DEE"", ""00163E70-8BF9-1EE9-91FC-00A100B4F98E"", ""00163E70-8BF9-1EE9-91FC-466312A53A97"", ""00163E5F-7A72-1EE9-8D86-FEF28C6A3526"", ""00163E5F-7A72-1EE9-8D87-166FD0F4157D"", ""00163E70-8BF9-1ED9-90FE-29353DA1C5D7"", ""00163E70-8BF9-1ED9-90FE-C8AE86BDC8A9"", ""00163E70-8BF9-1EE9-91AF-8ED4497E861E"", ""00163E70-8BF9-1EE9-91AF-AD9ABF0346D1""]"
sale_order_line.csv,sap__khsalesorder__ItemDocumentReferenceCollection__ObjectID,9921,8115,1806,30+,"JSON_ARRAY,VERY_LONG_TEXT","[""00163E5F7A721ED98AF03C4571D8DAF600163E5F7A8F1ED98D9BC8BB206084A6"", ""00163E5F7A721ED98AF03C4571D8DAF600163E5F7A8F1ED98D9C88094A06A7B2"", ""00163E5F7A721ED98AF03C4571D8DAF600163E5F7A8F1ED991FB77CADD5E4E1E"", ""00163E5F7A721ED98AF03C4571D8DAF600163E5F7A8F1ED991FB8BD580CA2ECA"", ""00163E5F7A721ED98AF03C4571D8DAF600163E5F7A8F1EE98B868AEEF9208C7C"", ""00163E5F7A721ED98AF03C4571D8DAF600163E5F7A8F1EE98B899BEADB80F905"", ""00163E5F7A721ED98AF03C4571D8DAF600163E5F7A8F1EE98BD633C5DA810EE7"", ""00163E5F7A721ED98AF03C4571D8DAF600163E5F7A8F1EE98BD652B6CD7DEF42"", ""00163E5F7A721ED98AF03C4571D8DAF600163E5F7A8F1EE98EE89B40E4AC5BFF"", ""00163E5F7A721ED98AF03C4571D8DAF600163E5F7A8F1EE98EE8BD40B8D43C5A"", ""00163E5F7A721ED98AF03C4571D8DAF600163E5F7A8F1EE993AB6CA7E8E31671"", ""00163E5F7A721ED98AF03C4571D8DAF600163E5F7A8F1EE993AB6FE991AB3672"", ""00163E5F7A721ED98AF03C4571D8DAF600163E876AF11ED99886B3533B1B6F3A""] | [""00163E5F7A721ED98AF0DB64891BDE1500163E5F7A8F1ED98ECF759833675686"", ""00163E5F7A721ED98AF0DB64891BDE1500163E5F7A8F1ED98ECF7A8E716A7687"", ""00163E5F7A721ED98AF0DB64891BDE1500163E5F7A8F1EE98B84C24BA7348565"", ""00163E5F7A721ED98AF0DB64891BDE1500163E5F7A8F1EE98B87D560526571B9"", ""00163E5F7A721ED98AF0DB64891BDE1500163E5F7A8F1EE98D86FACC20B39292"", ""00163E5F7A721ED98AF0DB64891BDE1500163E5F7A8F1EE98D870001B52DF295"", ""00163E5F7A721ED98AF0DB64891BDE1500163E5F7A8F1EE99098B9F652DDD147"", ""00163E5F7A721ED98AF0DB64891BDE1500163E5F7A8F1EE990995BC1EBC3B378"", ""00163E5F7A721ED98AF0DB64891BDE1500163E5F7A8F1EE990CAB95B10B81355"", ""00163E5F7A721ED98AF0DB64891BDE1500163E5F7A8F1EE990CAE4E54DDEF3F6"", ""00163E5F7A721ED98AF0DB64891BDE1500163E876AE21EE994DC1694BCA95156"", ""00163E5F7A721ED98AF0DB64891BDE1500163E876AE21EE994DC6FA7378AB322""] | [""00163E5F7A721ED98AF132BB10575FD900163E5F7A8F1ED98D9F7617631312DE"", ""00163E5F7A721ED98AF132BB10575FD900163E5F7A8F1ED98D9F877F65933332"", ""00163E5F7A721ED98AF132BB10575FD900163E5F7A8F1ED992DF5E3CF3FA0E4D"", ""00163E5F7A721ED98AF132BB10575FD900163E5F7A8F1ED992DF683CF9E92E4E"", ""00163E5F7A721ED98AF132BB10575FD900163E5F7A8F1EE99098BC3E0988D149"", ""00163E5F7A721ED98AF132BB10575FD900163E5F7A8F1EE99099682A9E7133DB"", ""00163E5F7A721ED98AF132BB10575FD900163E5F7A8F1EE993AACFFCEB40D40A"", ""00163E5F7A721ED98AF132BB10575FD900163E5F7A8F1EE993AAE4A80B01B45D"", ""00163E5F7A721ED98AF132BB10575FD900163E876AE01ED993DD2E3E1B6F9C53"", ""00163E5F7A721ED98AF132BB10575FD900163E876AE01ED993DD3F4405D13CA9"", ""00163E5F7A721ED98AF132BB10575FD900163E876AE01ED993F731AC1E430968"", ""00163E5F7A721ED98AF132BB10575FD900163E876AE01ED993F742B956A9C9BB"", ""00163E5F7A721ED98AF132BB10575FD900163E876AE21ED994A914D012C3DB08"", ""00163E5F7A721ED98AF132BB10575FD900163E876AE21ED994A94990D4FF3BB5"", ""00163E5F7A721ED98AF132BB10575FD900163E876AE21ED999EA0DECE3175223"", ""00163E5F7A721ED98AF132BB10575FD900163E876AE21ED999EA414BEE8AB2D5"", ""00163E5F7A721ED98AF132BB10575FD900163E876AE21ED99A9BD2A045B05F9E"", ""00163E5F7A721ED98AF132BB10575FD900163E876AE21ED99A9BD8F7C4F9FFA1"", ""00163E5F7A721ED98AF132BB10575FD900163E876AE21ED99AE724E9518C99AB"", ""00163E5F7A721ED98AF132BB10575FD900163E876AE21ED99AE72E04103539AD"", ""00163E5F7A721ED98AF132BB10575FD900163E876AE21ED99BFE4390D1715446"", ""00163E5F7A721ED98AF132BB10575FD900163E876AE21ED99BFE4ED6FBA1749D"", ""00163E5F7A721ED98AF132BB10575FD900163E876AE21ED99CC94C999B83CC61"", ""00163E5F7A721ED98AF132BB10575FD900163E876AE21ED99CC978808C71ED0E"", ""00163E5F7A721ED98AF132BB10575FD900163E876AE21ED99CFB710C6BE89B6F"", ""00163E5F7A721ED98AF132BB10575FD900163E876AE21ED99CFB9BE084D7FC0F"", ""00163E5F7A721ED98AF132BB10575FD900163E876AE21ED99CFBB439A1EADC66"", ""00163E5F7A721ED98AF132BB10575FD900163E876AE21ED99CFBBEB260D8BCBB"", ""00163E5F7A721ED98AF132BB10575FD900163E876AE21ED99F902E86B1761AC8"", ""00163E5F7A721ED98AF132BB10575FD900163E876AE21ED99F90372893723B25"", ""00163E5F7A721ED98AF132BB10575FD900163E876AE21ED99FA96987BFE007AD"", ""00163E5F7A721ED98AF132BB10575FD900163E876AE21ED99FA96E5A7B4F67AF"", ""00163E5F7A721ED98AF132BB10575FD900163E876AE21ED9A18BFE90E8D38074"", ""00163E5F7A721ED98AF132BB10575FD900163E876AE21ED9A18C03C91FE42075"", ""00163E5F7A721ED98AF132BB10575FD900163E876AE21ED9A4B6EF0808534BB4"", ""00163E5F7A721ED98AF132BB10575FD900163E876AE21ED9A4B6F947B0266BB7"", ""00163E5F7A721ED98AF132BB10575FD900163E876AE21ED9A4E8D64FEF8C1CD3"", ""00163E5F7A721ED98AF132BB10575FD900163E876AE21ED9A4E8DEBEC35EFD14"", ""00163E5F7A721ED98AF132BB10575FD900163E876AE21ED9A582991551FB07E8"", ""00163E5F7A721ED98AF132BB10575FD900163E876AE21ED9A5829B85B92227E8"", ""00163E5F7A721ED98AF132BB10575FD900163E876AE21ED9A5CE09231E218675"", ""00163E5F7A721ED98AF132BB10575FD900163E876AE21ED9A5CE0CFEBAB46676"", ""00163E5F7A721ED98AF132BB10575FD900163E876AE21ED9A680543FEA57DA28"", ""00163E5F7A721ED98AF132BB10575FD900163E876AE21ED9A68058B9C1E63A2A"", ""00163E5F7A721ED98AF132BB10575FD900163E876AE21ED9A68061EE8C94DA93"", ""00163E5F7A721ED98AF132BB10575FD900163E876AE21ED9A68064FAB463FA94"", ""00163E5F7A721ED98AF132BB10575FD900163E876AE21ED9A6CB837D79A5963E"", ""00163E5F7A721ED98AF132BB10575FD900163E876AE21ED9A6CB863CBD10F63E"", ""00163E5F7A721ED98AF132BB10575FD900163E876AE21ED9A7FBA7184449C174"", ""00163E5F7A721ED98AF132BB10575FD900163E876AE21ED9A7FBC86256EAE1D5"", ""00163E5F7A721ED98AF132BB10575FD900163E876AE21EE9948F007DA3254BBE"", ""00163E5F7A721ED98AF132BB10575FD900163E876AE21EE9948F2616DB164C80"", ""00163E5F7A721ED98AF132BB10575FD900163E876AE21EE994DCC96C707B5497"", ""00163E5F7A721ED98AF132BB10575FD900163E876AE21EE994DD08D507F6B5C3"", ""00163E5F7A721ED98AF132BB10575FD900163E876AE21EE99ACE0DEC109551E2"", ""00163E5F7A721ED98AF132BB10575FD900163E876AE21EE99ACE1A5006EAB23A"", ""00163E5F7A721ED98AF132BB10575FD900163E876AE21EE99B9941266BA3096D"", ""00163E5F7A721ED98AF132BB10575FD900163E876AE21EE99B994C09BEC22970"", ""00163E5F7A721ED98AF132BB10575FD900163E876AE21EE99CB07EC50CCA05AA"", ""00163E5F7A721ED98AF132BB10575FD900163E876AE21EE99CB084C74727E5AC"", ""00163E5F7A721ED98AF132BB10575FD900163E876AE21EE99CE25EA71D229402"", ""00163E5F7A721ED98AF132BB10575FD900163E876AE21EE99CE26545D403D404"", ""00163E5F7A721ED98AF132BB10575FD900163E876AE21EE99DAE422840C04B51"", ""00163E5F7A721ED98AF132BB10575FD900163E876AE21EE99DAE884906A86C70"", ""00163E5F7A721ED98AF132BB10575FD900163E876AE21EE99DDAF4B188FF0768"", ""00163E5F7A721ED98AF132BB10575FD900163E876AE21EE99DDB8D02C4C269B2"", ""00163E5F7A721ED98AF132BB10575FD900163E876AE21EE99EF70343D7DAD15B"", ""00163E5F7A721ED98AF132BB10575FD900163E876AE21EE99EF73998F2193222"", ""00163E5F7A721ED98AF132BB10575FD900163E876AE21EE9A1F0291E3665C9B1"", ""00163E5F7A721ED98AF132BB10575FD900163E876AE21EE9A1F02D3E748829B1"", ""00163E5F7A721ED98AF132BB10575FD900163E876AE21EE9A6B2E8A8A6E28E80"", ""00163E5F7A721ED98AF132BB10575FD900163E876AE21EE9A6B2EEFA0426AE83"", ""00163E5F7A721ED98AF132BB10575FD900163E876AE21EE9A7AFBCD9A1A49B13"", ""00163E5F7A721ED98AF132BB10575FD900163E876AE21EE9A7B02386ED74DD63"", ""00163E5F7A721ED98AF132BB10575FD900163E876AE21EE9A7C93D4CA0C3EE3B"", ""00163E5F7A721ED98AF132BB10575FD900163E876AE21EE9A7C96589E2486EDB""] | [""00163E5F7A721ED98B848858072707A100163E5F7A8F1ED98BF072197A8F16D0"", ""00163E5F7A721ED98B848858072707A100163E5F7A8F1ED98BF076C0D91B56D1"", ""00163E5F7A721ED98B848858072707A100163E5F7A8F1EE98B87D5680456D1B9"", ""00163E5F7A721ED98B848858072707A100163E5F7A8F1EE98B89A00201EA7905"", ""00163E5F7A721ED98B848858072707A100163E5F7A8F1EE98C885B0CA0F2142D"", ""00163E5F7A721ED98B848858072707A100163E5F7A8F1EE98C88613DB1015478"", ""00163E5F7A721ED98B848858072707A100163E5F7A8F1EE98C8870DD8055547B"", ""00163E5F7A721ED98B848858072707A100163E5F7A8F1EE98C889B9A9181B51C"", ""00163E5F7A721ED98B848858072707A100163E5F7A8F1EE98C889E9C5BAEF51E"", ""00163E5F7A721ED98B848858072707A100163E5F7A8F1EE98C88A09E60CDF56F"", ""00163E5F7A721ED98B848858072707A100163E5F7A8F1EE98C89E0DCD3509A39"", ""00163E5F7A721ED98B848858072707A100163E5F7A8F1EE98C89F03F891BBA8E""] | [""00163E5F7A721ED98B84B54E2CD7C88200163E5F7A8F1ED98DEBC00D70BC8670"", ""00163E5F7A721ED98B84B54E2CD7C88200163E5F7A8F1ED98DEBC1C2755A2670"", ""00163E5F7A721ED98B84B54E2CD7C88200163E5F7A8F1ED98ECF826BDE3D9689"", ""00163E5F7A721ED98B84B54E2CD7C88200163E5F7A8F1ED98ECF8DFCCC09B6E2"", ""00163E5F7A721ED98B84B54E2CD7C88200163E5F7A8F1ED991C942F6CD919438"", ""00163E5F7A721ED98B84B54E2CD7C88200163E5F7A8F1ED991C9FE4B6DB73730"", ""00163E5F7A721ED98B84B54E2CD7C88200163E5F7A8F1ED991FC08A6057A9060"", ""00163E5F7A721ED98B84B54E2CD7C88200163E5F7A8F1ED991FC4C1097DBB14D"", ""00163E5F7A721ED98B84B54E2CD7C88200163E5F7A8F1EE98D8705089694D297"", ""00163E5F7A721ED98B84B54E2CD7C88200163E5F7A8F1EE98D8718510916B2EA"", ""00163E5F7A721ED98B84B54E2CD7C88200163E5F7A8F1EE990FE2BDABEEA188D"", ""00163E5F7A721ED98B84B54E2CD7C88200163E5F7A8F1EE990FEC94C39573AE8"", ""00163E5F7A721ED98B84B54E2CD7C88200163E5F7A8F1EE991AF92AE9BF4D416"", ""00163E5F7A721ED98B84B54E2CD7C88200163E5F7A8F1EE991AFB5ADAEFF74A8""]"
sale_order_line.csv,sap__khsalesorder__ItemDocumentReferenceCollection__ParentObjectID,9921,8115,1806,30+,,00163E5F7A721ED98AF03C4571D8DAF6 | 00163E5F7A721ED98AF0DB64891BDE15 | 00163E5F7A721ED98AF132BB10575FD9 | 00163E5F7A721ED98B848858072707A1 | 00163E5F7A721ED98B84B54E2CD7C882
sale_order_line.csv,sap__khsalesorder__ItemDocumentReferenceCollection__RelationshipRoleCode,9921,8115,1806,7,JSON_ARRAY,"2 | [""1"", ""2"", ""2""] | [""1"", ""2"", ""2"", ""2"", ""2"", ""2"", ""2"", ""2"", ""2"", ""2"", ""2"", ""2"", ""2"", ""2"", ""2""] | [""1"", ""2"", ""2"", ""2""] | [""2"", ""2"", ""1""]"
sale_order_line.csv,sap__khsalesorder__ItemDocumentReferenceCollection__RelationshipRoleCodeText,9921,8115,1806,7,JSON_ARRAY,"Successor | [""Predecessor"", ""Successor"", ""Successor""] | [""Predecessor"", ""Successor"", ""Successor"", ""Successor"", ""Successor"", ""Successor"", ""Successor"", ""Successor"", ""Successor"", ""Successor"", ""Successor"", ""Successor"", ""Successor"", ""Successor"", ""Successor""] | [""Predecessor"", ""Successor"", ""Successor"", ""Successor""] | [""Successor"", ""Successor"", ""Predecessor""]"
sale_order_line.csv,sap__khsalesorder__ItemDocumentReferenceCollection__TypeCode,9921,8115,1806,30+,"JSON_ARRAY,VERY_LONG_TEXT","[""73"", ""28"", ""73"", ""28"", ""73"", ""28"", ""73"", ""28"", ""73"", ""28"", ""73"", ""28"", ""114""] | [""73"", ""28"", ""73"", ""28"", ""73"", ""28"", ""73"", ""28"", ""73"", ""28"", ""73"", ""28""] | [""73"", ""28"", ""73"", ""28"", ""73"", ""28"", ""73"", ""28"", ""73"", ""28"", ""73"", ""28"", ""73"", ""28"", ""73"", ""28"", ""73"", ""28"", ""73"", ""28"", ""73"", ""28"", ""73"", ""28"", ""73"", ""28"", ""73"", ""28"", ""73"", ""28"", ""73"", ""28"", ""73"", ""28"", ""73"", ""28"", ""73"", ""28"", ""73"", ""28"", ""73"", ""28"", ""73"", ""28"", ""73"", ""28"", ""73"", ""28"", ""73"", ""28"", ""73"", ""28"", ""73"", ""28"", ""73"", ""28"", ""73"", ""28"", ""73"", ""28"", ""73"", ""28"", ""73"", ""28"", ""73"", ""28"", ""73"", ""28"", ""73"", ""28"", ""73"", ""28"", ""73"", ""28"", ""73"", ""28""] | [""73"", ""28"", ""73"", ""28"", ""73"", ""73"", ""73"", ""28"", ""28"", ""28"", ""73"", ""28""] | [""73"", ""28"", ""73"", ""28"", ""73"", ""28"", ""73"", ""28"", ""73"", ""28"", ""73"", ""28"", ""73"", ""28""]"
sale_order_line.csv,sap__khsalesorder__ItemDocumentReferenceCollection__TypeCodeText,9921,8115,1806,30+,"JSON_ARRAY,VERY_LONG_TEXT","[""Outbound Delivery"", ""Customer Invoice"", ""Outbound Delivery"", ""Customer Invoice"", ""Outbound Delivery"", ""Customer Invoice"", ""Outbound Delivery"", ""Customer Invoice"", ""Outbound Delivery"", ""Customer Invoice"", ""Outbound Delivery"", ""Customer Invoice"", ""Sales Order""] | [""Outbound Delivery"", ""Customer Invoice"", ""Outbound Delivery"", ""Customer Invoice"", ""Outbound Delivery"", ""Customer Invoice"", ""Outbound Delivery"", ""Customer Invoice"", ""Outbound Delivery"", ""Customer Invoice"", ""Outbound Delivery"", ""Customer Invoice""] | [""Outbound Delivery"", ""Customer Invoice"", ""Outbound Delivery"", ""Customer Invoice"", ""Outbound Delivery"", ""Customer Invoice"", ""Outbound Delivery"", ""Customer Invoice"", ""Outbound Delivery"", ""Customer Invoice"", ""Outbound Delivery"", ""Customer Invoice"", ""Outbound Delivery"", ""Customer Invoice"", ""Outbound Delivery"", ""Customer Invoice"", ""Outbound Delivery"", ""Customer Invoice"", ""Outbound Delivery"", ""Customer Invoice"", ""Outbound Delivery"", ""Customer Invoice"", ""Outbound Delivery"", ""Customer Invoice"", ""Outbound Delivery"", ""Customer Invoice"", ""Outbound Delivery"", ""Customer Invoice"", ""Outbound Delivery"", ""Customer Invoice"", ""Outbound Delivery"", ""Customer Invoice"", ""Outbound Delivery"", ""Customer Invoice"", ""Outbound Delivery"", ""Customer Invoice"", ""Outbound Delivery"", ""Customer Invoice"", ""Outbound Delivery"", ""Customer Invoice"", ""Outbound Delivery"", ""Customer Invoice"", ""Outbound Delivery"", ""Customer Invoice"", ""Outbound Delivery"", ""Customer Invoice"", ""Outbound Delivery"", ""Customer Invoice"", ""Outbound Delivery"", ""Customer Invoice"", ""Outbound Delivery"", ""Customer Invoice"", ""Outbound Delivery"", ""Customer Invoice"", ""Outbound Delivery"", ""Customer Invoice"", ""Outbound Delivery"", ""Customer Invoice"", ""Outbound Delivery"", ""Customer Invoice"", ""Outbound Delivery"", ""Customer Invoice"", ""Outbound Delivery"", ""Customer Invoice"", ""Outbound Delivery"", ""Customer Invoice"", ""Outbound Delivery"", ""Customer Invoice"", ""Outbound Delivery"", ""Customer Invoice"", ""Outbound Delivery"", ""Customer Invoice"", ""Outbound Delivery"", ""Customer Invoice"", ""Outbound Delivery"", ""Customer Invoice""] | [""Outbound Delivery"", ""Customer Invoice"", ""Outbound Delivery"", ""Customer Invoice"", ""Outbound Delivery"", ""Outbound Delivery"", ""Outbound Delivery"", ""Customer Invoice"", ""Customer Invoice"", ""Customer Invoice"", ""Outbound Delivery"", ""Customer Invoice""] | [""Outbound Delivery"", ""Customer Invoice"", ""Outbound Delivery"", ""Customer Invoice"", ""Outbound Delivery"", ""Customer Invoice"", ""Outbound Delivery"", ""Customer Invoice"", ""Outbound Delivery"", ""Customer Invoice"", ""Outbound Delivery"", ""Customer Invoice"", ""Outbound Delivery"", ""Customer Invoice""]"
sale_order_line.csv,sap__khsalesorder__ItemDocumentReferenceCollection__UUID,9921,8115,1806,30+,"JSON_ARRAY,VERY_LONG_TEXT","[""00163E5F-7A72-1ED9-8D9B-C6DD710551EF"", ""00163E5F-7A72-1ED9-8D9C-86331B9C7551"", ""00163E70-8BF9-1EE9-91FB-76BCA305D70F"", ""00163E70-8BF9-1EE9-91FB-89884ED79760"", ""00163E5F-7A72-1ED9-8B86-84765060F0A3"", ""00163E5F-7A72-1ED9-8B89-94D04BB2BF99"", ""00163E5F-7A72-1ED9-8BD6-2D9C5951F934"", ""00163E5F-7A72-1ED9-8BD6-4ED29E9839AB"", ""00163E5F-7A72-1EE9-8EE8-953287628319"", ""00163E5F-7A72-1EE9-8EE8-BC1810E12394"", ""00163E70-8BF9-1EE9-93AB-6AA3E8735752"", ""00163E70-8BF9-1EE9-93AB-6E719B691753"", ""00163E87-6AF1-1ED9-9886-B19CBCE1EF3A""] | [""00163E5F-7A72-1EE9-8ECF-706566DE1144"", ""00163E5F-7A72-1EE9-8ECF-794705A9F149"", ""00163E5F-7A72-1ED9-8B84-90AF427507AE"", ""00163E5F-7A72-1ED9-8B87-C8B0CF635702"", ""00163E5F-7A72-1EE9-8D86-F0798AA61493"", ""00163E5F-7A72-1EE9-8D86-FDC0ACD43526"", ""00163E5F-7A72-1EE9-9098-B7F712F59898"", ""00163E5F-7A72-1EE9-9099-58B4FA219B1B"", ""00163E70-8BF9-1ED9-90CA-B354921894E7"", ""00163E70-8BF9-1ED9-90CA-E3751F86D5D7"", ""00163E87-6AF1-1ED9-94DC-139ABDAB9311"", ""00163E87-6AF1-1ED9-94DC-6DAD6E4B54D1""] | [""00163E5F-7A72-1EE9-8D9F-7334A47D01B2"", ""00163E5F-7A72-1EE9-8D9F-85C0FAAE8209"", ""00163E70-8BF9-1EE9-92DF-5BF5BCD0C93C"", ""00163E70-8BF9-1EE9-92DF-642A08B5893F"", ""00163E5F-7A72-1EE9-9098-BAA17429D89D"", ""00163E5F-7A72-1EE9-9099-6722E68E1B7D"", ""00163E70-8BF9-1EE9-93AA-CA8665A714C4"", ""00163E70-8BF9-1EE9-93AA-E115F96A951B"", ""00163E87-6AE2-1EE9-93DD-29A9C0FB1AB1"", ""00163E87-6AE2-1EE9-93DD-3BE5C5623B1F"", ""00163E87-6AF1-1EE9-93F7-2EE6C3341D0D"", ""00163E87-6AF1-1EE9-93F7-4111E4BC5D71"", ""00163E87-6AF1-1EE9-94A9-119A49BD4A6A"", ""00163E87-6AF1-1EE9-94A9-418F56B54B2D"", ""00163E87-6AF1-1EE9-99EA-0BE41685CBB5"", ""00163E87-6AF1-1EE9-99EA-40C9025F8C74"", ""00163E87-6AF1-1ED9-9A9B-D0744A2951E6"", ""00163E87-6AF1-1ED9-9A9B-D79D6B2751E8"", ""00163E87-6AF1-1EE9-9AE7-21A62D3A4D90"", ""00163E87-6AF1-1EE9-9AE7-2D7213118D94"", ""00163E87-6AF1-1EE9-9BFE-417712E3CAA0"", ""00163E87-6AF1-1EE9-9BFE-4D68AD108B0B"", ""00163E87-6AF1-1ED9-9CC9-4A69667C8306"", ""00163E87-6AF1-1ED9-9CC9-7694362A43BE"", ""00163E87-6AF1-1EE9-9CFB-6EA95DE0CD81"", ""00163E87-6AF1-1EE9-9CFB-9B4591F48E44"", ""00163E87-6AF1-1EE9-9CFB-B2CF1DF68EA2"", ""00163E87-6AF1-1EE9-9CFB-BE1D1AB3CF00"", ""00163E87-6AF1-1ED9-9F90-2AD97B0FC0C2"", ""00163E87-6AF1-1ED9-9F90-35F2878C4117"", ""00163E87-6AF1-1EE9-9FA9-6849FCC3FA48"", ""00163E87-6AF1-1EE9-9FA9-6D5D356D1A56"", ""00163E87-6AD0-1ED9-A18B-FD0232F507CF"", ""00163E87-6AD0-1ED9-A18C-02D4951087D1"", ""00163E87-6AD0-1ED9-A4B6-ED35727E60CD"", ""00163E87-6AD0-1ED9-A4B6-F89CA19E80D6"", ""00163E87-6AD0-1EE9-A4E8-D42D06B91B7C"", ""00163E87-6AD0-1EE9-A4E8-DE2C43B85BDA"", ""00163E87-6AD0-1EE9-A582-97304557DDAC"", ""00163E87-6AD0-1EE9-A582-9AF2799A5DAC"", ""00163E87-6AD0-1EE9-A5CE-06B3D4EB5BEC"", ""00163E87-6AD0-1EE9-A5CE-0C58D96B1BF2"", ""00163E87-6AD0-1EE9-A680-44215F12D5B4"", ""00163E87-6AD0-1EE9-A680-580D333E55D5"", ""00163E87-6AD0-1EE9-A680-5F1AAE48562B"", ""00163E87-6AD0-1EE9-A680-6418623CD632"", ""00163E87-6AD0-1EE9-A6CB-8225A3970FCA"", ""00163E87-6AD0-1EE9-A6CB-85A9B5B3CFD0"", ""00163E87-6AD0-1EE9-A7FB-A342DF9F41A4"", ""00163E87-6AD0-1EE9-A7FB-C7B9CCEEC245"", ""00163E87-6AF1-1EE9-948E-FF0431B79132"", ""00163E87-6AF1-1EE9-948F-099AE533113A"", ""00163E87-6AF1-1ED9-94DC-C59EB506763C"", ""00163E87-6AF1-1ED9-94DD-0778D7D6975C"", ""00163E87-6AF1-1EE9-9ACE-0C6B9B289CEF"", ""00163E87-6AF1-1EE9-9ACE-196B78BC7D4D"", ""00163E87-6AF1-1ED9-9B99-3E3583CCF29B"", ""00163E87-6AF1-1ED9-9B99-4AD0EF7BB2EC"", ""00163E87-6AF1-1ED9-9CB0-7C31FA9F4FA3"", ""00163E87-6AF1-1ED9-9CB0-805D3A520FA6"", ""00163E87-6AF1-1EE9-9CE2-5CFF80A6975A"", ""00163E87-6AF1-1EE9-9CE2-645FF46E575E"", ""00163E87-6AF1-1ED9-9DAE-3CF6056019E7"", ""00163E87-6AF1-1ED9-9DAE-87B8593B9B11"", ""00163E87-6AF1-1EE9-9DDA-F323B22708A0"", ""00163E87-6AF1-1EE9-9DDB-8C08A563EB08"", ""00163E87-6AF1-1ED9-9EF7-01D2785CA74C"", ""00163E87-6AF1-1ED9-9EF7-38E1F53C284F"", ""00163E87-6AD0-1ED9-A1F0-26832853C44E"", ""00163E87-6AD0-1ED9-A1F0-2BB6B7414451"", ""00163E87-6AD0-1ED9-A6B2-E67B17B69C7F"", ""00163E87-6AD0-1ED9-A6B2-EE2C95621CD9"", ""00163E87-6AD0-1ED9-A7AF-B8A59CFEC97F"", ""00163E87-6AD0-1ED9-A7B0-22D7B646CC14"", ""00163E87-6AD0-1EE9-A7C9-3B9C0C7B1193"", ""00163E87-6AD0-1EE9-A7C9-64B0E1D5528C""] | [""00163E5F-7A72-1ED9-8BF0-6E6E30807414"", ""00163E5F-7A72-1ED9-8BF0-754F2B66B45C"", ""00163E5F-7A72-1ED9-8B87-C9470BFBB702"", ""00163E5F-7A72-1ED9-8B89-9D9BCE467FEB"", ""00163E5F-7A72-1EE9-8C88-39636280DC97"", ""00163E5F-7A72-1EE9-8C88-5C6949AFFD58"", ""00163E5F-7A72-1EE9-8C88-6B3B89A91D64"", ""00163E5F-7A72-1EE9-8C88-992D42F8BE23"", ""00163E5F-7A72-1EE9-8C88-9C752B93FE2D"", ""00163E5F-7A72-1EE9-8C88-9F0CB2707E30"", ""00163E5F-7A72-1ED9-8C89-CFBE27B8837C"", ""00163E5F-7A72-1ED9-8C89-EC11EC99E3D1""] | [""00163E5F-7A72-1EE9-8DEB-BBF6F7D6D7E5"", ""00163E5F-7A72-1EE9-8DEB-C0C1CFE4B7E5"", ""00163E5F-7A72-1EE9-8ECF-7D9B77E2514E"", ""00163E5F-7A72-1EE9-8ECF-8D10CD9FF1A4"", ""00163E70-8BF9-1ED9-91C9-3E78458DDAB5"", ""00163E70-8BF9-1ED9-91C9-F8CE4D59BDEE"", ""00163E70-8BF9-1EE9-91FC-00A100B4B98E"", ""00163E70-8BF9-1EE9-91FC-466312A17A97"", ""00163E5F-7A72-1EE9-8D86-FEF28C69F526"", ""00163E5F-7A72-1EE9-8D87-166FD0F0557D"", ""00163E70-8BF9-1ED9-90FE-29353DA185D7"", ""00163E70-8BF9-1ED9-90FE-C8AE86BA08A9"", ""00163E70-8BF9-1EE9-91AF-8ED4497E461E"", ""00163E70-8BF9-1EE9-91AF-AD9ABEFF86D1""]"
sale_order_line.csv,sap__khsalesorder__ItemPriceComponentCollection__BaseDecimalValue,9921,9920,1,30+,"JSON_ARRAY,VERY_LONG_TEXT","[""1.00000000000000"", ""1.00000000000000"", ""1.00000000000000"", ""1.00000000000000"", ""1.00000000000000"", ""0.00000000000000"", ""0.00000000000000"", ""0.00000000000000"", ""1.00000000000000"", ""1.00000000000000"", ""1.00000000000000"", ""0.00000000000000"", ""1.00000000000000"", ""0.00000000000000"", ""0.00000000000000""] | [""1.00000000000000"", ""1.00000000000000"", ""1.00000000000000"", ""1.00000000000000"", ""1.00000000000000"", ""0.00000000000000"", ""0.00000000000000"", ""0.00000000000000"", ""1.00000000000000"", ""1.00000000000000"", ""1.00000000000000"", ""0.00000000000000"", ""1.00000000000000"", ""1.00000000000000"", ""0.00000000000000"", ""0.00000000000000"", ""0.00000000000000""] | [""1.00000000000000"", ""1.00000000000000"", ""1.00000000000000"", ""1.00000000000000"", ""1.00000000000000"", ""1.00000000000000"", ""0.00000000000000"", ""0.00000000000000"", ""0.00000000000000"", ""1.00000000000000"", ""1.00000000000000"", ""1.00000000000000"", ""0.00000000000000"", ""0.00000000000000"", ""0.00000000000000""] | [""1.00000000000000"", ""1.00000000000000"", ""1.00000000000000"", ""1.00000000000000"", ""0.00000000000000"", ""0.00000000000000"", ""0.00000000000000"", ""1.00000000000000"", ""1.00000000000000"", ""1.00000000000000"", ""0.00000000000000"", ""1.00000000000000"", ""1.00000000000000"", ""0.00000000000000"", ""0.00000000000000""] | [""1.00000000000000"", ""1.00000000000000"", ""1.00000000000000"", ""1.00000000000000"", ""1.00000000000000"", ""0.00000000000000"", ""0.00000000000000"", ""0.00000000000000"", ""1.00000000000000"", ""1.00000000000000"", ""1.00000000000000"", ""0.00000000000000"", ""1.00000000000000"", ""0.00000000000000"", ""0.00000000000000"", ""0.00000000000000""]"
sale_order_line.csv,sap__khsalesorder__ItemPriceComponentCollection__BaseMeasureUnitCode,9921,9920,1,30+,JSON_ARRAY,"[""ZNO"", ""ZNO"", ""ZNO"", ""ZNO"", ""ZNO"", """", """", """", ""ZNO"", ""ZNO"", ""ZNO"", """", ""ZNO"", """", """"] | [""ZNO"", ""ZNO"", ""ZNO"", ""ZNO"", ""ZNO"", """", """", """", ""ZNO"", ""ZNO"", ""ZNO"", """", ""ZNO"", ""ZNO"", """", """", """"] | [""ZNO"", ""ZNO"", ""ZNO"", ""ZNO"", ""ZNO"", ""ZNO"", """", """", """", ""ZNO"", ""ZNO"", ""ZNO"", """", """", """"] | [""ZNO"", ""ZNO"", ""ZNO"", ""ZNO"", """", """", """", ""ZNO"", ""ZNO"", ""ZNO"", """", ""ZNO"", ""ZNO"", """", """"] | [""ZNO"", ""ZNO"", ""ZNO"", ""ZNO"", ""ZNO"", """", """", """", ""ZNO"", ""ZNO"", ""ZNO"", """", ""ZNO"", """", """", """"]"
sale_order_line.csv,sap__khsalesorder__ItemPriceComponentCollection__BaseMeasureUnitCodeText,9921,9920,1,30+,JSON_ARRAY,"[""Number"", ""Number"", ""Number"", ""Number"", ""Number"", """", """", """", ""Number"", ""Number"", ""Number"", """", ""Number"", """", """"] | [""Number"", ""Number"", ""Number"", ""Number"", ""Number"", """", """", """", ""Number"", ""Number"", ""Number"", """", ""Number"", ""Number"", """", """", """"] | [""Number"", ""Number"", ""Number"", ""Number"", ""Number"", ""Number"", """", """", """", ""Number"", ""Number"", ""Number"", """", """", """"] | [""Number"", ""Number"", ""Number"", ""Number"", """", """", """", ""Number"", ""Number"", ""Number"", """", ""Number"", ""Number"", """", """"] | [""Number"", ""Number"", ""Number"", ""Number"", ""Number"", """", """", """", ""Number"", ""Number"", ""Number"", """", ""Number"", """", """", """"]"
sale_order_line.csv,sap__khsalesorder__ItemPriceComponentCollection__CalculatedAmount,9921,9920,1,30+,JSON_ARRAY,"[""0.000000"", ""573289.080000"", ""573289.080000"", ""573289.080000"", ""573289.080000"", ""573289.080000"", ""0.000000"", ""-0.110000"", ""676481.000000"", ""0.000000"", ""0.000000"", ""0.000000"", ""573289.080000"", ""103192.030000"", ""0.000000""] | [""1128746.010000"", ""1155731.040000"", ""1155731.040000"", ""1155731.040000"", ""26985.030000"", ""26985.030000"", ""0.000000"", ""-0.130000"", ""1363762.500000"", ""0.000000"", ""0.000000"", ""0.000000"", ""1155731.040000"", ""208031.590000"", ""0.000000""] | [""2621881.420000"", ""2701268.720000"", ""2701268.720000"", ""2701268.720000"", ""79387.300000"", ""79387.300000"", ""0.000000"", ""-0.090000"", ""3187497.000000"", ""0.000000"", ""0.000000"", ""0.000000"", ""2701268.720000"", ""486228.370000"", ""0.000000""] | [""0.000000"", ""102002.810000"", ""102002.810000"", ""102002.810000"", ""102002.810000"", ""102002.810000"", ""0.000000"", ""0.180000"", ""120363.500000"", ""0.000000"", ""0.000000"", ""0.000000"", ""102002.810000"", ""18360.510000"", ""0.000000""] | [""446789.530000"", ""454219.900000"", ""454219.900000"", ""454219.900000"", ""7430.370000"", ""7430.370000"", ""0.000000"", ""0.020000"", ""535979.500000"", ""0.000000"", ""0.000000"", ""0.000000"", ""454219.900000"", ""81759.580000"", ""0.000000""]"
sale_order_line.csv,sap__khsalesorder__ItemPriceComponentCollection__CalculatedAmountCurrencyCode,9921,9920,1,5,,INR | GBP | EUR | JPY | USD
sale_order_line.csv,sap__khsalesorder__ItemPriceComponentCollection__CalculatedAmountCurrencyCodeText,9921,9920,1,5,,Indian Rupee | Pound Sterling | Euro | Yen | US Dollar
sale_order_line.csv,sap__khsalesorder__ItemPriceComponentCollection__CalculationBasisAmount,9921,9920,1,30+,JSON_ARRAY,"[""0.000000"", ""0.000000"", ""0.000000"", ""0.000000"", ""0.000000"", ""573289.080000"", ""573289.080000"", ""676481.110000"", ""0.000000"", ""0.000000"", ""0.000000"", ""573288.970000"", ""0.000000"", ""573289.080000"", ""573289.080000""] | [""0.000000"", ""0.000000"", ""0.000000"", ""0.000000"", ""0.000000"", ""1155731.040000"", ""1155731.040000"", ""1363762.630000"", ""0.000000"", ""0.000000"", ""0.000000"", ""1155730.910000"", ""0.000000"", ""1155731.040000"", ""1155731.040000""] | [""0.000000"", ""0.000000"", ""0.000000"", ""0.000000"", ""0.000000"", ""2701268.720000"", ""2701268.720000"", ""3187497.090000"", ""0.000000"", ""0.000000"", ""0.000000"", ""2701268.630000"", ""0.000000"", ""2701268.720000"", ""2701268.720000""] | [""0.000000"", ""0.000000"", ""0.000000"", ""0.000000"", ""0.000000"", ""102002.810000"", ""102002.810000"", ""120363.320000"", ""0.000000"", ""0.000000"", ""0.000000"", ""102002.990000"", ""0.000000"", ""102002.810000"", ""102002.810000""] | [""0.000000"", ""0.000000"", ""0.000000"", ""0.000000"", ""0.000000"", ""454219.900000"", ""454219.900000"", ""535979.480000"", ""0.000000"", ""0.000000"", ""0.000000"", ""454219.920000"", ""0.000000"", ""454219.900000"", ""454219.900000""]"
sale_order_line.csv,sap__khsalesorder__ItemPriceComponentCollection__CalculationBasisAmountCurrencyCode,9921,9920,1,5,,INR | GBP | EUR | JPY | USD
sale_order_line.csv,sap__khsalesorder__ItemPriceComponentCollection__CalculationBasisQuantity,9921,9920,1,30+,"JSON_ARRAY,VERY_LONG_TEXT","[""3666.00000000000000"", ""3666.00000000000000"", ""3666.00000000000000"", ""3666.00000000000000"", ""3666.00000000000000"", ""0.00000000000000"", ""0.00000000000000"", ""0.00000000000000"", ""3666.00000000000000"", ""3666.00000000000000"", ""3666.00000000000000"", ""0.00000000000000"", ""3666.00000000000000"", ""0.00000000000000"", ""0.00000000000000""] | [""2643.00000000000000"", ""2643.00000000000000"", ""2643.00000000000000"", ""2643.00000000000000"", ""2643.00000000000000"", ""0.00000000000000"", ""0.00000000000000"", ""0.00000000000000"", ""2643.00000000000000"", ""2643.00000000000000"", ""2643.00000000000000"", ""0.00000000000000"", ""2643.00000000000000"", ""0.00000000000000"", ""0.00000000000000""] | [""6178.00000000000000"", ""6178.00000000000000"", ""6178.00000000000000"", ""6178.00000000000000"", ""6178.00000000000000"", ""0.00000000000000"", ""0.00000000000000"", ""0.00000000000000"", ""6178.00000000000000"", ""6178.00000000000000"", ""6178.00000000000000"", ""0.00000000000000"", ""6178.00000000000000"", ""0.00000000000000"", ""0.00000000000000""] | [""637.00000000000000"", ""637.00000000000000"", ""637.00000000000000"", ""637.00000000000000"", ""637.00000000000000"", ""0.00000000000000"", ""0.00000000000000"", ""0.00000000000000"", ""637.00000000000000"", ""637.00000000000000"", ""637.00000000000000"", ""0.00000000000000"", ""637.00000000000000"", ""0.00000000000000"", ""0.00000000000000""] | [""1063.00000000000000"", ""1063.00000000000000"", ""1063.00000000000000"", ""1063.00000000000000"", ""1063.00000000000000"", ""0.00000000000000"", ""0.00000000000000"", ""0.00000000000000"", ""1063.00000000000000"", ""1063.00000000000000"", ""1063.00000000000000"", ""0.00000000000000"", ""1063.00000000000000"", ""0.00000000000000"", ""0.00000000000000""]"
sale_order_line.csv,sap__khsalesorder__ItemPriceComponentCollection__CalculationBasisQuantityUnitCode,9921,9920,1,30+,JSON_ARRAY,"[""ZNO"", ""ZNO"", ""ZNO"", ""ZNO"", ""ZNO"", """", """", """", ""ZNO"", ""ZNO"", ""ZNO"", """", ""ZNO"", """", """"] | [""ZNO"", ""ZNO"", ""ZNO"", ""ZNO"", ""ZNO"", """", """", """", ""ZNO"", ""ZNO"", ""ZNO"", """", ""ZNO"", ""ZNO"", """", """", """"] | [""ZNO"", ""ZNO"", ""ZNO"", ""ZNO"", ""ZNO"", ""ZNO"", """", """", """", ""ZNO"", ""ZNO"", ""ZNO"", """", """", """"] | [""ZNO"", ""ZNO"", ""ZNO"", ""ZNO"", """", """", """", ""ZNO"", ""ZNO"", ""ZNO"", """", ""ZNO"", ""ZNO"", """", """"] | [""ZNO"", ""ZNO"", ""ZNO"", ""ZNO"", ""ZNO"", """", """", """", ""ZNO"", ""ZNO"", ""ZNO"", """", ""ZNO"", """", """", """"]"
sale_order_line.csv,sap__khsalesorder__ItemPriceComponentCollection__CurrencyCode,9921,9920,1,30+,JSON_ARRAY,"[""INR"", ""INR"", ""INR"", ""INR"", ""INR"", """", """", ""INR"", ""INR"", ""INR"", ""INR"", """", ""INR"", """", """"] | [""INR"", ""INR"", ""INR"", ""INR"", ""INR"", """", """", ""INR"", ""INR"", ""INR"", ""INR"", """", ""INR"", ""INR"", """", """", """"] | [""INR"", ""INR"", ""INR"", ""INR"", ""INR"", ""INR"", """", """", ""INR"", ""INR"", ""INR"", ""INR"", """", """", """"] | [""INR"", ""INR"", ""INR"", ""INR"", """", """", ""INR"", ""INR"", ""INR"", ""INR"", """", ""INR"", ""INR"", """", """"] | [""INR"", ""INR"", ""INR"", ""INR"", ""INR"", """", """", ""INR"", ""INR"", ""INR"", ""INR"", """", ""INR"", """", """", """"]"
sale_order_line.csv,sap__khsalesorder__ItemPriceComponentCollection__CurrencyCodeText,9921,9920,1,30+,JSON_ARRAY,"[""Indian Rupee"", ""Indian Rupee"", ""Indian Rupee"", ""Indian Rupee"", ""Indian Rupee"", """", """", ""Indian Rupee"", ""Indian Rupee"", ""Indian Rupee"", ""Indian Rupee"", """", ""Indian Rupee"", """", """"] | [""Indian Rupee"", ""Indian Rupee"", ""Indian Rupee"", ""Indian Rupee"", ""Indian Rupee"", """", """", ""Indian Rupee"", ""Indian Rupee"", ""Indian Rupee"", ""Indian Rupee"", """", ""Indian Rupee"", ""Indian Rupee"", """", """", """"] | [""Indian Rupee"", ""Indian Rupee"", ""Indian Rupee"", ""Indian Rupee"", ""Indian Rupee"", ""Indian Rupee"", """", """", ""Indian Rupee"", ""Indian Rupee"", ""Indian Rupee"", ""Indian Rupee"", """", """", """"] | [""Indian Rupee"", ""Indian Rupee"", ""Indian Rupee"", ""Indian Rupee"", """", """", ""Indian Rupee"", ""Indian Rupee"", ""Indian Rupee"", ""Indian Rupee"", """", ""Indian Rupee"", ""Indian Rupee"", """", """"] | [""Indian Rupee"", ""Indian Rupee"", ""Indian Rupee"", ""Indian Rupee"", ""Indian Rupee"", """", """", ""Indian Rupee"", ""Indian Rupee"", ""Indian Rupee"", ""Indian Rupee"", """", ""Indian Rupee"", """", """", """"]"
sale_order_line.csv,sap__khsalesorder__ItemPriceComponentCollection__DecimalValue,9921,9920,1,30+,"JSON_ARRAY,VERY_LONG_TEXT","[""0.00000000000000"", ""156.38000000000000"", ""156.38000000000000"", ""156.38000000000000"", ""156.38000000000000"", ""100.00000000000000"", ""0.00000000000000"", ""0.00000000000000"", ""184.53000000000000"", ""0.00000000000000"", ""0.00000000000000"", ""0.00000000000000"", ""156.38000000000000"", ""18.00000000000000"", ""0.00000000000000""] | [""427.07000000000000"", ""437.28000000000000"", ""437.28000000000000"", ""437.28000000000000"", ""10.21000000000000"", ""2.33500000000000"", ""0.00000000000000"", ""0.00000000000000"", ""515.99000000000000"", ""0.00000000000000"", ""0.00000000000000"", ""0.00000000000000"", ""437.28000000000000"", ""18.00000000000000"", ""0.00000000000000""] | [""424.39000000000000"", ""437.24000000000000"", ""437.24000000000000"", ""437.24000000000000"", ""12.85000000000000"", ""2.93900000000000"", ""0.00000000000000"", ""0.00000000000000"", ""515.94000000000000"", ""0.00000000000000"", ""0.00000000000000"", ""0.00000000000000"", ""437.24000000000000"", ""18.00000000000000"", ""0.00000000000000""] | [""0.00000000000000"", ""160.13000000000000"", ""160.13000000000000"", ""160.13000000000000"", ""160.13000000000000"", ""100.00000000000000"", ""0.00000000000000"", ""0.00000000000000"", ""188.95000000000000"", ""0.00000000000000"", ""0.00000000000000"", ""0.00000000000000"", ""160.13000000000000"", ""18.00000000000000"", ""0.00000000000000""] | [""420.31000000000000"", ""427.30000000000000"", ""427.30000000000000"", ""427.30000000000000"", ""6.99000000000000"", ""1.63600000000000"", ""0.00000000000000"", ""0.00000000000000"", ""504.21000000000000"", ""0.00000000000000"", ""0.00000000000000"", ""0.00000000000000"", ""427.30000000000000"", ""18.00000000000000"", ""0.00000000000000""]"
sale_order_line.csv,sap__khsalesorder__ItemPriceComponentCollection__Description,9921,9920,1,30+,"JSON_ARRAY,VERY_LONG_TEXT","[""Cost"", ""Total Item Net Value"", ""Total Item Net Value"", ""Total Net Value"", ""Profit Margin"", ""Profit Margin (%)"", ""Tax Values"", ""Rounding Difference"", ""Total"", ""Item Discounts"", ""Header Discounts"", ""Total Given Discounts (%)"", ""List Price"", ""Interstate GST (%)"", ""Compensation Cess (%)""] | [""Cost"", ""Total Item Net Value"", ""Total Item Net Value"", ""Total Net Value"", ""Profit Margin"", ""Profit Margin (%)"", ""Tax Values"", ""Rounding Difference"", ""Total"", ""Item Discounts"", ""Header Discounts"", ""Total Given Discounts (%)"", ""List Price"", ""List Price"", ""Interstate GST (%)"", ""Interstate GST (%)"", ""Compensation Cess (%)""] | [""Cost"", ""Total Item Net Value"", ""Total Item Net Value"", ""Total Net Value"", ""Profit Margin"", ""Profit Margin (%)"", ""Tax Values"", ""Rounding Difference"", ""Total"", ""Item Discounts"", ""Header Discounts"", ""Total Given Discounts (%)"", ""List Price"", ""Compensation Cess (%)"", ""Interstate GST (%)""] | [""List Price"", ""Cost"", ""Total Item Net Value"", ""Total Item Net Value"", ""Total Net Value"", ""Profit Margin"", ""Profit Margin (%)"", ""Tax Values"", ""Rounding Difference"", ""Total"", ""Item Discounts"", ""Header Discounts"", ""Total Given Discounts (%)"", ""Compensation Cess (%)"", ""Interstate GST (%)""] | [""List Price"", ""Cost"", ""Total Item Net Value"", ""Total Item Net Value"", ""Total Net Value"", ""Profit Margin"", ""Profit Margin (%)"", ""Tax Values"", ""Rounding Difference"", ""Total"", ""Item Discounts"", ""Header Discounts"", ""Total Given Discounts (%)"", ""Interstate GST (%)"", ""Compensation Cess (%)""]"
sale_order_line.csv,sap__khsalesorder__ItemPriceComponentCollection__ManuallyChangedIndicator,9921,9920,1,30+,JSON_ARRAY,"[""True"", ""False"", ""False"", ""False"", ""False"", ""False"", ""False"", ""False"", ""False"", ""False"", ""False"", ""False"", ""True"", ""False"", ""False""] | [""True"", ""False"", ""False"", ""False"", ""False"", ""False"", ""False"", ""False"", ""False"", ""False"", ""False"", ""False"", ""True"", ""True"", ""False"", ""False"", ""False""] | [""True"", ""True"", ""False"", ""False"", ""False"", ""False"", ""False"", ""False"", ""False"", ""False"", ""False"", ""False"", ""False"", ""False"", ""False""] | [""False"", ""False"", ""False"", ""False"", ""False"", ""False"", ""False"", ""False"", ""False"", ""False"", ""False"", ""True"", ""True"", ""False"", ""False""] | [""True"", ""False"", ""False"", ""False"", ""False"", ""False"", ""False"", ""False"", ""False"", ""False"", ""False"", ""False"", ""True"", ""False"", ""False"", ""False""]"
sale_order_line.csv,sap__khsalesorder__ItemPriceComponentCollection__MeasureUnitCode,9921,9920,1,30+,JSON_ARRAY,"["""", """", """", """", """", ""P1"", ""P1"", """", """", """", """", ""P1"", """", ""P1"", ""P1""] | ["""", """", """", """", """", ""P1"", ""P1"", """", """", """", """", ""P1"", """", """", ""P1"", ""P1"", ""P1""] | ["""", """", """", """", """", """", ""P1"", ""P1"", """", """", """", """", ""P1"", ""P1"", ""P1""] | ["""", """", """", """", ""P1"", ""P1"", """", """", """", """", ""P1"", """", """", ""P1"", ""P1""] | ["""", """", """", """", """", ""P1"", ""P1"", """", """", """", """", ""P1"", """", ""P1"", ""P1"", ""P1""]"
sale_order_line.csv,sap__khsalesorder__ItemPriceComponentCollection__MeasureUnitCodeText,9921,9920,1,30+,JSON_ARRAY,"["""", """", """", """", """", ""Percent"", ""Percent"", """", """", """", """", ""Percent"", """", ""Percent"", ""Percent""] | ["""", """", """", """", """", ""Percent"", ""Percent"", """", """", """", """", ""Percent"", """", """", ""Percent"", ""Percent"", ""Percent""] | ["""", """", """", """", """", """", ""Percent"", ""Percent"", """", """", """", """", ""Percent"", ""Percent"", ""Percent""] | ["""", """", """", """", ""Percent"", ""Percent"", """", """", """", """", ""Percent"", """", """", ""Percent"", ""Percent""] | ["""", """", """", """", """", ""Percent"", ""Percent"", """", """", """", """", ""Percent"", """", ""Percent"", ""Percent"", ""Percent""]"
sale_order_line.csv,sap__khsalesorder__ItemPriceComponentCollection__ObjectID,9921,9920,1,30+,"JSON_ARRAY,VERY_LONG_TEXT","[""00163E5F7A721ED98AF03C4571D8DAF600163E5F7A721ED98AF03CDCDDF8DAF6"", ""00163E5F7A721ED98AF03C4571D8DAF600163E5F7A721ED98AF03CDCDDF8FAF6"", ""00163E5F7A721ED98AF03C4571D8DAF600163E5F7A721ED98AF03CDCDDF91AF6"", ""00163E5F7A721ED98AF03C4571D8DAF600163E5F7A721ED98AF03CDCDDF93AF6"", ""00163E5F7A721ED98AF03C4571D8DAF600163E5F7A721ED98AF03CDCDDF95AF6"", ""00163E5F7A721ED98AF03C4571D8DAF600163E5F7A721ED98AF03CDCDDF97AF6"", ""00163E5F7A721ED98AF03C4571D8DAF600163E5F7A721ED98AF03CDCDDF99AF6"", ""00163E5F7A721ED98AF03C4571D8DAF600163E5F7A721ED98AF03CDCDDF9BAF6"", ""00163E5F7A721ED98AF03C4571D8DAF600163E5F7A721ED98AF03CDCDDF9DAF6"", ""00163E5F7A721ED98AF03C4571D8DAF600163E5F7A721ED98AF03CDCDDF9FAF6"", ""00163E5F7A721ED98AF03C4571D8DAF600163E5F7A721ED98AF03CDCDDFA1AF6"", ""00163E5F7A721ED98AF03C4571D8DAF600163E5F7A721ED98AF03CDCDDFA3AF6"", ""00163E5F7A721ED98AF03C4571D8DAF600163E5F7A721ED98AF03E7CF4B5DAF6"", ""00163E5F7A721ED98AF03C4571D8DAF600163E876AF11ED99886CA251F9C8F9A"", ""00163E5F7A721ED98AF03C4571D8DAF600163E876AF11ED99886CA251F9CAF9A""] | [""00163E5F7A721ED98AF0DB64891BDE1500163E5F7A721ED98AF0DC362AC9BE17"", ""00163E5F7A721ED98AF0DB64891BDE1500163E5F7A721ED98AF0DC362AC9DE17"", ""00163E5F7A721ED98AF0DB64891BDE1500163E5F7A721ED98AF0DC362AC9FE17"", ""00163E5F7A721ED98AF0DB64891BDE1500163E5F7A721ED98AF0DC362ACA1E17"", ""00163E5F7A721ED98AF0DB64891BDE1500163E5F7A721ED98AF0DC362ACA3E17"", ""00163E5F7A721ED98AF0DB64891BDE1500163E5F7A721ED98AF0DC362ACA5E17"", ""00163E5F7A721ED98AF0DB64891BDE1500163E5F7A721ED98AF0DC362ACA7E17"", ""00163E5F7A721ED98AF0DB64891BDE1500163E5F7A721ED98AF0DC362ACA9E17"", ""00163E5F7A721ED98AF0DB64891BDE1500163E5F7A721ED98AF0DC362ACABE17"", ""00163E5F7A721ED98AF0DB64891BDE1500163E5F7A721ED98AF0DC362ACADE17"", ""00163E5F7A721ED98AF0DB64891BDE1500163E5F7A721ED98AF0DC362ACAFE17"", ""00163E5F7A721ED98AF0DB64891BDE1500163E5F7A721ED98AF0DC362ACB1E17"", ""00163E5F7A721ED98AF0DB64891BDE1500163E5F7A721ED98AF0DE48DDCC5E18"", ""00163E5F7A721ED98AF0DB64891BDE1500163E876AD01EE9A8DE8C4A15526DA2"", ""00163E5F7A721ED98AF0DB64891BDE1500163E876AD01EE9A8DE8C4A15528DA2""] | [""00163E5F7A721ED98AF132BB10575FD900163E5F7A721ED98AF133B33036FFD9"", ""00163E5F7A721ED98AF132BB10575FD900163E5F7A721ED98AF133B330371FD9"", ""00163E5F7A721ED98AF132BB10575FD900163E5F7A721ED98AF133B330373FD9"", ""00163E5F7A721ED98AF132BB10575FD900163E5F7A721ED98AF133B330375FD9"", ""00163E5F7A721ED98AF132BB10575FD900163E5F7A721ED98AF133B330377FD9"", ""00163E5F7A721ED98AF132BB10575FD900163E5F7A721ED98AF133B330379FD9"", ""00163E5F7A721ED98AF132BB10575FD900163E5F7A721ED98AF133B33037BFD9"", ""00163E5F7A721ED98AF132BB10575FD900163E5F7A721ED98AF133B33037DFD9"", ""00163E5F7A721ED98AF132BB10575FD900163E5F7A721ED98AF133B33037FFD9"", ""00163E5F7A721ED98AF132BB10575FD900163E5F7A721ED98AF133B330381FD9"", ""00163E5F7A721ED98AF132BB10575FD900163E5F7A721ED98AF133B330383FD9"", ""00163E5F7A721ED98AF132BB10575FD900163E5F7A721ED98AF133B330385FD9"", ""00163E5F7A721ED98AF132BB10575FD900163E5F7A721ED98AF1362DC9139FD9"", ""00163E5F7A721ED98AF132BB10575FD900163E876AD01EE9A8DE91B8988F0DFD"", ""00163E5F7A721ED98AF132BB10575FD900163E876AD01EE9A8DE91B8988F2DFD""] | [""00163E5F7A721ED98B848858072707A100163E5F7A721ED98B8488DAA3D707A1"", ""00163E5F7A721ED98B848858072707A100163E5F7A721ED98B8488DAA3D727A1"", ""00163E5F7A721ED98B848858072707A100163E5F7A721ED98B8488DAA3D747A1"", ""00163E5F7A721ED98B848858072707A100163E5F7A721ED98B8488DAA3D767A1"", ""00163E5F7A721ED98B848858072707A100163E5F7A721ED98B8488DAA3D787A1"", ""00163E5F7A721ED98B848858072707A100163E5F7A721ED98B8488DAA3D7A7A1"", ""00163E5F7A721ED98B848858072707A100163E5F7A721ED98B8488DAA3D7C7A1"", ""00163E5F7A721ED98B848858072707A100163E5F7A721ED98B8488DAA3D7E7A1"", ""00163E5F7A721ED98B848858072707A100163E5F7A721ED98B8488DAA3D807A1"", ""00163E5F7A721ED98B848858072707A100163E5F7A721ED98B8488DAA3D827A1"", ""00163E5F7A721ED98B848858072707A100163E5F7A721ED98B8488DAA3D847A1"", ""00163E5F7A721ED98B848858072707A100163E5F7A721ED98B8488DAA3D867A1"", ""00163E5F7A721ED98B848858072707A100163E5F7A721ED98B848A6AC6D587A1"", ""00163E5F7A721ED98B848858072707A100163E876AE21EE997BC32521E978678"", ""00163E5F7A721ED98B848858072707A100163E876AE21EE997BC32521E97A678""] | [""00163E5F7A721ED98B84B54E2CD7C88200163E5F7A721ED98B84B5B4C8EE4882"", ""00163E5F7A721ED98B84B54E2CD7C88200163E5F7A721ED98B84B5B4C8EE6882"", ""00163E5F7A721ED98B84B54E2CD7C88200163E5F7A721ED98B84B5B4C8EE8882"", ""00163E5F7A721ED98B84B54E2CD7C88200163E5F7A721ED98B84B5B4C8EEA882"", ""00163E5F7A721ED98B84B54E2CD7C88200163E5F7A721ED98B84B5B4C8EEC882"", ""00163E5F7A721ED98B84B54E2CD7C88200163E5F7A721ED98B84B5B4C8EEE882"", ""00163E5F7A721ED98B84B54E2CD7C88200163E5F7A721ED98B84B5B4C8EF0882"", ""00163E5F7A721ED98B84B54E2CD7C88200163E5F7A721ED98B84B5B4C8EF2882"", ""00163E5F7A721ED98B84B54E2CD7C88200163E5F7A721ED98B84B5B4C8EF4882"", ""00163E5F7A721ED98B84B54E2CD7C88200163E5F7A721ED98B84B5B4C8EF6882"", ""00163E5F7A721ED98B84B54E2CD7C88200163E5F7A721ED98B84B5B4C8EF8882"", ""00163E5F7A721ED98B84B54E2CD7C88200163E5F7A721ED98B84B5B4C8EFA882"", ""00163E5F7A721ED98B84B54E2CD7C88200163E5F7A721ED98B84B6D7EA9BC882"", ""00163E5F7A721ED98B84B54E2CD7C88200163E5F7A8F1EE992C73F8D883830EE"", ""00163E5F7A721ED98B84B54E2CD7C88200163E5F7A8F1EE992C73F8D883850EE""]"
sale_order_line.csv,sap__khsalesorder__ItemPriceComponentCollection__ParentObjectID,9921,9920,1,30+,,00163E5F7A721ED98AF03C4571D8DAF6 | 00163E5F7A721ED98AF0DB64891BDE15 | 00163E5F7A721ED98AF132BB10575FD9 | 00163E5F7A721ED98B848858072707A1 | 00163E5F7A721ED98B84B54E2CD7C882
sale_order_line.csv,sap__khsalesorder__ItemPriceComponentCollection__TypeCode,9921,9920,1,30+,JSON_ARRAY,"[""0008"", """", """", """", """", """", ""0TTE"", ""DIFF"", """", """", """", """", ""7PR1"", ""IN44"", ""IN46""] | [""0008"", """", """", """", """", """", ""0TTE"", ""DIFF"", """", """", """", """", ""7PR1"", ""7PR1"", ""IN44"", ""IN44"", ""IN46""] | [""0008"", """", """", """", """", """", ""0TTE"", ""DIFF"", """", """", """", """", ""7PR1"", ""IN46"", ""IN44""] | [""7PR1"", ""0008"", """", """", """", """", """", ""0TTE"", ""DIFF"", """", """", """", """", ""IN46"", ""IN44""] | [""7PR1"", ""0008"", """", """", """", """", """", ""0TTE"", ""DIFF"", """", """", """", """", ""IN44"", ""IN46""]"
sale_order_line.csv,sap__khsalesorder__ItemPriceComponentCollection__TypeCodeText,9921,9920,1,30+,JSON_ARRAY,"[""Cost"", """", """", """", """", """", ""Tax"", ""Rounding Difference"", """", """", """", """", ""List Price"", """", """"] | [""Cost"", """", """", """", """", """", ""Tax"", ""Rounding Difference"", """", """", """", """", ""List Price"", ""List Price"", """", """", """"] | [""List Price"", ""Cost"", """", """", """", """", """", ""Tax"", ""Rounding Difference"", """", """", """", """", """", """"] | ["""", """", """", """", """", ""Tax"", ""Rounding Difference"", """", """", """", """", ""Cost"", ""List Price"", """", """"] | [""Cost"", """", """", """", """", """", ""Tax"", ""Rounding Difference"", """", """", """", """", ""List Price"", """", """", """"]"
sale_order_line.csv,sap__khsalesorder__ItemProductCollection__IdentifiedStockID,9921,0,9921,0,,
sale_order_line.csv,sap__khsalesorder__ItemProductCollection__ObjectID,9921,9921,0,30+,,00163E5F7A721ED98AF03C4571D8DAF6 | 00163E5F7A721ED98AF0DB64891BDE15 | 00163E5F7A721ED98AF132BB10575FD9 | 00163E5F7A721ED98B848858072707A1 | 00163E5F7A721ED98B84B54E2CD7C882
sale_order_line.csv,sap__khsalesorder__ItemProductCollection__ParentObjectID,9921,9921,0,30+,,00163E5F7A721ED98AF03C4571D8DAF6 | 00163E5F7A721ED98AF0DB64891BDE15 | 00163E5F7A721ED98AF132BB10575FD9 | 00163E5F7A721ED98B848858072707A1 | 00163E5F7A721ED98B84B54E2CD7C882
sale_order_line.csv,sap__khsalesorder__ItemProductCollection__ProductID,9921,9920,1,30+,,730511 | LF90044 | LF90045 | 19239000048 | LF91127
sale_order_line.csv,sap__khsalesorder__ItemProductCollection__ProductRequirementSpecificationID,9921,0,9921,0,,
sale_order_line.csv,sap__khsalesorder__ItemProductCollection__ProductStandardID,9921,0,9921,0,,
sale_order_line.csv,sap__khsalesorder__ItemProductCollection__ProductTypeCode,9921,9920,1,1,,1
sale_order_line.csv,sap__khsalesorder__ItemProductCollection__ProductTypeCodeText,9921,9920,1,1,,Material
sale_order_line.csv,sap__khsalesorder__ItemProductRecipientPartyCollection__ObjectID,9921,9920,1,30+,"JSON_ARRAY,VERY_LONG_TEXT","[""00163E5F7A721ED98AF03C4571D8DAF6                                    1"", ""00163E5F7A721ED98AF03C4571D8DAF6                                    2"", ""00163E5F7A721ED98AF03C4571D8DAF6                                    3"", ""00163E5F7A721ED98AF03C4571D8DAF6                                    4"", ""00163E5F7A721ED98AF03C4571D8DAF6                                    5"", ""00163E5F7A721ED98AF03C4571D8DAF6                                    6"", ""00163E5F7A721ED98AF03C4571D8DAF6                                    7"", ""00163E5F7A721ED98AF03C4571D8DAF6                                    8"", ""00163E5F7A721ED98AF03C4571D8DAF6                                    9""] | [""00163E5F7A721ED98AF0DB64891BDE15                                    1"", ""00163E5F7A721ED98AF0DB64891BDE15                                    2"", ""00163E5F7A721ED98AF0DB64891BDE15                                    3"", ""00163E5F7A721ED98AF0DB64891BDE15                                    4"", ""00163E5F7A721ED98AF0DB64891BDE15                                    5"", ""00163E5F7A721ED98AF0DB64891BDE15                                    6"", ""00163E5F7A721ED98AF0DB64891BDE15                                    7"", ""00163E5F7A721ED98AF0DB64891BDE15                                    8"", ""00163E5F7A721ED98AF0DB64891BDE15                                    9""] | [""00163E5F7A721ED98AF132BB10575FD9                                    1"", ""00163E5F7A721ED98AF132BB10575FD9                                    2"", ""00163E5F7A721ED98AF132BB10575FD9                                    3"", ""00163E5F7A721ED98AF132BB10575FD9                                    4"", ""00163E5F7A721ED98AF132BB10575FD9                                    5"", ""00163E5F7A721ED98AF132BB10575FD9                                    6"", ""00163E5F7A721ED98AF132BB10575FD9                                    7"", ""00163E5F7A721ED98AF132BB10575FD9                                    8"", ""00163E5F7A721ED98AF132BB10575FD9                                    9""] | [""00163E5F7A721ED98B848858072707A1                                    1"", ""00163E5F7A721ED98B848858072707A1                                    2"", ""00163E5F7A721ED98B848858072707A1                                    3"", ""00163E5F7A721ED98B848858072707A1                                    4"", ""00163E5F7A721ED98B848858072707A1                                    5"", ""00163E5F7A721ED98B848858072707A1                                    6"", ""00163E5F7A721ED98B848858072707A1                                    7"", ""00163E5F7A721ED98B848858072707A1                                    8"", ""00163E5F7A721ED98B848858072707A1                                    9""] | [""00163E5F7A721ED98B84B54E2CD7C882                                    1"", ""00163E5F7A721ED98B84B54E2CD7C882                                    2"", ""00163E5F7A721ED98B84B54E2CD7C882                                    3"", ""00163E5F7A721ED98B84B54E2CD7C882                                    4"", ""00163E5F7A721ED98B84B54E2CD7C882                                    5"", ""00163E5F7A721ED98B84B54E2CD7C882                                    6"", ""00163E5F7A721ED98B84B54E2CD7C882                                    7"", ""00163E5F7A721ED98B84B54E2CD7C882                                    8"", ""00163E5F7A721ED98B84B54E2CD7C882                                    9""]"
sale_order_line.csv,sap__khsalesorder__ItemProductRecipientPartyCollection__ParentObjectID,9921,9920,1,30+,,00163E5F7A721ED98AF03C4571D8DAF6 | 00163E5F7A721ED98AF0DB64891BDE15 | 00163E5F7A721ED98AF132BB10575FD9 | 00163E5F7A721ED98B848858072707A1 | 00163E5F7A721ED98B84B54E2CD7C882
sale_order_line.csv,sap__khsalesorder__ItemProductRecipientPartyCollection__PartyID,9921,9920,1,30+,JSON_ARRAY,"[""1121709"", ""1121709"", ""1121709"", ""1121709"", ""8000000018"", ""71000"", ""70000"", ""71000"", ""70000""] | [""1121778"", ""1121778"", ""1121778"", ""1121778"", ""8000000018"", ""71000"", ""70000"", ""71000"", ""70000""] | [""1127393"", ""1127393"", ""1127393"", ""1127393"", ""8000000018"", ""71000"", ""70000"", ""71000"", ""70000""] | [""1125090"", ""1125090"", ""1125090"", ""1125090"", ""8000000018"", ""71000"", ""70000"", ""71000"", ""70000""] | [""1123611"", ""1123611"", ""1123611"", ""1123611"", ""8000000018"", ""71000"", ""70000"", ""71000"", ""70000""]"
sale_order_line.csv,sap__khsalesorder__ItemScheduleLineCollection__EndDateTime,9921,9920,1,30+,"JSON_ARRAY,VERY_LONG_TEXT","[""2019-02-10 18:30:00"", ""2019-02-09 18:30:00"", ""2019-02-20 07:05:05"", ""2019-03-16 11:06:58"", ""2019-02-12 10:19:25"", ""2019-02-28 10:35:49"", ""2019-03-23 11:03:06""] | [""2019-02-10 18:30:00"", ""2019-02-09 18:30:00"", ""2019-02-27 10:35:00"", ""2019-02-19 10:52:20"", ""2019-03-07 10:40:41"", ""2019-03-09 10:17:40"", ""2019-03-30 08:50:36""] | [""2019-02-10 18:30:00"", ""2019-02-20 10:22:49"", ""2019-03-20 10:27:41"", ""2019-03-07 10:41:12"", ""2019-03-23 10:24:05"", ""2019-06-26 11:03:03"", ""2019-03-25 10:31:16"", ""2019-03-26 11:22:15"", ""2019-03-28 10:57:14"", ""2019-04-25 11:49:44"", ""2019-04-27 11:20:23"", ""2019-04-30 11:13:36"", ""2019-05-09 11:04:48"", ""2019-05-11 10:01:21"", ""2019-05-11 11:11:33"", ""2019-05-22 11:02:43"", ""2019-05-23 11:09:10"", ""2019-06-01 11:24:15"", ""2019-06-18 10:48:25"", ""2019-06-20 10:31:23"", ""2019-06-21 11:04:41"", ""2019-06-24 11:06:14"", ""2019-06-29 10:52:38"", ""2019-07-06 10:58:35"", ""2019-05-06 11:23:52"", ""2019-03-27 10:03:06"", ""2019-03-30 11:48:11"", ""2019-04-29 11:16:47"", ""2019-05-02 11:02:37"", ""2019-05-08 11:23:42"", ""2019-05-10 11:00:32"", ""2019-05-13 11:25:38"", ""2019-05-15 06:04:52"", ""2019-05-21 11:03:00"", ""2019-06-05 11:00:10"", ""2019-06-28 11:21:56"", ""2019-07-03 10:30:37"", ""2019-07-04 10:52:14""] | [""2019-02-11 18:30:00"", ""2019-02-13 11:30:33"", ""2019-02-10 18:30:00"", ""2019-02-14 10:08:40"", ""2019-02-14 10:09:40"", ""2019-02-14 10:10:21""] | [""2019-02-11 18:30:00"", ""2019-02-19 10:55:32"", ""2019-02-23 11:21:31"", ""2019-02-27 10:33:31"", ""2019-03-11 11:31:41"", ""2019-03-13 10:37:48"", ""2019-03-14 11:09:36"", ""2019-03-16 11:38:13""]"
sale_order_line.csv,sap__khsalesorder__ItemScheduleLineCollection__ObjectID,9921,9920,1,30+,"JSON_ARRAY,VERY_LONG_TEXT","[""00163E5F7A721ED98AF03C4571D8DAF600163E5F7A721ED98AF03CDCDDF65AF6"", ""00163E5F7A721ED98AF03C4571D8DAF600163E5F7A8F1ED98AF0491B8C91B27D"", ""00163E5F7A721ED98AF03C4571D8DAF600163E5F7A8F1ED98D9BBB5BE572A458"", ""00163E5F7A721ED98AF03C4571D8DAF600163E5F7A8F1ED991FB73FE8F408DD2"", ""00163E5F7A721ED98AF03C4571D8DAF600163E5F7A8F1EE98BD5F5A6A6FF8DF2"", ""00163E5F7A721ED98AF03C4571D8DAF600163E5F7A8F1EE98EE893CFA95B9BA1"", ""00163E5F7A721ED98AF03C4571D8DAF600163E5F7A8F1EE993AB67B50AB6D66F""] | [""00163E5F7A721ED98AF0DB64891BDE1500163E5F7A721ED98AF0DC362AC43E17"", ""00163E5F7A721ED98AF0DB64891BDE1500163E5F7A721ED98AF0DF5C4A63DE18"", ""00163E5F7A721ED98AF0DB64891BDE1500163E5F7A8F1ED98ECF6AD5A11DD633"", ""00163E5F7A721ED98AF0DB64891BDE1500163E5F7A8F1EE98D868E0804211063"", ""00163E5F7A721ED98AF0DB64891BDE1500163E5F7A8F1EE99098AEB80D9DD0F6"", ""00163E5F7A721ED98AF0DB64891BDE1500163E5F7A8F1EE990CA925E77F392F9"", ""00163E5F7A721ED98AF0DB64891BDE1500163E876AE21EE994D91C7433BFC4F0""] | [""00163E5F7A721ED98AF132BB10575FD900163E5F7A721ED98AF133B33032BFD9"", ""00163E5F7A721ED98AF132BB10575FD900163E5F7A8F1ED98D9F2F40072811E7"", ""00163E5F7A721ED98AF132BB10575FD900163E5F7A8F1ED992DF598CB34E6E4C"", ""00163E5F7A721ED98AF132BB10575FD900163E5F7A8F1EE99098B0F9CB905145"", ""00163E5F7A721ED98AF132BB10575FD900163E5F7A8F1EE993AAB9375BDC93B2"", ""00163E5F7A721ED98AF132BB10575FD900163E876AD01EE9A8DE91B8988DEDFD"", ""00163E5F7A721ED98AF132BB10575FD900163E876AE01ED993DD23F4CAFD5C50"", ""00163E5F7A721ED98AF132BB10575FD900163E876AE01ED993F72D35EF898965"", ""00163E5F7A721ED98AF132BB10575FD900163E876AE21ED994A907F8197A1AAA"", ""00163E5F7A721ED98AF132BB10575FD900163E876AE21ED999EA0724E50A1220"", ""00163E5F7A721ED98AF132BB10575FD900163E876AE21ED99A9BCE7BF6531F9D"", ""00163E5F7A721ED98AF132BB10575FD900163E876AE21ED99AE72010B60C195B"", ""00163E5F7A721ED98AF132BB10575FD900163E876AE21ED99CC9486FD39A8C5E"", ""00163E5F7A721ED98AF132BB10575FD900163E876AE21ED99CFA7774115156FE"", ""00163E5F7A721ED98AF132BB10575FD900163E876AE21ED99CFBB13D64775C66"", ""00163E5F7A721ED98AF132BB10575FD900163E876AE21ED99F902416D25D9AC6"", ""00163E5F7A721ED98AF132BB10575FD900163E876AE21ED99FA9663CD98B87AC"", ""00163E5F7A721ED98AF132BB10575FD900163E876AE21ED9A18BF96491824074"", ""00163E5F7A721ED98AF132BB10575FD900163E876AE21ED9A4B6D353961B0AAE"", ""00163E5F7A721ED98AF132BB10575FD900163E876AE21ED9A4E8D1D6326E9CD2"", ""00163E5F7A721ED98AF132BB10575FD900163E876AE21ED9A5828BF77A5AC7E4"", ""00163E5F7A721ED98AF132BB10575FD900163E876AE21ED9A5CE02BFE778C674"", ""00163E5F7A721ED98AF132BB10575FD900163E876AE21ED9A6CB807C2C24D63B"", ""00163E5F7A721ED98AF132BB10575FD900163E876AE21ED9A7FBA032B19D411C"", ""00163E5F7A721ED98AF132BB10575FD900163E876AE21ED9A8DE929DCD6D7BA2"", ""00163E5F7A721ED98AF132BB10575FD900163E876AE21EE9948EF1576CAE4BB6"", ""00163E5F7A721ED98AF132BB10575FD900163E876AE21EE994DC3657CD321219"", ""00163E5F7A721ED98AF132BB10575FD900163E876AE21EE99ACE0908160811E1"", ""00163E5F7A721ED98AF132BB10575FD900163E876AE21EE99B9939B8A6FB491C"", ""00163E5F7A721ED98AF132BB10575FD900163E876AE21EE99CB077A5C60B8557"", ""00163E5F7A721ED98AF132BB10575FD900163E876AE21EE99CE25AABC79C1402"", ""00163E5F7A721ED98AF132BB10575FD900163E876AE21EE99DAE3AD7AD91AB4F"", ""00163E5F7A721ED98AF132BB10575FD900163E876AE21EE99DDAEB7BD48E4765"", ""00163E5F7A721ED98AF132BB10575FD900163E876AE21EE99EF7002EC9BF915B"", ""00163E5F7A721ED98AF132BB10575FD900163E876AE21EE9A1F022F21D4089AA"", ""00163E5F7A721ED98AF132BB10575FD900163E876AE21EE9A6B2DE2A936C0E27"", ""00163E5F7A721ED98AF132BB10575FD900163E876AE21EE9A7AFB35250D8BB06"", ""00163E5F7A721ED98AF132BB10575FD900163E876AE21EE9A7C939379F7F0E3A""] | [""00163E5F7A721ED98B848858072707A100163E5F7A721ED98B8488DAA3D3E7A1"", ""00163E5F7A721ED98B848858072707A100163E5F7A8F1ED98BF058F15BD15630"", ""00163E5F7A721ED98B848858072707A100163E5F7A8F1EE98B849073043C84AF"", ""00163E5F7A721ED98B848858072707A100163E5F7A8F1EE98C881E5016385375"", ""00163E5F7A721ED98B848858072707A100163E5F7A8F1EE98C881E5016387375"", ""00163E5F7A721ED98B848858072707A100163E5F7A8F1EE98C881E5016389375""] | [""00163E5F7A721ED98B84B54E2CD7C88200163E5F7A721ED98B84B5913A9FE882"", ""00163E5F7A721ED98B84B54E2CD7C88200163E5F7A8F1EE992C524B1FB73088D"", ""00163E5F7A721ED98B84B54E2CD7C88200163E5F7A8F1EE992C524B1FB73288D"", ""00163E5F7A721ED98B84B54E2CD7C88200163E5F7A8F1EE992C524B1FB73488D"", ""00163E5F7A721ED98B84B54E2CD7C88200163E5F7A8F1EE992C524B1FB73688D"", ""00163E5F7A721ED98B84B54E2CD7C88200163E5F7A8F1EE992C524B1FB73888D"", ""00163E5F7A721ED98B84B54E2CD7C88200163E5F7A8F1EE992C524B1FB73A88D"", ""00163E5F7A721ED98B84B54E2CD7C88200163E5F7A8F1EE992C524B1FB73C88D""]"
sale_order_line.csv,sap__khsalesorder__ItemScheduleLineCollection__ParentObjectID,9921,9920,1,30+,,00163E5F7A721ED98AF03C4571D8DAF6 | 00163E5F7A721ED98AF0DB64891BDE15 | 00163E5F7A721ED98AF132BB10575FD9 | 00163E5F7A721ED98B848858072707A1 | 00163E5F7A721ED98B84B54E2CD7C882
sale_order_line.csv,sap__khsalesorder__ItemScheduleLineCollection__Quantity,9921,9920,1,30+,"JSON_ARRAY,VERY_LONG_TEXT","[""3666.00000000000000"", ""450.00000000000000"", ""450.00000000000000"", ""450.00000000000000"", ""1260.00000000000000"", ""450.00000000000000"", ""177.00000000000000""] | [""2643.00000000000000"", ""123.00000000000000"", ""200.00000000000000"", ""13.00000000000000"", ""50.00000000000000"", ""187.00000000000000"", ""2.00000000000000""] | [""6178.00000000000000"", ""86.00000000000000"", ""150.00000000000000"", ""66.00000000000000"", ""143.00000000000000"", ""376.00000000000000"", ""99.00000000000000"", ""200.00000000000000"", ""113.00000000000000"", ""50.00000000000000"", ""150.00000000000000"", ""150.00000000000000"", ""44.00000000000000"", ""50.00000000000000"", ""100.00000000000000"", ""50.00000000000000"", ""98.00000000000000"", ""30.00000000000000"", ""429.00000000000000"", ""253.00000000000000"", ""141.00000000000000"", ""325.00000000000000"", ""170.00000000000000"", ""393.00000000000000"", ""35.00000000000000"", ""150.00000000000000"", ""30.00000000000000"", ""83.00000000000000"", ""62.00000000000000"", ""60.00000000000000"", ""50.00000000000000"", ""110.00000000000000"", ""130.00000000000000"", ""100.00000000000000"", ""55.00000000000000"", ""200.00000000000000"", ""153.00000000000000"", ""87.00000000000000""] | [""637.00000000000000"", ""100.00000000000000"", ""120.00000000000000"", ""183.00000000000000"", ""183.00000000000000"", ""51.00000000000000""] | [""1063.00000000000000"", ""136.00000000000000"", ""241.00000000000000"", ""172.00000000000000"", ""100.00000000000000"", ""150.00000000000000"", ""52.00000000000000"", ""150.00000000000000""]"
sale_order_line.csv,sap__khsalesorder__ItemScheduleLineCollection__StartDateTime,9921,9920,1,30+,"JSON_ARRAY,VERY_LONG_TEXT","[""2019-02-09 18:30:00"", ""2019-02-09 18:30:00"", ""2019-02-20 07:05:05"", ""2019-03-16 11:06:58"", ""2019-02-12 10:19:25"", ""2019-02-28 10:35:49"", ""2019-03-23 11:03:06""] | [""2019-02-09 18:30:00"", ""2019-02-09 18:30:00"", ""2019-02-27 10:35:00"", ""2019-02-19 10:52:20"", ""2019-03-07 10:40:41"", ""2019-03-09 10:17:40"", ""2019-03-30 08:50:36""] | [""2019-02-09 18:30:00"", ""2019-02-20 10:22:49"", ""2019-03-20 10:27:41"", ""2019-03-07 10:41:12"", ""2019-03-23 10:24:05"", ""2019-06-26 11:03:03"", ""2019-03-25 10:31:16"", ""2019-03-26 11:22:15"", ""2019-03-28 10:57:14"", ""2019-04-25 11:49:44"", ""2019-04-27 11:20:23"", ""2019-04-30 11:13:36"", ""2019-05-09 11:04:48"", ""2019-05-11 10:01:21"", ""2019-05-11 11:11:33"", ""2019-05-22 11:02:43"", ""2019-05-23 11:09:10"", ""2019-06-01 11:24:15"", ""2019-06-18 10:48:25"", ""2019-06-20 10:31:23"", ""2019-06-21 11:04:41"", ""2019-06-24 11:06:14"", ""2019-06-29 10:52:38"", ""2019-07-06 10:58:35"", ""2019-05-06 11:23:52"", ""2019-03-27 10:03:06"", ""2019-03-30 11:48:11"", ""2019-04-29 11:16:47"", ""2019-05-02 11:02:37"", ""2019-05-08 11:23:42"", ""2019-05-10 11:00:32"", ""2019-05-13 11:25:38"", ""2019-05-15 06:04:52"", ""2019-05-21 11:03:00"", ""2019-06-05 11:00:10"", ""2019-06-28 11:21:56"", ""2019-07-03 10:30:37"", ""2019-07-04 10:52:14""] | [""2019-02-10 18:30:00"", ""2019-02-13 11:30:33"", ""2019-02-10 18:30:00"", ""2019-02-14 10:08:40"", ""2019-02-14 10:09:40"", ""2019-02-14 10:10:21""] | [""2019-02-10 18:30:00"", ""2019-02-19 10:55:32"", ""2019-02-23 11:21:31"", ""2019-02-27 10:33:31"", ""2019-03-11 11:31:41"", ""2019-03-13 10:37:48"", ""2019-03-14 11:09:36"", ""2019-03-16 11:38:13""]"
sale_order_line.csv,sap__khsalesorder__ItemScheduleLineCollection__TypeCode,9921,9920,1,30+,JSON_ARRAY,"[""1"", ""2"", ""2"", ""2"", ""2"", ""2"", ""2""] | [""1"", ""2"", ""2"", ""2"", ""2"", ""2"", ""2"", ""2"", ""2"", ""2"", ""2"", ""2"", ""2"", ""2"", ""2"", ""2"", ""2"", ""2"", ""2"", ""2"", ""2"", ""2"", ""2"", ""2"", ""2"", ""2"", ""2"", ""2"", ""2"", ""2"", ""2"", ""2"", ""2"", ""2"", ""2"", ""2"", ""2"", ""2""] | [""1"", ""2"", ""2"", ""2"", ""2"", ""2""] | [""1"", ""2"", ""2"", ""2"", ""2"", ""2"", ""2"", ""2""] | [""1"", ""2"", ""2"", ""2""]"
sale_order_line.csv,sap__khsalesorder__ItemScheduleLineCollection__TypeCodeText,9921,9920,1,30+,"JSON_ARRAY,VERY_LONG_TEXT","[""Requested"", ""Confirmed"", ""Confirmed"", ""Confirmed"", ""Confirmed"", ""Confirmed"", ""Confirmed""] | [""Requested"", ""Confirmed"", ""Confirmed"", ""Confirmed"", ""Confirmed"", ""Confirmed"", ""Confirmed"", ""Confirmed"", ""Confirmed"", ""Confirmed"", ""Confirmed"", ""Confirmed"", ""Confirmed"", ""Confirmed"", ""Confirmed"", ""Confirmed"", ""Confirmed"", ""Confirmed"", ""Confirmed"", ""Confirmed"", ""Confirmed"", ""Confirmed"", ""Confirmed"", ""Confirmed"", ""Confirmed"", ""Confirmed"", ""Confirmed"", ""Confirmed"", ""Confirmed"", ""Confirmed"", ""Confirmed"", ""Confirmed"", ""Confirmed"", ""Confirmed"", ""Confirmed"", ""Confirmed"", ""Confirmed"", ""Confirmed""] | [""Requested"", ""Confirmed"", ""Confirmed"", ""Confirmed"", ""Confirmed"", ""Confirmed""] | [""Requested"", ""Confirmed"", ""Confirmed"", ""Confirmed"", ""Confirmed"", ""Confirmed"", ""Confirmed"", ""Confirmed""] | [""Requested"", ""Confirmed"", ""Confirmed"", ""Confirmed""]"
sale_order_line.csv,sap__khsalesorder__ItemScheduleLineCollection__unitCode,9921,9920,1,2,,ZNO | KGM
sale_order_line.csv,sap__khsalesorder__ItemScheduleLineCollection__unitCodeText,9921,9920,1,2,,Number | Kilogram
sale_order_line.csv,sap__khsalesorder__ItemShipFromLocationCollection__LocationID,9921,9892,29,2,JSON_ARRAY,"["""", ""71000""] | [""71000"", """"]"
sale_order_line.csv,sap__khsalesorder__ItemShipFromLocationCollection__ObjectID,9921,9920,1,30+,JSON_ARRAY,"[""00163E5F7A721ED98AF03C4571D8DAF6                                    1"", ""00163E5F7A721ED98AF03C4571D8DAF6                                    2""] | [""00163E5F7A721ED98AF0DB64891BDE15                                    1"", ""00163E5F7A721ED98AF0DB64891BDE15                                    2""] | [""00163E5F7A721ED98AF132BB10575FD9                                    1"", ""00163E5F7A721ED98AF132BB10575FD9                                    2""] | [""00163E5F7A721ED98B848858072707A1                                    1"", ""00163E5F7A721ED98B848858072707A1                                    2""] | [""00163E5F7A721ED98B84B54E2CD7C882                                    1"", ""00163E5F7A721ED98B84B54E2CD7C882                                    2""]"
sale_order_line.csv,sap__khsalesorder__ItemShipFromLocationCollection__ParentObjectID,9921,9920,1,30+,,00163E5F7A721ED98AF03C4571D8DAF6 | 00163E5F7A721ED98AF0DB64891BDE15 | 00163E5F7A721ED98AF132BB10575FD9 | 00163E5F7A721ED98B848858072707A1 | 00163E5F7A721ED98B84B54E2CD7C882
sale_order_line.csv,sap__khsalesorder__ItemTextCollection__AuthorName,9921,0,9921,0,,
sale_order_line.csv,sap__khsalesorder__ItemTextCollection__AuthorUUID,9921,0,9921,0,,
sale_order_line.csv,sap__khsalesorder__ItemTextCollection__CreatedBy,9921,73,9848,1,,Maryann Fernandes
sale_order_line.csv,sap__khsalesorder__ItemTextCollection__CreatedOn,9921,73,9848,30+,,2019-02-08 09:16:38 | 2019-02-08 09:52:34 | 2019-02-08 10:12:32 | 2019-02-09 04:38:10 | 2019-02-09 04:48:27
sale_order_line.csv,sap__khsalesorder__ItemTextCollection__LanguageCode,9921,0,9921,0,,
sale_order_line.csv,sap__khsalesorder__ItemTextCollection__LanguageCodeText,9921,0,9921,0,,
sale_order_line.csv,sap__khsalesorder__ItemTextCollection__LastUpdatedBy,9921,73,9848,1,,Maryann Fernandes
sale_order_line.csv,sap__khsalesorder__ItemTextCollection__ObjectID,9921,73,9848,30+,,00163E5F7A721ED98AF04380AF6ADAFF00163E5F7A721ED98AF04380AF6AFAFFT00001 | 00163E5F7A721ED98AF0E4D89F85DE6F00163E5F7A721ED98AF0E4D89F85FE6FT00001 | 00163E5F7A721EE98AF13D71290FC03000163E5F7A721EE98AF13D71290FE030T00001 | 00163E5F7A721ED98B848D327BCC07A500163E5F7A721ED98B848D327BCC27A5T00001 | 00163E5F7A721ED98B84BB12A684088400163E5F7A721ED98B84BB12A6842884T00001
sale_order_line.csv,sap__khsalesorder__ItemTextCollection__ParentObjectID,9921,73,9848,30+,,00163E5F7A721ED98AF03C4571D8DAF6 | 00163E5F7A721ED98AF0DB64891BDE15 | 00163E5F7A721ED98AF132BB10575FD9 | 00163E5F7A721ED98B848858072707A1 | 00163E5F7A721ED98B84B54E2CD7C882
sale_order_line.csv,sap__khsalesorder__ItemTextCollection__Text,9921,73,9848,30+,EMBEDDED_NEWLINE,Legacy sale order: 930020549 dated: 09.01.2019 | Legacy sale order: 930021421 dated: 22.01.2019 | Legacy sale order 930021421 dated: 22.01.2019 | Legacy sale order 930020549 dated 09.01.2019 | Legacy sale order 930015806 dated 31.08.2018
sale_order_line.csv,sap__khsalesorder__ItemTextCollection__TypeCode,9921,73,9848,2,,10011 | 10024
sale_order_line.csv,sap__khsalesorder__ItemTextCollection__TypeCodeText,9921,73,9848,2,,Internal Comment | Customer Information
sale_order_line.csv,sap__khsalesorder__ItemTextCollection__UpdatedOn,9921,73,9848,30+,,2019-02-08 09:16:38 | 2019-02-08 09:52:34 | 2019-02-08 10:12:32 | 2019-02-09 04:38:10 | 2019-02-09 04:48:27
sale_order_line.csv,sap__khsalesorder__ItemVendorPartyCollection__ObjectID,9921,9920,1,30+,"JSON_ARRAY,VERY_LONG_TEXT","[""00163E5F7A721ED98AF03C4571D8DAF6                                    1"", ""00163E5F7A721ED98AF03C4571D8DAF6                                    2"", ""00163E5F7A721ED98AF03C4571D8DAF6                                    3"", ""00163E5F7A721ED98AF03C4571D8DAF6                                    4"", ""00163E5F7A721ED98AF03C4571D8DAF6                                    5"", ""00163E5F7A721ED98AF03C4571D8DAF6                                    6"", ""00163E5F7A721ED98AF03C4571D8DAF6                                    7"", ""00163E5F7A721ED98AF03C4571D8DAF6                                    8"", ""00163E5F7A721ED98AF03C4571D8DAF6                                    9""] | [""00163E5F7A721ED98AF0DB64891BDE15                                    1"", ""00163E5F7A721ED98AF0DB64891BDE15                                    2"", ""00163E5F7A721ED98AF0DB64891BDE15                                    3"", ""00163E5F7A721ED98AF0DB64891BDE15                                    4"", ""00163E5F7A721ED98AF0DB64891BDE15                                    5"", ""00163E5F7A721ED98AF0DB64891BDE15                                    6"", ""00163E5F7A721ED98AF0DB64891BDE15                                    7"", ""00163E5F7A721ED98AF0DB64891BDE15                                    8"", ""00163E5F7A721ED98AF0DB64891BDE15                                    9""] | [""00163E5F7A721ED98AF132BB10575FD9                                    1"", ""00163E5F7A721ED98AF132BB10575FD9                                    2"", ""00163E5F7A721ED98AF132BB10575FD9                                    3"", ""00163E5F7A721ED98AF132BB10575FD9                                    4"", ""00163E5F7A721ED98AF132BB10575FD9                                    5"", ""00163E5F7A721ED98AF132BB10575FD9                                    6"", ""00163E5F7A721ED98AF132BB10575FD9                                    7"", ""00163E5F7A721ED98AF132BB10575FD9                                    8"", ""00163E5F7A721ED98AF132BB10575FD9                                    9""] | [""00163E5F7A721ED98B848858072707A1                                    1"", ""00163E5F7A721ED98B848858072707A1                                    2"", ""00163E5F7A721ED98B848858072707A1                                    3"", ""00163E5F7A721ED98B848858072707A1                                    4"", ""00163E5F7A721ED98B848858072707A1                                    5"", ""00163E5F7A721ED98B848858072707A1                                    6"", ""00163E5F7A721ED98B848858072707A1                                    7"", ""00163E5F7A721ED98B848858072707A1                                    8"", ""00163E5F7A721ED98B848858072707A1                                    9""] | [""00163E5F7A721ED98B84B54E2CD7C882                                    1"", ""00163E5F7A721ED98B84B54E2CD7C882                                    2"", ""00163E5F7A721ED98B84B54E2CD7C882                                    3"", ""00163E5F7A721ED98B84B54E2CD7C882                                    4"", ""00163E5F7A721ED98B84B54E2CD7C882                                    5"", ""00163E5F7A721ED98B84B54E2CD7C882                                    6"", ""00163E5F7A721ED98B84B54E2CD7C882                                    7"", ""00163E5F7A721ED98B84B54E2CD7C882                                    8"", ""00163E5F7A721ED98B84B54E2CD7C882                                    9""]"
sale_order_line.csv,sap__khsalesorder__ItemVendorPartyCollection__ParentObjectID,9921,9920,1,30+,,00163E5F7A721ED98AF03C4571D8DAF6 | 00163E5F7A721ED98AF0DB64891BDE15 | 00163E5F7A721ED98AF132BB10575FD9 | 00163E5F7A721ED98B848858072707A1 | 00163E5F7A721ED98B84B54E2CD7C882
sale_order_line.csv,sap__khsalesorder__ItemVendorPartyCollection__PartyID,9921,9920,1,30+,JSON_ARRAY,"[""1121709"", ""1121709"", ""1121709"", ""1121709"", ""8000000018"", ""71000"", ""70000"", ""71000"", ""70000""] | [""1121778"", ""1121778"", ""1121778"", ""1121778"", ""8000000018"", ""71000"", ""70000"", ""71000"", ""70000""] | [""1127393"", ""1127393"", ""1127393"", ""1127393"", ""8000000018"", ""71000"", ""70000"", ""71000"", ""70000""] | [""1125090"", ""1125090"", ""1125090"", ""1125090"", ""8000000018"", ""71000"", ""70000"", ""71000"", ""70000""] | [""1123611"", ""1123611"", ""1123611"", ""1123611"", ""8000000018"", ""71000"", ""70000"", ""71000"", ""70000""]"
stock_location.csv,id,19,19,0,19,,sap_loc_00163E5F7A721EE987A8E185FB7F8E14 | sap_loc_71000_QARW | sap_loc_71000_RMMS | sap_loc_71000_RMTS | sap_loc_71000_RMQR
stock_location.csv,name,19,19,0,19,,Danlaw Technologies India Limited | QA –Rework | RM-Main store | RM-Transit store | RM-Quarantine
stock_location.csv,location_id/id,19,18,1,1,,sap_loc_00163E5F7A721EE987A8E185FB7F8E14
stock_location.csv,usage,19,19,0,2,,view | internal
stock_location.csv,sap__khlocation__LocationCollection__AltitudeMeasure,19,1,18,1,,0.00000000000000
stock_location.csv,sap__khlocation__LocationCollection__AltitudeUnitCode,19,0,19,0,,
stock_location.csv,sap__khlocation__LocationCollection__CreationDateTime,19,1,18,1,,2019-01-21 06:37:47
stock_location.csv,sap__khlocation__LocationCollection__Description,19,1,18,1,,Danlaw Technologies India Limited
stock_location.csv,sap__khlocation__LocationCollection__ExternallyManagedIndicator,19,1,18,1,,False
stock_location.csv,sap__khlocation__LocationCollection__ID,19,1,18,1,,71000
stock_location.csv,sap__khlocation__LocationCollection__InventoryManagedLocationIndicator,19,1,18,1,,True
stock_location.csv,sap__khlocation__LocationCollection__LastChangeDateTime,19,1,18,1,,2026-09-01 00:27:10
stock_location.csv,sap__khlocation__LocationCollection__LatitudeMeasure,19,1,18,1,,0.00000000000000
stock_location.csv,sap__khlocation__LocationCollection__LatitudeUnitCode,19,1,18,1,,DD
stock_location.csv,sap__khlocation__LocationCollection__LifeCycleStatusCode,19,1,18,1,,2
stock_location.csv,sap__khlocation__LocationCollection__LifeCycleStatusCodeText,19,1,18,1,,Active
stock_location.csv,sap__khlocation__LocationCollection__LongitudeMeasure,19,1,18,1,,0.00000000000000
stock_location.csv,sap__khlocation__LocationCollection__LongitudeUnitCode,19,1,18,1,,DD
stock_location.csv,sap__khlocation__LocationCollection__Name,19,1,18,1,,Danlaw Technologies India Limited
stock_location.csv,sap__khlocation__LocationCollection__NegativeInTransitInventoryAllowedIndicator,19,1,18,1,,True
stock_location.csv,sap__khlocation__LocationCollection__NegativeInventoryAllowedIndicator,19,1,18,1,,False
stock_location.csv,sap__khlocation__LocationCollection__ObjectID,19,1,18,1,,00163E5F7A721EE987A8E185FB7F8E14
stock_location.csv,sap__khlocation__LocationCollection__ParentLocationID,19,0,19,0,,
stock_location.csv,sap__khlocation__LocationCollection__ParentLocationName,19,0,19,0,,
stock_location.csv,sap__khlocation__LocationCollection__ParentLocationUUID,19,0,19,0,,
stock_location.csv,sap__khlocation__LocationCollection__ServicePointIndicator,19,1,18,1,,False
stock_location.csv,sap__khlocation__LocationCollection__ShipFromLocationIndicator,19,1,18,1,,True
stock_location.csv,sap__khlocation__LocationCollection__ShipToLocationIndicator,19,1,18,1,,True
stock_location.csv,sap__khlocation__LocationCollection__SiteIndicator,19,1,18,1,,True
stock_location.csv,sap__khlocation__LocationCollection__TimeZoneCode,19,1,18,1,,INDIA
stock_location.csv,sap__khlocation__LocationCollection__TimeZoneCodeText,19,1,18,1,,(UTC+05:30) Indian Standard Time
stock_location.csv,sap__khlocation__LocationCollection__UUID,19,1,18,1,,00163E5F-7A72-1EE9-87A8-E185FB7F8E14
stock_location.csv,sap__khlocation__LocationCollection__WorkingDayCalendarCode,19,1,18,1,,Z98Z
stock_location.csv,sap__khlocation__LocationCollection__WorkingDayCalendarCodeText,19,1,18,1,,India with 6 working days
stock_move_history.csv,id,15337,15337,0,30+,,sap_move_00163E5F7A721ED98B87CCF57F05B707 | sap_move_00163E5F7A721ED98B87CCF57F05D707 | sap_move_00163E5F7A721ED98CEDC4DA925D0221 | sap_move_00163E5F7A721ED98CFEE3D53CCF0FBA | sap_move_00163E5F7A721ED98CFEE3D53CCF2FBA
stock_move_history.csv,name,15337,15337,0,30+,,"TPKG -0031 corrugated boxes | TPKG-0004  corrugated boxes | TDD-0251-1 Rev-1 FLIP CARRIER PLATE | Aluminium Tape for KIR PROFILIER | Thermocouple set of 7 TC,3FT,Type K,30G"
stock_move_history.csv,reference,15337,15337,0,30+,,1 | 9 | 10 | 14 | 16
stock_move_history.csv,product_id/id,15337,83,15254,30+,,sap_prod_MCPM01ORNGMSMN | sap_prod_MCPM02ORNGMSMN | sap_prod_SCDG01BATRY24V | sap_prod_MCPM01MSMATSEL | sap_prod_MCPM01ORNGMS42
stock_move_history.csv,product_uom_qty,15337,15337,0,30+,,150.00000000000000 | 250.00000000000000 | 30.00000000000000 | 1.00000000000000 | 9400.00000000000000
stock_move_history.csv,product_uom/id,15337,15337,0,17,,sap_uom_ZNO | sap_uom_SET | sap_uom_EA | sap_uom_MTR | sap_uom_XRO
stock_move_history.csv,date,15337,15337,0,30+,,2019-02-09 | 2019-02-18 | 2019-02-19 | 2019-02-21 | 2019-02-22
stock_move_history.csv,state,15337,15337,0,1,,done
stock_move_history.csv,partner_id/id,15337,15337,0,30+,,sap_bp_2009777 | sap_bp_2015039 | sap_bp_2009159 | sap_bp_2012190 | sap_bp_2015071
stock_move_history.csv,sap__khgoodsandserviceacknowledgement__ItemCollection__AcceptanceStatusCode,15337,0,15337,0,,
stock_move_history.csv,sap__khgoodsandserviceacknowledgement__ItemCollection__AcceptanceStatusCodeText,15337,0,15337,0,,
stock_move_history.csv,sap__khgoodsandserviceacknowledgement__ItemCollection__CancellationStatusCode,15337,15333,4,2,,4 | 1
stock_move_history.csv,sap__khgoodsandserviceacknowledgement__ItemCollection__CancellationStatusCodeText,15337,15333,4,2,,Canceled | Not Canceled
stock_move_history.csv,sap__khgoodsandserviceacknowledgement__ItemCollection__DeliveredQuantity,15337,15337,0,30+,,150.00000000000000 | 250.00000000000000 | 30.00000000000000 | 1.00000000000000 | 9400.00000000000000
stock_move_history.csv,sap__khgoodsandserviceacknowledgement__ItemCollection__DeliveredQuantityUnitCode,15337,15337,0,17,,ZNO | SET | EA | MTR | XRO
stock_move_history.csv,sap__khgoodsandserviceacknowledgement__ItemCollection__DeliveredQuantityUnitCodeText,15337,15337,0,17,,Number | Set | Each | Meter | Roll
stock_move_history.csv,sap__khgoodsandserviceacknowledgement__ItemCollection__DeliveryEndDateTime,15337,15337,0,30+,,2019-02-09 13:00:00 | 2019-02-18 13:00:00 | 2019-02-19 13:00:00 | 2019-02-21 13:00:00 | 2019-02-22 13:00:00
stock_move_history.csv,sap__khgoodsandserviceacknowledgement__ItemCollection__DeliveryEndTimeZoneCode,15337,14940,397,2,,INDIA | UTC
stock_move_history.csv,sap__khgoodsandserviceacknowledgement__ItemCollection__DeliveryStartDateTime,15337,15337,0,30+,,2019-02-08 13:00:00 | 2019-02-17 13:00:00 | 2019-02-18 13:00:00 | 2019-02-20 13:00:00 | 2019-02-21 13:00:00
stock_move_history.csv,sap__khgoodsandserviceacknowledgement__ItemCollection__DeliveryStartTimeZoneCode,15337,14940,397,2,,INDIA | UTC
stock_move_history.csv,sap__khgoodsandserviceacknowledgement__ItemCollection__Description,15337,15337,0,30+,,"TPKG -0031 corrugated boxes | TPKG-0004  corrugated boxes | TDD-0251-1 Rev-1 FLIP CARRIER PLATE | Aluminium Tape for KIR PROFILIER | Thermocouple set of 7 TC,3FT,Type K,30G"
stock_move_history.csv,sap__khgoodsandserviceacknowledgement__ItemCollection__GoodsReturnStatusCode,15337,15306,31,3,,1 | 3 | 2
stock_move_history.csv,sap__khgoodsandserviceacknowledgement__ItemCollection__GoodsReturnStatusCodeText,15337,15306,31,3,,Not Returned | Returned | Partially Returned
stock_move_history.csv,sap__khgoodsandserviceacknowledgement__ItemCollection__ID,15337,15337,0,30+,,2 | 1 | 3 | 5 | 4
stock_move_history.csv,sap__khgoodsandserviceacknowledgement__ItemCollection__ItemLifeCycleStatusCode,15337,15337,0,4,,9 | 7 | 11 | 10
stock_move_history.csv,sap__khgoodsandserviceacknowledgement__ItemCollection__ItemLifeCycleStatusCodeText,15337,15337,0,4,,Canceled | Released | Goods Returned | Goods Partially Returned
stock_move_history.csv,sap__khgoodsandserviceacknowledgement__ItemCollection__NetAmount,15337,15337,0,30+,,25500.000000 | 4950.000000 | 206700.000000 | 1100.000000 | 5180.000000
stock_move_history.csv,sap__khgoodsandserviceacknowledgement__ItemCollection__NetAmountCurrencyCode,15337,15337,0,5,,INR | EUR | USD | JPY | SGD
stock_move_history.csv,sap__khgoodsandserviceacknowledgement__ItemCollection__NetAmountCurrencyCodeText,15337,15337,0,5,,Indian Rupee | Euro | US Dollar | Yen | Singapore Dollar
stock_move_history.csv,sap__khgoodsandserviceacknowledgement__ItemCollection__NetUnitPriceAmount,15337,15337,0,30+,,170.000000 | 19.800000 | 6890.000000 | 1100.000000 | 5180.000000
stock_move_history.csv,sap__khgoodsandserviceacknowledgement__ItemCollection__NetUnitPriceAmountBaseQuantity,15337,15337,0,4,,1.00000000000000 | 2.00000000000000 | 100.00000000000000 | 10.00000000000000
stock_move_history.csv,sap__khgoodsandserviceacknowledgement__ItemCollection__NetUnitPriceAmountBaseQuantityUnitCode,15337,15337,0,17,,ZNO | SET | EA | MTR | XRO
stock_move_history.csv,sap__khgoodsandserviceacknowledgement__ItemCollection__NetUnitPriceAmountCurrencyCode,15337,15337,0,5,,INR | EUR | USD | JPY | SGD
stock_move_history.csv,sap__khgoodsandserviceacknowledgement__ItemCollection__ObjectID,15337,15337,0,30+,,00163E5F7A721ED98B87CCF57F05B707 | 00163E5F7A721ED98B87CCF57F05D707 | 00163E5F7A721ED98CEDC4DA925D0221 | 00163E5F7A721ED98CFEE3D53CCF0FBA | 00163E5F7A721ED98CFEE3D53CCF2FBA
stock_move_history.csv,sap__khgoodsandserviceacknowledgement__ItemCollection__OpenQuantityCancelledIndicator,15337,15337,0,1,,False
stock_move_history.csv,sap__khgoodsandserviceacknowledgement__ItemCollection__ParentObjectID,15337,15337,0,30+,,00163E5F7A721ED98B87CCDE4EC31707 | 00163E5F7A721ED98CEDC4DA92568221 | 00163E5F7A721ED98CFEE3D53CC88FBA | 00163E5F7A721ED98DB51162551B61A4 | 00163E5F7A721ED98DD2B74419162708
stock_move_history.csv,sap__khgoodsandserviceacknowledgement__ItemCollection__ProductCategoryInternalID,15337,15337,0,26,,OTH | Z410 | Z350 | Z430 | Z240
stock_move_history.csv,sap__khgoodsandserviceacknowledgement__ItemCollection__ProductID,15337,83,15254,30+,,MCPM01ORNGMSMN | MCPM02ORNGMSMN | SCDG01BATRY24V | MCPM01MSMATSEL | MCPM01ORNGMS42
stock_move_history.csv,sap__khgoodsandserviceacknowledgement__ItemCollection__ProductSellerID,15337,0,15337,0,,
stock_move_history.csv,sap__khgoodsandserviceacknowledgement__ItemCollection__TotalDeliveredQuantity,15337,15337,0,30+,,0.00000000000000 | -30.00000000000000 | -350.00000000000000 | -1.00000000000000 | -50000.00000000000000
stock_move_history.csv,sap__khgoodsandserviceacknowledgement__ItemCollection__TotalDeliveredQuantityUnitCode,15337,14051,1286,17,,ZFT | ZNO | SET | XRO | EA
stock_move_history.csv,sap__khgoodsandserviceacknowledgement__ItemCollection__TotalDeliveredQuantityUnitCodeText,15337,14051,1286,17,,Square Feet | Number | Set | Roll | Each
stock_move_history.csv,sap__khgoodsandserviceacknowledgement__ItemCollection__TypeCode,15337,15337,0,3,,18 | 84 | 19
stock_move_history.csv,sap__khgoodsandserviceacknowledgement__ItemCollection__TypeCodeText,15337,15337,0,3,,Material | Expense | Service
stock_move_history.csv,sap__khgoodsandserviceacknowledgement__ItemDocumentReferenceCollection__ID,15337,15337,0,30+,JSON_ARRAY,"[""30000001"", ""28""] | [""30000015"", ""71""] | [""30000054"", ""50""] | [""30000148"", ""29""] | [""30000172"", ""32""]"
stock_move_history.csv,sap__khgoodsandserviceacknowledgement__ItemDocumentReferenceCollection__ItemID,15337,15337,0,30+,JSON_ARRAY,"2 | 1 | 3 | [""1"", ""2""] | 4"
stock_move_history.csv,sap__khgoodsandserviceacknowledgement__ItemDocumentReferenceCollection__ItemTypeCode,15337,15337,0,3,,18 | 84 | 19
stock_move_history.csv,sap__khgoodsandserviceacknowledgement__ItemDocumentReferenceCollection__ItemTypeCodeText,15337,15337,0,3,,Material | Expense | Service
stock_move_history.csv,sap__khgoodsandserviceacknowledgement__ItemDocumentReferenceCollection__ObjectID,15337,15337,0,30+,JSON_ARRAY,"[""00163E5F7A721ED98B87CCF57F091707"", ""00163E5F7A721EE98EFBE66814EDBF7A""] | [""00163E5F7A721ED98B87CCF57F083707"", ""00163E5F7A721EE98EFBE66814ED9F7A""] | [""00163E5F7A721ED98CEDC4DA925F8221"", ""00163E708BF91ED990C7AC222051472D""] | [""00163E5F7A721ED98CFEE3D53CD36FBA"", ""00163E5F7A721EE98F969CEA005BD3E8""] | [""00163E5F7A721ED98CFEE3D53CD28FBA"", ""00163E5F7A721EE98F969CEA005BB3E8""]"
stock_move_history.csv,sap__khgoodsandserviceacknowledgement__ItemDocumentReferenceCollection__ParentObjectID,15337,15337,0,30+,,00163E5F7A721ED98B87CCF57F05B707 | 00163E5F7A721ED98B87CCF57F05D707 | 00163E5F7A721ED98CEDC4DA925D0221 | 00163E5F7A721ED98CFEE3D53CCF0FBA | 00163E5F7A721ED98CFEE3D53CCF2FBA
stock_move_history.csv,sap__khgoodsandserviceacknowledgement__ItemDocumentReferenceCollection__TypeCode,15337,15337,0,9,JSON_ARRAY,"[""001"", ""282""] | [""282"", ""001""] | 001 | [""001"", ""283""] | [""283"", ""001""]"
stock_move_history.csv,sap__khgoodsandserviceacknowledgement__ItemDocumentReferenceCollection__TypeCodeText,15337,15337,0,9,JSON_ARRAY,"[""Purchase Order"", ""Goods And Service Confirmation""] | [""Goods And Service Confirmation"", ""Purchase Order""] | Purchase Order | [""Purchase Order"", ""Goods Return""] | [""Goods Return"", ""Purchase Order""]"
stock_move_history.csv,sap__khgoodsandserviceacknowledgement__ItemPartyCollection__ObjectID,15337,15337,0,30+,JSON_ARRAY,"[""00163E5F7A721ED98B87CCF57F087707"", ""00163E5F7A721ED98B87CCF57F089707""] | [""00163E5F7A721ED98B87CCF57F061707"", ""00163E5F7A721ED98B87CCF57F063707""] | [""00163E5F7A721ED98CEDC4DA925D4221"", ""00163E5F7A721ED98CEDC4DA925EE221"", ""00163E5F7A721ED98CEDC4DA925F0221""] | [""00163E5F7A721ED98CFEE3D53CD2CFBA"", ""00163E5F7A721ED98CFEE3D53CD2EFBA""] | [""00163E5F7A721ED98CFEE3D53CD1EFBA"", ""00163E5F7A721ED98CFEE3D53CD20FBA""]"
stock_move_history.csv,sap__khgoodsandserviceacknowledgement__ItemPartyCollection__ParentObjectID,15337,15337,0,30+,,00163E5F7A721ED98B87CCF57F05B707 | 00163E5F7A721ED98B87CCF57F05D707 | 00163E5F7A721ED98CEDC4DA925D0221 | 00163E5F7A721ED98CFEE3D53CCF0FBA | 00163E5F7A721ED98CFEE3D53CCF2FBA
stock_move_history.csv,sap__khgoodsandserviceacknowledgement__ItemPartyCollection__PartyID,15337,15337,0,30+,JSON_ARRAY,"[""71000"", ""G160""] | [""G137"", ""71000"", ""G137""] | [""71000"", ""G196""] | [""G229"", ""71000"", ""G229""] | [""G160"", ""71000"", ""G160""]"
stock_move_history.csv,sap__khgoodsandserviceacknowledgement__ItemPartyCollection__RoleCode,15337,15337,0,10,JSON_ARRAY,"[""202"", ""5""] | [""13"", ""202"", ""5""] | [""5"", ""202""] | [""5"", ""202"", ""13""] | [""13"", ""202""]"
stock_move_history.csv,sap__khgoodsandserviceacknowledgement__ItemPartyCollection__RoleCodeText,15337,15337,0,10,JSON_ARRAY,"[""Tax Reporting Unit"", ""Product Recipient""] | [""Requestor"", ""Tax Reporting Unit"", ""Product Recipient""] | [""Product Recipient"", ""Tax Reporting Unit""] | [""Product Recipient"", ""Tax Reporting Unit"", ""Requestor""] | [""Requestor"", ""Tax Reporting Unit""]"
stock_move_history.csv,sap__khgoodsandserviceacknowledgement__ItemPurchaseOrderReferenceCollection__ID,15337,15337,0,30+,JSON_ARRAY,"[""30000001"", ""28""] | [""30000015"", ""71""] | [""30000054"", ""50""] | [""30000148"", ""29""] | [""30000172"", ""32""]"
stock_move_history.csv,sap__khgoodsandserviceacknowledgement__ItemPurchaseOrderReferenceCollection__ItemID,15337,15337,0,30+,JSON_ARRAY,"2 | 1 | 3 | [""1"", ""2""] | 4"
stock_move_history.csv,sap__khgoodsandserviceacknowledgement__ItemPurchaseOrderReferenceCollection__ItemTypeCode,15337,15337,0,3,,18 | 84 | 19
stock_move_history.csv,sap__khgoodsandserviceacknowledgement__ItemPurchaseOrderReferenceCollection__ItemTypeCodeText,15337,15337,0,3,,Material | Expense | Service
stock_move_history.csv,sap__khgoodsandserviceacknowledgement__ItemPurchaseOrderReferenceCollection__ObjectID,15337,15337,0,30+,JSON_ARRAY,"[""00163E5F7A721ED98B87CCF57F091707"", ""00163E5F7A721EE98EFBE66814EDBF7A""] | [""00163E5F7A721ED98B87CCF57F083707"", ""00163E5F7A721EE98EFBE66814ED9F7A""] | [""00163E5F7A721ED98CEDC4DA925F8221"", ""00163E708BF91ED990C7AC222051472D""] | [""00163E5F7A721ED98CFEE3D53CD36FBA"", ""00163E5F7A721EE98F969CEA005BD3E8""] | [""00163E5F7A721ED98CFEE3D53CD28FBA"", ""00163E5F7A721EE98F969CEA005BB3E8""]"
stock_move_history.csv,sap__khgoodsandserviceacknowledgement__ItemPurchaseOrderReferenceCollection__ParentObjectID,15337,15337,0,30+,,00163E5F7A721ED98B87CCF57F05B707 | 00163E5F7A721ED98B87CCF57F05D707 | 00163E5F7A721ED98CEDC4DA925D0221 | 00163E5F7A721ED98CFEE3D53CCF0FBA | 00163E5F7A721ED98CFEE3D53CCF2FBA
stock_move_history.csv,sap__khgoodsandserviceacknowledgement__ItemPurchasingContractReferenceCollection__ID,15337,15337,0,30+,JSON_ARRAY,"[""30000001"", ""28""] | [""30000015"", ""71""] | [""30000054"", ""50""] | [""30000148"", ""29""] | [""30000172"", ""32""]"
stock_move_history.csv,sap__khgoodsandserviceacknowledgement__ItemPurchasingContractReferenceCollection__ItemID,15337,15337,0,30+,JSON_ARRAY,"2 | 1 | 3 | [""1"", ""2""] | 4"
stock_move_history.csv,sap__khgoodsandserviceacknowledgement__ItemPurchasingContractReferenceCollection__ItemTypeCode,15337,15337,0,3,,18 | 84 | 19
stock_move_history.csv,sap__khgoodsandserviceacknowledgement__ItemPurchasingContractReferenceCollection__ItemTypeCodeText,15337,15337,0,3,,Material | Expense | Service
stock_move_history.csv,sap__khgoodsandserviceacknowledgement__ItemPurchasingContractReferenceCollection__ObjectID,15337,15337,0,30+,JSON_ARRAY,"[""00163E5F7A721ED98B87CCF57F091707"", ""00163E5F7A721EE98EFBE66814EDBF7A""] | [""00163E5F7A721ED98B87CCF57F083707"", ""00163E5F7A721EE98EFBE66814ED9F7A""] | [""00163E5F7A721ED98CEDC4DA925F8221"", ""00163E708BF91ED990C7AC222051472D""] | [""00163E5F7A721ED98CFEE3D53CD36FBA"", ""00163E5F7A721EE98F969CEA005BD3E8""] | [""00163E5F7A721ED98CFEE3D53CD28FBA"", ""00163E5F7A721EE98F969CEA005BB3E8""]"
stock_move_history.csv,sap__khgoodsandserviceacknowledgement__ItemPurchasingContractReferenceCollection__ParentObjectID,15337,15337,0,30+,,00163E5F7A721ED98B87CCF57F05B707 | 00163E5F7A721ED98B87CCF57F05D707 | 00163E5F7A721ED98CEDC4DA925D0221 | 00163E5F7A721ED98CFEE3D53CCF0FBA | 00163E5F7A721ED98CFEE3D53CCF2FBA
stock_move_history.csv,sap__khgoodsandserviceacknowledgement__ItemPurchasingContractReferenceCollection__TypeCode,15337,15337,0,9,JSON_ARRAY,"[""001"", ""282""] | [""282"", ""001""] | 001 | [""001"", ""283""] | [""283"", ""001""]"
stock_move_history.csv,sap__khgoodsandserviceacknowledgement__ItemPurchasingContractReferenceCollection__TypeCodeText,15337,15337,0,9,JSON_ARRAY,"[""Purchase Order"", ""Goods And Service Confirmation""] | [""Goods And Service Confirmation"", ""Purchase Order""] | Purchase Order | [""Purchase Order"", ""Goods Return""] | [""Goods Return"", ""Purchase Order""]"
stock_move_history.csv,sap__khgoodsandserviceacknowledgement__ItemRequestorPartyCollection__ObjectID,15337,15337,0,30+,JSON_ARRAY,"[""00163E5F7A721ED98B87CCF57F087707"", ""00163E5F7A721ED98B87CCF57F089707""] | [""00163E5F7A721ED98B87CCF57F061707"", ""00163E5F7A721ED98B87CCF57F063707""] | [""00163E5F7A721ED98CEDC4DA925D4221"", ""00163E5F7A721ED98CEDC4DA925EE221"", ""00163E5F7A721ED98CEDC4DA925F0221""] | [""00163E5F7A721ED98CFEE3D53CD2CFBA"", ""00163E5F7A721ED98CFEE3D53CD2EFBA""] | [""00163E5F7A721ED98CFEE3D53CD1EFBA"", ""00163E5F7A721ED98CFEE3D53CD20FBA""]"
stock_move_history.csv,sap__khgoodsandserviceacknowledgement__ItemRequestorPartyCollection__ParentObjectID,15337,15337,0,30+,,00163E5F7A721ED98B87CCF57F05B707 | 00163E5F7A721ED98B87CCF57F05D707 | 00163E5F7A721ED98CEDC4DA925D0221 | 00163E5F7A721ED98CFEE3D53CCF0FBA | 00163E5F7A721ED98CFEE3D53CCF2FBA
stock_move_history.csv,sap__khgoodsandserviceacknowledgement__ItemRequestorPartyCollection__PartyID,15337,15337,0,30+,JSON_ARRAY,"[""71000"", ""G160""] | [""G137"", ""71000"", ""G137""] | [""71000"", ""G196""] | [""G229"", ""71000"", ""G229""] | [""G160"", ""71000"", ""G160""]"
stock_move_history.csv,sap__khgoodsandserviceacknowledgement__ItemTextCollection__AuthorName,15337,0,15337,0,,
stock_move_history.csv,sap__khgoodsandserviceacknowledgement__ItemTextCollection__AuthorUUID,15337,0,15337,0,,
stock_move_history.csv,sap__khgoodsandserviceacknowledgement__ItemTextCollection__CreatedBy,15337,5018,10319,6,,Pradosh Prakash Betkikar | Meenali Naik | Viraj Naik | Suresh Kubappa Lamani | Joel Fernandes
stock_move_history.csv,sap__khgoodsandserviceacknowledgement__ItemTextCollection__CreatedOn,15337,5018,10319,30+,,2020-01-22 05:22:05 | 2020-01-22 06:35:23 | 2020-01-22 07:19:55 | 2020-01-22 07:22:45 | 2020-01-22 08:49:59
stock_move_history.csv,sap__khgoodsandserviceacknowledgement__ItemTextCollection__LanguageCode,15337,5017,10320,1,,EN
stock_move_history.csv,sap__khgoodsandserviceacknowledgement__ItemTextCollection__LanguageCodeText,15337,5017,10320,1,,English
stock_move_history.csv,sap__khgoodsandserviceacknowledgement__ItemTextCollection__LastUpdatedBy,15337,5018,10319,6,,Pradosh Prakash Betkikar | Meenali Naik | Viraj Naik | Suresh Kubappa Lamani | Joel Fernandes
stock_move_history.csv,sap__khgoodsandserviceacknowledgement__ItemTextCollection__ObjectID,15337,5018,10319,30+,JSON_ARRAY,00163E876ABA1EDA8F9ADE099C956B0000163E876ABA1EDA8F9ADE099C958B00T00001 | 00163E876ABA1EDA8F9BC94C48242F8C00163E876ABA1EDA8F9BC94C48246F8CT00001 | 00163E876ABA1EDA8F9BC94C48244F8C00163E876ABA1EDA8F9BC94C4824AF8CT00001 | 00163E876ABA1EDA8F9CD50AFBE9749B00163E876ABA1EDA8F9CD50AFBE9B49BT00001 | 00163E876ABA1EDA8F9CD50AFBE9949B00163E876ABA1EDA8F9CD50AFBE9F49BT00001
stock_move_history.csv,sap__khgoodsandserviceacknowledgement__ItemTextCollection__ParentObjectID,15337,5018,10319,30+,,00163E876ABA1EDA8F9ADE099C91CB00 | 00163E876ABA1EDA8F9BC94C481D2F8C | 00163E876ABA1EDA8F9BC94C481D4F8C | 00163E876ABA1EDA8F9CD50AFBE4149B | 00163E876ABA1EDA8F9CD50AFBE4349B
stock_move_history.csv,sap__khgoodsandserviceacknowledgement__ItemTextCollection__Text,15337,4780,10557,30+,"EMBEDDED_NEWLINE,JSON_ARRAY,VERY_LONG_TEXT","Resolution: 300 dpi.
Printer warranty 1 year 
& print head 3 months. | Note:Repeat Order. | Pant and Shirt set with Emroidery and logo. | Note:Repeat Order. Length-3.5 meters Width-1.2 meters. | 1. 375VC Solder V-Cut Feeder
    Specifications:
    Applicable wire Diameter -0.5mm- 1.6mm
    One cutter applicable for one size only
    Low Noise , easy carry
    Fast activate soldering flux to create ideal
    soldering condition
    Foot switch operation

2. Inclusive of Extra cutter set for 0.8 mm"
stock_move_history.csv,sap__khgoodsandserviceacknowledgement__ItemTextCollection__TypeCode,15337,5018,10319,7,JSON_ARRAY,"10014 | 10011 | 10015 | [""10011"", ""10014""] | [""10011"", ""10011"", ""10011"", ""10014""]"
stock_move_history.csv,sap__khgoodsandserviceacknowledgement__ItemTextCollection__TypeCodeText,15337,5018,10319,7,JSON_ARRAY,"Remark for Supplier | Internal Comment | Remark from Supplier | [""Internal Comment"", ""Remark for Supplier""] | [""Internal Comment"", ""Internal Comment"", ""Internal Comment"", ""Remark for Supplier""]"
stock_move_history.csv,sap__khgoodsandserviceacknowledgement__ItemTextCollection__UpdatedOn,15337,5018,10319,30+,,2020-01-22 05:22:05 | 2020-01-22 06:35:23 | 2020-01-22 07:19:55 | 2020-01-22 07:22:45 | 2020-01-22 08:49:59
stock_picking_delivery.csv,id,28672,28672,0,30+,,sap_delivery_00163E5F7A721ED98B8490AF427507AE | sap_delivery_00163E5F7A721ED98B8684765060F0A3 | sap_delivery_00163E5F7A721ED98B87C9470BFBB702 | sap_delivery_00163E5F7A721ED98BD62D9C5951F934 | sap_delivery_00163E5F7A721ED98BEF44BDEA2BEEB7
stock_picking_delivery.csv,name,28672,28672,0,30+,,8-1 | 8-2 | 8-3 | 8-4 | 8-5
stock_picking_delivery.csv,partner_id/id,28672,28672,0,30+,,sap_bp_1121778 | sap_bp_1121709 | sap_bp_1123122 | sap_bp_1123611 | sap_bp_1113761
stock_picking_delivery.csv,scheduled_date,28672,28672,0,30+,,2019-02-09 | 2019-02-12 | 2019-02-13 | 2019-02-14 | 2019-02-15
stock_picking_delivery.csv,state,28672,28672,0,1,,done
stock_picking_delivery.csv,sap__khoutbounddelivery__OutboundDeliveryCollection__CancellationStatusCode,28672,28672,0,2,,1 | 4
stock_picking_delivery.csv,sap__khoutbounddelivery__OutboundDeliveryCollection__CancellationStatusCodeText,28672,28672,0,2,,Not Canceled | Canceled
stock_picking_delivery.csv,sap__khoutbounddelivery__OutboundDeliveryCollection__ConsistencyStatusCode,28672,28672,0,1,,3
stock_picking_delivery.csv,sap__khoutbounddelivery__OutboundDeliveryCollection__ConsistencyStatusCodeText,28672,28672,0,1,,Consistent
stock_picking_delivery.csv,sap__khoutbounddelivery__OutboundDeliveryCollection__CreationDateTime,28672,28672,0,30+,,2019-02-09 04:49:14 | 2019-02-09 06:31:25 | 2019-02-09 07:45:20 | 2019-02-12 10:33:13 | 2019-02-13 10:32:17
stock_picking_delivery.csv,sap__khoutbounddelivery__OutboundDeliveryCollection__DataOriginTypeCode,28672,28672,0,1,,1
stock_picking_delivery.csv,sap__khoutbounddelivery__OutboundDeliveryCollection__DataOriginTypeCodeText,28672,28672,0,1,,Manual Data Entry
stock_picking_delivery.csv,sap__khoutbounddelivery__OutboundDeliveryCollection__DeliveryProcessingStatusCode,28672,28672,0,3,,3 | 1 | 2
stock_picking_delivery.csv,sap__khoutbounddelivery__OutboundDeliveryCollection__DeliveryProcessingStatusCodeText,28672,28672,0,3,,Finished | Not Started | In Process
stock_picking_delivery.csv,sap__khoutbounddelivery__OutboundDeliveryCollection__DeliveryTypeCode,28672,28672,0,2,,OB | ODSH
stock_picking_delivery.csv,sap__khoutbounddelivery__OutboundDeliveryCollection__DeliveryTypeCodeText,28672,28672,0,2,,Standard | Return to Supplier
stock_picking_delivery.csv,sap__khoutbounddelivery__OutboundDeliveryCollection__ID,28672,28672,0,30+,,8-1 | 8-2 | 8-3 | 8-4 | 8-5
stock_picking_delivery.csv,sap__khoutbounddelivery__OutboundDeliveryCollection__IncotermsClassificationCode,28672,26263,2409,8,,EXW | CFR | FAS | FCA | FOB
stock_picking_delivery.csv,sap__khoutbounddelivery__OutboundDeliveryCollection__IncotermsClassificationCodeText,28672,26263,2409,8,,Ex works | Cost and freight | Free alongside ship | Free carrier | Free on board
stock_picking_delivery.csv,sap__khoutbounddelivery__OutboundDeliveryCollection__IncotermsLocationName,28672,26263,2409,30+,,Vadodara | Pune | Ahmednagar | Bharatgarh | SATARA
stock_picking_delivery.csv,sap__khoutbounddelivery__OutboundDeliveryCollection__ObjectID,28672,28672,0,30+,,00163E5F7A721ED98B8490AF427507AE | 00163E5F7A721ED98B8684765060F0A3 | 00163E5F7A721ED98B87C9470BFBB702 | 00163E5F7A721ED98BD62D9C5951F934 | 00163E5F7A721ED98BEF44BDEA2BEEB7
stock_picking_delivery.csv,sap__khoutbounddelivery__OutboundDeliveryCollection__PickupIndicator,28672,28672,0,1,,False
stock_picking_delivery.csv,sap__khoutbounddelivery__OutboundDeliveryCollection__ReleaseStatusCode,28672,28672,0,2,,3 | 1
stock_picking_delivery.csv,sap__khoutbounddelivery__OutboundDeliveryCollection__ReleaseStatusCodeText,28672,28672,0,2,,Released | Not Released
stock_picking_delivery.csv,sap__khoutbounddelivery__OutboundDeliveryCollection__TypeCode,28672,28672,0,2,,1553 | 1556
stock_picking_delivery.csv,sap__khoutbounddelivery__OutboundDeliveryCollection__TypeCodeText,28672,28672,0,2,,Customer Outbound Delivery | Supplier Return Outbound Delivery
stock_picking_delivery.csv,sap__khoutbounddelivery__OutboundDeliveryCollection__UUID,28672,28672,0,30+,,00163E5F-7A72-1ED9-8B84-90AF427507AE | 00163E5F-7A72-1ED9-8B86-84765060F0A3 | 00163E5F-7A72-1ED9-8B87-C9470BFBB702 | 00163E5F-7A72-1ED9-8BD6-2D9C5951F934 | 00163E5F-7A72-1ED9-8BEF-44BDEA2BEEB7
stock_picking_delivery.csv,sap__khoutbounddelivery__ArrivalPeriodCollection__EndDateTime,28672,28672,0,30+,,2019-02-09 04:39:00 | 2019-02-09 06:31:00 | 2019-02-09 07:43:00 | 2019-02-12 10:32:00 | 2019-02-13 10:29:00
stock_picking_delivery.csv,sap__khoutbounddelivery__ArrivalPeriodCollection__EndDateTimeZoneCode,28672,28672,0,4,JSON_ARRAY,"INDIA | [""INDIA"", ""CET""] | [""INDIA"", ""UTC+8""] | [""INDIA"", ""JAPAN""]"
stock_picking_delivery.csv,sap__khoutbounddelivery__ArrivalPeriodCollection__ObjectID,28672,28672,0,30+,JSON_ARRAY,"[""00163E5F7A721ED98B8490AF427527AE"", ""00163E5F7A721ED98B8490AF427A27AE""] | [""00163E5F7A721ED98B868476506110A3"", ""00163E5F7A721ED98B8684765065D0A3""] | [""00163E5F7A721ED98B87C9470BFBD702"", ""00163E5F7A721ED98B87C9470C009702""] | [""00163E5F7A721ED98BD62D9C59521934"", ""00163E5F7A721ED98BD62D9C59575934""] | [""00163E5F7A721ED98BEF44BDEA2C0EB7"", ""00163E5F7A721ED98BEF44BDEA30CEB7""]"
stock_picking_delivery.csv,sap__khoutbounddelivery__ArrivalPeriodCollection__ParentObjectID,28672,28672,0,30+,,00163E5F7A721ED98B8490AF427507AE | 00163E5F7A721ED98B8684765060F0A3 | 00163E5F7A721ED98B87C9470BFBB702 | 00163E5F7A721ED98BD62D9C5951F934 | 00163E5F7A721ED98BEF44BDEA2BEEB7
stock_picking_delivery.csv,sap__khoutbounddelivery__ArrivalPeriodCollection__StartDateTime,28672,28672,0,30+,,2019-02-09 04:38:00 | 2019-02-09 06:30:00 | 2019-02-09 07:42:00 | 2019-02-12 10:31:00 | 2019-02-13 10:28:00
stock_picking_delivery.csv,sap__khoutbounddelivery__ArrivalPeriodCollection__StartDateTimeZoneCode,28672,28672,0,4,JSON_ARRAY,"INDIA | [""INDIA"", ""CET""] | [""INDIA"", ""UTC+8""] | [""INDIA"", ""JAPAN""]"
stock_picking_delivery.csv,sap__khoutbounddelivery__BuyerPartyCollection__ObjectID,28672,28672,0,30+,JSON_ARRAY,"[""00163E5F7A721ED98B8490AF427747AE"", ""00163E5F7A721ED98B8490AF427767AE"", ""00163E5F7A721ED98B8490AF427807AE"", ""00163E5F7A721ED98B8490AF427847AE""] | [""00163E5F7A721ED98B8684765062F0A3"", ""00163E5F7A721ED98B868476506310A3"", ""00163E5F7A721ED98B8684765063B0A3"", ""00163E5F7A721ED98B8684765063F0A3""] | [""00163E5F7A721ED98B87C9470BFDB702"", ""00163E5F7A721ED98B87C9470BFDD702"", ""00163E5F7A721ED98B87C9470BFE7702"", ""00163E5F7A721ED98B87C9470BFEB702""] | [""00163E5F7A721ED98BD62D9C59547934"", ""00163E5F7A721ED98BD62D9C59549934"", ""00163E5F7A721ED98BD62D9C59553934"", ""00163E5F7A721ED98BD62D9C59557934""] | [""00163E5F7A721ED98BEF44BDEA2DEEB7"", ""00163E5F7A721ED98BEF44BDEA2E0EB7"", ""00163E5F7A721ED98BEF44BDEA2EAEB7"", ""00163E5F7A721ED98BEF44BDEA2EEEB7""]"
stock_picking_delivery.csv,sap__khoutbounddelivery__BuyerPartyCollection__ParentObjectID,28672,28672,0,30+,,00163E5F7A721ED98B8490AF427507AE | 00163E5F7A721ED98B8684765060F0A3 | 00163E5F7A721ED98B87C9470BFBB702 | 00163E5F7A721ED98BD62D9C5951F934 | 00163E5F7A721ED98BEF44BDEA2BEEB7
stock_picking_delivery.csv,sap__khoutbounddelivery__BuyerPartyCollection__PartyID,28672,28672,0,30+,JSON_ARRAY,"[""1121778"", ""70000"", ""1121778"", ""70000""] | [""1121709"", ""70000"", ""1121709"", ""70000""] | [""1123122"", ""70000"", ""1123122"", ""70000""] | [""1123611"", ""70000"", ""1123611"", ""70000""] | [""1113761"", ""70000"", ""1113761"", ""70000""]"
stock_picking_delivery.csv,sap__khoutbounddelivery__FreightForwarderPartyCollection__ObjectID,28672,28672,0,30+,JSON_ARRAY,"[""00163E5F7A721ED98B8490AF427747AE"", ""00163E5F7A721ED98B8490AF427767AE"", ""00163E5F7A721ED98B8490AF427807AE"", ""00163E5F7A721ED98B8490AF427847AE""] | [""00163E5F7A721ED98B8684765062F0A3"", ""00163E5F7A721ED98B868476506310A3"", ""00163E5F7A721ED98B8684765063B0A3"", ""00163E5F7A721ED98B8684765063F0A3""] | [""00163E5F7A721ED98B87C9470BFDB702"", ""00163E5F7A721ED98B87C9470BFDD702"", ""00163E5F7A721ED98B87C9470BFE7702"", ""00163E5F7A721ED98B87C9470BFEB702""] | [""00163E5F7A721ED98BD62D9C59547934"", ""00163E5F7A721ED98BD62D9C59549934"", ""00163E5F7A721ED98BD62D9C59553934"", ""00163E5F7A721ED98BD62D9C59557934""] | [""00163E5F7A721ED98BEF44BDEA2DEEB7"", ""00163E5F7A721ED98BEF44BDEA2E0EB7"", ""00163E5F7A721ED98BEF44BDEA2EAEB7"", ""00163E5F7A721ED98BEF44BDEA2EEEB7""]"
stock_picking_delivery.csv,sap__khoutbounddelivery__FreightForwarderPartyCollection__ParentObjectID,28672,28672,0,30+,,00163E5F7A721ED98B8490AF427507AE | 00163E5F7A721ED98B8684765060F0A3 | 00163E5F7A721ED98B87C9470BFBB702 | 00163E5F7A721ED98BD62D9C5951F934 | 00163E5F7A721ED98BEF44BDEA2BEEB7
stock_picking_delivery.csv,sap__khoutbounddelivery__FreightForwarderPartyCollection__PartyID,28672,28672,0,30+,JSON_ARRAY,"[""1121778"", ""70000"", ""1121778"", ""70000""] | [""1121709"", ""70000"", ""1121709"", ""70000""] | [""1123122"", ""70000"", ""1123122"", ""70000""] | [""1123611"", ""70000"", ""1123611"", ""70000""] | [""1113761"", ""70000"", ""1113761"", ""70000""]"
stock_picking_delivery.csv,sap__khoutbounddelivery__ItemCollection__CancellationStatusCode,28672,28672,0,7,JSON_ARRAY,"1 | 4 | [""1"", ""4""] | [""4"", ""1"", ""1"", ""1"", ""1""] | [""4"", ""1""]"
stock_picking_delivery.csv,sap__khoutbounddelivery__ItemCollection__CancellationStatusCodeText,28672,28672,0,7,JSON_ARRAY,"Not Canceled | Canceled | [""Not Canceled"", ""Canceled""] | [""Canceled"", ""Not Canceled"", ""Not Canceled"", ""Not Canceled"", ""Not Canceled""] | [""Canceled"", ""Not Canceled""]"
stock_picking_delivery.csv,sap__khoutbounddelivery__ItemCollection__ID,28672,28672,0,30+,JSON_ARRAY,"10 | [""10"", ""20""] | [""20"", ""10""] | 20 | [""10"", ""30"", ""20""]"
stock_picking_delivery.csv,sap__khoutbounddelivery__ItemCollection__IdentifiedStockID,28672,12491,16181,30+,JSON_ARRAY,00000000000000000002 | 00000000000000000001 | 00000000000000000004 | 00000000000000000023 | 00000000000000000009
stock_picking_delivery.csv,sap__khoutbounddelivery__ItemCollection__ObjectID,28672,28672,0,30+,"JSON_ARRAY,VERY_LONG_TEXT",00163E5F7A721ED98B8490AF427547AE | 00163E5F7A721ED98B868476506130A3 | 00163E5F7A721ED98B87C9470BFBF702 | 00163E5F7A721ED98BD62D9C59523934 | 00163E5F7A721ED98BEF44BDEA2C2EB7
stock_picking_delivery.csv,sap__khoutbounddelivery__ItemCollection__ParentObjectID,28672,28672,0,30+,,00163E5F7A721ED98B8490AF427507AE | 00163E5F7A721ED98B8684765060F0A3 | 00163E5F7A721ED98B87C9470BFBB702 | 00163E5F7A721ED98BD62D9C5951F934 | 00163E5F7A721ED98BEF44BDEA2BEEB7
stock_picking_delivery.csv,sap__khoutbounddelivery__ItemCollection__ProductID,28672,28672,0,30+,"JSON_ARRAY,VERY_LONG_TEXT",LF90044 | 730511 | 19239000048 | LF90286 | 186380048
stock_picking_delivery.csv,sap__khoutbounddelivery__ItemCollection__UUID,28672,28672,0,30+,"JSON_ARRAY,VERY_LONG_TEXT",00163E5F-7A72-1ED9-8B84-90AF427547AE | 00163E5F-7A72-1ED9-8B86-8476506130A3 | 00163E5F-7A72-1ED9-8B87-C9470BFBF702 | 00163E5F-7A72-1ED9-8BD6-2D9C59523934 | 00163E5F-7A72-1ED9-8BEF-44BDEA2C2EB7
stock_picking_delivery.csv,sap__khoutbounddelivery__PickupPeriodCollection__ObjectID,28672,28672,0,30+,JSON_ARRAY,"[""00163E5F7A721ED98B8490AF427527AE"", ""00163E5F7A721ED98B8490AF427A27AE""] | [""00163E5F7A721ED98B868476506110A3"", ""00163E5F7A721ED98B8684765065D0A3""] | [""00163E5F7A721ED98B87C9470BFBD702"", ""00163E5F7A721ED98B87C9470C009702""] | [""00163E5F7A721ED98BD62D9C59521934"", ""00163E5F7A721ED98BD62D9C59575934""] | [""00163E5F7A721ED98BEF44BDEA2C0EB7"", ""00163E5F7A721ED98BEF44BDEA30CEB7""]"
stock_picking_delivery.csv,sap__khoutbounddelivery__PickupPeriodCollection__ParentObjectID,28672,28672,0,30+,,00163E5F7A721ED98B8490AF427507AE | 00163E5F7A721ED98B8684765060F0A3 | 00163E5F7A721ED98B87C9470BFBB702 | 00163E5F7A721ED98BD62D9C5951F934 | 00163E5F7A721ED98BEF44BDEA2BEEB7
stock_picking_delivery.csv,sap__khoutbounddelivery__PickupPeriodCollection__StartDateTime,28672,28672,0,30+,,2019-02-09 04:38:00 | 2019-02-09 06:30:00 | 2019-02-09 07:42:00 | 2019-02-12 10:31:00 | 2019-02-13 10:28:00
stock_picking_delivery.csv,sap__khoutbounddelivery__PickupPeriodCollection__StartDateTimeZoneCode,28672,28672,0,4,JSON_ARRAY,"INDIA | [""INDIA"", ""CET""] | [""INDIA"", ""UTC+8""] | [""INDIA"", ""JAPAN""]"
stock_picking_delivery.csv,sap__khoutbounddelivery__ProductRecipientPartyCollection__ObjectID,28672,28672,0,30+,JSON_ARRAY,"[""00163E5F7A721ED98B8490AF427747AE"", ""00163E5F7A721ED98B8490AF427767AE"", ""00163E5F7A721ED98B8490AF427807AE"", ""00163E5F7A721ED98B8490AF427847AE""] | [""00163E5F7A721ED98B8684765062F0A3"", ""00163E5F7A721ED98B868476506310A3"", ""00163E5F7A721ED98B8684765063B0A3"", ""00163E5F7A721ED98B8684765063F0A3""] | [""00163E5F7A721ED98B87C9470BFDB702"", ""00163E5F7A721ED98B87C9470BFDD702"", ""00163E5F7A721ED98B87C9470BFE7702"", ""00163E5F7A721ED98B87C9470BFEB702""] | [""00163E5F7A721ED98BD62D9C59547934"", ""00163E5F7A721ED98BD62D9C59549934"", ""00163E5F7A721ED98BD62D9C59553934"", ""00163E5F7A721ED98BD62D9C59557934""] | [""00163E5F7A721ED98BEF44BDEA2DEEB7"", ""00163E5F7A721ED98BEF44BDEA2E0EB7"", ""00163E5F7A721ED98BEF44BDEA2EAEB7"", ""00163E5F7A721ED98BEF44BDEA2EEEB7""]"
stock_picking_delivery.csv,sap__khoutbounddelivery__ProductRecipientPartyCollection__ParentObjectID,28672,28672,0,30+,,00163E5F7A721ED98B8490AF427507AE | 00163E5F7A721ED98B8684765060F0A3 | 00163E5F7A721ED98B87C9470BFBB702 | 00163E5F7A721ED98BD62D9C5951F934 | 00163E5F7A721ED98BEF44BDEA2BEEB7
stock_picking_delivery.csv,sap__khoutbounddelivery__ProductRecipientPartyCollection__PartyID,28672,28672,0,30+,JSON_ARRAY,"[""1121778"", ""70000"", ""1121778"", ""70000""] | [""1121709"", ""70000"", ""1121709"", ""70000""] | [""1123122"", ""70000"", ""1123122"", ""70000""] | [""1123611"", ""70000"", ""1123611"", ""70000""] | [""1113761"", ""70000"", ""1113761"", ""70000""]"
stock_picking_delivery.csv,sap__khoutbounddelivery__SellerPartyCollection__ObjectID,28672,28672,0,30+,JSON_ARRAY,"[""00163E5F7A721ED98B8490AF427747AE"", ""00163E5F7A721ED98B8490AF427767AE"", ""00163E5F7A721ED98B8490AF427807AE"", ""00163E5F7A721ED98B8490AF427847AE""] | [""00163E5F7A721ED98B8684765062F0A3"", ""00163E5F7A721ED98B868476506310A3"", ""00163E5F7A721ED98B8684765063B0A3"", ""00163E5F7A721ED98B8684765063F0A3""] | [""00163E5F7A721ED98B87C9470BFDB702"", ""00163E5F7A721ED98B87C9470BFDD702"", ""00163E5F7A721ED98B87C9470BFE7702"", ""00163E5F7A721ED98B87C9470BFEB702""] | [""00163E5F7A721ED98BD62D9C59547934"", ""00163E5F7A721ED98BD62D9C59549934"", ""00163E5F7A721ED98BD62D9C59553934"", ""00163E5F7A721ED98BD62D9C59557934""] | [""00163E5F7A721ED98BEF44BDEA2DEEB7"", ""00163E5F7A721ED98BEF44BDEA2E0EB7"", ""00163E5F7A721ED98BEF44BDEA2EAEB7"", ""00163E5F7A721ED98BEF44BDEA2EEEB7""]"
stock_picking_delivery.csv,sap__khoutbounddelivery__SellerPartyCollection__ParentObjectID,28672,28672,0,30+,,00163E5F7A721ED98B8490AF427507AE | 00163E5F7A721ED98B8684765060F0A3 | 00163E5F7A721ED98B87C9470BFBB702 | 00163E5F7A721ED98BD62D9C5951F934 | 00163E5F7A721ED98BEF44BDEA2BEEB7
stock_picking_delivery.csv,sap__khoutbounddelivery__SellerPartyCollection__PartyID,28672,28672,0,30+,JSON_ARRAY,"[""1121778"", ""70000"", ""1121778"", ""70000""] | [""1121709"", ""70000"", ""1121709"", ""70000""] | [""1123122"", ""70000"", ""1123122"", ""70000""] | [""1123611"", ""70000"", ""1123611"", ""70000""] | [""1113761"", ""70000"", ""1113761"", ""70000""]"
stock_picking_delivery.csv,sap__khoutbounddelivery__ShipFromLocationCollection__LocationID,28672,28672,0,1,JSON_ARRAY,"["""", ""71000""]"
stock_picking_delivery.csv,sap__khoutbounddelivery__ShipFromLocationCollection__ObjectID,28672,28672,0,30+,JSON_ARRAY,"[""00163E5F7A721ED98B8490AF427687AE"", ""00163E5F7A721ED98B8490AF4276A7AE""] | [""00163E5F7A721ED98B868476506270A3"", ""00163E5F7A721ED98B868476506290A3""] | [""00163E5F7A721ED98B87C9470BFD3702"", ""00163E5F7A721ED98B87C9470BFD5702""] | [""00163E5F7A721ED98BD62D9C59537934"", ""00163E5F7A721ED98BD62D9C59539934""] | [""00163E5F7A721ED98BEF44BDEA2D6EB7"", ""00163E5F7A721ED98BEF44BDEA2D8EB7""]"
stock_picking_delivery.csv,sap__khoutbounddelivery__ShipFromLocationCollection__ParentObjectID,28672,28672,0,30+,,00163E5F7A721ED98B8490AF427507AE | 00163E5F7A721ED98B8684765060F0A3 | 00163E5F7A721ED98B87C9470BFBB702 | 00163E5F7A721ED98BD62D9C5951F934 | 00163E5F7A721ED98BEF44BDEA2BEEB7
stock_picking_delivery.csv,sap__khoutbounddelivery__ShippingPeriodCollection__EndDateTime,28672,28672,0,30+,,2019-02-09 04:39:00 | 2019-02-09 06:31:00 | 2019-02-09 07:43:00 | 2019-02-12 10:32:00 | 2019-02-13 10:29:00
stock_picking_delivery.csv,sap__khoutbounddelivery__ShippingPeriodCollection__EndDateTimeZoneCode,28672,28672,0,4,JSON_ARRAY,"INDIA | [""INDIA"", ""CET""] | [""INDIA"", ""UTC+8""] | [""INDIA"", ""JAPAN""]"
stock_picking_delivery.csv,sap__khoutbounddelivery__ShippingPeriodCollection__ObjectID,28672,28672,0,30+,JSON_ARRAY,"[""00163E5F7A721ED98B8490AF427527AE"", ""00163E5F7A721ED98B8490AF427A27AE""] | [""00163E5F7A721ED98B868476506110A3"", ""00163E5F7A721ED98B8684765065D0A3""] | [""00163E5F7A721ED98B87C9470BFBD702"", ""00163E5F7A721ED98B87C9470C009702""] | [""00163E5F7A721ED98BD62D9C59521934"", ""00163E5F7A721ED98BD62D9C59575934""] | [""00163E5F7A721ED98BEF44BDEA2C0EB7"", ""00163E5F7A721ED98BEF44BDEA30CEB7""]"
stock_picking_delivery.csv,sap__khoutbounddelivery__ShippingPeriodCollection__ParentObjectID,28672,28672,0,30+,,00163E5F7A721ED98B8490AF427507AE | 00163E5F7A721ED98B8684765060F0A3 | 00163E5F7A721ED98B87C9470BFBB702 | 00163E5F7A721ED98BD62D9C5951F934 | 00163E5F7A721ED98BEF44BDEA2BEEB7
stock_picking_delivery.csv,sap__khoutbounddelivery__ShippingPeriodCollection__StartDateTime,28672,28672,0,30+,,2019-02-09 04:38:00 | 2019-02-09 06:30:00 | 2019-02-09 07:42:00 | 2019-02-12 10:31:00 | 2019-02-13 10:28:00
stock_picking_delivery.csv,sap__khoutbounddelivery__ShippingPeriodCollection__StartDateTimeZoneCode,28672,28672,0,4,JSON_ARRAY,"INDIA | [""INDIA"", ""CET""] | [""INDIA"", ""UTC+8""] | [""INDIA"", ""JAPAN""]"
stock_picking_delivery_line.csv,id,32793,32793,0,30+,,sap_delivery_item_00163E5F7A721ED98B8490AF427547AE | sap_delivery_item_00163E5F7A721ED98B868476506130A3 | sap_delivery_item_00163E5F7A721ED98B87C9470BFBF702 | sap_delivery_item_00163E5F7A721ED98BD62D9C59523934 | sap_delivery_item_00163E5F7A721ED98BEF44BDEA2C2EB7
stock_picking_delivery_line.csv,picking_id/id,32793,32793,0,30+,,sap_delivery_00163E5F7A721ED98B8490AF427507AE | sap_delivery_00163E5F7A721ED98B8684765060F0A3 | sap_delivery_00163E5F7A721ED98B87C9470BFBB702 | sap_delivery_00163E5F7A721ED98BD62D9C5951F934 | sap_delivery_00163E5F7A721ED98BEF44BDEA2BEEB7
stock_picking_delivery_line.csv,product_id/id,32793,32793,0,30+,,sap_prod_LF90044 | sap_prod_730511 | sap_prod_19239000048 | sap_prod_LF90286 | sap_prod_186380048
stock_picking_delivery_line.csv,name,32793,32793,0,30+,,LF90044 | 730511 | 19239000048 | LF90286 | 186380048
stock_picking_delivery_line.csv,sap__khoutbounddelivery__ItemCollection__CancellationStatusCode,32793,32793,0,2,,1 | 4
stock_picking_delivery_line.csv,sap__khoutbounddelivery__ItemCollection__CancellationStatusCodeText,32793,32793,0,2,,Not Canceled | Canceled
stock_picking_delivery_line.csv,sap__khoutbounddelivery__ItemCollection__ID,32793,32793,0,30+,,10 | 20 | 30 | 40 | 50
stock_picking_delivery_line.csv,sap__khoutbounddelivery__ItemCollection__IdentifiedStockID,32793,13632,19161,30+,,00000000000000000002 | 00000000000000000001 | 00000000000000000004 | 00000000000000000023 | 00000000000000000009
stock_picking_delivery_line.csv,sap__khoutbounddelivery__ItemCollection__ObjectID,32793,32793,0,30+,,00163E5F7A721ED98B8490AF427547AE | 00163E5F7A721ED98B868476506130A3 | 00163E5F7A721ED98B87C9470BFBF702 | 00163E5F7A721ED98BD62D9C59523934 | 00163E5F7A721ED98BEF44BDEA2C2EB7
stock_picking_delivery_line.csv,sap__khoutbounddelivery__ItemCollection__ParentObjectID,32793,32793,0,30+,,00163E5F7A721ED98B8490AF427507AE | 00163E5F7A721ED98B8684765060F0A3 | 00163E5F7A721ED98B87C9470BFBB702 | 00163E5F7A721ED98BD62D9C5951F934 | 00163E5F7A721ED98BEF44BDEA2BEEB7
stock_picking_delivery_line.csv,sap__khoutbounddelivery__ItemCollection__ProductID,32793,32793,0,30+,,LF90044 | 730511 | 19239000048 | LF90286 | 186380048
stock_picking_delivery_line.csv,sap__khoutbounddelivery__ItemCollection__UUID,32793,32793,0,30+,,00163E5F-7A72-1ED9-8B84-90AF427547AE | 00163E5F-7A72-1ED9-8B86-8476506130A3 | 00163E5F-7A72-1ED9-8B87-C9470BFBF702 | 00163E5F-7A72-1ED9-8BD6-2D9C59523934 | 00163E5F-7A72-1ED9-8BEF-44BDEA2C2EB7
stock_picking_delivery_line.csv,sap__khoutbounddelivery__ItemDeliveryQuantityCollection__ObjectID,32793,32793,0,30+,,00163E5F7A721ED98B8490AF427667AE | 00163E5F7A721ED98B868476506250A3 | 00163E5F7A721ED98B87C9470BFD1702 | 00163E5F7A721ED98BD62D9C59535934 | 00163E5F7A721ED98BEF44BDEA2D4EB7
stock_picking_delivery_line.csv,sap__khoutbounddelivery__ItemDeliveryQuantityCollection__ParentObjectID,32793,32793,0,30+,,00163E5F7A721ED98B8490AF427547AE | 00163E5F7A721ED98B868476506130A3 | 00163E5F7A721ED98B87C9470BFBF702 | 00163E5F7A721ED98BD62D9C59523934 | 00163E5F7A721ED98BEF44BDEA2C2EB7
stock_picking_delivery_line.csv,sap__khoutbounddelivery__ItemDeliveryQuantityCollection__Quantity,32793,32793,0,30+,,100.00000000000000 | 450.00000000000000 | 120.00000000000000 | 1260.00000000000000 | 3.00000000000000
stock_picking_delivery_line.csv,sap__khoutbounddelivery__ItemDeliveryQuantityCollection__UnitCode,32793,32793,0,4,,ZNO | KGM | CMT | LTR
stock_picking_delivery_line.csv,sap__khoutbounddelivery__ItemDeliveryQuantityCollection__UnitCodeText,32793,32793,0,4,,Number | Kilogram | Centimeter | Liter
stock_picking_delivery_line.csv,sap__khoutbounddelivery__ItemLogisticsRequestResponsiblePartyCollection__ObjectID,32793,32793,0,30+,JSON_ARRAY,"[""00163E5F7A721ED98B8490AF4275C7AE"", ""00163E5F7A721ED98B8490AF4275E7AE"", ""00163E5F7A721ED98B8490AF427607AE""] | [""00163E5F7A721ED98B8684765061B0A3"", ""00163E5F7A721ED98B8684765061D0A3"", ""00163E5F7A721ED98B8684765061F0A3""] | [""00163E5F7A721ED98B87C9470BFC7702"", ""00163E5F7A721ED98B87C9470BFC9702"", ""00163E5F7A721ED98B87C9470BFCB702""] | [""00163E5F7A721ED98BD62D9C5952B934"", ""00163E5F7A721ED98BD62D9C5952D934"", ""00163E5F7A721ED98BD62D9C5952F934""] | [""00163E5F7A721ED98BEF44BDEA2CAEB7"", ""00163E5F7A721ED98BEF44BDEA2CCEB7"", ""00163E5F7A721ED98BEF44BDEA2CEEB7""]"
stock_picking_delivery_line.csv,sap__khoutbounddelivery__ItemLogisticsRequestResponsiblePartyCollection__ParentObjectID,32793,32793,0,30+,,00163E5F7A721ED98B8490AF427547AE | 00163E5F7A721ED98B868476506130A3 | 00163E5F7A721ED98B87C9470BFBF702 | 00163E5F7A721ED98BD62D9C59523934 | 00163E5F7A721ED98BEF44BDEA2C2EB7
stock_picking_delivery_line.csv,sap__khoutbounddelivery__ItemLogisticsRequestResponsiblePartyCollection__PartyID,32793,32793,0,30+,JSON_ARRAY,"[""1121778"", ""70000"", ""8000000018""] | [""1121709"", ""70000"", ""8000000018""] | [""1123122"", ""70000"", ""8000000018""] | [""1123611"", ""70000"", ""8000000018""] | [""1113761"", ""70000"", ""8000000018""]"
stock_picking_delivery_line.csv,sap__khoutbounddelivery__ItemSalesOrderReferenceCollection__ID,32793,32793,0,30+,JSON_ARRAY,"[""1530294137"", ""10000001"", ""2""] | [""WO18190051"", ""10000000"", ""1""] | [""WO18190051"", ""10000009"", ""8""] | [""1530301945"", ""10000004"", ""3""] | [""1530305765"", ""10000026"", ""32""]"
stock_picking_delivery_line.csv,sap__khoutbounddelivery__ItemSalesOrderReferenceCollection__ItemID,32793,32793,0,30+,JSON_ARRAY,"["""", ""10"", ""10""] | ["""", ""20"", ""20""] | ["""", ""80"", ""80""] | ["""", ""70"", ""70""] | ["""", ""60"", ""60""]"
stock_picking_delivery_line.csv,sap__khoutbounddelivery__ItemSalesOrderReferenceCollection__ObjectID,32793,32793,0,30+,JSON_ARRAY,"[""00163E5F7A721ED98B8490AF427567AE"", ""00163E5F7A721ED98B8490AF427587AE"", ""00163E5F7A721ED98B8490AF4275A7AE""] | [""00163E5F7A721ED98B868476506150A3"", ""00163E5F7A721ED98B868476506170A3"", ""00163E5F7A721ED98B868476506190A3""] | [""00163E5F7A721ED98B87C9470BFC1702"", ""00163E5F7A721ED98B87C9470BFC3702"", ""00163E5F7A721ED98B87C9470BFC5702""] | [""00163E5F7A721ED98BD62D9C59525934"", ""00163E5F7A721ED98BD62D9C59527934"", ""00163E5F7A721ED98BD62D9C59529934""] | [""00163E5F7A721ED98BEF44BDEA2C4EB7"", ""00163E5F7A721ED98BEF44BDEA2C6EB7"", ""00163E5F7A721ED98BEF44BDEA2C8EB7""]"
stock_picking_delivery_line.csv,sap__khoutbounddelivery__ItemSalesOrderReferenceCollection__ParentObjectID,32793,32793,0,30+,,00163E5F7A721ED98B8490AF427547AE | 00163E5F7A721ED98B868476506130A3 | 00163E5F7A721ED98B87C9470BFBF702 | 00163E5F7A721ED98BD62D9C59523934 | 00163E5F7A721ED98BEF44BDEA2C2EB7
stock_picking_transfer.csv,id,1108,1108,0,30+,,sap_inbdel_00163E5F7A721ED98BEC0EA2A39EC07F | sap_inbdel_00163E5F7A721ED98BF0064329F4F223 | sap_inbdel_00163E5F7A721ED98D9D696AAC109921 | sap_inbdel_00163E5F7A721EE98C8386D5BAD007D7 | sap_inbdel_00163E5F7A721EE98CA4A95EA8EE5B48
stock_picking_transfer.csv,name,1108,1108,0,30+,,90579939 | MH1827123005 | SIN00006316 | 7267/2018-19 | 257338
stock_picking_transfer.csv,partner_id/id,1108,1107,1,30+,,sap_bp_1003409 | sap_bp_2010511 | sap_bp_1003270 | sap_bp_2008702 | sap_bp_1001792
stock_picking_transfer.csv,scheduled_date,1108,1108,0,30+,,2019-02-13 | 2019-02-20 | 2019-02-14 | 2019-02-15 | 2019-02-22
stock_picking_transfer.csv,state,1108,1108,0,2,,done | assigned
stock_picking_transfer.csv,picking_type_id,1108,1108,0,1,,stock.picking_type_in
stock_picking_transfer.csv,sap__khinbounddelivery__InboundDeliveryCollection__CancellationStatusCode,1108,0,1108,0,,
stock_picking_transfer.csv,sap__khinbounddelivery__InboundDeliveryCollection__CancellationStatusCodeText,1108,0,1108,0,,
stock_picking_transfer.csv,sap__khinbounddelivery__InboundDeliveryCollection__ConsistencyStatusCode,1108,0,1108,0,,
stock_picking_transfer.csv,sap__khinbounddelivery__InboundDeliveryCollection__ConsistencyStatusCodeText,1108,0,1108,0,,
stock_picking_transfer.csv,sap__khinbounddelivery__InboundDeliveryCollection__CreationDateTime,1108,0,1108,0,,
stock_picking_transfer.csv,sap__khinbounddelivery__InboundDeliveryCollection__DeliveryNoteStatusCode,1108,0,1108,0,,
stock_picking_transfer.csv,sap__khinbounddelivery__InboundDeliveryCollection__DeliveryNoteStatusCodeText,1108,0,1108,0,,
stock_picking_transfer.csv,sap__khinbounddelivery__InboundDeliveryCollection__DeliveryProcessingStatusCode,1108,0,1108,0,,
stock_picking_transfer.csv,sap__khinbounddelivery__InboundDeliveryCollection__DeliveryProcessingStatusCodeText,1108,0,1108,0,,
stock_picking_transfer.csv,sap__khinbounddelivery__InboundDeliveryCollection__ID,1108,0,1108,0,,
stock_picking_transfer.csv,sap__khinbounddelivery__InboundDeliveryCollection__IncotermsClassificationCode,1108,0,1108,0,,
stock_picking_transfer.csv,sap__khinbounddelivery__InboundDeliveryCollection__IncotermsClassificationCodeText,1108,0,1108,0,,
stock_picking_transfer.csv,sap__khinbounddelivery__InboundDeliveryCollection__IncotermsTransferLocationName,1108,0,1108,0,,
stock_picking_transfer.csv,sap__khinbounddelivery__InboundDeliveryCollection__LastChangeDateTime,1108,0,1108,0,,
stock_picking_transfer.csv,sap__khinbounddelivery__InboundDeliveryCollection__ObjectID,1108,0,1108,0,,
stock_picking_transfer.csv,sap__khinbounddelivery__InboundDeliveryCollection__ProcessingTypeCode,1108,0,1108,0,,
stock_picking_transfer.csv,sap__khinbounddelivery__InboundDeliveryCollection__ProcessingTypeCodeText,1108,0,1108,0,,
stock_picking_transfer.csv,sap__khinbounddelivery__InboundDeliveryCollection__ReleaseStatusCode,1108,0,1108,0,,
stock_picking_transfer.csv,sap__khinbounddelivery__InboundDeliveryCollection__ReleaseStatusCodeText,1108,0,1108,0,,
stock_picking_transfer.csv,sap__khinbounddelivery__InboundDeliveryCollection__UUID,1108,0,1108,0,,
stock_picking_transfer.csv,sap__khinbounddelivery__ArrivalPeriodCollection__EndDateTime,1108,0,1108,0,,
stock_picking_transfer.csv,sap__khinbounddelivery__ArrivalPeriodCollection__EndDateTimeZoneCode,1108,0,1108,0,,
stock_picking_transfer.csv,sap__khinbounddelivery__ArrivalPeriodCollection__ObjectID,1108,0,1108,0,,
stock_picking_transfer.csv,sap__khinbounddelivery__ArrivalPeriodCollection__ParentObjectID,1108,0,1108,0,,
stock_picking_transfer.csv,sap__khinbounddelivery__ArrivalPeriodCollection__StartDateTime,1108,0,1108,0,,
stock_picking_transfer.csv,sap__khinbounddelivery__ArrivalPeriodCollection__StartDateTimeZoneCode,1108,0,1108,0,,
stock_picking_transfer.csv,sap__khinbounddelivery__BuyerPartyCollection__ObjectID,1108,0,1108,0,,
stock_picking_transfer.csv,sap__khinbounddelivery__BuyerPartyCollection__ParentObjectID,1108,0,1108,0,,
stock_picking_transfer.csv,sap__khinbounddelivery__BuyerPartyCollection__PartyID,1108,0,1108,0,,
stock_picking_transfer.csv,sap__khinbounddelivery__FreightForwarderPartyCollection__ObjectID,1108,0,1108,0,,
stock_picking_transfer.csv,sap__khinbounddelivery__FreightForwarderPartyCollection__ParentObjectID,1108,0,1108,0,,
stock_picking_transfer.csv,sap__khinbounddelivery__FreightForwarderPartyCollection__PartyID,1108,0,1108,0,,
stock_picking_transfer.csv,sap__khinbounddelivery__ItemCollection__CancellationStatusCode,1108,0,1108,0,,
stock_picking_transfer.csv,sap__khinbounddelivery__ItemCollection__CancellationStatusCodeText,1108,0,1108,0,,
stock_picking_transfer.csv,sap__khinbounddelivery__ItemCollection__ConsistencyStatusCode,1108,0,1108,0,,
stock_picking_transfer.csv,sap__khinbounddelivery__ItemCollection__ConsistencyStatusCodeText,1108,0,1108,0,,
stock_picking_transfer.csv,sap__khinbounddelivery__ItemCollection__CustomerReturnReasonCode,1108,0,1108,0,,
stock_picking_transfer.csv,sap__khinbounddelivery__ItemCollection__CustomerReturnReasonCodeText,1108,0,1108,0,,
stock_picking_transfer.csv,sap__khinbounddelivery__ItemCollection__ID,1108,0,1108,0,,
stock_picking_transfer.csv,sap__khinbounddelivery__ItemCollection__IdentifiedStockID,1108,0,1108,0,,
stock_picking_transfer.csv,sap__khinbounddelivery__ItemCollection__ObjectID,1108,0,1108,0,,
stock_picking_transfer.csv,sap__khinbounddelivery__ItemCollection__ParentObjectID,1108,0,1108,0,,
stock_picking_transfer.csv,sap__khinbounddelivery__ItemCollection__ProductID,1108,0,1108,0,,
stock_picking_transfer.csv,sap__khinbounddelivery__ItemCollection__ReleaseStatusCode,1108,0,1108,0,,
stock_picking_transfer.csv,sap__khinbounddelivery__ItemCollection__ReleaseStatusCodeText,1108,0,1108,0,,
stock_picking_transfer.csv,sap__khinbounddelivery__ItemCollection__ReturnFollowupActivityCode,1108,0,1108,0,,
stock_picking_transfer.csv,sap__khinbounddelivery__ItemCollection__ReturnFollowupActivityCodeText,1108,0,1108,0,,
stock_picking_transfer.csv,sap__khinbounddelivery__ItemCollection__TypeCode,1108,0,1108,0,,
stock_picking_transfer.csv,sap__khinbounddelivery__ItemCollection__TypeCodeText,1108,0,1108,0,,
stock_picking_transfer.csv,sap__khinbounddelivery__ItemCollection__UUID,1108,0,1108,0,,
stock_picking_transfer.csv,sap__khinbounddelivery__NoteCollection__AuthorName,1108,0,1108,0,,
stock_picking_transfer.csv,sap__khinbounddelivery__NoteCollection__AuthorUUID,1108,0,1108,0,,
stock_picking_transfer.csv,sap__khinbounddelivery__NoteCollection__CreatedBy,1108,0,1108,0,,
stock_picking_transfer.csv,sap__khinbounddelivery__NoteCollection__CreatedOn,1108,0,1108,0,,
stock_picking_transfer.csv,sap__khinbounddelivery__NoteCollection__LanguageCode,1108,0,1108,0,,
stock_picking_transfer.csv,sap__khinbounddelivery__NoteCollection__LanguageCodeText,1108,0,1108,0,,
stock_picking_transfer.csv,sap__khinbounddelivery__NoteCollection__LastUpdatedBy,1108,0,1108,0,,
stock_picking_transfer.csv,sap__khinbounddelivery__NoteCollection__ObjectID,1108,0,1108,0,,
stock_picking_transfer.csv,sap__khinbounddelivery__NoteCollection__ParentObjectID,1108,0,1108,0,,
stock_picking_transfer.csv,sap__khinbounddelivery__NoteCollection__Text,1108,0,1108,0,,
stock_picking_transfer.csv,sap__khinbounddelivery__NoteCollection__TypeCode,1108,0,1108,0,,
stock_picking_transfer.csv,sap__khinbounddelivery__NoteCollection__TypeCodeText,1108,0,1108,0,,
stock_picking_transfer.csv,sap__khinbounddelivery__NoteCollection__UpdatedOn,1108,0,1108,0,,
stock_picking_transfer.csv,sap__khinbounddelivery__SenderPartyCollection__ObjectID,1108,0,1108,0,,
stock_picking_transfer.csv,sap__khinbounddelivery__SenderPartyCollection__ParentObjectID,1108,0,1108,0,,
stock_picking_transfer.csv,sap__khinbounddelivery__SenderPartyCollection__PartyID,1108,0,1108,0,,
stock_picking_transfer.csv,sap__khinbounddelivery__ShipToLocationCollection__LocationID,1108,0,1108,0,,
stock_picking_transfer.csv,sap__khinbounddelivery__ShipToLocationCollection__ObjectID,1108,0,1108,0,,
stock_picking_transfer.csv,sap__khinbounddelivery__ShipToLocationCollection__ParentObjectID,1108,0,1108,0,,
stock_picking_transfer.csv,sap__khinbounddelivery__ShipToPartyCollection__ObjectID,1108,0,1108,0,,
stock_picking_transfer.csv,sap__khinbounddelivery__ShipToPartyCollection__ParentObjectID,1108,0,1108,0,,
stock_picking_transfer.csv,sap__khinbounddelivery__ShipToPartyCollection__PartyID,1108,0,1108,0,,
stock_picking_transfer.csv,sap__khinbounddelivery__ShippingPeriodCollection__EndDateTime,1108,0,1108,0,,
stock_picking_transfer.csv,sap__khinbounddelivery__ShippingPeriodCollection__EndDateTimeZoneCode,1108,0,1108,0,,
stock_picking_transfer.csv,sap__khinbounddelivery__ShippingPeriodCollection__ObjectID,1108,0,1108,0,,
stock_picking_transfer.csv,sap__khinbounddelivery__ShippingPeriodCollection__ParentObjectID,1108,0,1108,0,,
stock_picking_transfer.csv,sap__khinbounddelivery__ShippingPeriodCollection__StartDateTime,1108,0,1108,0,,
stock_picking_transfer.csv,sap__khinbounddelivery__ShippingPeriodCollection__StartDateTimeZoneCode,1108,0,1108,0,,
stock_picking_transfer_line.csv,id,3142,3142,0,30+,,sap_inbdel_item_00163E5F7A721ED98BEC0EA2A39EE07F | sap_inbdel_item_00163E5F7A721ED98BEC0EA2A39F007F | sap_inbdel_item_00163E5F7A721ED98BF0064329F51223 | sap_inbdel_item_00163E5F7A721ED98BF0064329F53223 | sap_inbdel_item_00163E5F7A721ED98D9D696AAC10B921
stock_picking_transfer_line.csv,picking_id/id,3142,3142,0,30+,,sap_inbdel_00163E5F7A721ED98BEC0EA2A39EC07F | sap_inbdel_00163E5F7A721ED98BF0064329F4F223 | sap_inbdel_00163E5F7A721ED98D9D696AAC109921 | sap_inbdel_00163E5F7A721EE98C8386D5BAD007D7 | sap_inbdel_00163E5F7A721EE98CA4A95EA8EE5B48
stock_picking_transfer_line.csv,product_id/id,3142,3142,0,30+,,sap_prod_DIPL007 | sap_prod_SIA9680013050 | sap_prod_LTTTPL0045 | sap_prod_LTPSMOTH304 | sap_prod_LTRCMOTH305
stock_picking_transfer_line.csv,name,3142,3142,0,2,,Delivery Standard Item | Delivery Return Item
stock_picking_transfer_line.csv,product_uom_qty,3142,3142,0,30+,,2087.00000000000000 | 30000.00000000000000 | 25000.00000000000000 | 12000.00000000000000 | 26293.00000000000000
stock_picking_transfer_line.csv,product_uom/id,3142,3142,0,2,,sap_uom_ZNO | sap_uom_LTR
stock_picking_transfer_line.csv,sap__khinbounddelivery__ItemCollection__CancellationStatusCode,3142,3142,0,2,,1 | 4
stock_picking_transfer_line.csv,sap__khinbounddelivery__ItemCollection__CancellationStatusCodeText,3142,3142,0,2,,Not Canceled | Canceled
stock_picking_transfer_line.csv,sap__khinbounddelivery__ItemCollection__ConsistencyStatusCode,3142,3142,0,1,,3
stock_picking_transfer_line.csv,sap__khinbounddelivery__ItemCollection__ConsistencyStatusCodeText,3142,3142,0,1,,Consistent
stock_picking_transfer_line.csv,sap__khinbounddelivery__ItemCollection__CustomerReturnReasonCode,3142,953,2189,4,,18 | 4 | 10 | 7
stock_picking_transfer_line.csv,sap__khinbounddelivery__ItemCollection__CustomerReturnReasonCodeText,3142,953,2189,4,,Other reason | Poor quality | Defective parts | Defective packaging
stock_picking_transfer_line.csv,sap__khinbounddelivery__ItemCollection__ID,3142,3142,0,30+,,10 | 20 | 60 | 70 | 80
stock_picking_transfer_line.csv,sap__khinbounddelivery__ItemCollection__IdentifiedStockID,3142,1103,2039,30+,,24 | 3378 | 3368 | 3280 | 3275
stock_picking_transfer_line.csv,sap__khinbounddelivery__ItemCollection__ObjectID,3142,3142,0,30+,,00163E5F7A721ED98BEC0EA2A39EE07F | 00163E5F7A721ED98BEC0EA2A39F007F | 00163E5F7A721ED98BF0064329F51223 | 00163E5F7A721ED98BF0064329F53223 | 00163E5F7A721ED98D9D696AAC10B921
stock_picking_transfer_line.csv,sap__khinbounddelivery__ItemCollection__ParentObjectID,3142,3142,0,30+,,00163E5F7A721ED98BEC0EA2A39EC07F | 00163E5F7A721ED98BF0064329F4F223 | 00163E5F7A721ED98D9D696AAC109921 | 00163E5F7A721EE98C8386D5BAD007D7 | 00163E5F7A721EE98CA4A95EA8EE5B48
stock_picking_transfer_line.csv,sap__khinbounddelivery__ItemCollection__ProductID,3142,3142,0,30+,,DIPL007 | SIA9680013050 | LTTTPL0045 | LTPSMOTH304 | LTRCMOTH305
stock_picking_transfer_line.csv,sap__khinbounddelivery__ItemCollection__ReleaseStatusCode,3142,3142,0,2,,3 | 1
stock_picking_transfer_line.csv,sap__khinbounddelivery__ItemCollection__ReleaseStatusCodeText,3142,3142,0,2,,Released | Not Released
stock_picking_transfer_line.csv,sap__khinbounddelivery__ItemCollection__ReturnFollowupActivityCode,3142,3142,0,1,,1
stock_picking_transfer_line.csv,sap__khinbounddelivery__ItemCollection__ReturnFollowupActivityCodeText,3142,3142,0,1,,Post to Own Stock
stock_picking_transfer_line.csv,sap__khinbounddelivery__ItemCollection__TypeCode,3142,3142,0,2,,14 | 17
stock_picking_transfer_line.csv,sap__khinbounddelivery__ItemCollection__TypeCodeText,3142,3142,0,2,,Delivery Standard Item | Delivery Return Item
stock_picking_transfer_line.csv,sap__khinbounddelivery__ItemCollection__UUID,3142,3142,0,30+,,00163E5F-7A72-1ED9-8BEC-0EA2A39EE07F | 00163E5F-7A72-1ED9-8BEC-0EA2A39F007F | 00163E5F-7A72-1ED9-8BF0-064329F51223 | 00163E5F-7A72-1ED9-8BF0-064329F53223 | 00163E5F-7A72-1ED9-8D9D-696AAC10B921
stock_picking_transfer_line.csv,sap__khinbounddelivery__ItemBuyerPartyCollection__ObjectID,3142,3142,0,30+,JSON_ARRAY,"[""00163E5F7A721ED98BEC0EA2A39FA07F"", ""00163E5F7A721ED98BEC0EA2A39FC07F"", ""00163E5F7A721ED98BEC0EA2A39FE07F""] | [""00163E5F7A721ED98BEC0EA2A3A0007F"", ""00163E5F7A721ED98BEC0EA2A3A0207F"", ""00163E5F7A721ED98BEC0EA2A3A0407F""] | [""00163E5F7A721ED98BF0064329F5D223"", ""00163E5F7A721ED98BF0064329F5F223"", ""00163E5F7A721ED98BF0064329F61223""] | [""00163E5F7A721ED98BF0064329F63223"", ""00163E5F7A721ED98BF0064329F65223"", ""00163E5F7A721ED98BF0064329F67223""] | [""00163E5F7A721ED98D9D696AAC141921"", ""00163E5F7A721ED98D9D696AAC143921"", ""00163E5F7A721ED98D9D696AAC145921""]"
stock_picking_transfer_line.csv,sap__khinbounddelivery__ItemBuyerPartyCollection__ParentObjectID,3142,3142,0,30+,,00163E5F7A721ED98BEC0EA2A39EE07F | 00163E5F7A721ED98BEC0EA2A39F007F | 00163E5F7A721ED98BF0064329F51223 | 00163E5F7A721ED98BF0064329F53223 | 00163E5F7A721ED98D9D696AAC10B921
stock_picking_transfer_line.csv,sap__khinbounddelivery__ItemBuyerPartyCollection__PartyID,3142,3142,0,30+,JSON_ARRAY,"[""70000"", ""1003409"", ""8000000095""] | [""70000"", ""2010511"", ""8000000095""] | [""70000"", ""1003270"", ""8000000095""] | [""70000"", ""2008702"", ""8000000095""] | [""70000"", ""1001792"", ""8000000095""]"
stock_picking_transfer_line.csv,sap__khinbounddelivery__ItemDeliveryQuantityCollection__ObjectID,3142,3142,0,30+,,00163E5F7A721ED98BEC0EA2A3A0A07F | 00163E5F7A721ED98BEC0EA2A3A0C07F | 00163E5F7A721ED98BF0064329F6D223 | 00163E5F7A721ED98BF0064329F6F223 | 00163E5F7A721ED98D9D696AAC189921
stock_picking_transfer_line.csv,sap__khinbounddelivery__ItemDeliveryQuantityCollection__ParentObjectID,3142,3142,0,30+,,00163E5F7A721ED98BEC0EA2A39EE07F | 00163E5F7A721ED98BEC0EA2A39F007F | 00163E5F7A721ED98BF0064329F51223 | 00163E5F7A721ED98BF0064329F53223 | 00163E5F7A721ED98D9D696AAC10B921
stock_picking_transfer_line.csv,sap__khinbounddelivery__ItemDeliveryQuantityCollection__Quantity,3142,3142,0,30+,,2087.00000000000000 | 30000.00000000000000 | 25000.00000000000000 | 12000.00000000000000 | 26293.00000000000000
stock_picking_transfer_line.csv,sap__khinbounddelivery__ItemDeliveryQuantityCollection__UnitCode,3142,3142,0,2,,ZNO | LTR
stock_picking_transfer_line.csv,sap__khinbounddelivery__ItemDeliveryQuantityCollection__UnitCodeText,3142,3142,0,2,,Number | Liter
stock_picking_transfer_line.csv,sap__khinbounddelivery__ItemExternalReferenceCollection__ID,3142,3142,0,30+,JSON_ARRAY,"[""34"", ""30000019"", ""4-9"", ""14""] | [""38"", ""30000020"", ""4-9"", ""14""] | [""15"", ""30000004"", ""4-13"", ""21""] | [""17"", ""30000005"", ""4-13"", ""21""] | [""61"", ""30000071"", ""4-63"", ""108""]"
stock_picking_transfer_line.csv,sap__khinbounddelivery__ItemExternalReferenceCollection__ItemID,3142,3142,0,30+,JSON_ARRAY,"[""10"", ""1"", ""10"", ""10""] | [""10"", ""1"", ""20"", ""20""] | [""20"", ""2"", ""10"", ""10""] | [""20"", ""2"", ""20"", ""20""] | [""10"", ""1"", ""60"", ""60""]"
stock_picking_transfer_line.csv,sap__khinbounddelivery__ItemExternalReferenceCollection__ItemTypeCode,3142,3142,0,11,JSON_ARRAY,"[""14"", ""18"", ""14"", ""40""] | [""14"", ""14"", ""28"", ""17"", ""41""] | [""14"", ""28"", ""14"", ""17"", ""41""] | [""14"", ""28"", ""14""] | [""14"", ""18""]"
stock_picking_transfer_line.csv,sap__khinbounddelivery__ItemExternalReferenceCollection__ItemTypeCodeText,3142,3142,0,11,JSON_ARRAY,"[""Delivery Standard Item"", ""Material"", ""Delivery Standard Item"", ""Site Logistics Standard Item""] | [""Delivery Standard Item"", ""Delivery Standard Item"", ""Sales Item"", ""Delivery Return Item"", ""Site Logistics Return Item""] | [""Delivery Standard Item"", ""Sales Item"", ""Delivery Standard Item"", ""Delivery Return Item"", ""Site Logistics Return Item""] | [""Delivery Standard Item"", ""Sales Item"", ""Delivery Standard Item""] | [""Delivery Standard Item"", ""Material""]"
stock_picking_transfer_line.csv,sap__khinbounddelivery__ItemExternalReferenceCollection__ItemUUID,3142,3142,0,30+,JSON_ARRAY,"[""00163E5F-7A8F-1EE9-8BD6-2C597FD16EE3"", ""00163E5F-7A72-1EE9-8BBF-B46E829C2C90"", ""00163E5F-7A72-1ED9-8BEC-18266DED80D4"", ""00163E5F-7A72-1ED9-8BEC-18266DFD20D4""] | [""00163E5F-7A8F-1EE9-8BE8-5D00F0B7F72B"", ""00163E5F-7A72-1EE9-8BBF-E35CBF03AD66"", ""00163E5F-7A72-1ED9-8BEC-18266DEDA0D4"", ""00163E5F-7A72-1ED9-8BEC-18266DFD00D4""] | [""00163E5F-7A8F-1ED9-8BEC-201D899E25B8"", ""00163E5F-7A72-1ED9-8BEB-F103CD98201D"", ""00163E5F-7A72-1ED9-8BF0-0B62458B1228"", ""00163E5F-7A72-1ED9-8BF0-0B62459BB228""] | [""00163E5F-7A8F-1ED9-8BEF-458E71A571D2"", ""00163E5F-7A72-1ED9-8BEF-1482BE75AE33"", ""00163E5F-7A72-1ED9-8BF0-0B62458B3228"", ""00163E5F-7A72-1ED9-8BF0-0B62459B9228""] | [""00163E5F-7A8F-1ED9-8C82-84C60CE27DF1"", ""00163E5F-7A72-1ED9-8BF0-D363B91A9596"", ""00163E5F-7A72-1ED9-8D9D-7327240B9926"", ""00163E5F-7A72-1ED9-8D9D-7346A6BA3926""]"
stock_picking_transfer_line.csv,sap__khinbounddelivery__ItemExternalReferenceCollection__ObjectID,3142,3142,0,30+,JSON_ARRAY,"[""00163E5F7A721ED98BEC0EA2A39F207F"", ""00163E5F7A721ED98BEC0EA2A39F607F"", ""00163E5F7A721ED98BEC18266DF420D4"", ""00163E5F7A721ED98BEC1842168680D4""] | [""00163E5F7A721ED98BEC0EA2A39F407F"", ""00163E5F7A721ED98BEC0EA2A39F807F"", ""00163E5F7A721ED98BEC18266DF440D4"", ""00163E5F7A721ED98BEC1842168660D4""] | [""00163E5F7A721ED98BF0064329F55223"", ""00163E5F7A721ED98BF0064329F59223"", ""00163E5F7A721ED98BF00B624591B228"", ""00163E5F7A721ED98BF00B85531E9228""] | [""00163E5F7A721ED98BF0064329F57223"", ""00163E5F7A721ED98BF0064329F5B223"", ""00163E5F7A721ED98BF00B624591D228"", ""00163E5F7A721ED98BF00B85531E7228""] | [""00163E5F7A721ED98D9D696AAC11D921"", ""00163E5F7A721ED98D9D696AAC12F921"", ""00163E5F7A721ED98D9D7327241BD926"", ""00163E5F7A721ED98D9D736D795AB926""]"
stock_picking_transfer_line.csv,sap__khinbounddelivery__ItemExternalReferenceCollection__ParentObjectID,3142,3142,0,30+,,00163E5F7A721ED98BEC0EA2A39EE07F | 00163E5F7A721ED98BEC0EA2A39F007F | 00163E5F7A721ED98BF0064329F51223 | 00163E5F7A721ED98BF0064329F53223 | 00163E5F7A721ED98D9D696AAC10B921
stock_picking_transfer_line.csv,sap__khinbounddelivery__ItemExternalReferenceCollection__RelationshipRoleCode,3142,3142,0,6,JSON_ARRAY,"[""1"", ""1"", ""2"", ""2""] | [""1"", ""15"", ""15"", ""2"", ""2""] | [""1"", ""15"", ""15""] | 1 | [""2"", ""2"", ""1"", ""1""]"
stock_picking_transfer_line.csv,sap__khinbounddelivery__ItemExternalReferenceCollection__RelationshipRoleCodeText,3142,3142,0,6,JSON_ARRAY,"[""Predecessor"", ""Predecessor"", ""Successor"", ""Successor""] | [""Predecessor"", ""Assigned Document"", ""Assigned Document"", ""Successor"", ""Successor""] | [""Predecessor"", ""Assigned Document"", ""Assigned Document""] | Predecessor | [""Successor"", ""Successor"", ""Predecessor"", ""Predecessor""]"
stock_picking_transfer_line.csv,sap__khinbounddelivery__ItemExternalReferenceCollection__TypeCode,3142,3142,0,11,JSON_ARRAY,"[""59"", ""001"", ""24"", ""122""] | [""73"", ""74"", ""114"", ""24"", ""122""] | [""73"", ""114"", ""74"", ""24"", ""122""] | [""73"", ""114"", ""74""] | [""59"", ""001""]"
stock_picking_transfer_line.csv,sap__khinbounddelivery__ItemExternalReferenceCollection__TypeCodeText,3142,3142,0,11,JSON_ARRAY,"[""Inbound Delivery Request"", ""Purchase Order"", ""Inbound Delivery"", ""Warehouse Request""] | [""Outbound Delivery"", ""Outbound Delivery Request"", ""Sales Order"", ""Inbound Delivery"", ""Warehouse Request""] | [""Outbound Delivery"", ""Sales Order"", ""Outbound Delivery Request"", ""Inbound Delivery"", ""Warehouse Request""] | [""Outbound Delivery"", ""Sales Order"", ""Outbound Delivery Request""] | [""Inbound Delivery Request"", ""Purchase Order""]"
stock_picking_transfer_line.csv,sap__khinbounddelivery__ItemExternalReferenceCollection__UUID,3142,3142,0,30+,JSON_ARRAY,"[""00163E5F-7A8F-1EE9-8BD6-2C597FD14EE3"", ""00163E5F-7A72-1EE9-8BBF-B46E8294CC90"", ""00163E5F-7A72-1ED9-8BEC-18266DED00D4"", ""00163E5F-7A72-1ED9-8BEC-18266DFC20D4""] | [""00163E5F-7A8F-1EE9-8BE8-5D00F0B7D72B"", ""00163E5F-7A72-1EE9-8BBF-E35CBEFC4D66"", ""00163E5F-7A72-1ED9-8BEC-18266DED00D4"", ""00163E5F-7A72-1ED9-8BEC-18266DFC20D4""] | [""00163E5F-7A8F-1EE9-8B86-9B354F144C7F"", ""00163E5F-7A72-1ED9-8B86-7E4A5FF8908C"", ""00163E5F-7A72-1ED9-8BF0-0B62458A9228"", ""00163E5F-7A72-1ED9-8BF0-0B62459AB228""] | [""00163E5F-7A8F-1EE9-8B86-C25B3AF08D6E"", ""00163E5F-7A72-1ED9-8B86-A8C3EAFFD165"", ""00163E5F-7A72-1ED9-8BF0-0B62458A9228"", ""00163E5F-7A72-1ED9-8BF0-0B62459AB228""] | [""00163E5F-7A8F-1ED9-8C82-84C60CE25DF1"", ""00163E5F-7A72-1ED9-8BF0-C671894A953F"", ""00163E5F-7A72-1ED9-8D9D-7327240B1926"", ""00163E5F-7A72-1ED9-8D9D-7346A6B85926""]"
stock_picking_transfer_line.csv,sap__khinbounddelivery__ItemInboundDeliveryRequestReferenceCollection__ID,3142,3142,0,30+,JSON_ARRAY,"[""34"", ""30000019"", ""4-9"", ""14""] | [""38"", ""30000020"", ""4-9"", ""14""] | [""15"", ""30000004"", ""4-13"", ""21""] | [""17"", ""30000005"", ""4-13"", ""21""] | [""61"", ""30000071"", ""4-63"", ""108""]"
stock_picking_transfer_line.csv,sap__khinbounddelivery__ItemInboundDeliveryRequestReferenceCollection__ItemID,3142,3142,0,30+,JSON_ARRAY,"[""10"", ""1"", ""10"", ""10""] | [""10"", ""1"", ""20"", ""20""] | [""20"", ""2"", ""10"", ""10""] | [""20"", ""2"", ""20"", ""20""] | [""10"", ""1"", ""60"", ""60""]"
stock_picking_transfer_line.csv,sap__khinbounddelivery__ItemInboundDeliveryRequestReferenceCollection__ItemTypeCode,3142,3142,0,11,JSON_ARRAY,"[""14"", ""18"", ""14"", ""40""] | [""14"", ""14"", ""28"", ""17"", ""41""] | [""14"", ""28"", ""14"", ""17"", ""41""] | [""14"", ""28"", ""14""] | [""14"", ""18""]"
stock_picking_transfer_line.csv,sap__khinbounddelivery__ItemInboundDeliveryRequestReferenceCollection__ItemTypeCodeText,3142,3142,0,11,JSON_ARRAY,"[""Delivery Standard Item"", ""Material"", ""Delivery Standard Item"", ""Site Logistics Standard Item""] | [""Delivery Standard Item"", ""Delivery Standard Item"", ""Sales Item"", ""Delivery Return Item"", ""Site Logistics Return Item""] | [""Delivery Standard Item"", ""Sales Item"", ""Delivery Standard Item"", ""Delivery Return Item"", ""Site Logistics Return Item""] | [""Delivery Standard Item"", ""Sales Item"", ""Delivery Standard Item""] | [""Delivery Standard Item"", ""Material""]"
stock_picking_transfer_line.csv,sap__khinbounddelivery__ItemInboundDeliveryRequestReferenceCollection__ItemUUID,3142,3142,0,30+,JSON_ARRAY,"[""00163E5F-7A8F-1EE9-8BD6-2C597FD16EE3"", ""00163E5F-7A72-1EE9-8BBF-B46E829C2C90"", ""00163E5F-7A72-1ED9-8BEC-18266DED80D4"", ""00163E5F-7A72-1ED9-8BEC-18266DFD20D4""] | [""00163E5F-7A8F-1EE9-8BE8-5D00F0B7F72B"", ""00163E5F-7A72-1EE9-8BBF-E35CBF03AD66"", ""00163E5F-7A72-1ED9-8BEC-18266DEDA0D4"", ""00163E5F-7A72-1ED9-8BEC-18266DFD00D4""] | [""00163E5F-7A8F-1ED9-8BEC-201D899E25B8"", ""00163E5F-7A72-1ED9-8BEB-F103CD98201D"", ""00163E5F-7A72-1ED9-8BF0-0B62458B1228"", ""00163E5F-7A72-1ED9-8BF0-0B62459BB228""] | [""00163E5F-7A8F-1ED9-8BEF-458E71A571D2"", ""00163E5F-7A72-1ED9-8BEF-1482BE75AE33"", ""00163E5F-7A72-1ED9-8BF0-0B62458B3228"", ""00163E5F-7A72-1ED9-8BF0-0B62459B9228""] | [""00163E5F-7A8F-1ED9-8C82-84C60CE27DF1"", ""00163E5F-7A72-1ED9-8BF0-D363B91A9596"", ""00163E5F-7A72-1ED9-8D9D-7327240B9926"", ""00163E5F-7A72-1ED9-8D9D-7346A6BA3926""]"
stock_picking_transfer_line.csv,sap__khinbounddelivery__ItemInboundDeliveryRequestReferenceCollection__ObjectID,3142,3142,0,30+,JSON_ARRAY,"[""00163E5F7A721ED98BEC0EA2A39F207F"", ""00163E5F7A721ED98BEC0EA2A39F607F"", ""00163E5F7A721ED98BEC18266DF420D4"", ""00163E5F7A721ED98BEC1842168680D4""] | [""00163E5F7A721ED98BEC0EA2A39F407F"", ""00163E5F7A721ED98BEC0EA2A39F807F"", ""00163E5F7A721ED98BEC18266DF440D4"", ""00163E5F7A721ED98BEC1842168660D4""] | [""00163E5F7A721ED98BF0064329F55223"", ""00163E5F7A721ED98BF0064329F59223"", ""00163E5F7A721ED98BF00B624591B228"", ""00163E5F7A721ED98BF00B85531E9228""] | [""00163E5F7A721ED98BF0064329F57223"", ""00163E5F7A721ED98BF0064329F5B223"", ""00163E5F7A721ED98BF00B624591D228"", ""00163E5F7A721ED98BF00B85531E7228""] | [""00163E5F7A721ED98D9D696AAC11D921"", ""00163E5F7A721ED98D9D696AAC12F921"", ""00163E5F7A721ED98D9D7327241BD926"", ""00163E5F7A721ED98D9D736D795AB926""]"
stock_picking_transfer_line.csv,sap__khinbounddelivery__ItemInboundDeliveryRequestReferenceCollection__ParentObjectID,3142,3142,0,30+,,00163E5F7A721ED98BEC0EA2A39EE07F | 00163E5F7A721ED98BEC0EA2A39F007F | 00163E5F7A721ED98BF0064329F51223 | 00163E5F7A721ED98BF0064329F53223 | 00163E5F7A721ED98D9D696AAC10B921
stock_picking_transfer_line.csv,sap__khinbounddelivery__ItemInboundDeliveryRequestReferenceCollection__RelationshipRoleCode,3142,3142,0,6,JSON_ARRAY,"[""1"", ""1"", ""2"", ""2""] | [""1"", ""15"", ""15"", ""2"", ""2""] | [""1"", ""15"", ""15""] | 1 | [""2"", ""2"", ""1"", ""1""]"
stock_picking_transfer_line.csv,sap__khinbounddelivery__ItemInboundDeliveryRequestReferenceCollection__RelationshipRoleCodeText,3142,3142,0,6,JSON_ARRAY,"[""Predecessor"", ""Predecessor"", ""Successor"", ""Successor""] | [""Predecessor"", ""Assigned Document"", ""Assigned Document"", ""Successor"", ""Successor""] | [""Predecessor"", ""Assigned Document"", ""Assigned Document""] | Predecessor | [""Successor"", ""Successor"", ""Predecessor"", ""Predecessor""]"
stock_picking_transfer_line.csv,sap__khinbounddelivery__ItemInboundDeliveryRequestReferenceCollection__TypeCode,3142,3142,0,11,JSON_ARRAY,"[""59"", ""001"", ""24"", ""122""] | [""73"", ""74"", ""114"", ""24"", ""122""] | [""73"", ""114"", ""74"", ""24"", ""122""] | [""73"", ""114"", ""74""] | [""59"", ""001""]"
stock_picking_transfer_line.csv,sap__khinbounddelivery__ItemInboundDeliveryRequestReferenceCollection__TypeCodeText,3142,3142,0,11,JSON_ARRAY,"[""Inbound Delivery Request"", ""Purchase Order"", ""Inbound Delivery"", ""Warehouse Request""] | [""Outbound Delivery"", ""Outbound Delivery Request"", ""Sales Order"", ""Inbound Delivery"", ""Warehouse Request""] | [""Outbound Delivery"", ""Sales Order"", ""Outbound Delivery Request"", ""Inbound Delivery"", ""Warehouse Request""] | [""Outbound Delivery"", ""Sales Order"", ""Outbound Delivery Request""] | [""Inbound Delivery Request"", ""Purchase Order""]"
stock_picking_transfer_line.csv,sap__khinbounddelivery__ItemInboundDeliveryRequestReferenceCollection__UUID,3142,3142,0,30+,JSON_ARRAY,"[""00163E5F-7A8F-1EE9-8BD6-2C597FD14EE3"", ""00163E5F-7A72-1EE9-8BBF-B46E8294CC90"", ""00163E5F-7A72-1ED9-8BEC-18266DED00D4"", ""00163E5F-7A72-1ED9-8BEC-18266DFC20D4""] | [""00163E5F-7A8F-1EE9-8BE8-5D00F0B7D72B"", ""00163E5F-7A72-1EE9-8BBF-E35CBEFC4D66"", ""00163E5F-7A72-1ED9-8BEC-18266DED00D4"", ""00163E5F-7A72-1ED9-8BEC-18266DFC20D4""] | [""00163E5F-7A8F-1EE9-8B86-9B354F144C7F"", ""00163E5F-7A72-1ED9-8B86-7E4A5FF8908C"", ""00163E5F-7A72-1ED9-8BF0-0B62458A9228"", ""00163E5F-7A72-1ED9-8BF0-0B62459AB228""] | [""00163E5F-7A8F-1EE9-8B86-C25B3AF08D6E"", ""00163E5F-7A72-1ED9-8B86-A8C3EAFFD165"", ""00163E5F-7A72-1ED9-8BF0-0B62458A9228"", ""00163E5F-7A72-1ED9-8BF0-0B62459AB228""] | [""00163E5F-7A8F-1ED9-8C82-84C60CE25DF1"", ""00163E5F-7A72-1ED9-8BF0-C671894A953F"", ""00163E5F-7A72-1ED9-8D9D-7327240B1926"", ""00163E5F-7A72-1ED9-8D9D-7346A6B85926""]"
stock_picking_transfer_line.csv,sap__khinbounddelivery__ItemOutboundDeliveryReferenceCollection__ID,3142,3142,0,30+,JSON_ARRAY,"[""34"", ""30000019"", ""4-9"", ""14""] | [""38"", ""30000020"", ""4-9"", ""14""] | [""15"", ""30000004"", ""4-13"", ""21""] | [""17"", ""30000005"", ""4-13"", ""21""] | [""61"", ""30000071"", ""4-63"", ""108""]"
stock_picking_transfer_line.csv,sap__khinbounddelivery__ItemOutboundDeliveryReferenceCollection__ItemID,3142,3142,0,30+,JSON_ARRAY,"[""10"", ""1"", ""10"", ""10""] | [""10"", ""1"", ""20"", ""20""] | [""20"", ""2"", ""10"", ""10""] | [""20"", ""2"", ""20"", ""20""] | [""10"", ""1"", ""60"", ""60""]"
stock_picking_transfer_line.csv,sap__khinbounddelivery__ItemOutboundDeliveryReferenceCollection__ItemTypeCode,3142,3142,0,11,JSON_ARRAY,"[""14"", ""18"", ""14"", ""40""] | [""14"", ""14"", ""28"", ""17"", ""41""] | [""14"", ""28"", ""14"", ""17"", ""41""] | [""14"", ""28"", ""14""] | [""14"", ""18""]"
stock_picking_transfer_line.csv,sap__khinbounddelivery__ItemOutboundDeliveryReferenceCollection__ItemTypeCodeText,3142,3142,0,11,JSON_ARRAY,"[""Delivery Standard Item"", ""Material"", ""Delivery Standard Item"", ""Site Logistics Standard Item""] | [""Delivery Standard Item"", ""Delivery Standard Item"", ""Sales Item"", ""Delivery Return Item"", ""Site Logistics Return Item""] | [""Delivery Standard Item"", ""Sales Item"", ""Delivery Standard Item"", ""Delivery Return Item"", ""Site Logistics Return Item""] | [""Delivery Standard Item"", ""Sales Item"", ""Delivery Standard Item""] | [""Delivery Standard Item"", ""Material""]"
stock_picking_transfer_line.csv,sap__khinbounddelivery__ItemOutboundDeliveryReferenceCollection__ItemUUID,3142,3142,0,30+,JSON_ARRAY,"[""00163E5F-7A8F-1EE9-8BD6-2C597FD16EE3"", ""00163E5F-7A72-1EE9-8BBF-B46E829C2C90"", ""00163E5F-7A72-1ED9-8BEC-18266DED80D4"", ""00163E5F-7A72-1ED9-8BEC-18266DFD20D4""] | [""00163E5F-7A8F-1EE9-8BE8-5D00F0B7F72B"", ""00163E5F-7A72-1EE9-8BBF-E35CBF03AD66"", ""00163E5F-7A72-1ED9-8BEC-18266DEDA0D4"", ""00163E5F-7A72-1ED9-8BEC-18266DFD00D4""] | [""00163E5F-7A8F-1ED9-8BEC-201D899E25B8"", ""00163E5F-7A72-1ED9-8BEB-F103CD98201D"", ""00163E5F-7A72-1ED9-8BF0-0B62458B1228"", ""00163E5F-7A72-1ED9-8BF0-0B62459BB228""] | [""00163E5F-7A8F-1ED9-8BEF-458E71A571D2"", ""00163E5F-7A72-1ED9-8BEF-1482BE75AE33"", ""00163E5F-7A72-1ED9-8BF0-0B62458B3228"", ""00163E5F-7A72-1ED9-8BF0-0B62459B9228""] | [""00163E5F-7A8F-1ED9-8C82-84C60CE27DF1"", ""00163E5F-7A72-1ED9-8BF0-D363B91A9596"", ""00163E5F-7A72-1ED9-8D9D-7327240B9926"", ""00163E5F-7A72-1ED9-8D9D-7346A6BA3926""]"
stock_picking_transfer_line.csv,sap__khinbounddelivery__ItemOutboundDeliveryReferenceCollection__ObjectID,3142,3142,0,30+,JSON_ARRAY,"[""00163E5F7A721ED98BEC0EA2A39F207F"", ""00163E5F7A721ED98BEC0EA2A39F607F"", ""00163E5F7A721ED98BEC18266DF420D4"", ""00163E5F7A721ED98BEC1842168680D4""] | [""00163E5F7A721ED98BEC0EA2A39F407F"", ""00163E5F7A721ED98BEC0EA2A39F807F"", ""00163E5F7A721ED98BEC18266DF440D4"", ""00163E5F7A721ED98BEC1842168660D4""] | [""00163E5F7A721ED98BF0064329F55223"", ""00163E5F7A721ED98BF0064329F59223"", ""00163E5F7A721ED98BF00B624591B228"", ""00163E5F7A721ED98BF00B85531E9228""] | [""00163E5F7A721ED98BF0064329F57223"", ""00163E5F7A721ED98BF0064329F5B223"", ""00163E5F7A721ED98BF00B624591D228"", ""00163E5F7A721ED98BF00B85531E7228""] | [""00163E5F7A721ED98D9D696AAC11D921"", ""00163E5F7A721ED98D9D696AAC12F921"", ""00163E5F7A721ED98D9D7327241BD926"", ""00163E5F7A721ED98D9D736D795AB926""]"
stock_picking_transfer_line.csv,sap__khinbounddelivery__ItemOutboundDeliveryReferenceCollection__ParentObjectID,3142,3142,0,30+,,00163E5F7A721ED98BEC0EA2A39EE07F | 00163E5F7A721ED98BEC0EA2A39F007F | 00163E5F7A721ED98BF0064329F51223 | 00163E5F7A721ED98BF0064329F53223 | 00163E5F7A721ED98D9D696AAC10B921
stock_picking_transfer_line.csv,sap__khinbounddelivery__ItemOutboundDeliveryReferenceCollection__RelationshipRoleCode,3142,3142,0,6,JSON_ARRAY,"[""1"", ""1"", ""2"", ""2""] | [""1"", ""15"", ""15"", ""2"", ""2""] | [""1"", ""15"", ""15""] | 1 | [""2"", ""2"", ""1"", ""1""]"
stock_picking_transfer_line.csv,sap__khinbounddelivery__ItemOutboundDeliveryReferenceCollection__RelationshipRoleCodeText,3142,3142,0,6,JSON_ARRAY,"[""Predecessor"", ""Predecessor"", ""Successor"", ""Successor""] | [""Predecessor"", ""Assigned Document"", ""Assigned Document"", ""Successor"", ""Successor""] | [""Predecessor"", ""Assigned Document"", ""Assigned Document""] | Predecessor | [""Successor"", ""Successor"", ""Predecessor"", ""Predecessor""]"
stock_picking_transfer_line.csv,sap__khinbounddelivery__ItemOutboundDeliveryReferenceCollection__TypeCode,3142,3142,0,11,JSON_ARRAY,"[""59"", ""001"", ""24"", ""122""] | [""73"", ""74"", ""114"", ""24"", ""122""] | [""73"", ""114"", ""74"", ""24"", ""122""] | [""73"", ""114"", ""74""] | [""59"", ""001""]"
stock_picking_transfer_line.csv,sap__khinbounddelivery__ItemOutboundDeliveryReferenceCollection__TypeCodeText,3142,3142,0,11,JSON_ARRAY,"[""Inbound Delivery Request"", ""Purchase Order"", ""Inbound Delivery"", ""Warehouse Request""] | [""Outbound Delivery"", ""Outbound Delivery Request"", ""Sales Order"", ""Inbound Delivery"", ""Warehouse Request""] | [""Outbound Delivery"", ""Sales Order"", ""Outbound Delivery Request"", ""Inbound Delivery"", ""Warehouse Request""] | [""Outbound Delivery"", ""Sales Order"", ""Outbound Delivery Request""] | [""Inbound Delivery Request"", ""Purchase Order""]"
stock_picking_transfer_line.csv,sap__khinbounddelivery__ItemOutboundDeliveryReferenceCollection__UUID,3142,3142,0,30+,JSON_ARRAY,"[""00163E5F-7A8F-1EE9-8BD6-2C597FD14EE3"", ""00163E5F-7A72-1EE9-8BBF-B46E8294CC90"", ""00163E5F-7A72-1ED9-8BEC-18266DED00D4"", ""00163E5F-7A72-1ED9-8BEC-18266DFC20D4""] | [""00163E5F-7A8F-1EE9-8BE8-5D00F0B7D72B"", ""00163E5F-7A72-1EE9-8BBF-E35CBEFC4D66"", ""00163E5F-7A72-1ED9-8BEC-18266DED00D4"", ""00163E5F-7A72-1ED9-8BEC-18266DFC20D4""] | [""00163E5F-7A8F-1EE9-8B86-9B354F144C7F"", ""00163E5F-7A72-1ED9-8B86-7E4A5FF8908C"", ""00163E5F-7A72-1ED9-8BF0-0B62458A9228"", ""00163E5F-7A72-1ED9-8BF0-0B62459AB228""] | [""00163E5F-7A8F-1EE9-8B86-C25B3AF08D6E"", ""00163E5F-7A72-1ED9-8B86-A8C3EAFFD165"", ""00163E5F-7A72-1ED9-8BF0-0B62458A9228"", ""00163E5F-7A72-1ED9-8BF0-0B62459AB228""] | [""00163E5F-7A8F-1ED9-8C82-84C60CE25DF1"", ""00163E5F-7A72-1ED9-8BF0-C671894A953F"", ""00163E5F-7A72-1ED9-8D9D-7327240B1926"", ""00163E5F-7A72-1ED9-8D9D-7346A6B85926""]"
stock_picking_transfer_line.csv,sap__khinbounddelivery__ItemPurchaseOrderReferenceCollection__ID,3142,3142,0,30+,JSON_ARRAY,"[""34"", ""30000019"", ""4-9"", ""14""] | [""38"", ""30000020"", ""4-9"", ""14""] | [""15"", ""30000004"", ""4-13"", ""21""] | [""17"", ""30000005"", ""4-13"", ""21""] | [""61"", ""30000071"", ""4-63"", ""108""]"
stock_picking_transfer_line.csv,sap__khinbounddelivery__ItemPurchaseOrderReferenceCollection__ItemID,3142,3142,0,30+,JSON_ARRAY,"[""10"", ""1"", ""10"", ""10""] | [""10"", ""1"", ""20"", ""20""] | [""20"", ""2"", ""10"", ""10""] | [""20"", ""2"", ""20"", ""20""] | [""10"", ""1"", ""60"", ""60""]"
stock_picking_transfer_line.csv,sap__khinbounddelivery__ItemPurchaseOrderReferenceCollection__ItemTypeCode,3142,3142,0,11,JSON_ARRAY,"[""14"", ""18"", ""14"", ""40""] | [""14"", ""14"", ""28"", ""17"", ""41""] | [""14"", ""28"", ""14"", ""17"", ""41""] | [""14"", ""28"", ""14""] | [""14"", ""18""]"
stock_picking_transfer_line.csv,sap__khinbounddelivery__ItemPurchaseOrderReferenceCollection__ItemTypeCodeText,3142,3142,0,11,JSON_ARRAY,"[""Delivery Standard Item"", ""Material"", ""Delivery Standard Item"", ""Site Logistics Standard Item""] | [""Delivery Standard Item"", ""Delivery Standard Item"", ""Sales Item"", ""Delivery Return Item"", ""Site Logistics Return Item""] | [""Delivery Standard Item"", ""Sales Item"", ""Delivery Standard Item"", ""Delivery Return Item"", ""Site Logistics Return Item""] | [""Delivery Standard Item"", ""Sales Item"", ""Delivery Standard Item""] | [""Delivery Standard Item"", ""Material""]"
stock_picking_transfer_line.csv,sap__khinbounddelivery__ItemPurchaseOrderReferenceCollection__ItemUUID,3142,3142,0,30+,JSON_ARRAY,"[""00163E5F-7A8F-1EE9-8BD6-2C597FD16EE3"", ""00163E5F-7A72-1EE9-8BBF-B46E829C2C90"", ""00163E5F-7A72-1ED9-8BEC-18266DED80D4"", ""00163E5F-7A72-1ED9-8BEC-18266DFD20D4""] | [""00163E5F-7A8F-1EE9-8BE8-5D00F0B7F72B"", ""00163E5F-7A72-1EE9-8BBF-E35CBF03AD66"", ""00163E5F-7A72-1ED9-8BEC-18266DEDA0D4"", ""00163E5F-7A72-1ED9-8BEC-18266DFD00D4""] | [""00163E5F-7A8F-1ED9-8BEC-201D899E25B8"", ""00163E5F-7A72-1ED9-8BEB-F103CD98201D"", ""00163E5F-7A72-1ED9-8BF0-0B62458B1228"", ""00163E5F-7A72-1ED9-8BF0-0B62459BB228""] | [""00163E5F-7A8F-1ED9-8BEF-458E71A571D2"", ""00163E5F-7A72-1ED9-8BEF-1482BE75AE33"", ""00163E5F-7A72-1ED9-8BF0-0B62458B3228"", ""00163E5F-7A72-1ED9-8BF0-0B62459B9228""] | [""00163E5F-7A8F-1ED9-8C82-84C60CE27DF1"", ""00163E5F-7A72-1ED9-8BF0-D363B91A9596"", ""00163E5F-7A72-1ED9-8D9D-7327240B9926"", ""00163E5F-7A72-1ED9-8D9D-7346A6BA3926""]"
stock_picking_transfer_line.csv,sap__khinbounddelivery__ItemPurchaseOrderReferenceCollection__ObjectID,3142,3142,0,30+,JSON_ARRAY,"[""00163E5F7A721ED98BEC0EA2A39F207F"", ""00163E5F7A721ED98BEC0EA2A39F607F"", ""00163E5F7A721ED98BEC18266DF420D4"", ""00163E5F7A721ED98BEC1842168680D4""] | [""00163E5F7A721ED98BEC0EA2A39F407F"", ""00163E5F7A721ED98BEC0EA2A39F807F"", ""00163E5F7A721ED98BEC18266DF440D4"", ""00163E5F7A721ED98BEC1842168660D4""] | [""00163E5F7A721ED98BF0064329F55223"", ""00163E5F7A721ED98BF0064329F59223"", ""00163E5F7A721ED98BF00B624591B228"", ""00163E5F7A721ED98BF00B85531E9228""] | [""00163E5F7A721ED98BF0064329F57223"", ""00163E5F7A721ED98BF0064329F5B223"", ""00163E5F7A721ED98BF00B624591D228"", ""00163E5F7A721ED98BF00B85531E7228""] | [""00163E5F7A721ED98D9D696AAC11D921"", ""00163E5F7A721ED98D9D696AAC12F921"", ""00163E5F7A721ED98D9D7327241BD926"", ""00163E5F7A721ED98D9D736D795AB926""]"
stock_picking_transfer_line.csv,sap__khinbounddelivery__ItemPurchaseOrderReferenceCollection__ParentObjectID,3142,3142,0,30+,,00163E5F7A721ED98BEC0EA2A39EE07F | 00163E5F7A721ED98BEC0EA2A39F007F | 00163E5F7A721ED98BF0064329F51223 | 00163E5F7A721ED98BF0064329F53223 | 00163E5F7A721ED98D9D696AAC10B921
stock_picking_transfer_line.csv,sap__khinbounddelivery__ItemPurchaseOrderReferenceCollection__RelationshipRoleCode,3142,3142,0,6,JSON_ARRAY,"[""1"", ""1"", ""2"", ""2""] | [""1"", ""15"", ""15"", ""2"", ""2""] | [""1"", ""15"", ""15""] | 1 | [""2"", ""2"", ""1"", ""1""]"
stock_picking_transfer_line.csv,sap__khinbounddelivery__ItemPurchaseOrderReferenceCollection__RelationshipRoleCodeText,3142,3142,0,6,JSON_ARRAY,"[""Predecessor"", ""Predecessor"", ""Successor"", ""Successor""] | [""Predecessor"", ""Assigned Document"", ""Assigned Document"", ""Successor"", ""Successor""] | [""Predecessor"", ""Assigned Document"", ""Assigned Document""] | Predecessor | [""Successor"", ""Successor"", ""Predecessor"", ""Predecessor""]"
stock_picking_transfer_line.csv,sap__khinbounddelivery__ItemPurchaseOrderReferenceCollection__TypeCode,3142,3142,0,11,JSON_ARRAY,"[""59"", ""001"", ""24"", ""122""] | [""73"", ""74"", ""114"", ""24"", ""122""] | [""73"", ""114"", ""74"", ""24"", ""122""] | [""73"", ""114"", ""74""] | [""59"", ""001""]"
stock_picking_transfer_line.csv,sap__khinbounddelivery__ItemPurchaseOrderReferenceCollection__TypeCodeText,3142,3142,0,11,JSON_ARRAY,"[""Inbound Delivery Request"", ""Purchase Order"", ""Inbound Delivery"", ""Warehouse Request""] | [""Outbound Delivery"", ""Outbound Delivery Request"", ""Sales Order"", ""Inbound Delivery"", ""Warehouse Request""] | [""Outbound Delivery"", ""Sales Order"", ""Outbound Delivery Request"", ""Inbound Delivery"", ""Warehouse Request""] | [""Outbound Delivery"", ""Sales Order"", ""Outbound Delivery Request""] | [""Inbound Delivery Request"", ""Purchase Order""]"
stock_picking_transfer_line.csv,sap__khinbounddelivery__ItemPurchaseOrderReferenceCollection__UUID,3142,3142,0,30+,JSON_ARRAY,"[""00163E5F-7A8F-1EE9-8BD6-2C597FD14EE3"", ""00163E5F-7A72-1EE9-8BBF-B46E8294CC90"", ""00163E5F-7A72-1ED9-8BEC-18266DED00D4"", ""00163E5F-7A72-1ED9-8BEC-18266DFC20D4""] | [""00163E5F-7A8F-1EE9-8BE8-5D00F0B7D72B"", ""00163E5F-7A72-1EE9-8BBF-E35CBEFC4D66"", ""00163E5F-7A72-1ED9-8BEC-18266DED00D4"", ""00163E5F-7A72-1ED9-8BEC-18266DFC20D4""] | [""00163E5F-7A8F-1EE9-8B86-9B354F144C7F"", ""00163E5F-7A72-1ED9-8B86-7E4A5FF8908C"", ""00163E5F-7A72-1ED9-8BF0-0B62458A9228"", ""00163E5F-7A72-1ED9-8BF0-0B62459AB228""] | [""00163E5F-7A8F-1EE9-8B86-C25B3AF08D6E"", ""00163E5F-7A72-1ED9-8B86-A8C3EAFFD165"", ""00163E5F-7A72-1ED9-8BF0-0B62458A9228"", ""00163E5F-7A72-1ED9-8BF0-0B62459AB228""] | [""00163E5F-7A8F-1ED9-8C82-84C60CE25DF1"", ""00163E5F-7A72-1ED9-8BF0-C671894A953F"", ""00163E5F-7A72-1ED9-8D9D-7327240B1926"", ""00163E5F-7A72-1ED9-8D9D-7346A6B85926""]"
stock_picking_transfer_line.csv,sap__khinbounddelivery__ItemQuantityCollection__ObjectID,3142,3142,0,30+,,00163E5F7A721ED98BEC0EA2A3A0A07F | 00163E5F7A721ED98BEC0EA2A3A0C07F | 00163E5F7A721ED98BF0064329F6D223 | 00163E5F7A721ED98BF0064329F6F223 | 00163E5F7A721ED98D9D696AAC189921
stock_picking_transfer_line.csv,sap__khinbounddelivery__ItemQuantityCollection__ParentObjectID,3142,3142,0,30+,,00163E5F7A721ED98BEC0EA2A39EE07F | 00163E5F7A721ED98BEC0EA2A39F007F | 00163E5F7A721ED98BF0064329F51223 | 00163E5F7A721ED98BF0064329F53223 | 00163E5F7A721ED98D9D696AAC10B921
stock_picking_transfer_line.csv,sap__khinbounddelivery__ItemQuantityCollection__Quantity,3142,3142,0,30+,,2087.00000000000000 | 30000.00000000000000 | 25000.00000000000000 | 12000.00000000000000 | 26293.00000000000000
stock_picking_transfer_line.csv,sap__khinbounddelivery__ItemQuantityCollection__QuantityOriginCode,3142,0,3142,0,,
stock_picking_transfer_line.csv,sap__khinbounddelivery__ItemQuantityCollection__QuantityOriginCodeText,3142,0,3142,0,,
stock_picking_transfer_line.csv,sap__khinbounddelivery__ItemQuantityCollection__QuantityRoleCode,3142,3142,0,1,,18
stock_picking_transfer_line.csv,sap__khinbounddelivery__ItemQuantityCollection__QuantityRoleCodeText,3142,3142,0,1,,Delivery Quantity
stock_picking_transfer_line.csv,sap__khinbounddelivery__ItemQuantityCollection__QuantityTypeCode,3142,3142,0,2,,ZNO | VOLUME
stock_picking_transfer_line.csv,sap__khinbounddelivery__ItemQuantityCollection__QuantityTypeCodeText,3142,3142,0,2,,Number | volume
stock_picking_transfer_line.csv,sap__khinbounddelivery__ItemQuantityCollection__UnitCode,3142,3142,0,2,,ZNO | LTR
stock_picking_transfer_line.csv,sap__khinbounddelivery__ItemQuantityCollection__UnitCodeText,3142,3142,0,2,,Number | Liter
stock_picking_transfer_line.csv,sap__khinbounddelivery__ItemSalesOrderReferenceCollection__ID,3142,3142,0,30+,JSON_ARRAY,"[""34"", ""30000019"", ""4-9"", ""14""] | [""38"", ""30000020"", ""4-9"", ""14""] | [""15"", ""30000004"", ""4-13"", ""21""] | [""17"", ""30000005"", ""4-13"", ""21""] | [""61"", ""30000071"", ""4-63"", ""108""]"
stock_picking_transfer_line.csv,sap__khinbounddelivery__ItemSalesOrderReferenceCollection__ItemID,3142,3142,0,30+,JSON_ARRAY,"[""10"", ""1"", ""10"", ""10""] | [""10"", ""1"", ""20"", ""20""] | [""20"", ""2"", ""10"", ""10""] | [""20"", ""2"", ""20"", ""20""] | [""10"", ""1"", ""60"", ""60""]"
stock_picking_transfer_line.csv,sap__khinbounddelivery__ItemSalesOrderReferenceCollection__ItemTypeCode,3142,3142,0,11,JSON_ARRAY,"[""14"", ""18"", ""14"", ""40""] | [""14"", ""14"", ""28"", ""17"", ""41""] | [""14"", ""28"", ""14"", ""17"", ""41""] | [""14"", ""28"", ""14""] | [""14"", ""18""]"
stock_picking_transfer_line.csv,sap__khinbounddelivery__ItemSalesOrderReferenceCollection__ItemTypeCodeText,3142,3142,0,11,JSON_ARRAY,"[""Delivery Standard Item"", ""Material"", ""Delivery Standard Item"", ""Site Logistics Standard Item""] | [""Delivery Standard Item"", ""Delivery Standard Item"", ""Sales Item"", ""Delivery Return Item"", ""Site Logistics Return Item""] | [""Delivery Standard Item"", ""Sales Item"", ""Delivery Standard Item"", ""Delivery Return Item"", ""Site Logistics Return Item""] | [""Delivery Standard Item"", ""Sales Item"", ""Delivery Standard Item""] | [""Delivery Standard Item"", ""Material""]"
stock_picking_transfer_line.csv,sap__khinbounddelivery__ItemSalesOrderReferenceCollection__ItemUUID,3142,3142,0,30+,JSON_ARRAY,"[""00163E5F-7A8F-1EE9-8BD6-2C597FD16EE3"", ""00163E5F-7A72-1EE9-8BBF-B46E829C2C90"", ""00163E5F-7A72-1ED9-8BEC-18266DED80D4"", ""00163E5F-7A72-1ED9-8BEC-18266DFD20D4""] | [""00163E5F-7A8F-1EE9-8BE8-5D00F0B7F72B"", ""00163E5F-7A72-1EE9-8BBF-E35CBF03AD66"", ""00163E5F-7A72-1ED9-8BEC-18266DEDA0D4"", ""00163E5F-7A72-1ED9-8BEC-18266DFD00D4""] | [""00163E5F-7A8F-1ED9-8BEC-201D899E25B8"", ""00163E5F-7A72-1ED9-8BEB-F103CD98201D"", ""00163E5F-7A72-1ED9-8BF0-0B62458B1228"", ""00163E5F-7A72-1ED9-8BF0-0B62459BB228""] | [""00163E5F-7A8F-1ED9-8BEF-458E71A571D2"", ""00163E5F-7A72-1ED9-8BEF-1482BE75AE33"", ""00163E5F-7A72-1ED9-8BF0-0B62458B3228"", ""00163E5F-7A72-1ED9-8BF0-0B62459B9228""] | [""00163E5F-7A8F-1ED9-8C82-84C60CE27DF1"", ""00163E5F-7A72-1ED9-8BF0-D363B91A9596"", ""00163E5F-7A72-1ED9-8D9D-7327240B9926"", ""00163E5F-7A72-1ED9-8D9D-7346A6BA3926""]"
stock_picking_transfer_line.csv,sap__khinbounddelivery__ItemSalesOrderReferenceCollection__ObjectID,3142,3142,0,30+,JSON_ARRAY,"[""00163E5F7A721ED98BEC0EA2A39F207F"", ""00163E5F7A721ED98BEC0EA2A39F607F"", ""00163E5F7A721ED98BEC18266DF420D4"", ""00163E5F7A721ED98BEC1842168680D4""] | [""00163E5F7A721ED98BEC0EA2A39F407F"", ""00163E5F7A721ED98BEC0EA2A39F807F"", ""00163E5F7A721ED98BEC18266DF440D4"", ""00163E5F7A721ED98BEC1842168660D4""] | [""00163E5F7A721ED98BF0064329F55223"", ""00163E5F7A721ED98BF0064329F59223"", ""00163E5F7A721ED98BF00B624591B228"", ""00163E5F7A721ED98BF00B85531E9228""] | [""00163E5F7A721ED98BF0064329F57223"", ""00163E5F7A721ED98BF0064329F5B223"", ""00163E5F7A721ED98BF00B624591D228"", ""00163E5F7A721ED98BF00B85531E7228""] | [""00163E5F7A721ED98D9D696AAC11D921"", ""00163E5F7A721ED98D9D696AAC12F921"", ""00163E5F7A721ED98D9D7327241BD926"", ""00163E5F7A721ED98D9D736D795AB926""]"
stock_picking_transfer_line.csv,sap__khinbounddelivery__ItemSalesOrderReferenceCollection__ParentObjectID,3142,3142,0,30+,,00163E5F7A721ED98BEC0EA2A39EE07F | 00163E5F7A721ED98BEC0EA2A39F007F | 00163E5F7A721ED98BF0064329F51223 | 00163E5F7A721ED98BF0064329F53223 | 00163E5F7A721ED98D9D696AAC10B921
stock_picking_transfer_line.csv,sap__khinbounddelivery__ItemSalesOrderReferenceCollection__RelationshipRoleCode,3142,3142,0,6,JSON_ARRAY,"[""1"", ""1"", ""2"", ""2""] | [""1"", ""15"", ""15"", ""2"", ""2""] | [""1"", ""15"", ""15""] | 1 | [""2"", ""2"", ""1"", ""1""]"
stock_picking_transfer_line.csv,sap__khinbounddelivery__ItemSalesOrderReferenceCollection__RelationshipRoleCodeText,3142,3142,0,6,JSON_ARRAY,"[""Predecessor"", ""Predecessor"", ""Successor"", ""Successor""] | [""Predecessor"", ""Assigned Document"", ""Assigned Document"", ""Successor"", ""Successor""] | [""Predecessor"", ""Assigned Document"", ""Assigned Document""] | Predecessor | [""Successor"", ""Successor"", ""Predecessor"", ""Predecessor""]"
stock_picking_transfer_line.csv,sap__khinbounddelivery__ItemSalesOrderReferenceCollection__TypeCode,3142,3142,0,11,JSON_ARRAY,"[""59"", ""001"", ""24"", ""122""] | [""73"", ""74"", ""114"", ""24"", ""122""] | [""73"", ""114"", ""74"", ""24"", ""122""] | [""73"", ""114"", ""74""] | [""59"", ""001""]"
stock_picking_transfer_line.csv,sap__khinbounddelivery__ItemSalesOrderReferenceCollection__TypeCodeText,3142,3142,0,11,JSON_ARRAY,"[""Inbound Delivery Request"", ""Purchase Order"", ""Inbound Delivery"", ""Warehouse Request""] | [""Outbound Delivery"", ""Outbound Delivery Request"", ""Sales Order"", ""Inbound Delivery"", ""Warehouse Request""] | [""Outbound Delivery"", ""Sales Order"", ""Outbound Delivery Request"", ""Inbound Delivery"", ""Warehouse Request""] | [""Outbound Delivery"", ""Sales Order"", ""Outbound Delivery Request""] | [""Inbound Delivery Request"", ""Purchase Order""]"
stock_picking_transfer_line.csv,sap__khinbounddelivery__ItemSalesOrderReferenceCollection__UUID,3142,3142,0,30+,JSON_ARRAY,"[""00163E5F-7A8F-1EE9-8BD6-2C597FD14EE3"", ""00163E5F-7A72-1EE9-8BBF-B46E8294CC90"", ""00163E5F-7A72-1ED9-8BEC-18266DED00D4"", ""00163E5F-7A72-1ED9-8BEC-18266DFC20D4""] | [""00163E5F-7A8F-1EE9-8BE8-5D00F0B7D72B"", ""00163E5F-7A72-1EE9-8BBF-E35CBEFC4D66"", ""00163E5F-7A72-1ED9-8BEC-18266DED00D4"", ""00163E5F-7A72-1ED9-8BEC-18266DFC20D4""] | [""00163E5F-7A8F-1EE9-8B86-9B354F144C7F"", ""00163E5F-7A72-1ED9-8B86-7E4A5FF8908C"", ""00163E5F-7A72-1ED9-8BF0-0B62458A9228"", ""00163E5F-7A72-1ED9-8BF0-0B62459AB228""] | [""00163E5F-7A8F-1EE9-8B86-C25B3AF08D6E"", ""00163E5F-7A72-1ED9-8B86-A8C3EAFFD165"", ""00163E5F-7A72-1ED9-8BF0-0B62458A9228"", ""00163E5F-7A72-1ED9-8BF0-0B62459AB228""] | [""00163E5F-7A8F-1ED9-8C82-84C60CE25DF1"", ""00163E5F-7A72-1ED9-8BF0-C671894A953F"", ""00163E5F-7A72-1ED9-8D9D-7327240B1926"", ""00163E5F-7A72-1ED9-8D9D-7346A6B85926""]"
stock_picking_transfer_line.csv,sap__khinbounddelivery__ItemSellerPartyCollection__ObjectID,3142,3142,0,30+,JSON_ARRAY,"[""00163E5F7A721ED98BEC0EA2A39FA07F"", ""00163E5F7A721ED98BEC0EA2A39FC07F"", ""00163E5F7A721ED98BEC0EA2A39FE07F""] | [""00163E5F7A721ED98BEC0EA2A3A0007F"", ""00163E5F7A721ED98BEC0EA2A3A0207F"", ""00163E5F7A721ED98BEC0EA2A3A0407F""] | [""00163E5F7A721ED98BF0064329F5D223"", ""00163E5F7A721ED98BF0064329F5F223"", ""00163E5F7A721ED98BF0064329F61223""] | [""00163E5F7A721ED98BF0064329F63223"", ""00163E5F7A721ED98BF0064329F65223"", ""00163E5F7A721ED98BF0064329F67223""] | [""00163E5F7A721ED98D9D696AAC141921"", ""00163E5F7A721ED98D9D696AAC143921"", ""00163E5F7A721ED98D9D696AAC145921""]"
stock_picking_transfer_line.csv,sap__khinbounddelivery__ItemSellerPartyCollection__ParentObjectID,3142,3142,0,30+,,00163E5F7A721ED98BEC0EA2A39EE07F | 00163E5F7A721ED98BEC0EA2A39F007F | 00163E5F7A721ED98BF0064329F51223 | 00163E5F7A721ED98BF0064329F53223 | 00163E5F7A721ED98D9D696AAC10B921
stock_picking_transfer_line.csv,sap__khinbounddelivery__ItemSellerPartyCollection__PartyID,3142,3142,0,30+,JSON_ARRAY,"[""70000"", ""1003409"", ""8000000095""] | [""70000"", ""2010511"", ""8000000095""] | [""70000"", ""1003270"", ""8000000095""] | [""70000"", ""2008702"", ""8000000095""] | [""70000"", ""1001792"", ""8000000095""]"
stock_quant_adjustment.csv,id,3868,3868,0,30+,,sap_quant_113017_71000_RMMS | sap_quant_113018_71000_RMMS | sap_quant_113019_71000_RMMS | sap_quant_123053_71000_RMMS | sap_quant_1000750301_71000_FGMS
stock_quant_adjustment.csv,product_id/id,3868,3868,0,30+,,sap_prod_113017 | sap_prod_113018 | sap_prod_113019 | sap_prod_123053 | sap_prod_1000750301
stock_quant_adjustment.csv,location_id/id,3868,3868,0,16,,sap_loc_71000_RMMS | sap_loc_71000_FGMS | sap_loc_71000_QARW | sap_loc_71000_QAL | sap_loc_71000_FGQR
stock_quant_adjustment.csv,inventory_quantity,3868,3868,0,30+,,85000.00 | 15000.00 | 5000.00 | 90000.00 | 700.00
stock_quant_adjustment.csv,product_uom_id/id,3868,3868,0,7,,sap_uom_LTR | sap_uom_ZNO | sap_uom_KGM | sap_uom_MTR | sap_uom_CMT
stock_warehouse.csv,id,1,1,0,1,,sap_wh_00163E5F7A721EE987A8E185FB7F8E14
stock_warehouse.csv,name,1,1,0,1,,Danlaw Technologies India Limited
stock_warehouse.csv,code,1,1,0,1,,71000
stock_warehouse.csv,sap__khlocation__LocationCollection__AltitudeMeasure,1,1,0,1,,0.00000000000000
stock_warehouse.csv,sap__khlocation__LocationCollection__AltitudeUnitCode,1,0,1,0,,
stock_warehouse.csv,sap__khlocation__LocationCollection__CreationDateTime,1,1,0,1,,2019-01-21 06:37:47
stock_warehouse.csv,sap__khlocation__LocationCollection__Description,1,1,0,1,,Danlaw Technologies India Limited
stock_warehouse.csv,sap__khlocation__LocationCollection__ExternallyManagedIndicator,1,1,0,1,,False
stock_warehouse.csv,sap__khlocation__LocationCollection__ID,1,1,0,1,,71000
stock_warehouse.csv,sap__khlocation__LocationCollection__InventoryManagedLocationIndicator,1,1,0,1,,True
stock_warehouse.csv,sap__khlocation__LocationCollection__LastChangeDateTime,1,1,0,1,,2026-09-01 00:27:10
stock_warehouse.csv,sap__khlocation__LocationCollection__LatitudeMeasure,1,1,0,1,,0.00000000000000
stock_warehouse.csv,sap__khlocation__LocationCollection__LatitudeUnitCode,1,1,0,1,,DD
stock_warehouse.csv,sap__khlocation__LocationCollection__LifeCycleStatusCode,1,1,0,1,,2
stock_warehouse.csv,sap__khlocation__LocationCollection__LifeCycleStatusCodeText,1,1,0,1,,Active
stock_warehouse.csv,sap__khlocation__LocationCollection__LongitudeMeasure,1,1,0,1,,0.00000000000000
stock_warehouse.csv,sap__khlocation__LocationCollection__LongitudeUnitCode,1,1,0,1,,DD
stock_warehouse.csv,sap__khlocation__LocationCollection__Name,1,1,0,1,,Danlaw Technologies India Limited
stock_warehouse.csv,sap__khlocation__LocationCollection__NegativeInTransitInventoryAllowedIndicator,1,1,0,1,,True
stock_warehouse.csv,sap__khlocation__LocationCollection__NegativeInventoryAllowedIndicator,1,1,0,1,,False
stock_warehouse.csv,sap__khlocation__LocationCollection__ObjectID,1,1,0,1,,00163E5F7A721EE987A8E185FB7F8E14
stock_warehouse.csv,sap__khlocation__LocationCollection__ParentLocationID,1,0,1,0,,
stock_warehouse.csv,sap__khlocation__LocationCollection__ParentLocationName,1,0,1,0,,
stock_warehouse.csv,sap__khlocation__LocationCollection__ParentLocationUUID,1,0,1,0,,
stock_warehouse.csv,sap__khlocation__LocationCollection__ServicePointIndicator,1,1,0,1,,False
stock_warehouse.csv,sap__khlocation__LocationCollection__ShipFromLocationIndicator,1,1,0,1,,True
stock_warehouse.csv,sap__khlocation__LocationCollection__ShipToLocationIndicator,1,1,0,1,,True
stock_warehouse.csv,sap__khlocation__LocationCollection__SiteIndicator,1,1,0,1,,True
stock_warehouse.csv,sap__khlocation__LocationCollection__TimeZoneCode,1,1,0,1,,INDIA
stock_warehouse.csv,sap__khlocation__LocationCollection__TimeZoneCodeText,1,1,0,1,,(UTC+05:30) Indian Standard Time
stock_warehouse.csv,sap__khlocation__LocationCollection__UUID,1,1,0,1,,00163E5F-7A72-1EE9-87A8-E185FB7F8E14
stock_warehouse.csv,sap__khlocation__LocationCollection__WorkingDayCalendarCode,1,1,0,1,,Z98Z
stock_warehouse.csv,sap__khlocation__LocationCollection__WorkingDayCalendarCodeText,1,1,0,1,,India with 6 working days
uom_uom.csv,id,38,38,0,30+,,sap_uom_4H | sap_uom_59 | sap_uom_ANN | sap_uom_CMK | sap_uom_CMT
uom_uom.csv,name,38,38,0,30+,,Micrometer | Part per million | Year | Square centimeter | Centimeter
uom_uom.csv,sap__vmumaterial__MaterialBaseMeasureUnitCodeCollection__Code,38,38,0,30+,,4H | 59 | ANN | CMK | CMT
uom_uom.csv,sap__vmumaterial__MaterialBaseMeasureUnitCodeCollection__Description,38,38,0,30+,,Micrometer | Part per million | Year | Square centimeter | Centimeter
